year,mes,dia,pcp_mm,evap_mm,TMAX_C,TMIN_C
1925,4,19,0,NULO,34.8,18.9
1925,4,20,0,NULO,35.8,19.9
1925,4,21,0,NULO,36.8,20.9
1925,4,22,0,NULO,35.8,23.9
1925,4,23,0,NULO,NULO,NULO
1925,4,24,0,NULO,NULO,NULO
1925,4,25,0,NULO,NULO,NULO
1925,4,26,0,NULO,34.8,23.9
1925,4,27,0,NULO,33.8,21.9
1925,4,28,0,NULO,NULO,NULO
1925,4,29,0,NULO,36.8,20.9
1925,4,30,0,NULO,29.8,20.9
1925,5,1,0,NULO,21.8,15.9
1925,5,2,10.5,NULO,29.8,18.9
1925,5,3,0,NULO,28.8,16.9
1925,5,4,0,NULO,28.8,17.9
1925,5,5,0,NULO,35.8,20.9
1925,5,6,0,NULO,34.8,19.9
1925,5,7,0,NULO,33.8,18.9
1925,5,8,0,NULO,34.8,19.9
1925,5,9,0,NULO,33.8,18.9
1925,5,10,1.5,NULO,34.8,19.9
1925,5,11,0,NULO,29.8,18.9
1925,5,12,0,NULO,33.8,19.9
1925,5,13,3.2,NULO,32.8,18.9
1925,5,14,0,NULO,30.8,18.9
1925,5,15,0,NULO,34.8,19.9
1925,5,16,0,NULO,35.8,19.9
1925,5,17,0,NULO,32.8,17.9
1925,5,18,0.1,NULO,30.8,17.9
1925,5,19,0,NULO,33.8,18.9
1925,5,20,0,NULO,34.8,19.9
1925,5,21,0,NULO,35.8,20.9
1925,5,22,0,NULO,35.8,20.9
1925,5,23,0,NULO,35.8,21.9
1925,5,24,0,NULO,34.8,20.9
1925,5,25,0,NULO,34.8,19.9
1925,5,26,0,NULO,37.8,21.9
1925,5,27,0,NULO,36.8,25.9
1925,5,28,0,NULO,36.8,25.9
1925,5,29,0,NULO,35.8,26.9
1925,5,30,0,NULO,34.8,26.9
1925,5,31,0,NULO,34.8,24.9
1925,6,1,0,NULO,37.8,25.9
1925,6,2,0,NULO,36.8,24.9
1925,6,3,0,NULO,36.8,24.9
1925,6,4,4.7,NULO,36.8,25.9
1925,6,5,4.2,NULO,34.8,23.9
1925,6,6,14.2,NULO,32.8,22.9
1925,6,7,18,NULO,30.8,21.9
1925,6,8,98.7,NULO,29.8,20.9
1925,6,9,203.5,NULO,30.8,21.9
1925,6,10,0,NULO,28.8,18.9
1925,6,11,0,NULO,30.8,20.9
1925,6,12,0,NULO,32.8,23.9
1925,6,13,0,NULO,30.8,22.9
1925,6,14,0,NULO,32.8,21.9
1925,6,15,0,NULO,30.8,20.9
1925,6,16,0,NULO,31.8,24.9
1925,6,17,43.5,NULO,29.8,19.9
1925,6,18,0,NULO,31.8,21.9
1925,6,19,16,NULO,32.8,22.9
1925,6,20,0,NULO,32.8,24.9
1925,6,21,0,NULO,31.8,22.9
1925,6,22,0,NULO,29.8,19.9
1925,6,23,10,NULO,31.8,21.9
1925,6,24,0,NULO,32.8,23.9
1925,6,25,0,NULO,32.8,24.9
1925,6,26,0,NULO,29.8,20.9
1925,6,27,12.5,NULO,30.8,19.9
1925,6,28,7.5,NULO,32.8,24.9
1925,6,29,0,NULO,31.8,22.9
1925,6,30,0,NULO,29.8,20.9
1925,7,1,0,NULO,28.8,21.9
1925,7,2,0,NULO,30.8,22.9
1925,7,3,0,NULO,31.8,22.9
1925,7,4,0,NULO,32.8,23.9
1925,7,5,9.7,NULO,30.8,22.9
1925,7,6,17.5,NULO,29.8,19.9
1925,7,7,17,NULO,28.8,19.9
1925,7,8,0,NULO,27.8,20.9
1925,7,9,0,NULO,28.8,20.9
1925,7,10,0,NULO,28.8,23.9
1925,7,11,0,NULO,29.8,22.9
1925,7,12,15.2,NULO,28.6,21.9
1925,7,13,0,NULO,28.6,21.9
1925,7,14,0,NULO,28.8,21.9
1925,7,15,0,NULO,29.8,23.9
1925,7,16,0,NULO,29.8,21.9
1925,7,17,0.1,NULO,30.8,22.9
1925,7,18,0,NULO,29.8,20.9
1925,7,19,0,NULO,30.8,22.9
1925,7,20,0,NULO,30.8,21.9
1925,7,21,0,NULO,31.8,23.9
1925,7,22,0.1,NULO,29.8,22.9
1925,7,23,13.5,NULO,27.8,21.9
1925,7,24,0,NULO,30.8,21.9
1925,7,25,0,NULO,29.8,20.9
1925,7,26,0,NULO,31.8,22.9
1925,7,27,0,NULO,32.8,23.9
1925,7,28,0,NULO,33.8,24.9
1925,7,29,0,NULO,34.8,23.9
1925,7,30,0,NULO,32.8,23.9
1925,7,31,0,NULO,35.8,23
1925,8,1,0,NULO,32,22
1925,8,2,0,NULO,31,22
1925,8,3,0,NULO,33,23
1925,8,4,0,NULO,31,23
1925,8,5,0.1,NULO,32,22
1925,8,6,0,NULO,31,22
1925,8,7,0,NULO,32,21
1925,8,8,12.7,NULO,33,23
1925,8,9,0,NULO,32,21
1925,8,10,0,NULO,31,22
1925,8,11,0,NULO,32,23
1925,8,12,0,NULO,33,24
1925,8,13,0,NULO,32,21
1925,8,14,12.5,NULO,33,23
1925,8,15,0,NULO,29,20
1925,8,16,0,NULO,30,22
1925,8,17,0,NULO,34,23
1925,8,18,6.7,NULO,28,22
1925,8,19,0,NULO,27,22
1925,8,20,0,NULO,28,19
1925,8,21,0,NULO,31,22
1925,8,22,0,NULO,33,23
1925,8,23,0,NULO,31,21
1925,8,24,10.2,NULO,30,21
1925,8,25,31.2,NULO,31,20
1925,8,26,0,NULO,29,22
1925,8,27,14.2,NULO,30,21.5
1925,8,28,0,NULO,30,20
1925,8,29,0,NULO,31,22
1925,8,30,0,NULO,32,23
1925,8,31,0,NULO,31,21
1925,9,1,0,NULO,30.6,22.3
1925,9,2,0,NULO,32.4,23.5
1925,9,3,0,NULO,29.5,20.2
1925,9,4,0,NULO,33.8,23.3
1925,9,5,0,NULO,31.9,22.8
1925,9,6,0,NULO,33.6,22.9
1925,9,7,0,NULO,30.4,21.1
1925,9,8,0,NULO,32.8,22.2
1925,9,9,0,NULO,32.4,20.5
1925,9,10,0,NULO,30.8,21.8
1925,9,11,0,NULO,31.5,20.3
1925,9,12,0.1,NULO,32.6,21.5
1925,9,13,0,NULO,30,20.1
1925,9,14,0,NULO,33.4,22.2
1925,9,15,0,NULO,30.5,20.2
1925,9,16,24.5,NULO,29.9,19.8
1925,9,17,15.5,NULO,28.8,19.4
1925,9,18,12,NULO,29.3,20
1925,9,19,6,NULO,30,20.9
1925,9,20,0,NULO,29.5,20.1
1925,9,21,21.5,NULO,31.4,20.5
1925,9,22,0,NULO,28.8,17.9
1925,9,23,25,NULO,30,19.8
1925,9,24,0,NULO,29.8,19.3
1925,9,25,0,NULO,31.8,20.9
1925,9,26,0,NULO,30.9,19.8
1925,9,27,62.5,NULO,34.6,20.6
1925,9,28,24,NULO,29.2,19.7
1925,9,29,0,NULO,28.8,18.4
1925,9,30,0,NULO,30.2,20.5
1925,10,1,0,NULO,30.1,22.4
1925,10,2,0,NULO,29.4,21
1925,10,3,0,NULO,31.6,22.7
1925,10,4,3.7,NULO,29.8,21.5
1925,10,5,0,NULO,30.4,20
1925,10,6,0,NULO,29.9,21.5
1925,10,7,0,NULO,28.7,18.5
1925,10,8,0,NULO,28,18.2
1925,10,9,0,NULO,27.2,17.4
1925,10,10,67.5,NULO,26.2,16
1925,10,11,0,NULO,27.4,16.5
1925,10,12,0,NULO,28.6,18.5
1925,10,13,0,NULO,29.5,19.2
1925,10,14,0,NULO,28.8,18.6
1925,10,15,0,NULO,27.4,17.3
1925,10,16,37.5,NULO,26.3,15.9
1925,10,17,0,NULO,27.8,16.3
1925,10,18,0,NULO,28.6,17.9
1925,10,19,15,NULO,27.5,17.8
1925,10,20,24.5,NULO,26.1,16.4
1925,10,21,0,NULO,28,17.7
1925,10,22,0,NULO,29.2,18.3
1925,10,23,0,NULO,29.8,18.7
1925,10,24,0,NULO,28.2,17.9
1925,10,25,0,NULO,27.7,17.4
1925,10,26,21,NULO,28.5,18
1925,10,27,0,NULO,29.3,19
1925,10,28,0,NULO,28.8,18.9
1925,10,29,0,NULO,25,14.8
1925,10,30,0,NULO,26.2,16.4
1925,10,31,0,NULO,28.8,19.3
1925,11,1,0,NULO,28.8,21
1925,11,2,0,NULO,29.2,20.3
1925,11,3,0,NULO,28.3,19.9
1925,11,4,0,NULO,29.6,20.9
1925,11,5,0,NULO,29,20.8
1925,11,6,0,NULO,29.2,19.8
1925,11,7,0,NULO,25,17
1925,11,8,0,NULO,20,13
1925,11,9,0,NULO,20.4,13.5
1925,11,10,11.2,NULO,21.8,14
1925,11,11,0,NULO,24.7,17.2
1925,11,12,0,NULO,25.8,18
1925,11,13,0,NULO,23.9,16.3
1925,11,14,0.1,NULO,21.3,15
1925,11,15,0,NULO,20,14.6
1925,11,16,0,NULO,21.4,15
1925,11,17,0,NULO,20.3,12.8
1925,11,18,0,NULO,19.6,11.9
1925,11,19,0,NULO,19,11.4
1925,11,20,0,NULO,21.5,14.3
1925,11,21,0,NULO,22,15
1925,11,22,0,NULO,24.2,16.3
1925,11,23,0,NULO,25.5,17
1925,11,24,0,NULO,26.2,17.6
1925,11,25,0,NULO,25.4,15.3
1925,11,26,0,NULO,26.8,17.3
1925,11,27,0,NULO,25.3,16.9
1925,11,28,0,NULO,24,16
1925,11,29,0,NULO,23.5,15.4
1925,11,30,25,NULO,25,15.8
1925,12,1,0,NULO,25,18.3
1925,12,2,0,NULO,27.8,19.5
1925,12,3,0,NULO,22.9,15.6
1925,12,4,0,NULO,21.3,14.2
1925,12,5,0,NULO,20.3,14.8
1925,12,6,12.5,NULO,20,14.4
1925,12,7,0,NULO,19.4,14
1925,12,8,0,NULO,20,15.7
1925,12,9,0,NULO,19,14
1925,12,10,5,NULO,19.4,14.8
1925,12,11,0,NULO,18.6,14
1925,12,12,0,NULO,19.9,16.8
1925,12,13,0,NULO,19,14.7
1925,12,14,15,NULO,17.6,15.4
1925,12,15,0,NULO,19.9,16
1925,12,16,0,NULO,20.4,16.4
1925,12,17,0,NULO,19.3,15.8
1925,12,18,7.5,NULO,17.4,14.8
1925,12,19,0,NULO,16.6,13.5
1925,12,20,0,NULO,14.7,10.5
1925,12,21,0,NULO,13.5,6.9
1925,12,22,8.7,NULO,12.8,5
1925,12,23,13.2,NULO,14.8,10.6
1925,12,24,0,NULO,16.7,12.8
1925,12,25,0,NULO,17.8,14
1925,12,26,0,NULO,18.5,15.7
1925,12,27,0,NULO,19.6,15.9
1925,12,28,0,NULO,18.3,14.8
1925,12,29,0,NULO,19.5,15
1925,12,30,0,NULO,20.5,16.8
1925,12,31,0,NULO,21.9,17.5
1926,1,1,0,NULO,20.8,14.5
1926,1,2,0,NULO,16.7,10.6
1926,1,3,0,NULO,17.6,11.8
1926,1,4,0,NULO,21.7,13
1926,1,5,0,NULO,19.9,12.5
1926,1,6,0,NULO,17,11
1926,1,7,0,NULO,20,12
1926,1,8,0,NULO,20.6,13
1926,1,9,0,NULO,16.2,13
1926,1,10,0,NULO,20.5,13.8
1926,1,11,6,NULO,17,11.2
1926,1,12,0,NULO,19.6,10.8
1926,1,13,0,NULO,20,10
1926,1,14,0,NULO,19.9,9.5
1926,1,15,0,NULO,21.2,10
1926,1,16,0,NULO,20.8,14.2
1926,1,17,0,NULO,16.5,13
1926,1,18,0,NULO,22.4,14.5
1926,1,19,0,NULO,25,16.9
1926,1,20,0,NULO,27.8,18.8
1926,1,21,0,NULO,15,10
1926,1,22,0,NULO,14.8,6.9
1926,1,23,0,NULO,16.3,9
1926,1,24,0,NULO,17,8
1926,1,25,0,NULO,16.5,7
1926,1,26,0,NULO,18.9,12.9
1926,1,27,0,NULO,19.9,13
1926,1,28,0,NULO,21.3,14
1926,1,29,0,NULO,16.6,10
1926,1,30,0,NULO,27.5,17.6
1926,1,31,0,NULO,25.4,15.3
1926,2,1,0,NULO,19,14.4
1926,2,2,0,NULO,19.9,16.1
1926,2,3,0,NULO,21.6,16.1
1926,2,4,0,NULO,26.5,14.4
1926,2,5,0,NULO,26.5,14.7
1926,2,6,0,NULO,23.3,14.6
1926,2,7,0,NULO,26.6,14.8
1926,2,8,0,NULO,22.2,16.1
1926,2,9,5.5,NULO,26.7,17.2
1926,2,10,0,NULO,22.2,15
1926,2,11,0,NULO,23.3,17
1926,2,12,0,NULO,23.5,17.2
1926,2,13,0,NULO,28.2,18
1926,2,14,0,NULO,27.5,19.9
1926,2,15,0,NULO,29.1,19.9
1926,2,16,0,NULO,26.4,19.5
1926,2,17,0,NULO,23.3,18.7
1926,2,18,0,NULO,24.4,18
1926,2,19,0,NULO,25,14.4
1926,2,20,0,NULO,23.3,10
1926,2,21,0,NULO,23.3,11
1926,2,22,0,NULO,25.5,12.8
1926,2,23,0,NULO,27.3,15
1926,2,24,0,NULO,25.5,16.1
1926,2,25,28.7,NULO,27.3,17.2
1926,2,26,0,NULO,26.4,19.1
1926,2,27,0,NULO,22.2,13.3
1926,2,28,0,NULO,20,12.9
1926,3,1,0,NULO,23.3,13.3
1926,3,2,4.5,NULO,22.2,15.5
1926,3,3,4.2,NULO,25.5,15
1926,3,4,0,NULO,27.3,16.1
1926,3,5,0,NULO,25.5,16.1
1926,3,6,0,NULO,NULO,NULO
1926,3,7,0,NULO,NULO,NULO
1926,3,8,4.2,NULO,23.3,16.1
1926,3,9,0,NULO,18,16.1
1926,3,10,0,NULO,23.3,18.3
1926,3,11,0,NULO,25.5,19.1
1926,3,12,7.7,NULO,23.3,17
1926,3,13,5.2,NULO,19.1,15
1926,3,14,6.5,NULO,19.1,15
1926,3,15,0,NULO,18.3,16.1
1926,3,16,0,NULO,21.1,17.2
1926,3,17,2.7,NULO,20,18.3
1926,3,18,0,NULO,25.5,19.9
1926,3,19,0,NULO,26.4,20
1926,3,20,0,NULO,27.2,21.1
1926,3,21,0,NULO,28.3,21.1
1926,3,22,0,NULO,28.3,21.1
1926,3,23,0,NULO,27.2,21.1
1926,3,24,0,NULO,26.4,19.1
1926,3,25,0,NULO,25.5,19.9
1926,3,26,0,NULO,26.6,17.2
1926,3,27,3,NULO,19.9,16.1
1926,3,28,0,NULO,18.3,16.1
1926,3,29,0,NULO,29.4,17.2
1926,3,30,0,NULO,23.3,12.5
1926,3,31,0,NULO,33,16.1
1926,4,1,0,NULO,NULO,NULO
1926,4,2,0,NULO,30,18
1926,4,3,0,NULO,30.5,18
1926,4,4,0,NULO,30.5,20
1926,4,5,0,NULO,NULO,NULO
1926,4,6,0,NULO,30.5,24
1926,4,7,0,NULO,32,20
1926,4,8,0,NULO,29,19
1926,4,9,0,NULO,27,15.5
1926,4,10,0.1,NULO,31,20
1926,4,11,0.1,NULO,33,21
1926,4,12,7.2,NULO,29,19.5
1926,4,13,10.2,NULO,24,19
1926,4,14,12.7,NULO,21,19
1926,4,15,0,NULO,24,20
1926,4,16,0,NULO,21,15
1926,4,17,0,NULO,29,17
1926,4,18,0.2,NULO,25,18.5
1926,4,19,10.2,NULO,NULO,NULO
1926,4,20,0,NULO,29,22
1926,4,21,0.1,NULO,27,21
1926,4,22,63,NULO,29,21
1926,4,23,0.5,NULO,25,21
1926,4,24,3.2,NULO,27,20
1926,4,25,0,NULO,25,18
1926,4,26,0,NULO,22,16
1926,4,27,0,NULO,24,16
1926,4,28,5,NULO,24,19
1926,4,29,0,NULO,24,18
1926,4,30,0,NULO,21,19
1926,5,1,0,NULO,NULO,NULO
1926,5,2,0,NULO,29,21
1926,5,3,0,NULO,30,23
1926,5,4,24,NULO,30,22
1926,5,5,7.5,NULO,26,20
1926,5,6,0,NULO,30,18
1926,5,7,0,NULO,33.5,21
1926,5,8,0,NULO,32.5,23
1926,5,9,0,NULO,32.5,23.5
1926,5,10,0,NULO,NULO,NULO
1926,5,11,15.5,NULO,32,21
1926,5,12,18.7,NULO,29,21
1926,5,13,0,NULO,21,17
1926,5,14,0.1,NULO,22,18
1926,5,15,10,NULO,26.5,19
1926,5,16,1,NULO,30,20
1926,5,17,0,NULO,NULO,NULO
1926,5,18,0,NULO,27,22
1926,5,19,43,NULO,29,22
1926,5,20,0,NULO,30,18
1926,5,21,0,NULO,28,19.5
1926,5,22,0,NULO,30,21
1926,5,23,0,NULO,31,22.5
1926,5,24,0,NULO,30,21
1926,5,25,0,NULO,29,21
1926,5,26,0,NULO,29,21
1926,5,27,0,NULO,30,21
1926,5,28,0,NULO,30,22
1926,5,29,0.1,NULO,30,23
1926,5,30,0,NULO,28,22
1926,5,31,0,NULO,29,21
1926,6,1,0.1,NULO,31,23
1926,6,2,0,NULO,31,23
1926,6,3,0,NULO,32,23
1926,6,4,0,NULO,32,24
1926,6,5,91.7,NULO,32,21
1926,6,6,0,NULO,27,21
1926,6,7,0,NULO,30.5,23.5
1926,6,8,0,NULO,30,23
1926,6,9,10,NULO,31,24
1926,6,10,4,NULO,31,24
1926,6,11,0,NULO,28,22
1926,6,12,0,NULO,28,21.5
1926,6,13,0,NULO,30,22
1926,6,14,0,NULO,31,22.5
1926,6,15,0,NULO,31,24
1926,6,16,0,NULO,31,23
1926,6,17,0,NULO,32,24
1926,6,18,0,NULO,32,23
1926,6,19,0,NULO,29,23
1926,6,20,14.7,NULO,30,23
1926,6,21,0.1,NULO,31,24
1926,6,22,12.5,NULO,32.5,24
1926,6,23,19.2,NULO,29,22
1926,6,24,13.5,NULO,27.5,19.5
1926,6,25,18.5,NULO,24,20
1926,6,26,10.7,NULO,28.5,21.5
1926,6,27,23.2,NULO,28,21.5
1926,6,28,10,NULO,25,21
1926,6,29,0.1,NULO,26,21
1926,6,30,0,NULO,27,21.5
1926,7,1,14.2,NULO,29,21.5
1926,7,2,76.7,NULO,27,23
1926,7,3,11.2,NULO,27,21.5
1926,7,4,19.2,NULO,26,21
1926,7,5,4.7,NULO,26,21
1926,7,6,20,NULO,28.5,22
1926,7,7,1.2,NULO,28,22
1926,7,8,0,NULO,27,22
1926,7,9,2.5,NULO,29,23.5
1926,7,10,0,NULO,31,24
1926,7,11,4.7,NULO,29.5,24
1926,7,12,0,NULO,29,24
1926,7,13,0,NULO,30,22
1926,7,14,0,NULO,32,22
1926,7,15,0,NULO,31,23
1926,7,16,0,NULO,31.5,22
1926,7,17,0.1,NULO,31,23
1926,7,18,32.5,NULO,30,22
1926,7,19,4.7,NULO,30.5,21.5
1926,7,20,0,NULO,30,21
1926,7,21,0,NULO,26,21.5
1926,7,22,0.1,NULO,27.5,21
1926,7,23,0,NULO,29.5,22.5
1926,7,24,0.1,NULO,28,21.5
1926,7,25,0,NULO,29.5,22
1926,7,26,0,NULO,30,22.5
1926,7,27,0,NULO,30,23
1926,7,28,0,NULO,31,23
1926,7,29,0,NULO,31.5,23
1926,7,30,0,NULO,32.5,23.5
1926,7,31,0,NULO,31.5,24
1926,8,1,0,NULO,33,21.5
1926,8,2,12.2,NULO,28,22
1926,8,3,4.2,NULO,30,22
1926,8,4,2.2,NULO,28,20
1926,8,5,0,NULO,26,20
1926,8,6,4.2,NULO,28,21
1926,8,7,6.2,NULO,26.5,21
1926,8,8,0,NULO,33.5,21
1926,8,9,0,NULO,30,21
1926,8,10,0,NULO,30,22
1926,8,11,3.7,NULO,30.5,22.5
1926,8,12,11,NULO,28,21.5
1926,8,13,8.2,NULO,28,21.5
1926,8,14,5.2,NULO,29,22
1926,8,15,2.2,NULO,28,22
1926,8,16,4,NULO,27,21.5
1926,8,17,0,NULO,28.5,22
1926,8,18,0,NULO,29,23
1926,8,19,0.1,NULO,30,24.5
1926,8,20,0,NULO,30.5,24
1926,8,21,0,NULO,30,24.5
1926,8,22,0,NULO,30.5,23
1926,8,23,0,NULO,31,22.5
1926,8,24,7.5,NULO,32,23.5
1926,8,25,0,NULO,31,21.5
1926,8,26,0,NULO,28,22
1926,8,27,0,NULO,30,22.5
1926,8,28,4.7,NULO,31,24
1926,8,29,3.2,NULO,29,22
1926,8,30,20,NULO,27,22
1926,8,31,1.5,NULO,26,21.5
1926,9,1,0,NULO,27.5,22.5
1926,9,2,0,NULO,29,22.5
1926,9,3,0,NULO,29.5,21.5
1926,9,4,0,NULO,30,22.5
1926,9,5,1.5,NULO,29,23
1926,9,6,0.1,NULO,28,22.5
1926,9,7,0,NULO,30,22
1926,9,8,0,NULO,27,20.5
1926,9,9,0,NULO,28.5,21
1926,9,10,11,NULO,30,20
1926,9,11,0,NULO,28,21
1926,9,12,0,NULO,30,21.5
1926,9,13,0,NULO,30.5,22.5
1926,9,14,0,NULO,29,22
1926,9,15,0,NULO,30,23
1926,9,16,0,NULO,30,22
1926,9,17,0.1,NULO,30,22
1926,9,18,0,NULO,29.5,23
1926,9,19,0,NULO,30,22.5
1926,9,20,0,NULO,31,21
1926,9,21,0,NULO,28,22.5
1926,9,22,0,NULO,30,23
1926,9,23,0,NULO,31,23
1926,9,24,24.2,NULO,27.5,22
1926,9,25,0,NULO,29,22
1926,9,26,1.5,NULO,28,22.5
1926,9,27,36.2,NULO,27.5,20
1926,9,28,29.7,NULO,24.5,21
1926,9,29,0.1,NULO,23,19
1926,9,30,4.2,NULO,27,21
1926,10,1,2.5,NULO,28.5,21.5
1926,10,2,3,NULO,28,22
1926,10,3,0,NULO,28,21
1926,10,4,0,NULO,30,21
1926,10,5,23,NULO,30,21.5
1926,10,6,25.5,NULO,28,18
1926,10,7,1.5,NULO,21.5,17.5
1926,10,8,0,NULO,23.5,19
1926,10,9,12.5,NULO,25.5,21
1926,10,10,17.5,NULO,26,22
1926,10,11,0.1,NULO,27,21.5
1926,10,12,0,NULO,28,22.5
1926,10,13,0,NULO,29,17.5
1926,10,14,0,NULO,29,21
1926,10,15,0,NULO,29,24
1926,10,16,27.2,NULO,28,21
1926,10,17,0,NULO,28,19.5
1926,10,18,8.5,NULO,28,19
1926,10,19,0,NULO,27,21
1926,10,20,0,NULO,27,22
1926,10,21,0,NULO,29,20.5
1926,10,22,0,NULO,28.5,20
1926,10,23,28.2,NULO,28.5,20.5
1926,10,24,27.5,NULO,28,20
1926,10,25,0,NULO,29,19.5
1926,10,26,0,NULO,23,18
1926,10,27,0,NULO,26,19
1926,10,28,0,NULO,26.5,18.5
1926,10,29,0,NULO,29,21.5
1926,10,30,0,NULO,26,20.5
1926,10,31,77,NULO,22,20
1926,11,1,0,NULO,23,16
1926,11,2,5,NULO,22,19
1926,11,3,0.1,NULO,22,15
1926,11,4,35,NULO,16.5,14.5
1926,11,5,8.2,NULO,16,14
1926,11,6,0,NULO,16,14
1926,11,7,0,NULO,23,16
1926,11,8,0,NULO,25,16.5
1926,11,9,0,NULO,27.5,16.5
1926,11,10,0,NULO,21,13.5
1926,11,11,0,NULO,20,14.5
1926,11,12,0,NULO,20.5,15
1926,11,13,0,NULO,24,15.5
1926,11,14,0,NULO,25.5,16
1926,11,15,0,NULO,27,13
1926,11,16,0,NULO,28,13.5
1926,11,17,0,NULO,24,15
1926,11,18,0,NULO,19,12.5
1926,11,19,0,NULO,17.5,13.5
1926,11,20,0,NULO,21.5,16
1926,11,21,0,NULO,23.5,17.5
1926,11,22,0,NULO,26,17.5
1926,11,23,0,NULO,22.5,15.5
1926,11,24,0,NULO,22,15
1926,11,25,0,NULO,26,16
1926,11,26,0,NULO,26,16
1926,11,27,0,NULO,26,17
1926,11,28,0,NULO,21.5,17
1926,11,29,32,NULO,21,17
1926,11,30,0,NULO,27,16
1926,12,1,0,NULO,24.5,16
1926,12,2,0,NULO,24,17
1926,12,3,0,NULO,25,16
1926,12,4,0,NULO,24,14
1926,12,5,0,NULO,25,18
1926,12,6,0,NULO,25,19
1926,12,7,0,NULO,24.5,20
1926,12,8,0,NULO,26,19.5
1926,12,9,0,NULO,27,20.5
1926,12,10,0,NULO,26,18.5
1926,12,11,0,NULO,26,18
1926,12,12,0,NULO,26,17
1926,12,13,0,NULO,30,19
1926,12,14,3.5,NULO,30,19
1926,12,15,2.5,NULO,24.5,13
1926,12,16,0,NULO,13,6
1926,12,17,3.7,NULO,15,10
1926,12,18,0,NULO,15.5,12
1926,12,19,0,NULO,16.5,14
1926,12,20,0,NULO,22.5,16
1926,12,21,0,NULO,24,16.5
1926,12,22,0,NULO,27,19
1926,12,23,0,NULO,24,17.5
1926,12,24,0,NULO,27,19
1926,12,25,2,NULO,26.5,15
1926,12,26,0,NULO,17,11
1926,12,27,1,NULO,20,13.5
1926,12,28,0,NULO,24.5,14
1926,12,29,0,NULO,16,10
1926,12,30,0,NULO,13,7
1926,12,31,0,NULO,18,9.5
1927,1,1,0,NULO,20,9.5
1927,1,2,0,NULO,21,11.5
1927,1,3,0,NULO,23,12
1927,1,4,0,NULO,22,14.5
1927,1,5,0,NULO,24,14
1927,1,6,0,NULO,23.5,15
1927,1,7,0,NULO,25.5,15
1927,1,8,0,NULO,24.5,16
1927,1,9,1.7,NULO,25,15.5
1927,1,10,0,NULO,22.5,12
1927,1,11,0,NULO,17,11
1927,1,12,0,NULO,18,12
1927,1,13,0,NULO,22.5,11.5
1927,1,14,0,NULO,22,12
1927,1,15,0,NULO,19,9.5
1927,1,16,0,NULO,17.5,10
1927,1,17,0,NULO,22.5,12
1927,1,18,0,NULO,24,14.5
1927,1,19,0,NULO,24.5,16.5
1927,1,20,0,NULO,25,17.5
1927,1,21,0.2,NULO,25,18
1927,1,22,2.7,NULO,26,19
1927,1,23,0.5,NULO,25.5,18
1927,1,24,0.2,NULO,21.5,16.5
1927,1,25,0,NULO,21,15.5
1927,1,26,5.5,NULO,23.5,16.5
1927,1,27,4,NULO,19,16
1927,1,28,0,NULO,17.5,15.5
1927,1,29,0,NULO,22.5,15.5
1927,1,30,0,NULO,25,15.5
1927,1,31,12.5,NULO,25.5,17.5
1927,2,1,0,NULO,22.5,18
1927,2,2,0,NULO,24,17
1927,2,3,7.5,NULO,21,16
1927,2,4,0,NULO,23,17.5
1927,2,5,64.7,NULO,23,18
1927,2,6,0,NULO,24,18.5
1927,2,7,0,NULO,25,15.5
1927,2,8,0,NULO,23.5,16.5
1927,2,9,1.7,NULO,25.5,18.5
1927,2,10,1,NULO,27,19.5
1927,2,11,0,NULO,23,13.5
1927,2,12,0,NULO,17,13.5
1927,2,13,0,NULO,24.5,16
1927,2,14,0,NULO,22,18.5
1927,2,15,0,NULO,27.5,19
1927,2,16,0,NULO,26,19.5
1927,2,17,0,NULO,26,19
1927,2,18,0,NULO,29.5,19.5
1927,2,19,0,NULO,30,15
1927,2,20,0,NULO,21,14
1927,2,21,0,NULO,26.5,16.5
1927,2,22,0,NULO,26.5,17
1927,2,23,0,NULO,29,17.5
1927,2,24,0,NULO,29.5,19.5
1927,2,25,2.2,NULO,27.5,19.5
1927,2,26,0,NULO,28,18.5
1927,2,27,0,NULO,21,17
1927,2,28,0,NULO,27,19
1927,3,1,12.5,NULO,28.5,19.5
1927,3,2,1,NULO,22,12
1927,3,3,0.7,NULO,17,13.5
1927,3,4,0,NULO,27,13.5
1927,3,5,0,NULO,22.5,16.5
1927,3,6,0,NULO,25,17
1927,3,7,0,NULO,24,17
1927,3,8,0,NULO,29,19
1927,3,9,0,NULO,28,17.5
1927,3,10,0,NULO,26,16
1927,3,11,0,NULO,28,18
1927,3,12,0,NULO,30,18
1927,3,13,0,NULO,26,18
1927,3,14,0,NULO,17,13.5
1927,3,15,0,NULO,27,14.5
1927,3,16,0,NULO,26,17
1927,3,17,0,NULO,27,17
1927,3,18,0,NULO,29,18
1927,3,19,0,NULO,30.5,18
1927,3,20,0.5,NULO,30,20
1927,3,21,1.2,NULO,30,17
1927,3,22,0,NULO,20,10
1927,3,23,0,NULO,22.5,11
1927,3,24,0,NULO,25,17
1927,3,25,0,NULO,26,16
1927,3,26,0.1,NULO,24,18
1927,3,27,0,NULO,31,20
1927,3,28,0.1,NULO,33,21
1927,3,29,0,NULO,31,21
1927,3,30,0,NULO,30,21
1927,3,31,0,NULO,32,20.5
1927,4,1,0,NULO,30,20
1927,4,2,0,NULO,33,21
1927,4,3,0,NULO,32,22
1927,4,4,0,NULO,32,20
1927,4,5,0,NULO,31,22
1927,4,6,0,NULO,27,21
1927,4,7,0,NULO,31,20
1927,4,8,0,NULO,30.5,21
1927,4,9,0,NULO,34,21
1927,4,10,0,NULO,33,24
1927,4,11,0,NULO,33.5,21.5
1927,4,12,0,NULO,31,22
1927,4,13,0,NULO,28,22.5
1927,4,14,0,NULO,34,21
1927,4,15,0,NULO,32,19
1927,4,16,0,NULO,32,18.5
1927,4,17,0,NULO,32,22
1927,4,18,0,NULO,35,22.5
1927,4,19,0,NULO,35,22
1927,4,20,0,NULO,32.5,23
1927,4,21,10.7,NULO,31.5,22
1927,4,22,11.2,NULO,29,14.5
1927,4,23,0,NULO,29,14.5
1927,4,24,0,NULO,22,18
1927,4,25,0,NULO,21,17
1927,4,26,0,NULO,28.5,18
1927,4,27,0,NULO,27.5,19
1927,4,28,0,NULO,30,19.5
1927,4,29,0,NULO,29,18
1927,4,30,0,NULO,30.5,20
1927,5,1,0,NULO,35,22
1927,5,2,0,NULO,34,21.5
1927,5,3,0,NULO,32,21
1927,5,4,0,NULO,35,22.5
1927,5,5,0,NULO,33,23
1927,5,6,0,NULO,34,23.5
1927,5,7,0,NULO,35,23.5
1927,5,8,0,NULO,35.5,23
1927,5,9,0,NULO,35.5,22.5
1927,5,10,0,NULO,37,24
1927,5,11,0,NULO,33.5,25
1927,5,12,0,NULO,34,24
1927,5,13,0.1,NULO,29,23.5
1927,5,14,0,NULO,28,22
1927,5,15,0.7,NULO,26,22
1927,5,16,0,NULO,31,21
1927,5,17,6,NULO,29,21
1927,5,18,0.1,NULO,30.5,20
1927,5,19,0,NULO,31,23
1927,5,20,0.2,NULO,35,24
1927,5,21,0.1,NULO,35,23.5
1927,5,22,0,NULO,31,27
1927,5,23,0,NULO,33.5,25
1927,5,24,0,NULO,35,24
1927,5,25,0,NULO,34,23
1927,5,26,0,NULO,35,24
1927,5,27,0,NULO,34,24
1927,5,28,0,NULO,35.5,23.5
1927,5,29,0,NULO,36.5,24
1927,5,30,0,NULO,34,24
1927,5,31,0,NULO,36.5,24.5
1927,6,1,0,NULO,34,24
1927,6,2,0,NULO,34.5,24
1927,6,3,0,NULO,33,24
1927,6,4,0,NULO,35,24.5
1927,6,5,0,NULO,34.5,23.5
1927,6,6,2,NULO,33,23.5
1927,6,7,1.2,NULO,32.5,21.5
1927,6,8,0,NULO,29,21
1927,6,9,0,NULO,34,22
1927,6,10,0,NULO,34.5,23
1927,6,11,0,NULO,36.5,25
1927,6,12,0,NULO,33,24
1927,6,13,0,NULO,37,25
1927,6,14,115,NULO,36,24
1927,6,15,187.5,NULO,31,21.5
1927,6,16,4.5,NULO,29,21
1927,6,17,12.5,NULO,26,22
1927,6,18,0.5,NULO,25.5,22
1927,6,19,0,NULO,28,22
1927,6,20,0,NULO,27,23
1927,6,21,0,NULO,31,24.5
1927,6,22,10.2,NULO,32,24
1927,6,23,65,NULO,29.5,22.5
1927,6,24,13.7,NULO,27,21
1927,6,25,56.2,NULO,23,21
1927,6,26,27.2,NULO,26,21
1927,6,27,0,NULO,23,20
1927,6,28,15,NULO,28.5,20
1927,6,29,22.5,NULO,26,20
1927,6,30,0,NULO,26,20.5
1927,7,1,10.7,NULO,26,21.5
1927,7,2,0.1,NULO,24.5,21
1927,7,3,3.7,NULO,27,20.5
1927,7,4,22,NULO,27,21
1927,7,5,0,NULO,27,20
1927,7,6,0,NULO,28,21
1927,7,7,0,NULO,27,21
1927,7,8,0,NULO,30.5,22
1927,7,9,0,NULO,30,21
1927,7,10,4.2,NULO,31,20
1927,7,11,0,NULO,31,21
1927,7,12,1.2,NULO,29,22
1927,7,13,0,NULO,30.5,22
1927,7,14,5,NULO,30.5,20.5
1927,7,15,0.1,NULO,31,23
1927,7,16,10.5,NULO,31,23
1927,7,17,22.7,NULO,30.5,22
1927,7,18,5.2,NULO,30,20.5
1927,7,19,0.1,NULO,27,20.5
1927,7,20,2.5,NULO,29.5,21
1927,7,21,13.2,NULO,28,21
1927,7,22,0.1,NULO,27,21
1927,7,23,0,NULO,27,21
1927,7,24,0.1,NULO,31,21.5
1927,7,25,0.1,NULO,33,23
1927,7,26,4,NULO,31,22.5
1927,7,27,20,NULO,26,22
1927,7,28,0.1,NULO,29,21
1927,7,29,12.5,NULO,28.5,22
1927,7,30,0,NULO,27,21
1927,7,31,0,NULO,28,22
1927,9,1,0,NULO,32,21
1927,9,2,0,NULO,32.5,22
1927,9,3,0,NULO,32,23
1927,9,4,13.5,NULO,29,21
1927,9,5,0.1,NULO,27,21
1927,9,6,25.8,NULO,28,21
1927,9,7,0.1,NULO,27,20.5
1927,9,8,52.7,NULO,27,21
1927,9,9,64,NULO,26,20
1927,9,10,42.5,NULO,25,21
1927,9,11,2.5,NULO,29,20.5
1927,9,12,16.2,NULO,30,21
1927,9,13,0,NULO,27.5,22
1927,9,14,0.1,NULO,29.5,22
1927,9,15,7.5,NULO,26,21.5
1927,9,16,25,NULO,24.5,20
1927,9,17,25,NULO,24,20
1927,9,18,0,NULO,29,20.5
1927,9,19,0,NULO,29,20.5
1927,9,20,0,NULO,30.5,21
1927,9,21,0.1,NULO,29,21
1927,9,22,29.2,NULO,25.5,20
1927,9,23,20.7,NULO,25,19
1927,9,24,25,NULO,23,19
1927,9,25,0.1,NULO,27,21
1927,9,26,0,NULO,28,21.5
1927,9,27,0,NULO,30,21.5
1927,9,28,0,NULO,28,22
1927,9,29,0,NULO,29,22.5
1927,9,30,0,NULO,29.5,23
1927,10,1,0,NULO,31,22
1927,10,2,0,NULO,30,23
1927,10,3,10.2,NULO,30,23
1927,10,4,36.7,NULO,26,21
1927,10,5,3.7,NULO,25,20
1927,10,6,0,NULO,26,20
1927,10,7,0,NULO,26,20
1927,10,8,0,NULO,30,21
1927,10,9,25,NULO,31,21.5
1927,10,10,0,NULO,27,20
1927,10,11,0,NULO,29,18
1927,10,12,0,NULO,29,18.5
1927,10,13,0,NULO,30,16
1927,10,14,0,NULO,26,16.5
1927,10,15,0,NULO,20,16
1927,10,16,0,NULO,27,16
1927,10,17,0,NULO,21,17
1927,10,18,0,NULO,25,16
1927,10,19,16.2,NULO,24,17
1927,10,20,0,NULO,23,17
1927,10,21,0,NULO,25,17
1927,10,22,0,NULO,27,18
1927,10,23,0,NULO,28,20
1927,10,24,0,NULO,28.5,21
1927,10,25,0,NULO,29,21
1927,10,26,0,NULO,30,24
1927,10,27,0,NULO,28,20.5
1927,10,28,0,NULO,32,20
1927,10,29,0,NULO,28,18.5
1927,10,30,0,NULO,27,18
1927,10,31,0,NULO,28,19
1927,11,1,0,NULO,28,20
1927,11,2,0,NULO,29,21
1927,11,3,0,NULO,28,20
1927,11,4,0,NULO,30,18
1927,11,5,0,NULO,29,18.5
1927,11,6,0,NULO,26,19
1927,11,7,0,NULO,27,19
1927,11,8,0,NULO,28.5,20
1927,11,9,0,NULO,28,19.5
1927,11,10,0,NULO,27,20.5
1927,11,11,0,NULO,22,18
1927,11,12,22.5,NULO,27,19
1927,11,13,1,NULO,27,19
1927,11,14,0,NULO,21.5,18.5
1927,11,15,0,NULO,25,18
1927,11,16,42,NULO,26,20
1927,11,17,0,NULO,24,14
1927,11,18,0,NULO,21,13
1927,11,19,0,NULO,22,15
1927,11,20,0,NULO,26,16
1927,11,21,0,NULO,21,16
1927,11,22,0,NULO,24.5,16.5
1927,11,23,0,NULO,26,16
1927,11,24,0,NULO,25,17
1927,11,25,0,NULO,23,18
1927,11,26,0,NULO,25,18.5
1927,11,27,0,NULO,22.5,17
1927,11,28,0,NULO,27,16.5
1927,11,29,0,NULO,26,18
1927,11,30,2.7,NULO,26.5,17
1928,1,1,0.1,NULO,14,8
1928,1,2,0.1,NULO,10,4
1928,1,3,2.5,NULO,11,5
1928,1,4,0,NULO,11,7
1928,1,5,2,NULO,11,8
1928,1,6,0,NULO,12,9.5
1928,1,7,0,NULO,12.5,11
1928,1,8,0,NULO,21,12
1928,1,9,0,NULO,20,11
1928,1,10,0,NULO,14,9.5
1928,1,11,0,NULO,17,10.5
1928,1,12,0,NULO,14,10
1928,1,13,0,NULO,21,13
1928,1,14,0,NULO,24,14
1928,1,15,0,NULO,24.5,16.5
1928,1,16,0,NULO,24,17
1928,1,17,0,NULO,23,18
1928,1,18,0,NULO,24,17
1928,1,19,0,NULO,22,13
1928,1,20,0,NULO,24.5,12.5
1928,1,21,0,NULO,14,11
1928,1,22,0,NULO,20,11.5
1928,1,23,0,NULO,21,13
1928,1,24,0.1,NULO,24,14
1928,1,25,0,NULO,24.5,15
1928,1,26,0,NULO,19,15.5
1928,1,27,0,NULO,24.5,14
1928,1,28,0,NULO,17.5,10
1928,1,29,0,NULO,22.5,12
1928,1,30,0,NULO,20,12
1928,1,31,0,NULO,24,18
1928,2,1,5,NULO,24,18
1928,2,2,7,NULO,23,16
1928,2,3,0.1,NULO,20,15.5
1928,2,4,0,NULO,20.5,17
1928,2,5,0,NULO,24,16
1928,2,6,0,NULO,25,17
1928,2,7,0,NULO,26.5,18.5
1928,2,8,12.5,NULO,24,18
1928,2,9,7.5,NULO,21,13.5
1928,2,10,14.2,NULO,16,11.5
1928,2,11,0,NULO,13.5,10.5
1928,2,12,0,NULO,20,11
1928,2,13,0,NULO,24,11
1928,2,14,0,NULO,23.5,17
1928,2,15,0,NULO,29.5,18
1928,2,16,0.1,NULO,24,16
1928,2,17,0,NULO,20,16
1928,2,18,0,NULO,17.5,10.5
1928,2,19,0.1,NULO,19,12.5
1928,2,20,0,NULO,19,13
1928,2,21,0,NULO,21,15
1928,2,22,0,NULO,21.5,15.5
1928,2,23,0,NULO,28,18
1928,2,24,0,NULO,27,17
1928,2,25,0,NULO,22,8
1928,2,26,0.1,NULO,20,9
1928,2,27,15,NULO,22,10
1928,2,28,0,NULO,16.5,12.5
1928,2,29,0,NULO,21.5,15
1928,3,1,0,NULO,25,15
1928,3,2,0,NULO,27,16
1928,3,3,0,NULO,28,16
1928,3,4,0,NULO,26.5,16
1928,3,5,0,NULO,30,22
1928,3,6,0,NULO,32,18
1928,3,7,0,NULO,33,19
1928,3,8,0,NULO,32,18.5
1928,3,9,0,NULO,30.5,20
1928,3,10,0,NULO,29,20
1928,3,11,0,NULO,30,21
1928,3,12,0,NULO,32,21
1928,3,13,0,NULO,31,19
1928,3,14,0,NULO,31,20
1928,3,15,0,NULO,31,21
1928,3,16,0,NULO,34,20
1928,3,17,0,NULO,29,11
1928,3,18,0,NULO,21,11
1928,3,19,0,NULO,20,12
1928,3,20,0.1,NULO,18,14
1928,3,21,0.1,NULO,21,16.5
1928,3,22,2.5,NULO,20,15
1928,3,23,0,NULO,21,17
1928,3,24,0,NULO,28,17
1928,3,25,0,NULO,27,16
1928,3,26,0,NULO,33,19
1928,3,27,0,NULO,36,21
1928,3,28,0,NULO,31,17
1928,3,29,0,NULO,33,18
1928,3,30,0,NULO,38,22
1928,3,31,0,NULO,27,17
1928,4,1,0,NULO,30,17
1928,4,2,0,NULO,30,16.5
1928,4,3,0,NULO,30,17
1928,4,4,0,NULO,33,19
1928,4,5,0,NULO,32,20
1928,4,6,0,NULO,34,20
1928,4,7,0,NULO,31,16.5
1928,4,8,0.1,NULO,30,19
1928,4,9,5.5,NULO,28,15
1928,4,10,0,NULO,17,8
1928,4,11,0,NULO,20,11.5
1928,4,12,0,NULO,27,15
1928,4,13,0,NULO,29.5,19.5
1928,4,14,0,NULO,31,20
1928,4,15,0,NULO,32,15.5
1928,4,16,0,NULO,21.5,14
1928,4,17,0,NULO,26,15
1928,4,18,0,NULO,29,18
1928,4,19,0.1,NULO,31,20.5
1928,4,20,0,NULO,33,22.5
1928,4,21,0,NULO,37,22
1928,4,22,0,NULO,38,23
1928,4,23,0,NULO,37.5,22
1928,4,24,0,NULO,29,21.5
1928,4,25,0,NULO,30,19
1928,4,26,0,NULO,32.5,21
1928,4,27,0,NULO,34,20
1928,4,28,0,NULO,28,21
1928,4,29,0,NULO,28.5,16
1928,4,30,0,NULO,30,19
1928,5,1,0,NULO,30,20
1928,5,2,0,NULO,30,21.5
1928,5,3,0,NULO,26,21
1928,5,4,23,NULO,35,23.5
1928,5,5,0.2,NULO,33,21
1928,5,6,0,NULO,25,18
1928,5,7,0,NULO,25,17
1928,5,8,0,NULO,28,15
1928,5,9,0,NULO,30,16.5
1928,5,10,0.1,NULO,31,18
1928,5,11,0.2,NULO,30,19
1928,5,12,48,NULO,31,21
1928,5,13,0.1,NULO,30,18
1928,5,14,17.2,NULO,31,19
1928,5,15,0,NULO,29,20
1928,5,16,0,NULO,31.5,21.5
1928,5,17,0,NULO,33,22
1928,5,18,0,NULO,33,22
1928,5,19,0,NULO,33.5,21
1928,5,20,0,NULO,34,23.5
1928,5,21,0.1,NULO,35,23
1928,5,22,0,NULO,33.5,21
1928,5,23,0,NULO,34,20
1928,5,24,0,NULO,29,19
1928,5,25,0,NULO,30,20
1928,5,26,0,NULO,33,20
1928,5,27,0,NULO,34,21
1928,5,28,0,NULO,35,23
1928,5,29,0,NULO,34,28
1928,5,30,0.1,NULO,36.5,23
1928,5,31,3.7,NULO,34,22
1928,6,1,0,NULO,35,22
1928,6,2,0.1,NULO,33,24
1928,6,3,0,NULO,35,24
1928,6,4,0.1,NULO,33,22
1928,6,5,27.5,NULO,35,24
1928,6,6,33,NULO,37,23
1928,6,7,0,NULO,27,22
1928,6,8,0,NULO,31,22
1928,6,9,0,NULO,32,24
1928,6,10,0,NULO,34,24
1928,6,11,0,NULO,34,24.5
1928,6,12,0,NULO,35,24
1928,6,13,0,NULO,35,24
1928,6,14,19.5,NULO,34,25
1928,6,15,2.5,NULO,32,21.5
1928,6,16,0,NULO,28.5,21
1928,6,17,0,NULO,30,23
1928,6,18,0,NULO,32.5,22
1928,6,19,0,NULO,33,23
1928,6,20,0,NULO,32,24
1928,6,21,0,NULO,32.5,24
1928,6,22,0,NULO,32,22
1928,6,23,0,NULO,32,21
1928,6,24,0,NULO,35,22
1928,6,25,0,NULO,34,21.5
1928,6,26,0,NULO,32,23
1928,6,27,0,NULO,33,22.5
1928,6,28,0,NULO,32,24
1928,6,29,0,NULO,34,24
1928,6,30,0,NULO,32,22
1928,7,1,0,NULO,31,21
1928,7,2,0,NULO,31,21.5
1928,7,3,0.1,NULO,30,21
1928,7,4,15.7,NULO,32,21
1928,7,5,0,NULO,31,22
1928,7,6,5.2,NULO,29,22
1928,7,7,0.1,NULO,30,22
1928,7,8,2.5,NULO,29,23
1928,7,9,0,NULO,30,22
1928,7,10,68.7,NULO,29,22
1928,7,11,3.2,NULO,25,21.5
1928,7,12,0,NULO,28,21
1928,7,13,0,NULO,27,21.5
1928,7,14,0,NULO,30.5,22
1928,7,15,0,NULO,31,21
1928,7,16,0,NULO,31,21.5
1928,7,17,0,NULO,30,23
1928,7,18,0,NULO,30,22
1928,7,19,0,NULO,29,22
1928,7,20,0,NULO,30,23
1928,7,21,0,NULO,32,23
1928,7,22,0,NULO,32,24
1928,7,23,0.1,NULO,32.5,22
1928,7,24,10,NULO,30,22.5
1928,7,25,6.2,NULO,29,21
1928,7,26,16.2,NULO,29,20.5
1928,7,27,7.5,NULO,27,21.5
1928,7,28,6.2,NULO,28,22
1928,7,29,1.5,NULO,28,21.5
1928,7,30,0.1,NULO,28,21
1928,7,31,5.5,NULO,28,21
1928,8,1,0.1,NULO,28,21
1928,8,2,0,NULO,29,22
1928,8,3,0,NULO,29,22
1928,8,4,0,NULO,29,23
1928,8,5,3.2,NULO,31,21
1928,8,6,0,NULO,29,21.5
1928,8,7,0,NULO,28,21
1928,8,8,0,NULO,30,22
1928,8,9,0,NULO,30,21
1928,8,10,0,NULO,32,22
1928,8,11,0,NULO,32,22
1928,8,12,0,NULO,31,21
1928,8,13,0,NULO,34,22
1928,8,14,0,NULO,32.5,23
1928,8,15,0,NULO,32,24
1928,8,16,0,NULO,32,24
1928,8,17,0,NULO,34,21
1928,8,18,132.5,NULO,35,24
1928,8,19,0.1,NULO,33.5,20
1928,8,20,1,NULO,26,20.5
1928,8,21,0.1,NULO,30,22
1928,8,22,0,NULO,29,21
1928,8,23,0,NULO,28,22
1928,8,24,14.5,NULO,30,21
1928,8,25,0.1,NULO,29,21
1928,8,26,0,NULO,27.5,20
1928,8,27,0,NULO,30.5,21
1928,8,28,0.1,NULO,28.5,20
1928,8,29,0,NULO,30,21
1928,8,30,0,NULO,30,21
1928,8,31,0,NULO,31,22
1928,9,1,0.1,NULO,30,22
1928,9,2,0,NULO,30,21
1928,9,3,0.1,NULO,32,22
1928,9,4,9.2,NULO,30,21
1928,9,5,22.2,NULO,27,21
1928,9,6,0.5,NULO,27,20
1928,9,7,0.1,NULO,24,20
1928,9,8,0.1,NULO,22,19
1928,9,9,0,NULO,25,20
1928,9,10,0,NULO,31,22.5
1928,9,11,0,NULO,32,22
1928,9,12,0,NULO,33,22
1928,9,13,0,NULO,32,22
1928,9,14,0,NULO,32,21
1928,9,15,112.5,NULO,31,22
1928,9,16,122.7,NULO,28,19
1928,9,17,31.7,NULO,27.5,18
1928,9,18,7.5,NULO,22,18
1928,9,19,14.7,NULO,24,20
1928,9,20,0.1,NULO,26.5,20
1928,9,21,0.5,NULO,27,21
1928,9,22,12.5,NULO,28,22
1928,9,23,2.5,NULO,26.5,20
1928,9,24,0,NULO,28,16
1928,9,25,1.2,NULO,20,17.5
1928,9,26,0,NULO,22.5,19
1928,9,27,30,NULO,25,19.5
1928,9,28,14.7,NULO,26,21
1928,9,29,0,NULO,27,21
1928,9,30,0,NULO,34,22
1928,10,1,0,NULO,29,21
1928,10,2,0,NULO,31,21
1928,10,3,0,NULO,34,24
1928,10,4,50,NULO,30,22
1928,10,5,0,NULO,29,21.5
1928,10,6,4,NULO,27,22
1928,10,7,0,NULO,30,20
1928,10,8,0,NULO,34,21
1928,10,9,0,NULO,27.5,21
1928,10,10,0,NULO,27,21.5
1928,10,11,0,NULO,28,20
1928,10,12,0,NULO,28,21.5
1928,10,13,21,NULO,28,21
1928,10,14,0,NULO,30,21
1928,10,15,0,NULO,28,20
1928,10,16,0,NULO,29,23
1928,10,17,0.1,NULO,30,21.5
1928,10,18,0,NULO,23,16
1928,10,19,0,NULO,21,19
1928,10,20,0,NULO,25,20
1928,10,21,0,NULO,28,21
1928,10,22,0.1,NULO,28.5,20
1928,10,23,0.1,NULO,28,19
1928,10,24,0,NULO,20,17.5
1928,10,25,0,NULO,22,18
1928,10,26,0,NULO,25,19
1928,10,27,0,NULO,23,18.5
1928,10,28,0,NULO,27,20
1928,10,29,0,NULO,28,20
1928,10,30,19.2,NULO,27,19
1928,10,31,0,NULO,25,17
1928,11,1,0.1,NULO,25.5,17.5
1928,11,2,0,NULO,22,19
1928,11,3,0,NULO,20,15
1928,11,4,0.1,NULO,22,18
1928,11,5,0.1,NULO,20,16
1928,11,6,0,NULO,25,17
1928,11,7,0,NULO,26,19
1928,11,8,0.1,NULO,26,20
1928,11,9,3.7,NULO,25,21
1928,11,10,74.5,NULO,26,18
1928,11,11,50.5,NULO,21,15
1928,11,12,0,NULO,21,15.5
1928,11,13,0,NULO,20.5,16
1928,11,14,0,NULO,23,20
1928,11,15,0,NULO,24,19
1928,11,16,0,NULO,25,19
1928,11,17,0,NULO,25,19
1928,11,18,0,NULO,25,15
1928,11,19,0,NULO,25,15
1928,11,20,0,NULO,18,11
1928,11,21,0,NULO,14,10
1928,11,22,0.1,NULO,14,11
1928,11,23,0.1,NULO,15,11
1928,11,24,0,NULO,18,13.5
1928,11,25,22.5,NULO,13.5,10
1928,11,26,5,NULO,21,15
1928,11,27,0,NULO,22,16
1928,11,28,0,NULO,22,16
1928,11,29,0,NULO,25,17
1928,11,30,0,NULO,25,12
1928,12,1,0,NULO,25,12
1928,12,2,0,NULO,22,11.5
1928,12,3,0,NULO,25,16
1928,12,4,0,NULO,24,19
1928,12,5,10,NULO,27,12
1928,12,6,5,NULO,17,11
1928,12,7,0.1,NULO,12,7
1928,12,8,0,NULO,12.5,7.5
1928,12,9,0,NULO,19,11
1928,12,10,0,NULO,19,11
1928,12,11,0,NULO,17.5,16
1928,12,12,0.1,NULO,19,16
1928,12,13,25,NULO,24,16
1928,12,14,5.2,NULO,24,16
1928,12,15,0.1,NULO,21.5,17
1928,12,16,0,NULO,20,16
1928,12,17,0.1,NULO,25,18
1928,12,18,0,NULO,19,11
1928,12,19,0,NULO,20,12
1928,12,20,0,NULO,20,9
1928,12,21,0,NULO,19.5,7
1928,12,22,0,NULO,11.5,9
1928,12,23,0,NULO,14,10
1928,12,24,20,NULO,15,10
1928,12,25,1.2,NULO,14,12
1928,12,26,0,NULO,21,14
1928,12,27,0,NULO,20,13
1928,12,28,0,NULO,24,13
1928,12,29,0,NULO,23,16
1928,12,30,0,NULO,23,14
1928,12,31,0,NULO,24,13
1929,1,1,0,NULO,22,11
1929,1,2,0,NULO,14,10
1929,1,3,0,NULO,17,11
1929,1,4,0,NULO,19,10
1929,1,5,0,NULO,20,14
1929,1,6,0,NULO,22,12
1929,1,7,0,NULO,19,12
1929,1,8,0,NULO,19,14
1929,1,9,0,NULO,24,16
1929,1,10,0.1,NULO,25,15
1929,1,11,0.1,NULO,26,15
1929,1,12,0.2,NULO,25,16
1929,1,13,0,NULO,20,11
1929,1,14,0,NULO,20.5,17
1929,1,15,0,NULO,24,21
1929,1,16,0,NULO,22,18
1929,1,17,0,NULO,25,16
1929,1,18,0,NULO,27,17
1929,1,19,0,NULO,25,21
1929,1,20,0,NULO,25,17
1929,1,21,0,NULO,27,18
1929,1,22,0,NULO,25,17
1929,1,23,0,NULO,27,18
1929,1,24,0,NULO,19.5,13.5
1929,1,25,12.7,NULO,19,14
1929,1,26,0.1,NULO,17,13
1929,1,27,4,NULO,18,12
1929,1,28,0,NULO,22,12
1929,1,29,0,NULO,23.5,15
1929,1,30,0,NULO,18,12
1929,1,31,0,NULO,23.5,15
1929,2,1,7.5,NULO,22,16
1929,2,2,1.5,NULO,20,13
1929,2,3,0,NULO,19,12.5
1929,2,4,0,NULO,21,13
1929,2,5,0,NULO,24,16
1929,2,6,0,NULO,25,17
1929,2,7,0,NULO,25.5,17.5
1929,2,8,0,NULO,26,19
1929,2,9,2.5,NULO,27,13
1929,2,10,0,NULO,26,11
1929,2,11,0,NULO,13,5
1929,2,12,0,NULO,9,6
1929,2,13,0,NULO,18,9
1929,2,14,0,NULO,22,9
1929,2,15,5,NULO,24,9
1929,2,16,0,NULO,28,14
1929,2,17,0,NULO,27,13
1929,2,18,0,NULO,21,13
1929,2,19,0.1,NULO,24,14
1929,2,20,1.5,NULO,27,14
1929,2,21,0.1,NULO,19,15
1929,2,22,0,NULO,19,12
1929,2,23,0,NULO,19,14
1929,2,24,0,NULO,24.5,14
1929,2,25,0,NULO,25,19
1929,2,26,0,NULO,21,19
1929,2,27,0,NULO,30,17
1929,2,28,0,NULO,28,18
1929,3,1,0,NULO,26,14
1929,3,2,0,NULO,23,16
1929,3,3,0,NULO,27,17
1929,3,4,0,NULO,30,26
1929,3,5,0,NULO,34,20
1929,3,6,0,NULO,30,24
1929,3,7,0,NULO,34,27
1929,3,8,0.1,NULO,30,15
1929,3,9,5,NULO,28,14
1929,3,10,0,NULO,28,15
1929,3,11,0,NULO,30,19
1929,3,12,0,NULO,26,16
1929,3,13,0,NULO,34,18
1929,3,14,0,NULO,34,18
1929,3,15,0,NULO,34,17
1929,3,16,0.1,NULO,21,16
1929,3,17,2.5,NULO,22,17
1929,3,18,0,NULO,20,17.5
1929,3,19,0,NULO,21,17
1929,3,20,0,NULO,26,18
1929,3,21,0,NULO,27,18.5
1929,3,22,0,NULO,28,20
1929,3,23,0,NULO,31,18
1929,3,24,0,NULO,28,20
1929,3,25,0.1,NULO,31,18
1929,3,26,0,NULO,34,19
1929,3,27,0,NULO,27,20
1929,3,28,0,NULO,28,20
1929,3,29,0,NULO,37,24
1929,3,30,0,NULO,32,18
1929,3,31,0,NULO,33,19
1929,4,1,0,NULO,30,21
1929,4,2,0,NULO,29,20
1929,4,3,0,NULO,33,21
1929,4,4,0,NULO,31,20
1929,4,5,0,NULO,30,20
1929,4,6,0,NULO,30,21
1929,4,7,0,NULO,32,22
1929,4,8,0,NULO,34,25
1929,4,9,0,NULO,31,21
1929,4,10,0,NULO,32,22
1929,4,11,0,NULO,33,21
1929,4,12,0,NULO,33,21
1929,4,13,0,NULO,36,21
1929,4,14,0,NULO,36,21
1929,4,15,0,NULO,23,17
1929,4,16,0,NULO,33,17
1929,4,17,0,NULO,30,19
1929,4,18,0,NULO,29,19
1929,4,19,0,NULO,30,20
1929,4,20,0,NULO,34,21.5
1929,4,21,0,NULO,36,29
1929,4,22,0,NULO,37,24
1929,4,23,0,NULO,36,23
1929,4,24,0,NULO,32,22
1929,4,25,0,NULO,36,23
1929,4,26,0,NULO,38,24
1929,4,27,0,NULO,32,24
1929,4,28,0,NULO,36,22
1929,4,29,0,NULO,34,22
1929,4,30,0,NULO,33,24
1929,5,1,0.1,NULO,32,24
1929,5,2,2.5,NULO,37,20
1929,5,3,0,NULO,24,15
1929,5,4,0,NULO,28,15
1929,5,5,0,NULO,37,22
1929,5,6,0,NULO,36,21
1929,5,7,0,NULO,35,23
1929,5,8,0,NULO,32,22
1929,5,9,0,NULO,33,22
1929,5,10,0,NULO,32,23
1929,5,11,0,NULO,32,22
1929,5,12,8.5,NULO,31,20
1929,5,13,0,NULO,31,19
1929,5,14,0,NULO,30,20
1929,5,15,0,NULO,31,14
1929,5,16,0,NULO,30,19
1929,5,17,0,NULO,31,20
1929,5,18,0,NULO,33,22
1929,5,19,12.5,NULO,30,24
1929,5,20,0,NULO,34,22
1929,5,21,0,NULO,31,21
1929,5,22,0,NULO,30,20
1929,5,23,0,NULO,30.5,20.5
1929,5,24,0,NULO,31,21
1929,5,25,0,NULO,37,22
1929,5,26,0,NULO,25,23
1929,5,27,6.2,NULO,34,23.5
1929,5,28,0,NULO,34,21
1929,5,29,25,NULO,30,24
1929,5,30,0.1,NULO,30,19
1929,5,31,3.7,NULO,24,21
1929,6,1,22.5,NULO,27,22
1929,6,2,37.5,NULO,29,21
1929,6,3,0,NULO,30.5,22
1929,6,4,0,NULO,30.5,21
1929,6,5,0,NULO,34,21
1929,6,6,0,NULO,31,22
1929,6,7,0,NULO,32,22
1929,6,8,0,NULO,32,22
1929,6,9,0,NULO,32,22
1929,6,10,0,NULO,33,22
1929,6,11,0,NULO,31,21
1929,6,12,0,NULO,32,22
1929,6,13,0.1,NULO,33,23
1929,6,14,0,NULO,30,23
1929,6,15,0.1,NULO,32,23
1929,6,16,0,NULO,32,22
1929,6,17,0,NULO,31,23
1929,6,18,0,NULO,32,22
1929,6,19,5,NULO,31,23
1929,6,20,47.5,NULO,30,20
1929,6,21,17.5,NULO,24,21
1929,6,22,0,NULO,24,20
1929,6,23,0,NULO,29,20
1929,6,24,0,NULO,29,20
1929,6,25,0,NULO,29,23
1929,6,26,0,NULO,30,21
1929,6,27,0,NULO,30.5,21
1929,6,28,0,NULO,31,22
1929,6,29,0,NULO,32,22
1929,6,30,0,NULO,30,21
1929,7,1,0,NULO,30,21
1929,7,2,0,NULO,26,20
1929,7,3,35,NULO,28,20
1929,7,4,25,NULO,29.5,20
1929,7,5,14.2,NULO,27,21
1929,7,6,25,NULO,27,21
1929,7,7,22.5,NULO,26.5,20.5
1929,7,8,11,NULO,25,19
1929,7,9,0,NULO,25,19
1929,7,10,0,NULO,24,19
1929,7,11,0,NULO,27,21
1929,7,12,0,NULO,28,22
1929,7,13,0,NULO,28,21
1929,7,14,20,NULO,29,21
1929,7,15,26.7,NULO,26,21
1929,7,16,0,NULO,26,20
1929,7,17,0,NULO,28,21
1929,7,18,0,NULO,28,20
1929,7,19,0,NULO,29,21
1929,7,20,0,NULO,30,23
1929,7,21,0,NULO,31,22
1929,7,22,0,NULO,30.5,22
1929,7,23,0,NULO,29,22
1929,7,24,0.1,NULO,28,22
1929,7,25,0.1,NULO,27,21
1929,7,26,0.1,NULO,28,21
1929,7,27,0,NULO,28.5,21
1929,7,28,0,NULO,28,21
1929,7,29,0,NULO,29,21
1929,7,30,0,NULO,30,23
1929,7,31,0,NULO,31,22
1929,8,1,5,NULO,30,21
1929,8,2,0,NULO,26,20
1929,8,3,0,NULO,28,20
1929,8,4,0,NULO,30,19
1929,8,5,0,NULO,31,23
1929,8,6,0,NULO,32,22.5
1929,8,7,6.2,NULO,30,21
1929,8,8,0.1,NULO,27,19
1929,8,9,0,NULO,27,21
1929,8,10,0.1,NULO,30,23
1929,8,11,0,NULO,30,21
1929,8,12,0,NULO,29.5,20
1929,8,13,0,NULO,30,22
1929,8,14,0,NULO,30,19
1929,8,15,0,NULO,31,23
1929,8,16,0,NULO,31,22
1929,8,17,0.1,NULO,30,21
1929,8,18,0,NULO,28,21
1929,8,19,0,NULO,27,21
1929,8,20,0,NULO,29,21
1929,8,21,0,NULO,30,21
1929,8,22,0.1,NULO,31,21
1929,8,23,0,NULO,31,21
1929,8,24,0,NULO,31,23
1929,8,25,0,NULO,31,23
1929,8,26,0,NULO,32,22.5
1929,8,27,6.2,NULO,30,22
1929,8,28,18.7,NULO,27,19
1929,8,29,5,NULO,30,20
1929,8,30,10,NULO,26,18.5
1929,8,31,2,NULO,27.5,21
1929,9,1,12,NULO,28,20
1929,9,2,7.2,NULO,22,19
1929,9,3,12.5,NULO,24,18
1929,9,4,0,NULO,29.5,19
1929,9,5,0,NULO,30,22
1929,9,6,0,NULO,30,23
1929,9,7,0,NULO,30,23
1929,9,8,0,NULO,29,22
1929,9,9,0.1,NULO,31,23
1929,9,10,10,NULO,30,22
1929,9,11,15,NULO,28,21
1929,9,12,0,NULO,31,23
1929,9,13,0,NULO,26,21
1929,9,14,0,NULO,29,21
1929,9,15,0,NULO,28,20
1929,9,16,37.5,NULO,28,21
1929,9,17,42.5,NULO,32,20
1929,9,18,5,NULO,23,21.5
1929,9,19,0,NULO,24,19
1929,9,20,0,NULO,21,19
1929,9,21,40,NULO,25,20
1929,9,22,0,NULO,25,20
1929,9,23,0,NULO,29,20
1929,9,24,0,NULO,30,19
1929,9,25,0,NULO,32,20
1929,9,26,0,NULO,33,19
1929,9,27,0,NULO,29,21
1929,9,28,0,NULO,30,22
1929,9,29,0,NULO,29,21
1929,9,30,0,NULO,32,21
1929,10,1,0,NULO,32,21
1929,10,2,0,NULO,33,21
1929,10,3,0,NULO,30,20
1929,10,4,0,NULO,29,19
1929,10,5,0,NULO,28.5,18.5
1929,10,6,0,NULO,32,17
1929,10,7,0.1,NULO,33,18
1929,10,8,0.1,NULO,32,20
1929,10,9,0,NULO,28,20
1929,10,10,0,NULO,29.5,19
1929,10,11,0,NULO,28,20
1929,10,12,37.5,NULO,26,20
1929,10,13,13,NULO,26,20
1929,10,14,0,NULO,25,19
1929,10,15,0,NULO,26,18.5
1929,10,16,0,NULO,25,19
1929,10,17,0,NULO,25,19.5
1929,10,18,0,NULO,25,19
1929,10,19,6.5,NULO,27,20
1929,10,20,37.5,NULO,28,19
1929,10,21,0,NULO,27,17
1929,10,22,0,NULO,24,16
1929,10,23,0.1,NULO,23,17
1929,10,24,0,NULO,23,12
1929,10,25,5,NULO,18,12
1929,10,26,0.1,NULO,24,13
1929,10,27,0,NULO,24,12
1929,10,28,0,NULO,24,12
1929,10,29,0.1,NULO,26,18
1929,10,30,0,NULO,24,18
1929,10,31,0,NULO,28,20
1929,11,1,0,NULO,25,20
1929,11,2,0,NULO,22,19
1929,11,3,0,NULO,22,20
1929,11,4,0,NULO,25,20
1929,11,5,0,NULO,26,22
1929,11,6,0,NULO,27,19
1929,11,7,0,NULO,27,13
1929,11,8,0,NULO,23,20
1929,11,9,0,NULO,27,20.5
1929,11,10,0,NULO,26,19
1929,11,11,0,NULO,27,19.5
1929,11,12,2.5,NULO,26,20
1929,11,13,0.1,NULO,27,19
1929,11,14,0,NULO,14,7
1929,11,15,0,NULO,12,8
1929,11,16,0,NULO,14,9
1929,11,17,0,NULO,12,7
1929,11,18,0,NULO,15,11
1929,11,19,0,NULO,20,12
1929,11,20,12.5,NULO,24,15
1929,11,21,5,NULO,22,16
1929,11,22,7.5,NULO,16,10
1929,11,23,0,NULO,11,7
1929,11,24,0,NULO,15,11
1929,11,25,0,NULO,18,10
1929,11,26,0,NULO,18,12
1929,11,27,0,NULO,17,14
1929,11,28,0,NULO,24,15
1929,11,29,72,NULO,25,17
1929,11,30,0,NULO,19,9
1929,12,1,6.2,NULO,13,9
1929,12,2,12.5,NULO,15,13
1929,12,3,0,NULO,15,6.5
1929,12,4,0,NULO,11,7
1929,12,5,0,NULO,11.5,3
1929,12,6,0,NULO,19,12
1929,12,7,0.1,NULO,22,10
1929,12,8,0,NULO,21,10
1929,12,9,0,NULO,26,16
1929,12,10,37.5,NULO,22,16
1929,12,11,0,NULO,22,18
1929,12,12,4.2,NULO,28,17
1929,12,13,42.5,NULO,20,18
1929,12,14,5,NULO,23,18
1929,12,15,0,NULO,22,17
1929,12,16,0,NULO,23,17
1929,12,17,0,NULO,24,17
1929,12,18,0.1,NULO,19,16
1929,12,19,0,NULO,15,8
1929,12,20,0.1,NULO,9,6
1929,12,21,0.1,NULO,19,7
1929,12,22,0,NULO,7,1
1929,12,23,0,NULO,11,3
1929,12,24,0.1,NULO,11,5
1929,12,25,0.1,NULO,11,5
1929,12,26,0,NULO,15,13
1929,12,27,0,NULO,19,13
1929,12,28,0,NULO,22,13
1929,12,29,0,NULO,21,12
1929,12,30,0,NULO,16,13
1929,12,31,0,NULO,20,13
1930,1,1,0.1,NULO,20,12
1930,1,2,5,NULO,27,15
1930,1,3,0,NULO,24,12
1930,1,4,0,NULO,13,10
1930,1,5,0,NULO,14,11
1930,1,6,0,NULO,21,11
1930,1,7,0,NULO,22,14
1930,1,8,0,NULO,23,18
1930,1,9,0.1,NULO,24,21
1930,1,10,0,NULO,21,11
1930,1,11,0,NULO,21,12
1930,1,12,0,NULO,18,11
1930,1,13,0,NULO,16,12
1930,1,14,0,NULO,21,15
1930,1,15,0,NULO,26,15
1930,1,16,0,NULO,18,12
1930,1,17,0,NULO,14,10
1930,1,18,0,NULO,8,6
1930,1,19,0,NULO,12,4
1930,1,20,0,NULO,13,4
1930,1,21,2.5,NULO,18,7
1930,1,22,19,NULO,23,8
1930,1,23,0.1,NULO,8,2.5
1930,1,24,0,NULO,10,2.5
1930,1,25,0,NULO,12,6.5
1930,1,26,0,NULO,13,7
1930,1,27,0.1,NULO,21,11
1930,1,28,0,NULO,24,14
1930,1,29,0.1,NULO,21,11
1930,1,30,0,NULO,16.5,14
1930,1,31,0,NULO,13,11
1930,2,1,0,NULO,21,14
1930,2,2,0,NULO,22,14
1930,2,3,0,NULO,27,15
1930,2,4,0,NULO,26,14
1930,2,5,0,NULO,21,14
1930,2,6,0,NULO,22,11
1930,2,7,0,NULO,22,12
1930,2,8,0,NULO,27,13
1930,2,9,0,NULO,23,12
1930,2,10,0,NULO,23,11
1930,2,11,0,NULO,20,12
1930,2,12,4,NULO,23,12
1930,2,13,5.5,NULO,26,19
1930,2,14,0,NULO,27.5,17
1930,2,15,43.9,NULO,25,17
1930,2,16,0,NULO,25,12
1930,2,17,0,NULO,25.5,14
1930,2,18,0,NULO,19,13
1930,2,19,0,NULO,21,18
1930,2,20,0,NULO,22,13.5
1930,2,21,0,NULO,25,13
1930,2,22,17.5,NULO,24.5,17.5
1930,2,23,0,NULO,25,15
1930,2,24,0,NULO,27,16
1930,2,25,0,NULO,26,18
1930,2,26,0,NULO,27,20
1930,2,27,0,NULO,22,15
1930,2,28,0,NULO,27,17
1930,3,1,13.2,NULO,25,18
1930,3,2,0.1,NULO,27,15
1930,3,3,0,NULO,28,13
1930,3,4,0,NULO,18,17
1930,3,5,0,NULO,29,20
1930,3,6,0,NULO,25,18
1930,3,7,0,NULO,24,20
1930,3,8,0,NULO,25,18
1930,3,9,0,NULO,25,18
1930,3,10,0,NULO,31,20
1930,3,11,0,NULO,32,21
1930,3,12,0,NULO,28,15
1930,3,13,0,NULO,25,16
1930,3,14,0,NULO,26,14
1930,3,15,0,NULO,26,19
1930,3,16,0,NULO,28,19
1930,3,17,0,NULO,29,20
1930,3,18,0,NULO,28,18
1930,3,19,0.1,NULO,30,19
1930,3,20,0,NULO,25,16
1930,3,21,0,NULO,27,11
1930,3,22,0,NULO,30,21
1930,3,23,0,NULO,28,24
1930,3,24,0,NULO,27,23
1930,3,25,0,NULO,30,15
1930,3,26,0,NULO,30,15
1930,3,27,0.1,NULO,22.3,17
1930,3,28,0.1,NULO,27,11
1930,3,29,0,NULO,12,10
1930,3,30,0,NULO,13,11
1930,3,31,0,NULO,16.4,15
1930,4,1,0,NULO,24,16
1930,4,2,0,NULO,23,17
1930,4,3,0,NULO,30,19
1930,4,4,0,NULO,30,18
1930,4,5,0,NULO,29,17
1930,4,6,0,NULO,30,15
1930,4,7,0,NULO,31,16
1930,4,8,0,NULO,32,16
1930,4,9,0,NULO,28,16
1930,4,10,0,NULO,28,16
1930,4,11,0,NULO,27,17
1930,4,12,0,NULO,27,17
1930,4,13,0,NULO,26,17
1930,4,14,0,NULO,31,20
1930,4,15,0.1,NULO,30,18
1930,4,16,0.1,NULO,33,21
1930,4,17,0,NULO,33,21
1930,4,18,5,NULO,30,20
1930,4,19,0,NULO,30,19
1930,4,20,0,NULO,28,19
1930,4,21,0.1,NULO,29,20
1930,4,22,0,NULO,29,18
1930,4,23,15.5,NULO,28,17
1930,4,24,0,NULO,30,18
1930,4,25,0,NULO,30,21
1930,4,26,0,NULO,28,22
1930,4,27,0,NULO,29,22
1930,4,28,0,NULO,29,21.5
1930,4,29,0,NULO,31,21
1930,4,30,0,NULO,30,22.5
1930,5,1,0,NULO,28,23
1930,5,2,0,NULO,30,22
1930,5,3,0,NULO,30,23
1930,5,4,0,NULO,30,22
1930,5,5,0,NULO,33,23
1930,5,6,0.1,NULO,30,23.5
1930,5,7,0.1,NULO,32,22
1930,5,8,0,NULO,31,23
1930,5,9,0,NULO,35,24
1930,5,10,0,NULO,31,23
1930,5,11,0,NULO,35,24
1930,5,12,0,NULO,31,23
1930,5,13,0,NULO,33,22
1930,5,14,0,NULO,34,22
1930,5,15,0,NULO,32,21
1930,5,16,0,NULO,33,23
1930,5,17,0,NULO,36,24
1930,5,18,0,NULO,36,25
1930,5,19,69.5,NULO,36.2,24
1930,5,20,0.5,NULO,31,20
1930,5,21,8.5,NULO,24,21
1930,5,22,0,NULO,28,21
1930,5,23,39.5,NULO,31,22
1930,5,24,40.5,NULO,31,17
1930,5,25,87.5,NULO,28,17
1930,5,26,41,NULO,23,19
1930,5,27,0,NULO,23,20
1930,5,28,0,NULO,24,20
1930,5,29,2.5,NULO,28,18
1930,5,30,16,NULO,31,19.1
1930,5,31,5,NULO,29,19
1930,6,1,0,NULO,28,23
1930,6,2,0,NULO,29,24
1930,6,3,37,NULO,29,20
1930,6,4,25,NULO,28,21
1930,6,5,12.5,NULO,29,19
1930,6,6,17.5,NULO,28.5,20
1930,6,7,0.1,NULO,26,21
1930,6,8,0,NULO,27,21
1930,6,9,5,NULO,28,19
1930,6,10,0.1,NULO,24,18
1930,6,11,0.1,NULO,26,22
1930,6,12,0,NULO,29,22
1930,6,13,0,NULO,29,24
1930,6,14,0,NULO,31,23
1930,6,15,0,NULO,33,23
1930,6,16,0,NULO,31,23
1930,6,17,0.1,NULO,30,22
1930,6,18,5,NULO,28,22
1930,6,19,12,NULO,29,20
1930,6,20,8.5,NULO,29.5,21
1930,6,21,25,NULO,28,20
1930,6,22,0,NULO,26,20
1930,6,23,0,NULO,29,22.5
1930,6,24,0,NULO,30,23
1930,6,25,0,NULO,30.5,23
1930,6,26,0,NULO,30,23
1930,6,27,0,NULO,31,21.5
1930,6,28,0,NULO,30,22
1930,6,29,0,NULO,30,23
1930,6,30,7.5,NULO,30.5,23
1930,7,1,10,NULO,30,22
1930,7,2,0,NULO,30,22
1930,7,3,0,NULO,29,21
1930,7,4,0,NULO,29,22
1930,7,5,0,NULO,29,21
1930,7,6,5,NULO,25,21.5
1930,7,7,10,NULO,26,21
1930,7,8,1.2,NULO,28,22
1930,7,9,14.5,NULO,28,19
1930,7,10,25,NULO,23,20
1930,7,11,0,NULO,25,20.5
1930,7,12,0,NULO,26,20
1930,7,13,0,NULO,29,21.5
1930,7,14,0.1,NULO,29,22
1930,7,15,0.1,NULO,30,21
1930,7,16,0,NULO,29,21
1930,7,17,0.1,NULO,29,22
1930,7,18,0,NULO,27,22
1930,7,19,0,NULO,29,20
1930,7,20,0,NULO,25,20.5
1930,7,21,0,NULO,30,21
1930,7,22,0,NULO,29,20
1930,7,23,0,NULO,30,24
1930,7,24,0.1,NULO,27,21
1930,7,25,2.5,NULO,31,21
1930,7,26,0.1,NULO,29,19
1930,7,27,30,NULO,27,19
1930,7,28,5,NULO,27,19
1930,7,29,0,NULO,26,19.4
1930,7,30,0,NULO,27,21
1930,7,31,0,NULO,30,21
1930,8,1,0,NULO,29,20
1930,8,2,0,NULO,30,21
1930,8,3,0,NULO,33,24
1930,8,4,5,NULO,30,21
1930,8,5,0,NULO,28,21
1930,8,6,0,NULO,27,20
1930,8,7,12.5,NULO,30,23
1930,8,8,5.9,NULO,27,22
1930,8,9,0.5,NULO,29,22
1930,8,10,0,NULO,29,20
1930,8,11,15,NULO,28,21
1930,8,12,0,NULO,23,18
1930,8,13,0,NULO,30,25
1930,8,14,0,NULO,28,21
1930,8,15,0,NULO,31,21
1930,8,16,0,NULO,30,22
1930,8,17,0,NULO,31,22
1930,8,18,0,NULO,32.5,25
1930,8,19,2.5,NULO,30,22
1930,8,20,0,NULO,30,23
1930,8,21,0,NULO,29,22
1930,8,22,0,NULO,30,22.5
1930,8,23,0,NULO,31,23
1930,8,24,0,NULO,30,22
1930,8,25,0,NULO,30,23
1930,8,26,7.5,NULO,31,20
1930,8,27,0,NULO,28,19.5
1930,8,28,0,NULO,27,20
1930,8,29,0,NULO,31,20.6
1930,8,30,0,NULO,29,21
1930,8,31,0,NULO,31,22
1930,9,1,0.1,NULO,31,23
1930,9,2,5,NULO,30,22
1930,9,3,0.1,NULO,28,20
1930,9,4,0,NULO,27,19
1930,9,5,0,NULO,28,20.5
1930,9,6,0,NULO,30,20
1930,9,7,0,NULO,30,20
1930,9,8,0,NULO,33,21
1930,9,9,0,NULO,33,24
1930,9,10,0,NULO,32,23
1930,9,11,0,NULO,35.5,23.5
1930,9,12,0,NULO,32,24
1930,9,13,0,NULO,32,24
1930,9,14,0,NULO,29,23
1930,9,15,0,NULO,35,24
1930,9,16,0,NULO,35.5,24
1930,9,17,0,NULO,36,20
1930,9,18,0,NULO,33,22
1930,9,19,0,NULO,35,21
1930,9,20,2.5,NULO,33,20
1930,9,21,0,NULO,38,19
1930,9,22,0,NULO,31,20.5
1930,9,23,0,NULO,31,21
1930,9,24,0,NULO,35,22
1930,9,25,0,NULO,33,23.5
1930,9,26,0,NULO,33.5,24
1930,9,27,0,NULO,33,20
1930,9,28,0,NULO,34,22
1930,9,29,0,NULO,35,22
1930,9,30,0,NULO,36,22
1930,10,1,0,NULO,29,21
1930,10,2,0,NULO,28,21
1930,10,3,1.2,NULO,26.5,21.5
1930,10,4,0,NULO,27.2,21
1930,10,5,0.1,NULO,27,21
1930,10,6,7.5,NULO,28,21
1930,10,7,13.5,NULO,30,23
1930,10,8,6,NULO,23,19
1930,10,9,0.1,NULO,28,21
1930,10,10,37.5,NULO,27,21
1930,10,11,25.7,NULO,25,21
1930,10,12,17,NULO,28,22
1930,10,13,2.5,NULO,27,20
1930,10,14,0,NULO,23,20
1930,10,15,38,NULO,27,20
1930,10,16,5,NULO,26,18
1930,10,17,0,NULO,25,16
1930,10,18,3,NULO,20,19
1930,10,19,0,NULO,21,19
1930,10,20,0,NULO,21,16
1930,10,21,0,NULO,22,18
1930,10,22,12.5,NULO,22,19
1930,10,23,7.5,NULO,22,18
1930,10,24,2.5,NULO,25,17
1930,10,25,0,NULO,18,15
1930,10,26,0,NULO,19,15
1930,10,27,0,NULO,25,17
1930,10,28,10,NULO,25,21
1930,10,29,2.5,NULO,28,14
1930,10,30,0,NULO,21,16
1930,10,31,0,NULO,27,21
1930,11,1,0.1,NULO,28,18
1930,11,2,0,NULO,25,14
1930,11,3,0,NULO,21,14
1930,11,4,6.5,NULO,24,16
1930,11,5,2.5,NULO,21,15
1930,11,6,12.5,NULO,19,14
1930,11,7,0,NULO,20,14.5
1930,11,8,2.5,NULO,16,14
1930,11,9,0.1,NULO,20,14
1930,11,10,0,NULO,20,15
1930,11,11,0,NULO,20,14
1930,11,12,0.1,NULO,19,15
1930,11,13,0,NULO,16,14
1930,11,14,0,NULO,19,14
1930,11,15,0,NULO,25,18
1930,11,16,0,NULO,24,19
1930,11,17,0,NULO,26,20.5
1930,11,18,0,NULO,22,20
1930,11,19,0.1,NULO,28,20
1930,11,20,0,NULO,27,17
1930,11,21,0.1,NULO,20,14
1930,11,22,0,NULO,14,12
1930,11,23,0.1,NULO,12,8
1930,11,24,0.1,NULO,13,9
1930,11,25,0,NULO,14,10
1930,11,26,0,NULO,15,12
1930,11,27,0,NULO,17,12
1930,11,28,0,NULO,20,17
1930,11,29,0.1,NULO,20,16
1930,11,30,0,NULO,24,17
1930,12,1,0,NULO,19,13
1930,12,2,0.1,NULO,16,11
1930,12,3,0,NULO,15,11
1930,12,4,0,NULO,20,15
1930,12,5,0,NULO,21,16
1930,12,6,0,NULO,19,15
1930,12,7,0.1,NULO,22,19
1930,12,8,10,NULO,20,10
1930,12,9,2,NULO,13,8
1930,12,10,0,NULO,12,9
1930,12,11,0,NULO,10.7,9
1930,12,12,0,NULO,21,15
1930,12,13,0,NULO,21,19
1930,12,14,0,NULO,20,18
1930,12,15,7.5,NULO,22,14
1930,12,16,0.1,NULO,18,9
1930,12,17,2.5,NULO,11,10
1930,12,18,0.1,NULO,20,10
1930,12,19,0.1,NULO,19,13
1930,12,20,0,NULO,23,18
1930,12,21,0,NULO,21,18
1930,12,22,7.5,NULO,20,17
1930,12,23,5,NULO,18,16
1930,12,24,1,NULO,21,5
1930,12,25,0,NULO,20.1,15
1930,12,26,0,NULO,11,5
1930,12,27,5,NULO,17,12.6
1930,12,28,0,NULO,13,11
1930,12,29,5,NULO,17,10
1930,12,30,0,NULO,16,10
1930,12,31,0,NULO,15,9
1931,1,1,0,NULO,15,10
1931,1,2,0,NULO,15,10
1931,1,3,0,NULO,16,12
1931,1,4,0,NULO,18,12
1931,1,5,0,NULO,16,12
1931,1,6,0,NULO,16,10
1931,1,7,0,NULO,19,10.5
1931,1,8,0,NULO,18,10
1931,1,9,0,NULO,23,12
1931,1,10,0.1,NULO,21,16
1931,1,11,0.1,NULO,20,15
1931,1,12,0.1,NULO,21,12
1931,1,13,0,NULO,14,10
1931,1,14,4,NULO,12,10
1931,1,15,19,NULO,12,10
1931,1,16,0,NULO,12,10
1931,1,17,0,NULO,15,11.5
1931,1,18,0,NULO,21,14
1931,1,19,0,NULO,22,20
1931,1,20,0.1,NULO,21,16
1931,1,21,0,NULO,25,21
1931,1,22,17,NULO,22,19
1931,1,23,1.2,NULO,27,20
1931,1,24,2.5,NULO,27,21
1931,1,25,0.1,NULO,18,15
1931,1,26,0.1,NULO,28,21
1931,1,27,0,NULO,17,11
1931,1,28,50,NULO,18,14
1931,1,29,10.5,NULO,18,15
1931,1,30,0,NULO,15,13
1931,1,31,0,NULO,19,15
1931,2,1,7.5,NULO,22,16
1931,2,2,1.5,NULO,20,13
1931,2,3,0,NULO,19,12
1931,2,4,0,NULO,21,13
1931,2,5,0,NULO,24,16
1931,2,6,0,NULO,25,17
1931,2,7,0,NULO,25,13
1931,2,8,0,NULO,26,19
1931,2,9,2.5,NULO,27,13
1931,2,10,0,NULO,26,11
1931,2,11,0,NULO,13,5
1931,2,12,0,NULO,9,6
1931,2,13,0,NULO,24,9
1931,2,14,0,NULO,22,9
1931,2,15,0.1,NULO,19,14
1931,2,16,0,NULO,29,11
1931,2,17,0,NULO,18,9
1931,2,18,0,NULO,21,13
1931,2,19,0.1,NULO,24,14
1931,2,20,1.5,NULO,19,14
1931,2,21,0.1,NULO,19,15
1931,2,22,0,NULO,18,12
1931,2,23,0,NULO,27,10.3
1931,2,24,0,NULO,24,14
1931,2,25,0,NULO,21,11
1931,2,26,0,NULO,13,11.5
1931,2,27,0,NULO,14,11
1931,2,28,0,NULO,19,14
1931,3,1,0,NULO,21,14
1931,3,2,9.5,NULO,21,14
1931,3,3,0,NULO,27,11
1931,3,4,0,NULO,20,10
1931,3,5,0,NULO,21,11
1931,3,6,0,NULO,27,17.2
1931,3,7,0,NULO,27,17
1931,3,8,12.5,NULO,21,15
1931,3,9,0,NULO,25,9
1931,3,10,0,NULO,18,8
1931,3,11,0,NULO,17,9.5
1931,3,12,0,NULO,23,13
1931,3,13,0,NULO,24,13
1931,3,14,0.1,NULO,30.1,15
1931,3,15,0,NULO,25,12
1931,3,16,9.5,NULO,24,13
1931,3,17,0,NULO,20,15
1931,3,18,0,NULO,19,12
1931,3,19,0,NULO,24,14
1931,3,20,0,NULO,25,17
1931,3,21,0,NULO,24,17
1931,3,22,0,NULO,26,15
1931,3,23,0,NULO,27,15
1931,3,24,0,NULO,28,16
1931,3,25,0,NULO,27,17
1931,3,26,0,NULO,25,17
1931,3,27,0,NULO,27,9
1931,3,28,0,NULO,26,16
1931,3,29,0,NULO,25,15
1931,3,30,0,NULO,27,13
1931,3,31,0,NULO,26,15
1931,4,1,0,NULO,26,11
1931,4,2,0,NULO,27,10
1931,4,3,0,NULO,30,16
1931,4,4,0,NULO,30,16
1931,4,5,0,NULO,31,11
1931,4,6,0,NULO,27,15
1931,4,7,0,NULO,32,12
1931,4,8,0,NULO,22,15
1931,4,9,0,NULO,25,17
1931,4,10,0,NULO,24,18
1931,4,11,0,NULO,20,12
1931,4,12,0,NULO,33,21
1931,4,13,0,NULO,27,17
1931,4,14,0,NULO,25,17
1931,4,15,0,NULO,23,17
1931,4,16,0,NULO,28,18
1931,4,17,0,NULO,26,17
1931,4,18,0,NULO,29,19
1931,4,19,0,NULO,30,20
1931,4,20,0,NULO,30,23
1931,4,21,0,NULO,30,19
1931,4,22,0,NULO,26,13
1931,4,23,0,NULO,30,20
1931,4,24,0,NULO,29,16
1931,4,25,0,NULO,36,23
1931,4,26,0,NULO,38,24
1931,4,27,13,NULO,29,18
1931,4,28,0,NULO,21,17
1931,4,29,0,NULO,22,19
1931,4,30,0,NULO,27,20
1931,5,1,0,NULO,28,23
1931,5,2,0.1,NULO,20,13.9
1931,5,3,0,NULO,28,15
1931,5,4,0,NULO,20,19
1931,5,5,0,NULO,26.8,19.5
1931,5,6,0,NULO,30,22.5
1931,5,7,0,NULO,30,20
1931,5,8,0,NULO,30,19
1931,5,9,0,NULO,31,21
1931,5,10,0,NULO,31,21
1931,5,11,0,NULO,30,21
1931,5,12,33,NULO,29,15
1931,5,13,0,NULO,29,15
1931,5,14,0,NULO,34,22
1931,5,15,0,NULO,27,20
1931,5,16,0,NULO,27,17
1931,5,17,0,NULO,24,18
1931,5,18,0,NULO,26,18
1931,5,19,0,NULO,30,20
1931,5,20,0,NULO,34,22
1931,5,21,0,NULO,28,18
1931,5,22,0,NULO,28,21
1931,5,23,6.5,NULO,31,22
1931,5,24,38,NULO,31,17
1931,5,25,6.5,NULO,28,17
1931,5,26,0,NULO,23,19
1931,5,27,0,NULO,23,20
1931,5,28,2.5,NULO,24,20
1931,5,29,16,NULO,28,18
1931,5,30,0,NULO,29,19
1931,5,31,0,NULO,31,19
1931,6,1,0,NULO,27,18
1931,6,2,0,NULO,29,24
1931,6,3,0,NULO,27,20
1931,6,4,0,NULO,29,21
1931,6,5,0,NULO,31,20
1931,6,6,0,NULO,31,22
1931,6,7,0,NULO,33,20
1931,6,8,0,NULO,31,21
1931,6,9,7,NULO,31,22
1931,6,10,0.1,NULO,24,18
1931,6,11,0.1,NULO,26,22
1931,6,12,0,NULO,29,22
1931,6,13,0,NULO,29,24
1931,6,14,0,NULO,40,25
1931,6,15,0,NULO,33,22
1931,6,16,0,NULO,30,23
1931,6,17,0,NULO,31,23
1931,6,18,0.1,NULO,31,22
1931,6,19,4.5,NULO,29,21
1931,6,20,25,NULO,28,20
1931,6,21,2.5,NULO,29,20
1931,6,22,26.5,NULO,26,21
1931,6,23,0,NULO,29,20
1931,6,24,0,NULO,29,18
1931,6,25,0,NULO,28,22
1931,6,26,0,NULO,27,17
1931,6,27,0,NULO,27,20
1931,6,28,65,NULO,30,22
1931,6,29,0,NULO,30,21
1931,6,30,0,NULO,28,22
1931,7,1,0,NULO,28,20
1931,7,2,0,NULO,28,20
1931,7,3,0,NULO,27,21
1931,7,4,0,NULO,27,22
1931,7,5,0,NULO,29,22
1931,7,6,0,NULO,30,22
1931,7,7,0,NULO,29,23
1931,7,8,0,NULO,29,23
1931,7,9,0,NULO,33,23
1931,7,10,0,NULO,30,22
1931,7,11,0,NULO,31,23
1931,7,12,0,NULO,31.5,23
1931,7,13,0,NULO,31,22
1931,7,14,0,NULO,31,22
1931,7,15,0,NULO,31,22
1931,7,16,0,NULO,32,23
1931,7,17,0,NULO,29,23
1931,7,18,0,NULO,29,23
1931,7,19,12.5,NULO,31,21
1931,7,20,15,NULO,25,21
1931,7,21,25,NULO,24,22
1931,7,22,5,NULO,31.1,21
1931,7,23,7.5,NULO,25,21
1931,7,24,35,NULO,24,22
1931,7,25,22.5,NULO,25,21
1931,7,26,17.5,NULO,31,25
1931,7,27,9.5,NULO,28,22
1931,7,28,5.5,NULO,28,25
1931,7,29,30,NULO,25,20
1931,7,30,25,NULO,25,19
1931,7,31,30,NULO,30,22
1931,8,1,20,NULO,29,20
1931,8,2,7.5,NULO,30,21
1931,8,3,25,NULO,36,25
1931,8,4,3,NULO,30,22
1931,8,5,29.5,NULO,28,21
1931,8,6,25,NULO,27,21
1931,8,7,20,NULO,30,22
1931,8,8,4.5,NULO,26,22
1931,8,9,7.5,NULO,28,21
1931,8,10,32.5,NULO,30.3,22
1931,8,11,2.5,NULO,27,21
1931,8,12,0.1,NULO,23,18
1931,8,13,0.1,NULO,30,25
1931,8,14,37.5,NULO,29,20
1931,8,15,2.5,NULO,31,24
1931,8,16,9,NULO,31,23
1931,8,17,25,NULO,30,22
1931,8,18,46,NULO,32,25
1931,8,19,0.1,NULO,30,22
1931,8,20,0,NULO,29,22
1931,8,21,2.5,NULO,30,22.7
1931,8,22,25,NULO,30,22
1931,8,23,5,NULO,32,23
1931,8,24,0,NULO,29,22
1931,8,25,0,NULO,30,23
1931,8,26,7.5,NULO,31,20
1931,8,27,7.5,NULO,29,18
1931,8,28,33.5,NULO,26,19
1931,8,29,2.5,NULO,30,20
1931,8,30,5,NULO,29,21
1931,8,31,25,NULO,25,23
1931,9,1,12.5,NULO,31,20
1931,9,2,20,NULO,30,20
1931,9,3,32.5,NULO,31,21
1931,9,4,7.5,NULO,30,23
1931,9,5,25,NULO,33,25
1931,9,6,15,NULO,36,24
1931,9,7,45,NULO,29,19
1931,9,8,0.1,NULO,30,24
1931,9,9,0,NULO,30,23
1931,9,10,0,NULO,30,20
1931,9,11,0,NULO,29,18
1931,9,12,0.1,NULO,26,20
1931,9,13,50,NULO,30,20
1931,9,14,37.5,NULO,33,23
1931,9,15,20,NULO,31,24
1931,9,16,0,NULO,30,24
1931,9,17,0.1,NULO,30,23
1931,9,18,2.5,NULO,31,22
1931,9,19,0,NULO,30,22
1931,9,20,0,NULO,33,23
1931,9,21,0,NULO,30,23
1931,9,22,0.1,NULO,32,18
1931,9,23,30,NULO,28,18
1931,9,24,2.5,NULO,28,22
1931,9,25,0,NULO,30,20
1931,9,26,0,NULO,30,23
1931,9,27,45,NULO,31,20
1931,9,28,0.1,NULO,32,22
1931,9,29,25,NULO,31,20
1931,9,30,25,NULO,30,21
1931,10,1,0.1,NULO,29,22
1931,10,2,0,NULO,25,20
1931,10,3,0,NULO,26,22
1931,10,4,2.5,NULO,29,21
1931,10,5,0,NULO,30,20
1931,10,6,0,NULO,28,23
1931,10,7,0.1,NULO,30,23
1931,10,8,0,NULO,31,20
1931,10,9,0,NULO,25,20
1931,10,10,0,NULO,26,21
1931,10,11,0,NULO,27,19
1931,10,12,5,NULO,25,18
1931,10,13,0,NULO,30,19
1931,10,14,0,NULO,30,21
1931,10,15,12.5,NULO,34,24
1931,10,16,2.5,NULO,29,21
1931,10,17,0,NULO,30,21
1931,10,18,0,NULO,29,19
1931,10,19,0,NULO,24,16
1931,10,20,2.5,NULO,28,18
1931,10,21,0,NULO,27,18
1931,10,22,0,NULO,30,20
1931,10,23,0.1,NULO,29,21
1931,10,24,0,NULO,30,20
1931,10,25,0,NULO,36,26
1931,10,26,0,NULO,31,21
1931,10,27,0.1,NULO,28.7,20.8
1931,10,28,0.1,NULO,30,18
1931,10,29,5,NULO,30,19
1931,10,30,0.1,NULO,31,20
1931,10,31,2.5,NULO,32,22
1931,11,1,0,NULO,31,29
1931,11,2,0.1,NULO,25,22
1931,11,3,0,NULO,28,24
1931,11,4,0,NULO,28,20
1931,11,5,0,NULO,30,21
1931,11,6,0,NULO,29,22
1931,11,7,0.1,NULO,25,22
1931,11,8,0,NULO,31,24
1931,11,9,2,NULO,26,22
1931,11,10,0,NULO,28,20
1931,11,11,0,NULO,25,21
1931,11,12,0,NULO,26,21
1931,11,13,0,NULO,26,21
1931,11,14,2.5,NULO,31,22
1931,11,15,0,NULO,30,21
1931,11,16,0.1,NULO,30,20
1931,11,17,0,NULO,29,20
1931,11,18,0,NULO,24,20
1931,11,19,0.1,NULO,24,19
1931,11,20,0,NULO,26,23
1931,11,21,0,NULO,26,23
1931,11,22,0,NULO,25,19
1931,11,23,3,NULO,26,19
1931,11,24,0,NULO,23,16
1931,11,25,0,NULO,28,22
1931,11,26,0,NULO,24,21
1931,11,27,2.5,NULO,28,22
1931,11,28,0,NULO,30,20
1931,11,29,0,NULO,32,18
1931,11,30,0,NULO,21,19
1931,12,1,0,NULO,21,18
1931,12,2,0,NULO,20,16
1931,12,3,0,NULO,22,18
1931,12,4,0,NULO,21,16
1931,12,5,0,NULO,26,20
1931,12,6,0.1,NULO,25.6,19.7
1931,12,7,0,NULO,22,20
1931,12,8,0,NULO,23,19
1931,12,9,0.1,NULO,26,20
1931,12,10,0,NULO,23,19
1931,12,11,0,NULO,26,20
1931,12,12,0,NULO,24,19
1931,12,13,0,NULO,24,18
1931,12,14,0,NULO,22,17
1931,12,15,0,NULO,19,16
1931,12,16,0,NULO,10,6
1931,12,17,0.1,NULO,10,5
1931,12,18,0.1,NULO,11,4
1931,12,19,0.1,NULO,22,15
1931,12,20,0,NULO,24,20
1931,12,21,0,NULO,20,18
1931,12,22,0,NULO,23,20
1931,12,23,0,NULO,24,20
1931,12,24,0,NULO,26,21
1931,12,25,0,NULO,22,18
1931,12,26,0,NULO,28,22
1931,12,27,0,NULO,28,22
1931,12,28,0,NULO,30,20
1931,12,29,0,NULO,28,22
1931,12,30,0,NULO,26,20
1931,12,31,0,NULO,24,20
1932,1,1,0,NULO,24,18
1932,1,2,0,NULO,26,20
1932,1,3,0.1,NULO,25,20
1932,1,4,0,NULO,26,21
1932,1,5,0,NULO,28,21.1
1932,1,6,0,NULO,27,20
1932,1,7,0.1,NULO,26,18
1932,1,8,0,NULO,25.7,22
1932,1,9,0,NULO,22,17
1932,1,10,0,NULO,23,18
1932,1,11,0,NULO,21,14
1932,1,12,0,NULO,20,16
1932,1,13,0,NULO,22,18
1932,1,14,0.1,NULO,18,15
1932,1,15,0,NULO,22,17
1932,1,16,0,NULO,24,18
1932,1,17,0,NULO,25,20
1932,1,18,0,NULO,20,16
1932,1,19,0,NULO,28,18
1932,1,20,0,NULO,28,22
1932,1,21,0.1,NULO,26,20
1932,1,22,0,NULO,22,16
1932,1,23,0,NULO,24,18
1932,1,24,0,NULO,29,21
1932,1,25,0,NULO,30,21
1932,1,26,0,NULO,27,19
1932,1,27,0,NULO,26,20
1932,1,28,0,NULO,24,21
1932,1,29,0,NULO,25,20
1932,1,30,0,NULO,26,19
1932,1,31,0,NULO,29,22
1932,2,1,7.5,NULO,22,16
1932,2,2,1.5,NULO,19,11.5
1932,2,3,0,NULO,20,13
1932,2,4,0,NULO,21,12
1932,2,5,0,NULO,25,16
1932,2,6,0,NULO,25,17
1932,2,7,0,NULO,24.2,13
1932,2,8,2.5,NULO,27,13
1932,2,9,0,NULO,26,19
1932,2,10,0,NULO,26,11
1932,2,11,0,NULO,9,6
1932,2,12,0,NULO,13,5
1932,2,13,0,NULO,24,10
1932,2,14,0.1,NULO,22,9
1932,2,15,0,NULO,19,14
1932,2,16,0,NULO,18,12
1932,2,17,0,NULO,29,11
1932,2,18,0.1,NULO,18,9
1932,2,19,1.5,NULO,21,13
1932,2,20,0,NULO,24,14
1932,2,21,0.1,NULO,19,15
1932,2,22,0,NULO,19,14
1932,2,23,0,NULO,20,15
1932,2,24,0,NULO,24,14
1932,2,25,0,NULO,21,11
1932,2,26,0,NULO,14,10
1932,2,27,0,NULO,15,11
1932,2,28,0,NULO,19,15
1932,2,29,0,NULO,20,13
1932,3,1,0,NULO,25,12
1932,3,2,0,NULO,22,11
1932,3,3,0,NULO,25,16
1932,3,4,0,NULO,24,19
1932,3,5,10,NULO,28,12
1932,3,6,5,NULO,17,10
1932,3,7,0.1,NULO,12,7
1932,3,8,0,NULO,12,7
1932,3,9,0,NULO,19,11
1932,3,10,0,NULO,18,12
1932,3,11,0.1,NULO,17,16
1932,3,12,25,NULO,19,15
1932,3,13,5.5,NULO,24,16
1932,3,14,0.1,NULO,24,15
1932,3,15,0,NULO,21,17
1932,3,16,0.1,NULO,20,16
1932,3,17,0,NULO,25,17
1932,3,18,0,NULO,19,10
1932,3,19,0,NULO,20,12
1932,3,20,0,NULO,20,9
1932,3,21,0,NULO,19,6
1932,3,22,0,NULO,11.8,9
1932,3,23,0,NULO,19,10
1932,3,24,20,NULO,15,10
1932,3,25,0,NULO,14,12
1932,3,26,0,NULO,21,14
1932,3,27,0,NULO,20,13
1932,3,28,0,NULO,24,14
1932,3,29,0,NULO,24,12.6
1932,3,30,0,NULO,23,16
1932,3,31,0,NULO,23,14
1932,4,1,0,NULO,27,19
1932,4,2,0.1,NULO,21,16
1932,4,3,0,NULO,21,16
1932,4,4,0,NULO,31,21
1932,4,5,0,NULO,31,18
1932,4,6,0,NULO,29,19
1932,4,7,0,NULO,29,20
1932,4,8,0,NULO,23,19
1932,4,9,0,NULO,36,22
1932,4,10,0,NULO,30,17
1932,4,11,0.1,NULO,31,21
1932,4,12,0,NULO,21,16
1932,4,13,0,NULO,21,16
1932,4,14,0,NULO,25,14
1932,4,15,0,NULO,30,17
1932,4,16,0,NULO,30,18
1932,4,17,0,NULO,32,20
1932,4,18,0,NULO,33,20
1932,4,19,0,NULO,33,21
1932,4,20,0,NULO,33,22
1932,4,21,0,NULO,34,21
1932,4,22,0.1,NULO,30,22
1932,4,23,0,NULO,36,24
1932,4,24,0,NULO,37,21
1932,4,25,0,NULO,35,21
1932,4,26,0,NULO,35,21
1932,4,27,0,NULO,35,22
1932,4,28,0,NULO,35,21
1932,4,29,0,NULO,34,22
1932,4,30,0,NULO,32,24
1932,5,1,2,NULO,31,19
1932,5,2,0,NULO,25,18
1932,5,3,0,NULO,25,19
1932,5,4,0,NULO,26,16
1932,5,5,0,NULO,26,17
1932,5,6,0,NULO,31,22
1932,5,7,0,NULO,32,22
1932,5,8,0,NULO,31,21
1932,5,9,0,NULO,32,22
1932,5,10,0,NULO,31,22
1932,5,11,0,NULO,32,21
1932,5,12,0,NULO,32,22
1932,5,13,0,NULO,33,21
1932,5,14,0,NULO,32,22
1932,5,15,0,NULO,33,21
1932,5,16,0,NULO,33,20
1932,5,17,0,NULO,33,21
1932,5,18,0,NULO,30,20
1932,5,19,0,NULO,32,18
1932,5,20,0,NULO,33,19
1932,5,21,0,NULO,33,18
1932,5,22,0,NULO,32,20
1932,5,23,0,NULO,33,18
1932,5,24,0,NULO,30,22
1932,5,25,0,NULO,29,21
1932,5,26,0,NULO,31,23
1932,5,27,0,NULO,33,21
1932,5,28,0,NULO,31.1,20
1932,5,29,0,NULO,35,21
1932,5,30,0,NULO,32,20
1932,5,31,0,NULO,33,21
1932,6,1,0,NULO,32,21
1932,6,2,0,NULO,35,24
1932,6,3,0,NULO,35,22
1932,6,4,0,NULO,33,21
1932,6,5,0,NULO,29,20
1932,6,6,0,NULO,34,21
1932,6,7,0,NULO,36,21
1932,6,8,0,NULO,32,22
1932,6,9,0,NULO,35,21
1932,6,10,0,NULO,36,24
1932,6,11,0,NULO,31,21
1932,6,12,0,NULO,38,23
1932,6,13,0,NULO,33,21
1932,6,14,0,NULO,34,20
1932,6,15,0,NULO,34,21
1932,6,16,0,NULO,30,20
1932,6,17,0,NULO,36,21
1932,6,18,0.1,NULO,30,22
1932,6,19,25,NULO,35,23
1932,6,20,0,NULO,35,22
1932,6,21,0.1,NULO,29,21
1932,6,22,0.1,NULO,27,19
1932,6,23,0,NULO,30,20
1932,6,24,1.5,NULO,28,21
1932,6,25,25,NULO,28,20
1932,6,26,0.1,NULO,33,23
1932,6,27,0,NULO,30,20
1932,6,28,20,NULO,29,21
1932,6,29,0,NULO,28,21
1932,6,30,0,NULO,25,21
1932,7,1,17.5,NULO,31,21
1932,7,2,0,NULO,30,20
1932,7,3,25,NULO,34,24
1932,7,4,0,NULO,38,26
1932,7,5,0.1,NULO,30,22
1932,7,6,0.1,NULO,31,21
1932,7,7,5,NULO,30,22
1932,7,8,0,NULO,30,21
1932,7,9,0,NULO,33,22
1932,7,10,20,NULO,31,21
1932,7,11,5,NULO,29,22
1932,7,12,0,NULO,26,20
1932,7,13,0.1,NULO,29,22
1932,7,14,0.1,NULO,30,20
1932,7,15,17.5,NULO,31,19.9
1932,7,16,0.1,NULO,33,23
1932,7,17,0,NULO,36,26
1932,7,18,0,NULO,33,23
1932,7,19,5,NULO,35,25
1932,7,20,0,NULO,34,24
1932,7,21,2.5,NULO,30,20
1932,7,22,0,NULO,30,21
1932,7,23,0,NULO,29,22
1932,7,24,0.1,NULO,30,20
1932,7,25,0,NULO,28.7,22
1932,7,26,0,NULO,35,23
1932,7,27,25,NULO,31,21
1932,7,28,17.5,NULO,29,22
1932,7,29,0.1,NULO,30,20
1932,7,30,25,NULO,31,20
1932,7,31,20,NULO,35,23
1932,8,1,20,NULO,36,26
1932,8,2,0,NULO,39,25
1932,8,3,0.1,NULO,31,21
1932,8,4,25,NULO,35,24
1932,8,5,20,NULO,33,21
1932,8,6,0,NULO,36,21
1932,8,7,0.1,NULO,39,22
1932,8,8,0.1,NULO,36,23
1932,8,9,5,NULO,36,23
1932,8,10,15,NULO,35,22
1932,8,11,0.1,NULO,39,23
1932,8,12,7.5,NULO,38,24
1932,8,13,0,NULO,38,26
1932,8,14,20,NULO,35.5,25
1932,8,15,0.1,NULO,36,22
1932,8,16,0.1,NULO,38,24
1932,8,17,25,NULO,39,26
1932,8,18,0,NULO,40,25
1932,8,19,0.1,NULO,38,26
1932,8,20,5,NULO,36,23
1932,8,21,10,NULO,31,22
1932,8,22,0.1,NULO,33,20
1932,8,23,25,NULO,38,22
1932,8,24,30,NULO,34,22
1932,8,25,0.1,NULO,38,23
1932,8,26,5,NULO,36,24
1932,8,27,0,NULO,38,23
1932,8,28,0,NULO,33,20
1932,8,29,0.1,NULO,40,23
1932,8,30,20,NULO,38,24
1932,8,31,9.5,NULO,39,22
1932,9,1,25,NULO,36,26
1932,9,2,0,NULO,33,25
1932,9,3,0,NULO,34,23
1932,9,4,0.1,NULO,38,25
1932,9,5,15,NULO,38,25
1932,9,6,0,NULO,33,22
1932,9,7,0,NULO,30,21
1932,9,8,0.1,NULO,33,23
1932,9,9,0,NULO,36,26
1932,9,10,10,NULO,38,29
1932,9,11,0,NULO,34,24
1932,9,12,0,NULO,35,23
1932,9,13,0,NULO,36,20
1932,9,14,0,NULO,32,20
1932,9,15,0,NULO,38,21
1932,9,16,0,NULO,36,23
1932,9,17,0,NULO,40,25
1932,9,18,15,NULO,36,26
1932,9,19,0,NULO,30,19
1932,9,20,0.1,NULO,35,22
1932,9,21,0,NULO,31,20
1932,9,22,20,NULO,30,21
1932,9,23,0,NULO,38,25
1932,9,24,15,NULO,36,24
1932,9,25,0,NULO,38,21
1932,9,26,0,NULO,39,22
1932,9,27,0,NULO,35,21
1932,9,28,32.5,NULO,31,20
1932,9,29,20,NULO,33,20
1932,9,30,19,NULO,38,25
1932,10,1,0,NULO,30,22
1932,10,2,0,NULO,35,21
1932,10,3,0,NULO,29,20
1932,10,4,0,NULO,28,20
1932,10,5,0,NULO,30,21
1932,10,6,0,NULO,33,22
1932,10,7,0,NULO,35,21
1932,10,8,0.1,NULO,36,25
1932,10,9,0.1,NULO,31,21
1932,10,10,0,NULO,34,22
1932,10,11,0,NULO,36,21
1932,10,12,0,NULO,37,22
1932,10,13,0.1,NULO,37,23
1932,10,14,0,NULO,36,21
1932,10,15,0,NULO,29,19
1932,10,16,0,NULO,26,18
1932,10,17,0,NULO,26,19
1932,10,18,2.5,NULO,28,19
1932,10,19,0,NULO,30,21
1932,10,20,0,NULO,38,23
1932,10,21,0,NULO,35,20
1932,10,22,0,NULO,36,21
1932,10,23,0,NULO,38,24
1932,10,24,0,NULO,36,21
1932,10,25,0,NULO,35,20
1932,10,26,0.1,NULO,30,21
1932,10,27,0,NULO,38,26
1932,10,28,0,NULO,38,23
1932,10,29,0,NULO,34,24
1932,10,30,0,NULO,30,19
1932,10,31,0,NULO,26,17
1932,11,1,0,NULO,21,20
1932,11,2,0,NULO,22,19
1932,11,3,0,NULO,22,20
1932,11,4,0,NULO,25,20
1932,11,5,0,NULO,26,22
1932,11,6,0,NULO,27,19
1932,11,7,0,NULO,27,13
1932,11,8,0,NULO,23,20
1932,11,9,0,NULO,25,20.5
1932,11,10,0,NULO,26,19
1932,11,11,0,NULO,27,19.5
1932,11,12,2.5,NULO,26,20
1932,11,13,0.1,NULO,27,19
1932,11,14,0,NULO,14,7
1932,11,15,0,NULO,12,8
1932,11,16,0,NULO,14,9
1932,11,17,0,NULO,12,7
1932,11,18,0,NULO,15,11
1932,11,19,0,NULO,20,12
1932,11,20,12.5,NULO,24,15
1932,11,21,5,NULO,22,16
1932,11,22,7.5,NULO,16,10
1932,11,23,0,NULO,11,8
1932,11,24,0,NULO,15,11
1932,11,25,0,NULO,18,10
1932,11,26,0,NULO,18,12
1932,11,27,0,NULO,17,14
1932,11,28,0,NULO,24,15
1932,11,29,22,NULO,25,17
1932,11,30,0,NULO,19,9
1932,12,1,6.2,NULO,19,9
1932,12,2,12.5,NULO,15,13
1932,12,3,0,NULO,15,6
1932,12,4,0,NULO,11.5,7
1932,12,5,0,NULO,11.5,3
1932,12,6,0,NULO,19,12
1932,12,7,0.1,NULO,22,10
1932,12,8,20,NULO,21.4,10
1932,12,9,0,NULO,20,16
1932,12,10,2.5,NULO,22,16
1932,12,11,0,NULO,22,18
1932,12,12,5,NULO,23,17
1932,12,13,0,NULO,20,18
1932,12,14,0,NULO,23,18
1932,12,15,0,NULO,22,17
1932,12,16,0,NULO,23,16
1932,12,17,0.1,NULO,24,18
1932,12,18,0,NULO,19,16
1932,12,19,0.1,NULO,15,8
1932,12,20,0,NULO,9,6
1932,12,21,0,NULO,12,7
1932,12,22,0,NULO,11,1
1932,12,23,12.5,NULO,11,3
1932,12,24,0,NULO,11,3
1932,12,25,0,NULO,11.1,5
1932,12,26,0.1,NULO,15,13
1932,12,27,0,NULO,19,13
1932,12,28,0,NULO,22,13
1932,12,29,0,NULO,21,13
1932,12,30,0,NULO,16,12.3
1932,12,31,0,NULO,20,13
1933,1,1,0,NULO,21,17
1933,1,2,0,NULO,22,18
1933,1,3,0,NULO,28.8,16
1933,1,4,0,NULO,25,16
1933,1,5,0,NULO,26,17
1933,1,6,0,NULO,22,14
1933,1,7,0,NULO,22,14
1933,1,8,0.1,NULO,24,17
1933,1,9,0,NULO,20,13
1933,1,10,0,NULO,17,13
1933,1,11,0,NULO,17,10
1933,1,12,2.5,NULO,20,13
1933,1,13,0,NULO,17,10
1933,1,14,0.1,NULO,21,17
1933,1,15,0,NULO,20,14
1933,1,16,0,NULO,17,11
1933,1,17,0,NULO,18,10
1933,1,18,0.1,NULO,14,10
1933,1,19,0,NULO,24,18
1933,1,20,0,NULO,20,14
1933,1,21,20,NULO,21,17
1933,1,22,2.5,NULO,17,11
1933,1,23,0,NULO,22,14
1933,1,24,0,NULO,14,10
1933,1,25,0.1,NULO,16,10
1933,1,26,0,NULO,14,8.3
1933,1,27,0,NULO,20,13
1933,1,28,0,NULO,17,10
1933,1,29,0,NULO,20,13
1933,1,30,0,NULO,17,11
1933,1,31,0,NULO,20,13
1933,2,1,0,NULO,20,14
1933,2,2,12.5,NULO,17,12
1933,2,3,20,NULO,26,17
1933,2,4,40,NULO,24,14
1933,2,5,2.5,NULO,20,12
1933,2,6,20,NULO,28,17
1933,2,7,2.5,NULO,20,11
1933,2,8,0,NULO,21.4,13
1933,2,9,0.1,NULO,25,14
1933,2,10,0,NULO,29,16
1933,2,11,0,NULO,28,18
1933,2,12,0,NULO,22,12
1933,2,13,0,NULO,24,16
1933,2,14,0,NULO,31,18
1933,2,15,0,NULO,29,16
1933,2,16,0,NULO,24,16
1933,2,17,0.1,NULO,22,14
1933,2,18,0.1,NULO,23,15
1933,2,19,0,NULO,28,18
1933,2,20,0,NULO,26,16
1933,2,21,0,NULO,21,13
1933,2,22,0,NULO,25,14
1933,2,23,25,NULO,27,14
1933,2,24,0,NULO,14,10
1933,2,25,0.1,NULO,17,10
1933,2,26,0,NULO,29,12
1933,2,27,0,NULO,31,20
1933,2,28,0,NULO,30,19
1933,3,1,0,NULO,40.1,22
1933,3,2,0,NULO,38,23
1933,3,3,0,NULO,41.1,21
1933,3,4,0,NULO,40,28
1933,3,5,0,NULO,42,25
1933,3,6,0,NULO,36,22
1933,3,7,0,NULO,41,21
1933,3,8,0,NULO,40,22
1933,3,9,0.1,NULO,35,20
1933,3,10,0,NULO,32,22
1933,3,11,0,NULO,33,21
1933,3,12,0,NULO,38,24
1933,3,13,0.1,NULO,40,21.5
1933,3,14,0,NULO,33,20
1933,3,15,0,NULO,35,21
1933,3,16,0,NULO,28,18
1933,3,17,0,NULO,35,21
1933,3,18,0,NULO,35,20
1933,3,19,0,NULO,26,18
1933,3,20,0,NULO,30,20
1933,3,21,0,NULO,30,21
1933,3,22,0,NULO,36,22
1933,3,23,0,NULO,29,19
1933,3,24,0.1,NULO,35,21
1933,3,25,0,NULO,35,21
1933,3,26,0,NULO,38,24
1933,3,27,0,NULO,41,21
1933,3,28,0,NULO,40,22
1933,3,29,0,NULO,39,22
1933,3,30,0,NULO,40,21
1933,3,31,0,NULO,41,22
1933,4,1,0,NULO,31,20.5
1933,4,2,0,NULO,33,21
1933,4,3,0,NULO,32,22
1933,4,4,0,NULO,30,22
1933,4,5,0,NULO,27,21
1933,4,6,0,NULO,32,21
1933,4,7,0,NULO,30.5,22
1933,4,8,0,NULO,36,21
1933,4,9,0,NULO,40,25
1933,4,10,0,NULO,35.5,32
1933,4,11,0,NULO,38,32.5
1933,4,12,0,NULO,34,31
1933,4,13,0,NULO,38,32.5
1933,4,14,0,NULO,34,21
1933,4,15,0,NULO,40,29
1933,4,16,0,NULO,39,28
1933,4,17,0,NULO,42,32
1933,4,18,0,NULO,40,32
1933,4,19,0,NULO,35,25
1933,4,20,0,NULO,33,24
1933,4,21,0,NULO,41,28
1933,4,22,0,NULO,39,24.5
1933,4,23,11,NULO,39,29
1933,4,24,0,NULO,32,28
1933,4,25,11.5,NULO,32,27
1933,4,26,0,NULO,38.5,28
1933,4,27,0,NULO,37.5,29
1933,4,28,0,NULO,40,29.5
1933,4,29,0,NULO,38,28
1933,4,30,0,NULO,40,30.5
1934,1,1,0.1,NULO,28,18
1934,1,2,0,NULO,22,11
1934,1,3,0,NULO,20,15
1934,1,4,0,NULO,25,18
1934,1,5,0,NULO,24,17
1934,1,6,0.5,NULO,20,14
1934,1,7,0,NULO,24,17
1934,1,8,0.1,NULO,29,18
1934,1,9,0,NULO,28,17
1934,1,10,0,NULO,26,15
1934,1,11,0,NULO,28,18
1934,1,12,0,NULO,30,18
1934,1,13,2.5,NULO,26,17
1934,1,14,0.1,NULO,17,12
1934,1,15,0,NULO,27,14
1934,1,16,0,NULO,26,17
1934,1,17,0,NULO,27,17
1934,1,18,0,NULO,29,18
1934,1,19,2.5,NULO,30,18
1934,1,20,5,NULO,30,21
1934,1,21,0,NULO,30,16
1934,1,22,0,NULO,31,10
1934,1,23,0,NULO,32,10
1934,1,24,0,NULO,24,16
1934,1,25,0,NULO,26.5,16
1934,1,26,0,NULO,24,18
1934,1,27,0.1,NULO,31,17
1934,1,28,0,NULO,33,20.4
1934,1,29,7.5,NULO,31,20
1934,1,30,0.5,NULO,30,20
1934,1,31,0,NULO,32,18.1
1934,2,1,0,NULO,20,14
1934,2,2,12.5,NULO,17,12
1934,2,3,20,NULO,26,17
1934,2,4,40,NULO,24,14
1934,2,5,2.5,NULO,20,12
1934,2,6,20,NULO,28,17
1934,2,7,2.5,NULO,20,11
1934,2,8,0,NULO,21.4,13
1934,2,9,0.1,NULO,25,14
1934,2,10,0,NULO,29,16
1934,2,11,0,NULO,28,18
1934,2,12,0,NULO,22,12
1934,2,13,0,NULO,24,16
1934,2,14,0,NULO,31,18
1934,2,15,0,NULO,29,16
1934,2,16,0,NULO,24,16
1934,2,17,0.1,NULO,22,14
1934,2,18,0.1,NULO,23,15
1934,2,19,0,NULO,28,18
1934,2,20,0,NULO,26,16
1934,2,21,0,NULO,21,13
1934,2,22,0,NULO,25,14
1934,2,23,25,NULO,27,14
1934,2,24,0,NULO,14,10
1934,2,25,0.1,NULO,17,10.6
1934,2,26,0,NULO,29,12
1934,2,27,0,NULO,30,20
1934,2,28,0,NULO,30,19
1934,3,1,0,NULO,31.1,20
1934,3,2,0,NULO,34,22
1934,3,3,0,NULO,38,25
1934,3,4,0,NULO,40,23
1934,3,5,0.1,NULO,39,19
1934,3,6,2.5,NULO,33,18
1934,3,7,0,NULO,39,19
1934,3,8,0,NULO,34,20
1934,3,9,0.1,NULO,38,20
1934,3,10,0,NULO,33,19
1934,3,11,0,NULO,36,22
1934,3,12,0,NULO,31,19
1934,3,13,0,NULO,30,20
1934,3,14,0,NULO,38,19.5
1934,3,15,0,NULO,33,19
1934,3,16,0,NULO,24,16
1934,3,17,0,NULO,28,18
1934,3,18,0,NULO,26,16
1934,3,19,1.2,NULO,33,19
1934,3,20,0,NULO,24,20
1934,3,21,0,NULO,40,23
1934,3,22,0.1,NULO,38,22
1934,3,23,0,NULO,39,22
1934,3,24,0,NULO,41,21
1934,3,25,0,NULO,34,21
1934,3,26,0,NULO,40,23
1934,3,27,0,NULO,35.4,24
1934,3,28,0,NULO,40,22
1934,3,29,0.1,NULO,29,19
1934,3,30,0,NULO,36,22
1934,3,31,0,NULO,30,21
1934,4,1,0,NULO,29,20
1934,4,2,0,NULO,34,20
1934,4,3,0,NULO,31,21
1934,4,4,0,NULO,32,22
1934,4,5,2,NULO,31,20
1934,4,6,0,NULO,26,21
1934,4,7,0,NULO,32,19
1934,4,8,0,NULO,30,20
1934,4,9,0,NULO,33,18
1934,4,10,0,NULO,34,21
1934,4,11,0,NULO,30,21
1934,4,12,13.5,NULO,31,20
1934,4,13,0,NULO,29,21
1934,4,14,0,NULO,33,20
1934,4,15,0,NULO,31,17
1934,4,16,0,NULO,26,17
1934,4,17,0,NULO,31,23
1934,4,18,0,NULO,32,22
1934,4,19,93.5,NULO,31,21
1934,4,20,0,NULO,30,22
1934,4,21,0,NULO,31,21
1934,4,22,0,NULO,26,15
1934,4,23,0,NULO,28,14
1934,4,24,0,NULO,24,17
1934,4,25,0,NULO,24,16
1934,4,26,22.5,NULO,29,17
1934,4,27,0,NULO,27,19
1934,4,28,0,NULO,31,19
1934,4,29,2.5,NULO,30,17
1934,4,30,0,NULO,31,21
1934,5,1,0,NULO,31,21
1934,5,2,0,NULO,30,22
1934,5,3,0.1,NULO,31,21
1934,5,4,0,NULO,30,22
1934,5,5,0,NULO,33,21
1934,5,6,0,NULO,31,22
1934,5,7,3,NULO,30,18
1934,5,8,0,NULO,33,19
1934,5,9,0,NULO,30,20
1934,5,10,0,NULO,31,18
1934,5,11,0,NULO,29,18
1934,5,12,0,NULO,31,18
1934,5,13,18,NULO,38,21
1934,5,14,0,NULO,29,26
1934,5,15,0,NULO,31,19
1934,5,16,0,NULO,33,18
1934,5,17,0,NULO,30,21
1934,5,18,0.1,NULO,33,20
1934,5,19,0,NULO,32,21
1934,5,20,0,NULO,34,19
1934,5,21,0,NULO,38,21
1934,5,22,30,NULO,39.1,22
1934,5,23,0,NULO,38,21
1934,5,24,0,NULO,33,22
1934,5,25,13.5,NULO,31,21
1934,5,26,0,NULO,32,18
1934,5,27,0,NULO,30,19
1934,5,28,0,NULO,31,21
1934,5,29,0,NULO,33,22
1934,5,30,0,NULO,29,26
1934,5,31,0,NULO,NULO,NULO
1934,6,1,0,NULO,29,19
1934,6,2,0,NULO,30,17
1934,6,3,0,NULO,30,24
1934,6,4,0,NULO,31,22
1934,6,5,0,NULO,30,22
1934,6,6,0,NULO,31,22
1934,6,7,0.1,NULO,30,21
1934,6,8,0,NULO,31,21
1934,6,9,0,NULO,32,21
1934,6,10,0.1,NULO,33,21
1934,6,11,26.5,NULO,25,18
1934,6,12,0,NULO,31,20
1934,6,13,0,NULO,31,22
1934,6,14,0,NULO,32,26
1934,6,15,0,NULO,33,21
1934,6,16,0,NULO,31,22
1934,6,17,0,NULO,33,24
1934,6,18,0.1,NULO,34,24
1934,6,19,0,NULO,26,22
1934,6,20,0,NULO,32,22
1934,6,21,0,NULO,34,23
1934,6,22,0,NULO,33,22
1934,6,23,0,NULO,33.5,22
1934,6,24,0.1,NULO,34,23
1934,6,25,0,NULO,40,22
1934,6,26,0.1,NULO,39,20.5
1934,6,27,13.5,NULO,34,20
1934,6,28,0,NULO,32,19.5
1934,6,29,0.1,NULO,28,20
1934,6,30,11.5,NULO,27.5,19
1934,7,1,13.5,NULO,27,20
1934,7,2,0,NULO,28,19
1934,7,3,0,NULO,30,20
1934,7,4,0,NULO,31.3,21
1934,7,5,0.1,NULO,31,20
1934,7,6,0,NULO,31,21
1934,7,7,0.1,NULO,30,21
1934,7,8,0,NULO,30,19
1934,7,9,0,NULO,29,19
1934,7,10,17,NULO,31,20.5
1934,7,11,8,NULO,30,20.5
1934,7,12,61.5,NULO,30,20
1934,7,13,2,NULO,27,19.5
1934,7,14,57,NULO,30.2,19
1934,7,15,4.5,NULO,30,19
1934,7,16,0,NULO,28,19
1934,7,17,0,NULO,30,19.1
1934,7,18,0,NULO,31,18
1934,7,19,0,NULO,30,19
1934,7,20,0,NULO,31,20
1934,7,21,0,NULO,30,19
1934,7,22,0,NULO,32.2,20
1934,7,23,0,NULO,31.5,20
1934,7,24,0,NULO,31,19.5
1934,7,25,0,NULO,32,20
1934,7,26,0.1,NULO,31,19
1934,7,27,0,NULO,32,19.5
1934,7,28,2.5,NULO,30,19
1934,7,29,0.1,NULO,31.1,19
1934,7,30,0,NULO,32,20
1934,7,31,6.5,NULO,31,19
1934,8,1,0.1,NULO,31,19.5
1934,8,2,0,NULO,32,20
1934,8,3,5,NULO,31,19.5
1934,8,4,15,NULO,30,19
1934,8,5,0.1,NULO,31.1,19
1934,8,6,17,NULO,34.6,19
1934,8,7,0.1,NULO,32,21
1934,8,8,13,NULO,31.5,23
1934,8,9,0.5,NULO,27.5,22.5
1934,8,10,0,NULO,29,22
1934,8,11,0,NULO,29,22
1934,8,12,0,NULO,31.5,21.8
1934,8,13,0,NULO,31,23
1934,8,14,0,NULO,31,23.2
1934,8,15,0.1,NULO,32,22
1934,8,16,35.5,NULO,29.5,23
1934,8,17,0.1,NULO,29,22.3
1934,8,18,0,NULO,28,22.5
1934,8,19,0,NULO,31,22
1934,8,20,0,NULO,30,23
1934,8,21,0,NULO,31,22.5
1934,8,22,0,NULO,32,23
1934,8,23,38,NULO,30,24
1934,8,24,12.5,NULO,31,22
1934,8,25,0,NULO,30,21
1934,8,26,0,NULO,30.1,20
1934,8,27,0,NULO,31,22
1934,8,28,0,NULO,30,23
1934,8,29,0,NULO,32,22
1934,8,30,0,NULO,34,23
1934,8,31,0,NULO,30,24
1934,9,1,0,NULO,31,22
1934,9,2,0,NULO,32,23
1934,9,3,0,NULO,33,21
1934,9,4,6,NULO,30,20
1934,9,5,0,NULO,31,20
1934,9,6,0,NULO,28,21
1934,9,7,0,NULO,27,22
1934,9,8,0,NULO,32,23
1934,9,9,0.1,NULO,33,21
1934,9,10,40,NULO,32,20
1934,9,11,5,NULO,27.8,21
1934,9,12,0,NULO,30,23.1
1934,9,13,0,NULO,31,23
1934,9,14,0.1,NULO,31,23.5
1934,9,15,12,NULO,30,21
1934,9,16,0.1,NULO,31,23
1934,9,17,0,NULO,28,21
1934,9,18,0,NULO,30,23
1934,9,19,1,NULO,28.2,23.5
1934,9,20,0,NULO,30,23
1934,9,21,2,NULO,31,22
1934,9,22,0.1,NULO,31,23.5
1934,9,23,0.1,NULO,31,22.8
1934,9,24,13,NULO,31,23
1934,9,25,0.1,NULO,33,23.2
1934,9,26,0,NULO,30.5,22.8
1934,9,27,5,NULO,31,22.5
1934,9,28,26.5,NULO,32,21.1
1934,9,29,0.1,NULO,28,21
1934,9,30,3,NULO,30.5,23
1934,10,1,2.5,NULO,24.1,21.8
1934,10,2,0,NULO,29.5,21
1934,10,3,0,NULO,30,21
1934,10,4,0,NULO,30.5,20
1934,10,5,0,NULO,29,21
1934,10,6,0,NULO,30.5,21
1934,10,7,0,NULO,30,20
1934,10,8,0,NULO,30,20
1934,10,9,0,NULO,28,20.2
1934,10,10,0.1,NULO,31,21
1934,10,11,42.5,NULO,23.5,22
1934,10,12,17.5,NULO,23,20
1934,10,13,0,NULO,31,20
1934,10,14,2,NULO,30.3,22
1934,10,15,2.5,NULO,27.3,21
1934,10,16,0,NULO,29,23
1934,10,17,0.1,NULO,30,20
1934,10,18,0,NULO,29,21
1934,10,19,0,NULO,29,22
1934,10,20,0,NULO,25,21
1934,10,21,0,NULO,28,20
1934,10,22,0,NULO,30,21
1934,10,23,0,NULO,29,21
1934,10,24,0,NULO,30,22
1934,10,25,21.5,NULO,30,21
1934,10,26,0.1,NULO,30,21
1934,10,27,2,NULO,30,21
1934,10,28,0,NULO,29,20
1934,10,29,0.1,NULO,28,21
1934,10,30,0,NULO,29,18.8
1934,10,31,0,NULO,28,19
1934,11,1,0.1,NULO,30,18
1934,11,2,0,NULO,31,21
1934,11,3,0,NULO,28,20.5
1934,11,4,0,NULO,29,20
1934,11,5,4.5,NULO,30,20
1934,11,6,0,NULO,31,21
1934,11,7,0,NULO,29,20
1934,11,8,0,NULO,28,19
1934,11,9,0,NULO,26.5,20
1934,11,10,0,NULO,29,19.8
1934,11,11,0,NULO,31,21
1934,11,12,0,NULO,30.8,22
1934,11,13,0,NULO,28,21
1934,11,14,0,NULO,27,18
1934,11,15,2.5,NULO,26,20
1934,11,16,0.1,NULO,27.3,18.5
1934,11,17,0,NULO,25,19
1934,11,18,0,NULO,27,19
1934,11,19,0,NULO,29,18
1934,11,20,0,NULO,30,19.8
1934,11,21,0,NULO,31,25
1934,11,22,0,NULO,30,18
1934,11,23,0,NULO,23.5,16.5
1934,11,24,0,NULO,27,16.5
1934,11,25,0,NULO,22,19
1934,11,26,0,NULO,24,19.5
1934,11,27,0,NULO,24,18.8
1934,11,28,0,NULO,28,17
1934,11,29,0,NULO,28.4,15.5
1934,11,30,0,NULO,26,13
1934,12,1,0,NULO,28,11
1934,12,2,0,NULO,28,12
1934,12,3,0,NULO,16,14
1934,12,4,1.5,NULO,16.5,12.5
1934,12,5,0.1,NULO,20,11.5
1934,12,6,7,NULO,22,16
1934,12,7,0.1,NULO,20,17
1934,12,8,0,NULO,22,12
1934,12,9,0,NULO,22,11.5
1934,12,10,0,NULO,24,16
1934,12,11,5,NULO,18,16
1934,12,12,0,NULO,22,10
1934,12,13,0,NULO,24,17
1934,12,14,0,NULO,25,13
1934,12,15,0,NULO,24,13
1934,12,16,0,NULO,26,11
1934,12,17,0,NULO,27,18
1934,12,18,0.1,NULO,20,15
1934,12,19,0,NULO,26,12.5
1934,12,20,0,NULO,29,16
1934,12,21,0.1,NULO,28,15
1934,12,22,1.5,NULO,26,10
1934,12,23,0.1,NULO,26,17
1934,12,24,0,NULO,27,16
1934,12,25,0,NULO,26,18
1934,12,26,1.2,NULO,27,16
1934,12,27,0,NULO,26,19
1934,12,28,0,NULO,29,20
1934,12,29,0,NULO,26,21
1934,12,30,0,NULO,29,19
1934,12,31,0,NULO,29,20
1935,1,1,0.1,NULO,19,18
1935,1,2,2,NULO,19.3,11
1935,1,3,0,NULO,26,14
1935,1,4,0.1,NULO,26,16
1935,1,5,0,NULO,25,16
1935,1,6,0,NULO,30,18
1935,1,7,0,NULO,30,18.5
1935,1,8,0,NULO,29,19
1935,1,9,0,NULO,30,18.5
1935,1,10,0,NULO,28,18
1935,1,11,0,NULO,30,18.7
1935,1,12,0,NULO,30,20.3
1935,1,13,0,NULO,28,20
1935,1,14,0,NULO,27,18
1935,1,15,0,NULO,29,18.8
1935,1,16,0,NULO,28,18
1935,1,17,0,NULO,27,17
1935,1,18,0,NULO,30,18
1935,1,19,0,NULO,31,17.5
1935,1,20,0,NULO,30,20
1935,1,21,0,NULO,28,19
1935,1,22,0,NULO,20,5.5
1935,1,23,0,NULO,24,6
1935,1,24,0,NULO,24,6
1935,1,25,0,NULO,22,6.5
1935,1,26,0,NULO,19,12.1
1935,1,27,0.1,NULO,20,14.5
1935,1,28,19.5,NULO,23,16
1935,1,29,0,NULO,24,16
1935,1,30,0,NULO,24,15.8
1935,1,31,0.1,NULO,22,16
1935,2,1,15,NULO,20,14
1935,2,2,0,NULO,20,12
1935,2,3,0,NULO,21,12.5
1935,2,4,0,NULO,25,14
1935,2,5,0,NULO,26,16
1935,2,6,0,NULO,26.5,15.5
1935,2,7,0,NULO,29,18.5
1935,2,8,0,NULO,27,18.5
1935,2,9,0,NULO,30,19
1935,2,10,0,NULO,30,20
1935,2,11,2.5,NULO,20,17.8
1935,2,12,0,NULO,20.5,13.3
1935,2,13,0.1,NULO,29,14
1935,2,14,0,NULO,30,16
1935,2,15,5,NULO,32,16
1935,2,16,0.1,NULO,18,15
1935,2,17,0,NULO,18.8,11.5
1935,2,18,0,NULO,22,8.8
1935,2,19,0,NULO,27,10
1935,2,20,0,NULO,27,11.5
1935,2,21,0,NULO,26,14
1935,2,22,0,NULO,29,15
1935,2,23,0,NULO,31,15
1935,2,24,0.1,NULO,31,17
1935,2,25,0,NULO,17.7,12.5
1935,2,26,0,NULO,19,10.8
1935,2,27,0,NULO,19.5,10.5
1935,2,28,0,NULO,16,11
1935,3,1,0,NULO,23,11.5
1935,3,2,0,NULO,24,15
1935,3,3,0,NULO,30,14.5
1935,3,4,0,NULO,34,15
1935,3,5,0,NULO,33.5,19.5
1935,3,6,0,NULO,33,14
1935,3,7,0.1,NULO,34,19
1935,3,8,0.1,NULO,24,19.5
1935,3,9,0,NULO,31.5,20.4
1935,3,10,0,NULO,32,19
1935,3,11,0,NULO,34,20
1935,3,12,0,NULO,34.2,18
1935,3,13,0,NULO,29,13.5
1935,3,14,0,NULO,29,14
1935,3,15,0,NULO,32,14.5
1935,3,16,0,NULO,34.5,17
1935,3,17,0,NULO,34,18
1935,3,18,0,NULO,33,18.5
1935,3,19,0,NULO,34,20
1935,3,20,0,NULO,34.5,20.5
1935,3,21,0,NULO,33,21
1935,3,22,0,NULO,34,21
1935,3,23,0,NULO,33,20.5
1935,3,24,0,NULO,34,20.5
1935,3,25,0,NULO,35.2,20
1935,3,26,0,NULO,35.5,20
1935,3,27,0,NULO,39,21
1935,3,28,0.1,NULO,32.2,22.4
1935,3,29,0,NULO,31.3,22
1935,3,30,0,NULO,32,21.8
1935,3,31,0,NULO,37,21.9
1935,4,1,0,NULO,33,24
1935,4,2,0,NULO,35,23
1935,4,3,0,NULO,37,22
1935,4,4,0,NULO,35,23
1935,4,5,0,NULO,37,23
1935,4,6,0,NULO,39,23
1935,4,7,20,NULO,36,23.5
1935,4,8,0.1,NULO,30,19
1935,4,9,0,NULO,36,19
1935,4,10,0,NULO,39,20
1935,4,11,24,NULO,33,22.5
1935,4,12,0.3,NULO,27.5,16
1935,4,13,0,NULO,26,18
1935,4,14,0,NULO,29,20
1935,4,15,0,NULO,33,20
1935,4,16,0,NULO,34,19.9
1935,4,17,0,NULO,36,21
1935,4,18,0,NULO,39,22.5
1935,4,19,0,NULO,37,24
1935,4,20,0,NULO,32,20.5
1935,4,21,0,NULO,33,22
1935,4,22,0,NULO,33,23
1935,4,23,0,NULO,36,22
1935,4,24,0,NULO,38,22.2
1935,4,25,0,NULO,39.5,22.5
1935,4,26,0,NULO,38,24.8
1935,4,27,0,NULO,39,24
1935,4,28,0,NULO,40,22.5
1935,4,29,0,NULO,40.5,25
1935,4,30,0,NULO,37,24
1936,1,1,0,NULO,27,16
1936,1,2,0,NULO,20,16
1936,1,3,0,NULO,26,13
1936,1,4,0,NULO,29,14
1936,1,5,0,NULO,30,22
1936,1,6,0,NULO,28,22
1936,1,7,0,NULO,28,12
1936,1,8,0,NULO,27,16
1936,1,9,0,NULO,26,16.5
1936,1,10,0,NULO,26,14
1936,1,11,0,NULO,28,15
1936,1,12,0.1,NULO,27,18
1936,1,13,0,NULO,26.5,20
1936,1,14,0.1,NULO,26,17
1936,1,15,0,NULO,24,16
1936,1,16,0,NULO,26,14
1936,1,17,0,NULO,28,16
1936,1,18,0.1,NULO,27,18
1936,1,19,0,NULO,25,16
1936,1,20,0,NULO,26,14
1936,1,21,0,NULO,28,16
1936,1,22,0,NULO,30.3,16.5
1936,1,23,0,NULO,30,11
1936,1,24,0,NULO,28,10
1936,1,25,0,NULO,26,12
1936,1,26,0.1,NULO,26,16.4
1936,1,27,18.5,NULO,17,15
1936,1,28,0,NULO,18,8
1936,1,29,0.1,NULO,24,10.5
1936,1,30,5.9,NULO,15,12
1936,1,31,0,NULO,31,9
1936,2,1,0,NULO,19,9
1936,2,2,0,NULO,25.5,14
1936,2,3,0.1,NULO,26,18.5
1936,2,4,0,NULO,29,12
1936,2,5,0,NULO,25,11.9
1936,2,6,0,NULO,25,12
1936,2,7,0,NULO,25,12
1936,2,8,0,NULO,25,13.5
1936,2,9,0.1,NULO,27,15
1936,2,10,0.1,NULO,22,14
1936,2,11,0,NULO,30,13
1936,2,12,0,NULO,30,15
1936,2,13,0,NULO,31,16
1936,2,14,0,NULO,28,17
1936,2,15,0,NULO,26,15.3
1936,2,16,0,NULO,28,14
1936,2,17,0,NULO,28,17
1936,2,18,3,NULO,15,14.8
1936,2,19,0,NULO,25,10
1936,2,20,0,NULO,26,13.5
1936,2,21,0,NULO,26,13.5
1936,2,22,0,NULO,24,15
1936,2,23,0,NULO,24,16
1936,2,24,0,NULO,29,16
1936,2,25,0,NULO,29,20
1936,2,26,0,NULO,30,19.5
1936,2,27,13,NULO,22,15.5
1936,2,28,0.1,NULO,22,13.5
1936,2,29,5,NULO,22,13.5
1936,3,1,2.5,NULO,25,19
1936,3,2,0,NULO,29,18.5
1936,3,3,0.1,NULO,27,20
1936,3,4,1.5,NULO,26,19
1936,3,5,30,NULO,26,20
1936,3,6,9,NULO,26,19.5
1936,3,7,2.5,NULO,26,18
1936,3,8,0.1,NULO,27.5,17
1936,3,9,4,NULO,28,18.3
1936,3,10,0,NULO,28.5,17.5
1936,3,11,0,NULO,32,17.8
1936,3,12,1.5,NULO,27,15.5
1936,3,13,0,NULO,34,13.6
1936,3,14,0,NULO,31,18
1936,3,15,0,NULO,34,16
1936,3,16,0.1,NULO,34,15
1936,3,17,0,NULO,33,18
1936,3,18,0,NULO,34,15.5
1936,3,19,0,NULO,33.8,15
1936,3,20,0,NULO,34,15.5
1936,3,21,0,NULO,34.4,14
1936,3,22,0,NULO,34,14.5
1936,3,23,0,NULO,33,14.5
1936,3,24,0,NULO,34.5,15
1936,3,25,0,NULO,33,15.5
1936,3,26,0,NULO,35.5,14
1936,3,27,0,NULO,32,22
1936,3,28,0,NULO,31,18
1936,3,29,0,NULO,32,16.5
1936,3,30,0,NULO,33,21
1936,3,31,0,NULO,33.2,21.5
1936,4,1,0,NULO,34,24.5
1936,4,2,0,NULO,33.5,23.5
1936,4,3,0,NULO,24,17
1936,4,4,0,NULO,33,18
1936,4,5,0,NULO,36.5,17
1936,4,6,0,NULO,31,20.5
1936,4,7,0,NULO,27,16
1936,4,8,0,NULO,24.5,16
1936,4,9,0,NULO,28.5,17
1936,4,10,0,NULO,28,17
1936,4,11,0,NULO,28,17
1936,4,12,0,NULO,29,17
1936,4,13,0,NULO,29,17.5
1936,4,14,0,NULO,31,17.2
1936,4,15,2,NULO,31,17
1936,4,16,0,NULO,31,17.5
1936,4,17,0.1,NULO,31,17.8
1936,4,18,0.1,NULO,30,17.5
1936,4,19,5,NULO,31,17
1936,4,20,0,NULO,31,17.5
1936,4,21,0,NULO,33,17.8
1936,4,22,0,NULO,33,17.5
1936,4,23,0.1,NULO,33.5,17.7
1936,4,24,0,NULO,33,17
1936,4,25,0,NULO,33,16.9
1936,4,26,0,NULO,33.8,18
1936,4,27,0,NULO,33,17
1936,4,28,0,NULO,33,18
1936,4,29,0,NULO,32,17.8
1936,4,30,0,NULO,32,18.2
1936,5,1,0,NULO,32,16.5
1936,5,2,0,NULO,32,21
1936,5,3,0,NULO,32,20
1936,5,4,0,NULO,31.5,17
1936,5,5,0,NULO,31,19.5
1936,5,6,0,NULO,31,20.5
1936,5,7,0,NULO,32,22.5
1936,5,8,0,NULO,34.3,17.5
1936,5,9,0.1,NULO,34,24
1936,5,10,6.5,NULO,31,22
1936,5,11,73.5,NULO,31,21.5
1936,5,12,0,NULO,28.8,20
1936,5,13,10.5,NULO,29,20.5
1936,5,14,0,NULO,28,19
1936,5,15,0,NULO,30.5,19.5
1936,5,16,0,NULO,32.5,19.8
1936,5,17,0,NULO,31.5,21.5
1936,5,18,0,NULO,32.5,23.5
1936,5,19,0,NULO,32,22
1936,5,20,0,NULO,32.5,21
1936,5,21,0,NULO,31,21
1936,5,22,0,NULO,30.5,22
1936,5,23,55,NULO,30.5,21
1936,5,24,10,NULO,32,20
1936,5,25,0.5,NULO,30,20
1936,5,26,0,NULO,31,22
1936,5,27,0,NULO,33,22.5
1936,5,28,33,NULO,32,22.5
1936,5,29,0,NULO,33,20
1936,5,30,0,NULO,31.5,22
1936,5,31,0,NULO,32,22
1936,6,1,0,NULO,32,22
1936,6,2,0,NULO,34,23
1936,6,3,0,NULO,34,27
1936,6,4,0,NULO,34,25
1936,6,5,0,NULO,34,24
1936,6,6,0,NULO,33,22.8
1936,6,7,0,NULO,34,22.5
1936,6,8,0,NULO,33,22
1936,6,9,0,NULO,34.5,25
1936,6,10,37,NULO,31,23.5
1936,6,11,0,NULO,30,21.9
1936,6,12,0,NULO,32,22
1936,6,13,0,NULO,33,23
1936,6,14,15.5,NULO,32,23
1936,6,15,0,NULO,33,22.5
1936,6,16,0,NULO,32,22
1936,6,17,0,NULO,32,23.5
1936,6,18,0,NULO,32.8,22.5
1936,6,19,0,NULO,32,22
1936,6,20,0,NULO,32,22.5
1936,6,21,5.5,NULO,32,23
1936,6,22,25,NULO,29,22.5
1936,6,23,25,NULO,29.7,22.2
1936,6,24,0,NULO,30,22
1936,6,25,0,NULO,31,22.8
1936,6,26,0,NULO,31,22.6
1936,6,27,0,NULO,32,22.2
1936,6,28,0,NULO,33,22
1936,6,29,0,NULO,33,24
1936,6,30,0,NULO,34,25
1936,7,1,0,NULO,33.8,25.5
1936,7,2,44,NULO,31,24
1936,7,3,51.5,NULO,30.5,21.2
1936,7,4,31,NULO,28.5,21
1936,7,5,2.5,NULO,29,21.5
1936,7,6,1.5,NULO,30,22
1936,7,7,3.5,NULO,29.5,22.8
1936,7,8,27.5,NULO,28,22.5
1936,7,9,11.5,NULO,26.5,22
1936,7,10,0.1,NULO,27,21.9
1936,7,11,0,NULO,31,22
1936,7,12,0.1,NULO,31,22.5
1936,7,13,0.1,NULO,30,22.5
1936,7,14,17,NULO,31,21
1936,7,15,0.1,NULO,27,23
1936,7,16,42.5,NULO,27.5,22
1936,7,17,50,NULO,27,22
1936,7,18,0.1,NULO,27,21
1936,7,19,7,NULO,30,21
1936,7,20,0.5,NULO,31,21.8
1936,7,21,0,NULO,31,23
1936,7,22,19,NULO,31.5,23.2
1936,7,23,26.5,NULO,31,22
1936,7,24,51,NULO,31,21.2
1936,7,25,0,NULO,29.5,22
1936,7,26,0.1,NULO,31,22
1936,7,27,2.5,NULO,31,22
1936,7,28,0.1,NULO,31,22
1936,7,29,0,NULO,31.5,24
1936,7,30,0,NULO,32,24
1936,7,31,0,NULO,32,22.8
1936,8,1,0,NULO,31.5,22
1936,8,2,0.1,NULO,30.5,21
1936,8,3,2.5,NULO,30,22.4
1936,8,4,0.1,NULO,30.5,22
1936,8,5,21.5,NULO,31,21.6
1936,8,6,3.5,NULO,30,21
1936,8,7,0,NULO,31,21.5
1936,8,8,0,NULO,33,21
1936,8,9,0,NULO,31,21
1936,8,10,0,NULO,33,23
1936,8,11,0,NULO,34,21
1936,8,12,1.5,NULO,32,21
1936,8,13,5,NULO,28,21.5
1936,8,14,2.5,NULO,29,22
1936,8,15,37.5,NULO,30,20
1936,8,16,0.1,NULO,31,21.5
1936,8,17,1.5,NULO,31.5,23
1936,8,18,0.1,NULO,30.5,23
1936,8,19,14,NULO,26,22.9
1936,8,20,23.5,NULO,25.5,23
1936,8,21,0.4,NULO,30,22.5
1936,8,22,1.5,NULO,31,22
1936,8,23,0.1,NULO,31,22.5
1936,8,24,0.5,NULO,32,22
1936,8,25,0,NULO,32,23
1936,8,26,1,NULO,32,23.5
1936,8,27,0,NULO,31,22.8
1936,8,28,0.7,NULO,30.5,22
1936,8,29,56.5,NULO,31,23
1936,8,30,6,NULO,27,22.5
1936,8,31,0,NULO,29,22
1936,9,1,0,NULO,29,23
1936,9,2,0,NULO,31,21
1936,9,3,0,NULO,31,22.5
1936,9,4,0,NULO,33.5,22
1936,9,5,0,NULO,31,23.5
1936,9,6,4,NULO,30,22
1936,9,7,0,NULO,30,20.5
1936,9,8,0.1,NULO,30,20
1936,9,9,20,NULO,29,22
1936,9,10,1.5,NULO,28.5,22.5
1936,9,11,0.1,NULO,30,22
1936,9,12,0,NULO,31,22.5
1936,9,13,0,NULO,32,23
1936,9,14,0,NULO,31,23
1936,9,15,2.5,NULO,34,24
1936,9,16,0.5,NULO,31,24
1936,9,17,0.5,NULO,30,22.5
1936,9,18,0.1,NULO,31,22
1936,9,19,0,NULO,31,21
1936,9,20,0.1,NULO,32,22.5
1936,9,21,2.5,NULO,31,22
1936,9,22,15,NULO,29,22
1936,9,23,10,NULO,30,22.5
1936,9,24,5,NULO,31,22
1936,9,25,0,NULO,30,22
1936,9,26,0,NULO,31.5,22
1936,9,27,0,NULO,36.5,24
1936,9,28,0.1,NULO,28,22
1936,9,29,5.5,NULO,22,18
1936,9,30,0.1,NULO,21.2,17
1936,10,1,2.5,NULO,23.5,17
1936,10,2,0.1,NULO,26.3,18
1936,10,3,0,NULO,28.5,20.5
1936,10,4,0,NULO,34.4,19
1936,10,5,0,NULO,35,21.8
1936,10,6,0,NULO,31,21
1936,10,7,81,NULO,25,22.5
1936,10,8,0,NULO,26,15.8
1936,10,9,0,NULO,26,16.5
1936,10,10,0,NULO,28.1,19
1936,10,11,0,NULO,32,21.5
1936,10,12,0,NULO,29,19
1936,10,13,0,NULO,27,18.8
1936,10,14,0,NULO,29,19.8
1936,10,15,0,NULO,29.9,21.8
1936,10,16,0,NULO,31,18
1936,10,17,0.3,NULO,30,23.3
1936,10,18,0,NULO,30.5,20.5
1936,10,19,0,NULO,31,20.5
1936,10,20,0,NULO,30,19.2
1936,10,21,0,NULO,31,21.9
1936,10,22,0.1,NULO,30.5,22
1936,10,23,0.5,NULO,29.5,21.5
1936,10,24,1.5,NULO,24,17.8
1936,10,25,0,NULO,27,16.7
1936,10,26,0,NULO,28,21.9
1936,10,27,0.1,NULO,21.5,18.5
1936,10,28,0.4,NULO,26,15
1936,10,29,0,NULO,25,18
1936,10,30,0,NULO,23,18
1936,10,31,0,NULO,30,16.9
1936,11,1,0,NULO,30,19
1936,11,2,0,NULO,29.5,21
1936,11,3,7.5,NULO,29,21.5
1936,11,4,0,NULO,16,10.4
1936,11,5,0,NULO,20,11.3
1936,11,6,0,NULO,25,12
1936,11,7,0,NULO,26,16.9
1936,11,8,2.5,NULO,27,16
1936,11,9,19,NULO,21,17
1936,11,10,3,NULO,16,14.5
1936,11,11,0,NULO,20,12
1936,11,12,0.1,NULO,17.5,13.5
1936,11,13,1.5,NULO,16,15.3
1936,11,14,2.5,NULO,17,15
1936,11,15,0,NULO,17.5,13
1936,11,16,0,NULO,17,13
1936,11,17,0,NULO,25,15
1936,11,18,0,NULO,26,16
1936,11,19,0,NULO,24,19.5
1936,11,20,0.1,NULO,23.5,19
1936,11,21,31,NULO,25,17.5
1936,11,22,5.5,NULO,26,18
1936,11,23,0.1,NULO,25,15
1936,11,24,0,NULO,17,15.6
1936,11,25,1,NULO,16.5,12
1936,11,26,0.5,NULO,19,12
1936,11,27,0.1,NULO,18.5,14
1936,11,28,0,NULO,23,14.5
1936,11,29,0,NULO,28,16.5
1936,11,30,0,NULO,24,18
1936,12,1,0,NULO,26,16
1936,12,2,0,NULO,28,17
1936,12,3,0,NULO,22,18
1936,12,4,0,NULO,20,19.5
1936,12,5,0,NULO,20,15
1936,12,6,0,NULO,22,13
1936,12,7,0,NULO,20,15
1936,12,8,0,NULO,25,15.2
1936,12,9,0,NULO,26.5,19
1936,12,10,0,NULO,25,16
1936,12,11,0,NULO,20.5,19
1936,12,12,0,NULO,21,10.5
1936,12,13,0,NULO,18,11
1936,12,14,23,NULO,15.5,10
1936,12,15,0,NULO,21,9
1936,12,16,0,NULO,23,10
1936,12,17,0,NULO,25,11
1936,12,18,0,NULO,24,14
1936,12,19,0,NULO,24,10
1936,12,20,0,NULO,24,10.5
1936,12,21,0,NULO,24.5,11
1936,12,22,0,NULO,24,12.8
1936,12,23,0,NULO,20,14
1936,12,24,0,NULO,22,12.5
1936,12,25,0,NULO,24.9,13
1936,12,26,0,NULO,24,15
1936,12,27,0,NULO,24,16
1936,12,28,0,NULO,26.5,18
1936,12,29,0,NULO,25,16.5
1936,12,30,0,NULO,26,16
1936,12,31,0,NULO,25,17
1938,9,1,0,NULO,33,23
1938,9,2,0,NULO,31,23.2
1938,9,3,0,NULO,30,23
1938,9,4,0,NULO,30,22
1938,9,5,0,NULO,29,22
1938,9,6,7.5,NULO,28,23
1938,9,7,4,NULO,28,23
1938,9,8,10,NULO,27,24
1938,9,9,25,NULO,27,23
1938,9,10,0.1,NULO,30,23
1938,9,11,9,NULO,31,21
1938,9,12,15,NULO,27,22.5
1938,9,13,0,NULO,29,22
1938,9,14,0,NULO,30,22
1938,9,15,2.5,NULO,31,23.5
1938,9,16,6.5,NULO,30,23.5
1938,9,17,0,NULO,28,23
1938,9,18,5,NULO,27.5,24
1938,9,19,25,NULO,27,22
1938,9,20,11.5,NULO,27.5,22.2
1938,9,21,0.1,NULO,26,20.5
1938,9,22,0,NULO,27.5,19
1938,9,23,0,NULO,27,23
1938,9,24,0,NULO,28,22.5
1938,9,25,0,NULO,28,20.8
1938,9,26,0,NULO,30,21
1938,9,27,0,NULO,31,20
1938,9,28,0,NULO,32,21.5
1938,9,29,0,NULO,31,23
1938,9,30,0,NULO,30.5,22
1938,10,1,0,NULO,30.5,21
1938,10,2,0,NULO,29,20.5
1938,10,3,0,NULO,27.5,19
1938,10,4,0,NULO,28,18
1938,10,5,0,NULO,29,20
1938,10,6,0,NULO,29,20
1938,10,7,0,NULO,31,20.2
1938,10,8,0,NULO,32,21
1938,10,9,0,NULO,29,21
1938,10,10,0,NULO,29,22
1938,10,11,0,NULO,29,21
1938,10,12,0,NULO,29.5,22
1938,10,13,0,NULO,31,22
1938,10,14,0.1,NULO,28,21
1938,10,15,0,NULO,29,21
1938,10,16,0,NULO,28.5,20.2
1938,10,17,0,NULO,29,20
1938,10,18,0,NULO,29.5,21.5
1938,10,19,0,NULO,29.2,22
1938,10,20,0,NULO,28,21.9
1938,10,21,0,NULO,27,19.5
1938,10,22,0.1,NULO,27,19
1938,10,23,0.1,NULO,26,18.5
1938,10,24,0,NULO,21.5,18
1938,10,25,0,NULO,25,17
1938,10,26,0,NULO,26.5,17.5
1938,10,27,0,NULO,27,19.5
1938,10,28,0,NULO,26.5,19.4
1938,10,29,0,NULO,27,19
1938,10,30,0,NULO,27.2,18
1938,10,31,0,NULO,27,18.8
1938,11,1,0,NULO,27.5,21
1938,11,2,0,NULO,27.5,21.2
1938,11,3,0.1,NULO,28,21
1938,11,4,0,NULO,30,22
1938,11,5,0,NULO,27,21
1938,11,6,0,NULO,27,20.8
1938,11,7,25,NULO,28,16
1938,11,8,0,NULO,20.5,10.5
1938,11,9,0,NULO,21,10
1938,11,10,0,NULO,25,13
1938,11,11,0,NULO,27,15.9
1938,11,12,0,NULO,26,18
1938,11,13,0,NULO,27,20
1938,11,14,0,NULO,27.5,20.5
1938,11,15,1.5,NULO,25.5,21.2
1938,11,16,0,NULO,27,18
1938,11,17,0,NULO,28,19.5
1938,11,18,0.1,NULO,29,20.8
1938,11,19,0,NULO,21,16
1938,11,20,0,NULO,22.5,9.6
1938,11,21,0,NULO,24,10.5
1938,11,22,0,NULO,25,16
1938,11,23,0.1,NULO,26.5,19
1938,11,24,0.1,NULO,23,10
1938,11,25,0,NULO,17,8
1938,11,26,5,NULO,14,9
1938,11,27,6.5,NULO,13,7
1938,11,28,2.5,NULO,18,8.5
1938,11,29,0.1,NULO,17,12
1938,11,30,0,NULO,22,13
1938,12,1,0,NULO,26.5,14
1938,12,2,0,NULO,27,14.5
1938,12,3,0,NULO,26,15
1938,12,4,0,NULO,25,14
1938,12,5,0,NULO,19,13
1938,12,6,0,NULO,22,13
1938,12,7,0,NULO,26,14
1938,12,8,0,NULO,23,16
1938,12,9,0,NULO,24,15
1938,12,10,0,NULO,23.5,15.5
1938,12,11,0,NULO,23.4,14.4
1938,12,12,0,NULO,24,15
1938,12,13,0,NULO,21.5,16.7
1938,12,14,2.5,NULO,16.2,15
1938,12,15,0,NULO,17,13
1938,12,16,0,NULO,29,13
1938,12,17,0,NULO,28.5,15
1938,12,18,0,NULO,24,16.7
1938,12,19,0.1,NULO,24,16.5
1938,12,20,0,NULO,26,17
1938,12,21,0,NULO,25.5,17.5
1938,12,22,0,NULO,24,17.8
1938,12,23,0.1,NULO,22,18
1938,12,24,0.1,NULO,19,15
1938,12,25,1.5,NULO,17.2,16
1938,12,26,0,NULO,17,11.9
1938,12,27,1.5,NULO,23.5,13
1938,12,28,2.5,NULO,19.5,16
1938,12,29,15,NULO,19.5,13
1938,12,30,0,NULO,26.5,13.5
1938,12,31,0,NULO,26,17
1939,1,1,0.1,NULO,16,14
1939,1,2,0,NULO,20.2,13.5
1939,1,3,0,NULO,21.5,15
1939,1,4,0,NULO,20,17
1939,1,5,0,NULO,28,18
1939,1,6,0,NULO,24,18.5
1939,1,7,1.5,NULO,25,16.5
1939,1,8,0,NULO,21,16
1939,1,9,0,NULO,26,19
1939,1,10,0,NULO,25,18
1939,1,11,0,NULO,26.5,20
1939,1,12,0,NULO,25.5,20
1939,1,13,0,NULO,20.5,18.8
1939,1,14,0,NULO,24,15.3
1939,1,15,0.1,NULO,24,17.5
1939,1,16,0,NULO,24.5,14.8
1939,1,17,0.1,NULO,22.2,14.5
1939,1,18,0.1,NULO,20.5,16
1939,1,19,0,NULO,24,16
1939,1,20,0,NULO,23.9,16.5
1939,1,21,0,NULO,24,17
1939,1,22,0,NULO,23,16.5
1939,1,23,0,NULO,26,17
1939,1,24,4,NULO,24.5,18.1
1939,1,25,0,NULO,18.5,14.8
1939,1,26,2.5,NULO,14,11.5
1939,1,27,0.1,NULO,17,10
1939,1,28,0,NULO,22.8,11
1939,1,29,0,NULO,25.5,13
1939,1,30,0,NULO,22.5,16.5
1939,1,31,0,NULO,25.2,14.5
1939,2,1,0,NULO,27,14.5
1939,2,2,0,NULO,28.5,17
1939,2,3,0,NULO,19,15.5
1939,2,4,0,NULO,21.5,14
1939,2,5,0,NULO,26,14.5
1939,2,6,0,NULO,25,13.5
1939,2,7,0,NULO,27,14.2
1939,2,8,0,NULO,27,10
1939,2,9,0,NULO,29.5,18.2
1939,2,10,0.1,NULO,24.3,18
1939,2,11,0,NULO,20,16
1939,2,12,0,NULO,21,15
1939,2,13,0,NULO,28,18
1939,2,14,0,NULO,30,17
1939,2,15,0,NULO,25.5,17
1939,2,16,0,NULO,27,15
1939,2,17,1.5,NULO,27,16
1939,2,18,0,NULO,27,16
1939,2,19,0.1,NULO,27.6,17
1939,2,20,0,NULO,28,17.5
1939,2,21,2.5,NULO,23,20.5
1939,2,22,0,NULO,13,8.9
1939,2,23,0.1,NULO,16.5,9
1939,2,24,0,NULO,24,11
1939,2,25,0,NULO,32,15
1939,2,26,0,NULO,27,18.5
1939,2,27,0,NULO,32,19.8
1939,2,28,0,NULO,22,18.8
1939,3,1,0.1,NULO,28,17
1939,3,2,2.5,NULO,20,18
1939,3,3,0,NULO,25.5,16.5
1939,3,4,0,NULO,30,17
1939,3,5,0,NULO,31.5,18
1939,3,6,0,NULO,22.5,19.5
1939,3,7,0,NULO,27,17
1939,3,8,0,NULO,29.5,19
1939,3,9,0,NULO,26,18.5
1939,3,10,0,NULO,30,19.8
1939,3,11,0,NULO,27.5,16
1939,3,12,0,NULO,27.5,19
1939,3,13,0,NULO,27.5,18
1939,3,14,0,NULO,29.5,18
1939,3,15,0,NULO,29.5,19.5
1939,3,16,0.1,NULO,20,19
1939,3,17,0,NULO,22,16
1939,3,18,2.5,NULO,24,16.5
1939,3,19,0,NULO,22,16.5
1939,3,20,0,NULO,26,16
1939,3,21,0,NULO,24,16.5
1939,3,22,0.1,NULO,24.5,18.5
1939,3,23,0,NULO,25,18
1939,3,24,0,NULO,28,18
1939,3,25,0,NULO,31.5,18.5
1939,3,26,0,NULO,32,20
1939,3,27,0,NULO,32,21
1939,3,28,0,NULO,35,22
1939,3,29,0.1,NULO,35,23
1939,3,30,0,NULO,26,23.5
1939,3,31,0,NULO,32,21.8
1939,4,1,0,NULO,32.5,22
1939,4,2,0,NULO,33,23.5
1939,4,3,0,NULO,32,23.8
1939,4,4,0,NULO,32.5,21
1939,4,5,0,NULO,32.5,20
1939,4,6,0.1,NULO,30,20.5
1939,4,7,0.1,NULO,19,18
1939,4,8,0,NULO,28.5,14.5
1939,4,9,0,NULO,30.5,16
1939,4,10,0,NULO,34,18
1939,4,11,0,NULO,31,21
1939,4,12,2.5,NULO,26.5,22
1939,4,13,0.1,NULO,29.5,21.5
1939,4,14,0,NULO,30.5,21.5
1939,4,15,0,NULO,33,21.8
1939,4,16,0,NULO,35.5,23
1939,4,17,0,NULO,32.5,24
1939,4,18,0,NULO,22,21.5
1939,4,19,0,NULO,27,18.5
1939,4,20,0.1,NULO,25,17
1939,4,21,1,NULO,28,19
1939,4,22,0.1,NULO,26.5,18
1939,4,23,0,NULO,28,19.5
1939,4,24,0,NULO,30,20
1939,4,25,0,NULO,32.5,21
1939,4,26,0,NULO,33,23
1939,4,27,0,NULO,31.5,23.5
1939,4,28,0.1,NULO,28,24.5
1939,4,29,4,NULO,30,23.8
1939,4,30,2.5,NULO,27,22
1939,5,1,0,NULO,29,22
1939,5,2,0,NULO,32.5,23
1939,5,3,6,NULO,28.5,22.5
1939,5,4,15,NULO,28,20.5
1939,5,5,0,NULO,29,20
1939,5,6,0,NULO,31,21
1939,5,7,0,NULO,34,22
1939,5,8,0,NULO,33.5,23.5
1939,5,9,0.1,NULO,33.5,24
1939,5,10,0,NULO,32.5,23.5
1939,5,11,0,NULO,32.5,24
1939,5,12,0,NULO,32.3,25
1939,5,13,0,NULO,32,25.8
1939,5,14,0,NULO,29,20.5
1939,5,15,40,NULO,32,22
1939,5,16,2.5,NULO,32.5,22
1939,5,17,0,NULO,32.5,23
1939,5,18,0,NULO,33,25
1939,5,19,0,NULO,33,24
1939,5,20,0,NULO,33.1,24.4
1939,5,21,2.5,NULO,28,24
1939,5,22,0,NULO,28,22
1939,5,23,0,NULO,32,22
1939,5,24,45,NULO,31,22
1939,5,25,2.5,NULO,30,20.5
1939,5,26,0,NULO,30.1,20.5
1939,5,27,0,NULO,32.3,23.5
1939,5,28,0,NULO,33.2,22
1939,5,29,25,NULO,31,24
1939,5,30,0,NULO,31.5,24
1939,5,31,0.1,NULO,33.2,22.8
1939,6,1,0,NULO,32,20
1939,6,2,0,NULO,32.8,25
1939,6,3,1.5,NULO,27.5,24
1939,6,4,0,NULO,27,22
1939,6,5,0,NULO,27,22
1939,6,6,0,NULO,29,22
1939,6,7,6,NULO,27.5,23
1939,6,8,51.5,NULO,28.5,23
1939,6,9,5,NULO,27.2,22
1939,6,10,0,NULO,29.5,22
1939,6,11,0,NULO,29,22
1939,6,12,0,NULO,30.5,23
1939,6,13,0,NULO,31,22
1939,6,14,0,NULO,29.5,23
1939,6,15,0,NULO,30.5,23
1939,6,16,0,NULO,33.8,23
1939,6,17,0,NULO,35,25
1939,6,18,0,NULO,33.5,26
1939,6,19,0,NULO,32,25
1939,6,20,0,NULO,31,25
1939,6,21,5,NULO,28,24
1939,6,22,0.1,NULO,28.5,23
1939,6,23,0,NULO,30,23
1939,6,24,0,NULO,31,24
1939,6,25,0,NULO,31.2,23
1939,6,26,2.5,NULO,31,23
1939,6,27,25,NULO,30.5,24
1939,6,28,5,NULO,31,22
1939,6,29,0,NULO,30,23
1939,6,30,0,NULO,29,22
1939,7,1,0,NULO,29,23
1939,7,2,0,NULO,29.5,23
1939,7,3,0,NULO,30.5,23.8
1939,7,4,0,NULO,31,23.2
1939,7,5,0,NULO,31,23
1939,7,6,0,NULO,31.5,24
1939,7,7,0,NULO,31.5,24
1939,7,8,0,NULO,32.5,23
1939,7,9,0,NULO,30.5,24
1939,7,10,2.5,NULO,33,24
1939,7,11,0,NULO,32,24
1939,7,12,2.5,NULO,31.5,23.9
1939,7,13,15,NULO,28.6,24.5
1939,7,14,2.5,NULO,27.5,24.5
1939,7,15,0,NULO,29,22
1939,7,16,0,NULO,31,22.1
1939,7,17,0,NULO,31.5,25
1939,7,18,0,NULO,31,25
1939,7,19,0,NULO,33.5,25
1939,7,20,0,NULO,32,24
1939,7,21,0,NULO,32.5,22.5
1939,7,22,0,NULO,32,23
1939,7,23,0,NULO,31.5,24
1939,7,24,0,NULO,29,23.6
1939,7,25,0.1,NULO,30,23
1939,7,26,1,NULO,29.5,24
1939,7,27,0.1,NULO,29.5,22.5
1939,7,28,0,NULO,30,22
1939,7,29,0,NULO,31,22.8
1939,7,30,0,NULO,31.5,23.5
1939,7,31,75,NULO,30.5,24
1939,8,1,0.1,NULO,30,24
1939,8,2,0,NULO,29.5,23.5
1939,8,3,0,NULO,32.8,24
1939,8,4,0,NULO,38,24.5
1939,8,5,0,NULO,32,22
1939,8,6,0,NULO,33,25
1939,8,7,0,NULO,33,25.5
1939,8,8,0,NULO,32.2,24.4
1939,8,9,0,NULO,31,24
1939,8,10,0,NULO,30,24
1939,8,11,0,NULO,32,23.5
1939,8,12,0,NULO,32.3,23.8
1939,8,13,0,NULO,32,23
1939,8,14,0,NULO,33,24
1939,8,15,0,NULO,33,24
1939,8,16,0,NULO,33,24.5
1939,8,17,0,NULO,33,24
1939,8,18,0,NULO,33.5,24
1939,8,19,0,NULO,34,24
1939,8,20,0,NULO,32.5,24
1939,8,21,0.1,NULO,32,24
1939,8,22,0,NULO,30,24
1939,8,23,0,NULO,31,23.5
1939,8,24,0,NULO,29.5,23
1939,8,25,0,NULO,31.2,23
1939,8,26,1,NULO,30,23
1939,8,27,2.5,NULO,28,22
1939,8,28,5,NULO,28,21
1939,8,29,0.1,NULO,29,22
1939,8,30,0.1,NULO,29,22
1939,8,31,7.5,NULO,28,23
1939,9,1,0,NULO,30.2,23
1939,9,2,0,NULO,31,22.9
1939,9,3,0,NULO,31.2,23.5
1939,9,4,7.5,NULO,31,23
1939,9,5,0.1,NULO,27,23
1939,9,6,1.5,NULO,28,22.5
1939,9,7,0.1,NULO,29,23
1939,9,8,7.5,NULO,27,23
1939,9,9,15,NULO,27,22.8
1939,9,10,25,NULO,28,23
1939,9,11,2.5,NULO,27,23
1939,9,12,0.1,NULO,26,23
1939,9,13,0,NULO,29,23.5
1939,9,14,0,NULO,28,23
1939,9,15,15,NULO,28,22.5
1939,9,16,5,NULO,25,22.5
1939,9,17,0,NULO,28,20.8
1939,9,18,50,NULO,29,22
1939,9,19,15,NULO,27,22
1939,9,20,15,NULO,24,22
1939,9,21,4,NULO,22,21.2
1939,9,22,2.5,NULO,24,20
1939,9,23,0,NULO,27.5,20
1939,9,24,0,NULO,29,21
1939,9,25,0,NULO,29,21
1939,9,26,0,NULO,29,21
1939,9,27,0,NULO,30,22
1939,9,28,0,NULO,30,22.5
1939,9,29,0,NULO,30.5,23
1939,9,30,7.5,NULO,30.6,23
1939,10,1,51.5,NULO,23.5,22
1939,10,2,0,NULO,25.5,21.5
1939,10,3,0.1,NULO,28,21.5
1939,10,4,0,NULO,29,22
1939,10,5,0,NULO,29,23
1939,10,6,0,NULO,28,23
1939,10,7,0,NULO,29,22
1939,10,8,0,NULO,30,23.5
1939,10,9,0,NULO,30.5,24.9
1939,10,10,0,NULO,29,24.8
1939,10,11,2.5,NULO,25,20
1939,10,12,0.1,NULO,20,18
1939,10,13,1.5,NULO,21,15.9
1939,10,14,0.1,NULO,19.5,16
1939,10,15,0.1,NULO,20.5,16.9
1939,10,16,0,NULO,22,18
1939,10,17,0,NULO,22,19
1939,10,18,0,NULO,26,19.2
1939,10,19,0,NULO,27,20
1939,10,20,1,NULO,27,20.5
1939,10,21,25,NULO,28,22
1939,10,22,51.5,NULO,25,21
1939,10,23,2.5,NULO,25.4,21
1939,10,24,0,NULO,27,21.5
1939,10,25,0,NULO,28.5,23
1939,10,26,0,NULO,27.5,23.5
1939,10,27,0,NULO,30,23.8
1939,10,28,75,NULO,26,23
1939,10,29,0,NULO,29,18
1939,10,30,0,NULO,22,18.5
1939,10,31,0,NULO,20,14.5
1939,11,1,0,NULO,22,13.5
1939,11,2,0,NULO,28,13.9
1939,11,3,0,NULO,22,15.5
1939,11,4,0,NULO,18,17
1939,11,5,0.1,NULO,19,16.5
1939,11,6,0,NULO,22,16.5
1939,11,7,0,NULO,24,16.2
1939,11,8,0,NULO,24,16.5
1939,11,9,0,NULO,25,17
1939,11,10,0,NULO,26,18
1939,11,11,0.1,NULO,24,19.8
1939,11,12,0.1,NULO,17,16.5
1939,11,13,0.1,NULO,17,14
1939,11,14,0,NULO,20.5,14.5
1939,11,15,0,NULO,17,14
1939,11,16,0,NULO,22.5,15.5
1939,11,17,0,NULO,23.5,16
1939,11,18,0,NULO,25,18
1939,11,19,0,NULO,23.5,18
1939,11,20,0,NULO,22,17
1939,11,21,0,NULO,23,17.5
1939,11,22,0,NULO,22,18
1939,11,23,0.1,NULO,21.5,17
1939,11,24,0.1,NULO,22,17
1939,11,25,0.1,NULO,22,17.2
1939,11,26,1.5,NULO,13,12.5
1939,11,27,7.5,NULO,12.5,10.5
1939,11,28,5,NULO,15,10.9
1939,11,29,2.5,NULO,20.5,11
1939,11,30,0,NULO,23,14.2
1939,12,1,0,NULO,23.3,17
1939,12,2,0,NULO,24,18
1939,12,3,0,NULO,23,19
1939,12,4,5,NULO,21,19
1939,12,5,0,NULO,22.8,17.5
1939,12,6,0,NULO,23,18
1939,12,7,0,NULO,21.5,17.5
1939,12,8,0,NULO,22,17.5
1939,12,9,0,NULO,24.5,18
1939,12,10,0,NULO,24,18
1939,12,11,0,NULO,25.5,19
1939,12,12,0,NULO,25.1,19
1939,12,13,0.1,NULO,20.3,19
1939,12,14,0,NULO,22.5,14
1939,12,15,0,NULO,20,14
1939,12,16,0,NULO,23,16
1939,12,17,0,NULO,24,16
1939,12,18,0,NULO,24,18.5
1939,12,19,0,NULO,25,18
1939,12,20,0,NULO,23,14.5
1939,12,21,0,NULO,23,15
1939,12,22,0,NULO,23.5,16
1939,12,23,0,NULO,27,18
1939,12,24,5,NULO,23,19.5
1939,12,25,2.5,NULO,23,18
1939,12,26,0.1,NULO,18.8,18
1939,12,27,2.5,NULO,18,15.5
1939,12,28,2.5,NULO,18,14
1939,12,29,5,NULO,17,12
1939,12,30,5,NULO,15.2,11
1939,12,31,0,NULO,18,12.5
1940,1,1,0,NULO,22,14
1940,1,2,0,NULO,21,15.5
1940,1,3,0,NULO,19.5,14.5
1940,1,4,0,NULO,24.5,15
1940,1,5,0,NULO,23,17
1940,1,6,0,NULO,24.5,17.8
1940,1,7,0,NULO,20,17.5
1940,1,8,2.5,NULO,17.5,17
1940,1,9,6.5,NULO,18.2,15.5
1940,1,10,0,NULO,23,15.9
1940,1,11,0,NULO,24.5,14.5
1940,1,12,0,NULO,22,17
1940,1,13,1.5,NULO,26,19
1940,1,14,0,NULO,26,19
1940,1,15,0,NULO,14,13
1940,1,16,0,NULO,15,12
1940,1,17,0,NULO,19.5,12.6
1940,1,18,1.5,NULO,23.5,12.8
1940,1,19,0.1,NULO,10,6.5
1940,1,20,0,NULO,6.7,3
1940,1,21,0,NULO,9.5,3.5
1940,1,22,0.1,NULO,14,8
1940,1,23,0,NULO,10,6
1940,1,24,0,NULO,14,6.8
1940,1,25,0.1,NULO,13.5,10
1940,1,26,0.1,NULO,16,9.9
1940,1,27,2.5,NULO,12.5,9
1940,1,28,6.5,NULO,14,10
1940,1,29,7.5,NULO,15.5,11
1940,1,30,2.5,NULO,19,12
1940,1,31,0,NULO,22.5,14.9
1940,3,1,0,NULO,30.2,19
1940,3,2,0,NULO,30.5,19
1940,3,3,0,NULO,27.5,16
1940,3,4,0,NULO,26,16.5
1940,3,5,0,NULO,27,16
1940,3,6,0,NULO,23,15
1940,3,7,0,NULO,21,16
1940,3,8,0,NULO,27,11.5
1940,3,9,0,NULO,27.3,14
1940,3,10,0,NULO,31,16
1940,3,11,0,NULO,27,20.5
1940,3,12,0,NULO,28.5,21.5
1940,3,13,0.1,NULO,23.5,19
1940,3,14,0.1,NULO,23.5,15
1940,3,15,0.1,NULO,14,11.5
1940,3,16,0,NULO,20,12.9
1940,3,17,0,NULO,33,12
1940,3,18,0,NULO,25,13.5
1940,3,19,0,NULO,23,19.5
1940,3,20,0,NULO,26,21
1940,3,21,0,NULO,26,21.5
1940,3,22,0,NULO,25,20
1940,3,23,0,NULO,24.5,21.5
1940,3,24,4,NULO,26.5,21.3
1940,3,25,6,NULO,21.5,21
1940,3,26,0.1,NULO,22.5,17
1940,3,27,0,NULO,26.5,17
1940,3,28,0,NULO,27.5,20
1940,3,29,0,NULO,27,22
1940,3,30,0,NULO,29,22
1940,3,31,0,NULO,24,19
1940,4,1,0,NULO,28,25.5
1940,4,2,0,NULO,29,22.5
1940,4,3,0,NULO,31,24
1940,4,4,0,NULO,30,24
1940,4,5,0,NULO,27,24
1940,4,6,0,NULO,27,24.5
1940,4,7,0,NULO,28.5,23
1940,4,8,0,NULO,27,22.5
1940,4,9,0,NULO,30.5,23
1940,4,10,0,NULO,28,22.5
1940,4,11,0.1,NULO,30,23
1940,4,12,1,NULO,25,20
1940,4,13,0,NULO,21,15.5
1940,4,14,0,NULO,24,15
1940,4,15,0,NULO,29,17.5
1940,4,16,0,NULO,31,20
1940,4,17,0,NULO,32,24
1940,4,18,0,NULO,24,23.5
1940,4,19,0,NULO,26,20.5
1940,4,20,0,NULO,29.5,19.5
1940,4,21,0,NULO,32,20
1940,4,22,0,NULO,27,22.5
1940,4,23,0,NULO,33,21.9
1940,4,24,0,NULO,29,23
1940,4,25,0,NULO,27,25
1940,4,26,0,NULO,29.5,24
1940,4,27,0,NULO,27,24
1940,4,28,0,NULO,30,24.5
1940,4,29,0,NULO,35,24
1940,4,30,0,NULO,32,25
1940,5,1,0.1,NULO,30,26
1940,5,2,0,NULO,29,25
1940,5,3,0,NULO,29,24
1940,5,4,0,NULO,29,24.9
1940,5,5,0,NULO,28.5,24.5
1940,5,6,0,NULO,27,24
1940,5,7,0,NULO,28,24.5
1940,5,8,1,NULO,30,24.5
1940,5,9,5,NULO,29.5,25
1940,5,10,0,NULO,26,23
1940,5,11,0,NULO,24.5,23
1940,5,12,0,NULO,24,21.5
1940,5,13,0,NULO,26,21
1940,5,14,0,NULO,29,21.9
1940,5,15,0,NULO,28,23.8
1940,5,16,0,NULO,28.5,24
1940,5,17,0,NULO,29,24.5
1940,5,18,0,NULO,29,25.5
1940,5,19,0,NULO,29,25.5
1940,5,20,1,NULO,27.8,25
1940,5,21,1.5,NULO,31,25
1940,5,22,15,NULO,32.5,25
1940,5,23,2.5,NULO,25,24
1940,5,24,0,NULO,26.8,22.5
1940,5,25,0,NULO,27,23.5
1940,5,26,0,NULO,31,23
1940,5,27,0,NULO,31,25
1940,5,28,22,NULO,29.8,29.5
1940,5,29,0.5,NULO,29.5,25.8
1940,5,30,10,NULO,28.5,26
1940,5,31,0.1,NULO,29.5,24
1940,7,1,0,NULO,29.5,24.5
1940,7,2,0,NULO,31,25.5
1940,7,3,0,NULO,31.5,26.5
1940,7,4,10,NULO,35,25
1940,7,5,5,NULO,30,25
1940,7,6,0,NULO,29,24.9
1940,7,7,0,NULO,30.5,25
1940,7,8,0,NULO,29.5,25
1940,7,9,0,NULO,30.5,24.9
1940,7,10,23.5,NULO,29.5,26
1940,7,11,0.1,NULO,28,25
1940,7,12,10.5,NULO,28.5,24.5
1940,7,13,11.5,NULO,26,23.8
1940,7,14,5,NULO,26.5,24.5
1940,7,15,5,NULO,27,24.6
1940,7,16,1.5,NULO,27.3,24.3
1940,7,17,7.5,NULO,28,23.1
1940,7,18,2.5,NULO,27.6,23.6
1940,7,19,9.5,NULO,27,23.5
1940,7,20,25,NULO,28,23.4
1940,7,21,42.5,NULO,27.3,24
1940,7,22,0,NULO,26.5,23.5
1940,7,23,0,NULO,27,22
1940,7,24,0,NULO,28.2,23.1
1940,7,25,6.5,NULO,28.8,22.9
1940,7,26,0,NULO,29,24.9
1940,7,27,0,NULO,28.5,25.5
1940,7,28,0,NULO,28,25.5
1940,7,29,0,NULO,29.5,25
1940,7,30,0,NULO,27.5,25.5
1940,7,31,0,NULO,NULO,NULO
1940,8,1,0,NULO,30.3,22.3
1940,8,2,0,NULO,30,25.2
1940,8,3,0,NULO,31,25.8
1940,8,4,0,NULO,33,25
1940,8,5,0,NULO,32,26
1940,8,6,0,NULO,31.5,26
1940,8,7,0,NULO,31.8,25.5
1940,8,8,0,NULO,31,26
1940,8,9,0,NULO,32,27.5
1940,8,10,0,NULO,31.5,27.5
1940,8,11,0.1,NULO,31.2,27
1940,8,12,0,NULO,31.6,26.8
1940,8,13,0,NULO,32,26.5
1940,8,14,0,NULO,32,27
1940,8,15,0,NULO,32,27.5
1940,8,16,0,NULO,31.5,27.5
1940,8,17,0,NULO,32,27.5
1940,8,18,0,NULO,32,26
1940,8,19,0,NULO,36,27.5
1940,8,20,0,NULO,29.5,22
1940,8,21,0,NULO,30.5,24.9
1940,8,22,7,NULO,30,25
1940,8,23,17.5,NULO,29.5,24.5
1940,8,24,0,NULO,29,25
1940,8,25,0,NULO,29.5,24.5
1940,8,26,0,NULO,31,25
1940,8,27,0.1,NULO,31,26
1940,8,28,0,NULO,33,25
1940,8,29,0,NULO,32.5,26
1940,8,30,0.1,NULO,31.5,26.5
1940,8,31,13,NULO,29,24
1940,9,1,2,NULO,29,24.5
1940,9,2,0,NULO,30,25
1940,9,3,0,NULO,30,25.5
1940,9,4,0,NULO,30,25.5
1940,9,5,1.2,NULO,29.5,25
1940,9,6,10,NULO,26,24.8
1940,9,7,25,NULO,26,24
1940,9,8,13.5,NULO,27.5,23
1940,9,9,0,NULO,28,24
1940,9,10,0,NULO,28,24
1940,9,11,16.5,NULO,27,24.3
1940,9,12,34.5,NULO,27,24
1940,9,13,0,NULO,27.5,24
1940,9,14,0,NULO,28,23.6
1940,9,15,0,NULO,28,23
1940,9,16,0,NULO,27,22.5
1940,9,17,0,NULO,27,21.8
1940,9,18,0,NULO,28,22.9
1940,9,19,0,NULO,28,22.8
1940,9,20,0,NULO,29,22.5
1940,9,21,0,NULO,28,23
1940,9,22,0,NULO,28,23.5
1940,9,23,0,NULO,29.5,24
1940,9,24,13.5,NULO,31,25
1940,9,25,0,NULO,29,24.8
1940,9,26,0,NULO,29.5,20
1940,9,27,0,NULO,26,22
1940,9,28,0,NULO,26,20
1940,9,29,0,NULO,26.5,22
1940,9,30,0,NULO,27,21
1940,10,1,0,NULO,27,21
1940,10,2,0,NULO,28,22
1940,10,3,0.1,NULO,28,22
1940,10,4,10,NULO,27,24
1940,10,5,9,NULO,27,23
1940,10,6,0,NULO,27,23
1940,10,7,0.5,NULO,27.5,24
1940,10,8,0,NULO,24,22
1940,10,9,0,NULO,26,18
1940,10,10,0,NULO,26.5,20
1940,10,11,0,NULO,26,21.2
1940,10,12,0,NULO,26,22
1940,10,13,0,NULO,27,22.8
1940,10,14,0,NULO,24.5,22.5
1940,10,15,44,NULO,27.5,20
1940,10,16,0,NULO,22,20
1940,10,17,0,NULO,22.5,19.5
1940,10,18,0,NULO,22.5,20
1940,10,19,0,NULO,24.8,17
1940,10,20,0,NULO,24,18
1940,10,21,0,NULO,24.5,19.8
1940,10,22,0,NULO,25.5,20
1940,10,23,0,NULO,27,21.5
1940,10,24,0,NULO,27.2,22
1940,10,25,0,NULO,27,23
1940,10,26,0,NULO,26.5,23.8
1940,10,27,0,NULO,27,24
1940,10,28,0,NULO,28,24
1940,10,29,0,NULO,28,24.5
1940,10,30,0,NULO,29,25.5
1940,10,31,0.1,NULO,29,25
1941,5,1,1.5,NULO,26.5,21
1941,5,2,0,NULO,27.5,20.5
1941,5,3,0,NULO,29.5,21
1941,5,4,0,NULO,30,21.8
1941,5,5,0.1,NULO,32,21
1941,5,6,0,NULO,30,20.5
1941,5,7,0,NULO,31,21
1941,5,8,0,NULO,32.5,22
1941,5,9,0,NULO,29.5,22.5
1941,5,10,0,NULO,28,21.5
1941,5,11,0,NULO,29,20
1941,5,12,0,NULO,32,20.5
1941,5,13,0,NULO,29,20.8
1941,5,14,0,NULO,29,20.5
1941,5,15,0,NULO,30,21
1941,5,16,0,NULO,29,22
1941,5,17,0,NULO,29,22
1941,5,18,25.2,NULO,30,22.3
1941,5,19,0,NULO,30,22.5
1941,5,20,0,NULO,30.5,23
1941,5,21,39,NULO,30,23
1941,5,22,0.1,NULO,29.5,21.5
1941,5,23,5.5,NULO,29,21
1941,5,24,42.5,NULO,29,21.5
1941,5,25,21,NULO,27.2,21
1941,5,26,0,NULO,27,20
1941,5,27,0,NULO,26,21
1941,5,28,2.5,NULO,28.2,21.5
1941,5,29,23.5,NULO,28.5,21
1941,5,30,12.2,NULO,29,20.5
1941,5,31,0,NULO,29,21
1941,9,1,0,NULO,29,21.5
1941,9,2,0,NULO,29,22
1941,9,3,0,NULO,30,22.5
1941,9,4,1.5,NULO,28,22.8
1941,9,5,12.5,NULO,26,21
1941,9,6,0.5,NULO,27,20.5
1941,9,7,5,NULO,27,21
1941,9,8,0.5,NULO,28.2,21.5
1941,9,9,0,NULO,29.5,22
1941,9,10,0.1,NULO,28,22.5
1941,9,11,11.5,NULO,28,21.5
1941,9,12,0,NULO,28,21
1941,9,13,0,NULO,28.5,21.5
1941,9,14,0,NULO,30,22
1941,9,15,0,NULO,29,22.4
1941,9,16,9,NULO,28.8,22
1941,9,17,1.5,NULO,28,21.5
1941,9,18,8.5,NULO,27,22
1941,9,19,80.5,NULO,29,21.5
1941,9,20,14,NULO,27,21.5
1941,9,21,0,NULO,28,21.5
1941,9,22,0,NULO,28,20.5
1941,9,23,0,NULO,28,22
1941,9,24,0,NULO,29,22.5
1941,9,25,112.5,NULO,26,22
1941,9,26,47,NULO,26,21
1941,9,27,15.5,NULO,27.5,21.4
1941,9,28,10,NULO,27,21
1941,9,29,61,NULO,26.5,21
1941,9,30,57.5,NULO,24.5,20.9
1941,10,1,4,NULO,26,20.5
1941,10,2,0.1,NULO,29,21
1941,10,3,5.5,NULO,29,21.5
1941,10,4,0,NULO,29,23.3
1941,10,5,3,NULO,27,22
1941,10,6,0,NULO,27,21.5
1941,10,7,0,NULO,28,22
1941,10,8,19.5,NULO,27.1,22
1941,10,9,2,NULO,27,21
1941,10,10,23.5,NULO,27,21
1941,10,11,3,NULO,26,20
1941,10,12,0.1,NULO,27,19.5
1941,10,13,0,NULO,30,20
1941,10,14,0,NULO,27,19.5
1941,10,15,0,NULO,27,20
1941,10,16,38,NULO,26,20.9
1941,10,17,0,NULO,24,19.5
1941,10,18,0,NULO,27,18.8
1941,10,19,0,NULO,27.2,18.6
1941,10,20,9.5,NULO,27.5,19.5
1941,10,21,0,NULO,27,20
1941,10,22,0,NULO,27,20
1941,10,23,0,NULO,27,20.5
1941,10,24,0,NULO,28,21
1941,10,25,25,NULO,27.8,21
1941,10,26,0,NULO,27.6,19.5
1941,10,27,0,NULO,27,21.5
1941,10,28,30,NULO,26,21
1941,10,29,10,NULO,27,20
1941,10,30,0,NULO,27,19.9
1941,10,31,164,NULO,27,19
1941,11,1,0,NULO,27.5,17
1941,11,2,0,NULO,24.5,17
1941,11,3,0,NULO,26.5,17.5
1941,11,4,1,NULO,27.8,20
1941,11,5,2.5,NULO,27.5,19
1941,11,6,0,NULO,22,18
1941,11,7,15.5,NULO,23,17
1941,11,8,0.3,NULO,19,15.6
1941,11,9,0,NULO,22,14
1941,11,10,0,NULO,23,14.5
1941,11,11,0.1,NULO,23,17
1941,11,12,0.1,NULO,20.2,16.5
1941,11,13,0,NULO,21,16
1941,11,14,0,NULO,23,16
1941,11,15,2.1,NULO,23,17
1941,11,16,0,NULO,23.5,17.5
1941,11,17,0,NULO,24,16.8
1941,11,18,0,NULO,25,17
1941,11,19,0,NULO,25.5,17
1941,11,20,0,NULO,25.5,17
1941,11,21,0,NULO,24.5,20.5
1941,11,22,0,NULO,25.5,20
1941,11,23,33.5,NULO,25.5,19
1941,11,24,1.5,NULO,16,12.5
1941,11,25,0,NULO,16.5,11.5
1941,11,26,2,NULO,18.5,12
1941,11,27,9.5,NULO,20.5,14.5
1941,11,28,7,NULO,21.8,15.5
1941,11,29,0,NULO,22.5,15.5
1941,11,30,0,NULO,22.3,16.5
1941,12,1,0,NULO,23,16.5
1941,12,2,0,NULO,23,15.5
1941,12,3,30,NULO,21,16
1941,12,4,0,NULO,22.5,14
1941,12,5,0,NULO,24,14.2
1941,12,6,2.5,NULO,21,17
1941,12,7,0,NULO,18,12.5
1941,12,8,0,NULO,18,12.5
1941,12,9,3,NULO,17,11.5
1941,12,10,0,NULO,20.5,11.5
1941,12,11,0,NULO,24,11.5
1941,12,12,0,NULO,23,17
1941,12,13,0,NULO,22,17.5
1941,12,14,4,NULO,19.5,16
1941,12,15,4,NULO,21,14.5
1941,12,16,2.5,NULO,20.5,15
1941,12,17,0,NULO,20.5,12.5
1941,12,18,0,NULO,22,13
1941,12,19,0.5,NULO,22,13.5
1941,12,20,0,NULO,22,13.5
1941,12,21,0,NULO,22,13.8
1941,12,22,0,NULO,24,14
1941,12,23,0,NULO,22,16
1941,12,24,0,NULO,22,14.5
1941,12,25,0,NULO,24.3,14
1941,12,26,0,NULO,24.5,14.5
1941,12,27,1,NULO,25,14.5
1941,12,28,0,NULO,24.5,14
1941,12,29,0,NULO,20,14
1941,12,30,0,NULO,23,14
1941,12,31,0,NULO,25,14
1942,1,1,0,NULO,25.5,14
1942,1,2,0,NULO,26,18
1942,1,3,0,NULO,18,14.5
1942,1,4,2.5,NULO,18.2,13
1942,1,5,6,NULO,17.5,13.5
1942,1,6,2,NULO,16.5,11.8
1942,1,7,2.5,NULO,16.5,11.6
1942,1,8,1.5,NULO,15.5,11.5
1942,1,9,4.5,NULO,19.5,11
1942,1,10,0.1,NULO,19.5,8.5
1942,1,11,0,NULO,19,12.5
1942,1,12,0,NULO,18,12.8
1942,1,13,0,NULO,19,11
1942,1,14,0.5,NULO,20,13.5
1942,1,15,9,NULO,20,13.5
1942,1,16,0,NULO,18.5,14
1942,1,17,0,NULO,20.5,13.8
1942,1,18,0,NULO,22,14
1942,1,19,7,NULO,20,14.5
1942,1,20,1,NULO,20,14
1942,1,21,0,NULO,20,11.5
1942,1,22,0,NULO,16.5,11.1
1942,1,23,0,NULO,19,10
1942,1,24,0,NULO,20.5,11
1942,1,25,0,NULO,21,12
1942,1,26,0,NULO,20.5,11
1942,1,27,0,NULO,22,12.4
1942,1,28,0,NULO,21.5,12
1942,1,29,0,NULO,22,15.8
1942,1,30,0,NULO,25,16
1942,1,31,2,NULO,25,15
1942,2,1,2,NULO,18,14.5
1942,2,2,1.5,NULO,20,14
1942,2,3,2.5,NULO,19.5,14
1942,2,4,0,NULO,21.2,14
1942,2,5,0,NULO,24,14.5
1942,2,6,0,NULO,26,16
1942,2,7,0.1,NULO,23,16.5
1942,2,8,0,NULO,24.5,17
1942,2,9,0,NULO,25,17
1942,2,10,2.5,NULO,25,17.5
1942,2,11,2.5,NULO,25,13
1942,2,12,0.6,NULO,25,11
1942,2,13,0,NULO,24.8,10.8
1942,2,14,0,NULO,26,11
1942,2,15,0,NULO,26,14.5
1942,2,16,0,NULO,25.8,16.5
1942,2,17,1.5,NULO,25,16
1942,2,18,12,NULO,26.5,16.5
1942,2,19,2.5,NULO,21,11.5
1942,2,20,2,NULO,26,9.5
1942,2,21,0.1,NULO,25.5,8.8
1942,2,22,0,NULO,22,8.5
1942,2,23,0,NULO,25,14
1942,2,24,3.5,NULO,25,14
1942,2,25,0,NULO,19.5,13.5
1942,2,26,0,NULO,22.2,13.5
1942,2,27,1.5,NULO,22.5,13
1942,2,28,0,NULO,19,13
1942,3,1,0,NULO,23.5,13
1942,3,2,0,NULO,20,12.5
1942,3,3,0,NULO,19.5,9.5
1942,3,4,0.1,NULO,22,10.2
1942,3,5,0,NULO,19,13
1942,3,6,0,NULO,21,10.5
1942,3,7,0,NULO,25,11.2
1942,3,8,0,NULO,17,12
1942,3,9,0,NULO,19.5,9
1942,3,10,0,NULO,27,10
1942,3,11,0,NULO,24.5,12
1942,3,12,0,NULO,26,14
1942,3,13,0,NULO,27,17
1942,3,14,0,NULO,28,17.5
1942,3,15,0,NULO,29,19
1942,3,16,0,NULO,30,19.5
1942,3,17,0,NULO,27.5,18
1942,3,18,0,NULO,26.5,19
1942,3,19,0,NULO,26,17
1942,3,20,0,NULO,29.5,17
1942,3,21,0,NULO,26,17.5
1942,3,22,0,NULO,21.5,14
1942,3,23,0,NULO,23.2,14
1942,3,24,0,NULO,28,15
1942,3,25,0,NULO,29,16
1942,3,26,0,NULO,30,16
1942,3,27,0.1,NULO,24,16.5
1942,3,28,0,NULO,19,14.5
1942,3,29,0,NULO,20,14
1942,3,30,31.5,NULO,22,14
1942,3,31,15,NULO,21,16
1942,4,1,1.5,NULO,19,15.5
1942,4,2,0,NULO,22,14.5
1942,4,3,0,NULO,22.5,15
1942,4,4,0.1,NULO,22.5,16.5
1942,4,5,0,NULO,26,17
1942,4,6,0,NULO,27,18.5
1942,4,7,0,NULO,28.5,20.5
1942,4,8,0,NULO,27,20.5
1942,4,9,0,NULO,26,19
1942,4,10,0,NULO,26,17
1942,4,11,0,NULO,26,15
1942,4,12,0,NULO,26.5,15
1942,4,13,0,NULO,26.5,15.5
1942,4,14,0,NULO,26.5,18.5
1942,4,15,0,NULO,26,19
1942,4,16,0,NULO,27,19
1942,4,17,0,NULO,26.3,20
1942,4,18,0,NULO,28.5,20
1942,4,19,0,NULO,29,20.5
1942,4,20,0,NULO,30,21
1942,4,21,0,NULO,28,21.5
1942,4,22,0.1,NULO,25,21
1942,4,23,0,NULO,26,20.5
1942,4,24,0,NULO,31,20.5
1942,4,25,0,NULO,30,21
1942,4,26,0,NULO,30.5,21
1942,4,27,0.1,NULO,29.2,21.2
1942,4,28,0,NULO,27.5,23
1942,4,29,0,NULO,28,21.8
1942,4,30,0,NULO,30,22
1942,5,1,0,NULO,30,22
1942,5,2,0,NULO,30,21.5
1942,5,3,0,NULO,31.5,21.5
1942,5,4,0,NULO,29.5,22.5
1942,5,5,0,NULO,29.8,22
1942,5,6,0,NULO,30.2,21
1942,5,7,0,NULO,29.5,21
1942,5,8,1.5,NULO,29,21
1942,5,9,0,NULO,28,21
1942,5,10,0,NULO,29.8,20.5
1942,5,11,0,NULO,31.5,21.3
1942,5,12,0,NULO,33.2,22.5
1942,5,13,0,NULO,34,23
1942,5,14,0,NULO,41,23.5
1942,5,15,1.5,NULO,33.5,24.5
1942,5,16,0,NULO,34,21
1942,5,17,0,NULO,35,21
1942,5,18,0,NULO,34.5,22.6
1942,5,19,0,NULO,34.5,22
1942,5,20,0,NULO,30,22
1942,5,21,9.5,NULO,30,21
1942,5,22,0,NULO,37,18.5
1942,5,23,0,NULO,33,19
1942,5,24,0,NULO,33,20.9
1942,5,25,0,NULO,33,21
1942,5,26,0,NULO,40,21.5
1942,5,27,0,NULO,41.8,21
1942,5,28,0,NULO,42.5,21
1942,5,29,0,NULO,41.5,21.2
1942,5,30,0,NULO,38,22
1942,5,31,0,NULO,34.5,22
1942,6,1,0,NULO,34,22
1942,6,2,0,NULO,34,22
1942,6,3,0,NULO,34.9,21
1942,6,4,1,NULO,35,22
1942,6,5,0,NULO,34.5,22.5
1942,6,6,0.1,NULO,38,23.5
1942,6,7,6.5,NULO,38,23
1942,6,8,0,NULO,37,23
1942,6,9,0,NULO,37.2,23.5
1942,6,10,0,NULO,37,24.5
1942,6,11,0,NULO,38,26
1942,6,12,0,NULO,38,25.2
1942,6,13,0,NULO,37.2,26
1942,6,14,0,NULO,37,25.4
1942,6,15,0,NULO,36.5,25
1942,6,16,0,NULO,36.8,25
1942,6,17,0,NULO,36.5,24.8
1942,6,18,0,NULO,34.5,24
1942,6,19,0,NULO,34,23
1942,6,20,0,NULO,32.9,24.5
1942,6,21,5.5,NULO,34,23
1942,6,22,23,NULO,34,23.5
1942,6,23,69,NULO,32,23
1942,6,24,2.5,NULO,32,22
1942,6,25,0.3,NULO,32,22
1942,6,26,0,NULO,32,23
1942,6,27,0,NULO,32,22.5
1942,6,28,33.5,NULO,31,21.8
1942,6,29,0,NULO,32,20
1942,6,30,0,NULO,32,20
1942,7,1,0,NULO,32,21
1942,7,2,21.5,NULO,33,21.5
1942,7,3,1.5,NULO,33,22.2
1942,7,4,3.5,NULO,30,22
1942,7,5,22.5,NULO,30.5,22
1942,7,6,8,NULO,32,22.5
1942,7,7,23,NULO,31,22
1942,7,8,0.1,NULO,32,22
1942,7,9,20,NULO,32,21.1
1942,7,10,0,NULO,32,21.5
1942,7,11,11.5,NULO,31,21.5
1942,7,12,9,NULO,29.5,22
1942,7,13,45,NULO,29,21
1942,7,14,0,NULO,31,21
1942,7,15,0,NULO,31.5,21
1942,7,16,0,NULO,33,21
1942,7,17,18.5,NULO,32.1,22
1942,7,18,0,NULO,32,22
1942,7,19,12.5,NULO,31.5,22
1942,7,20,18.5,NULO,30.5,21
1942,7,21,0,NULO,32.5,21.5
1942,7,22,0,NULO,32.5,21
1942,7,23,0,NULO,33,21
1942,7,24,0,NULO,38.5,22.5
1942,7,25,0,NULO,33.5,23
1942,7,26,0,NULO,33,23
1942,7,27,16,NULO,30.5,22
1942,7,28,0,NULO,36.5,20.5
1942,7,29,5,NULO,32,21.5
1942,7,30,0,NULO,32,22
1942,7,31,16,NULO,32,22
1942,8,1,10,NULO,30,21.5
1942,8,2,3,NULO,31,20
1942,8,3,0.1,NULO,31,20.5
1942,8,4,72.5,NULO,29,21.5
1942,8,5,11,NULO,29.5,19.9
1942,8,6,1.2,NULO,29.5,20
1942,8,7,0,NULO,32,21
1942,8,8,13.5,NULO,31.5,21
1942,8,9,0,NULO,31.5,21
1942,8,10,0,NULO,31,21.5
1942,8,11,0,NULO,33,20
1942,8,12,0,NULO,33.5,20
1942,8,13,0.1,NULO,34,20.5
1942,8,14,0,NULO,32.5,20.8
1942,8,15,0,NULO,34,20.5
1942,8,16,0,NULO,32,20.5
1942,8,17,0,NULO,33.8,20
1942,8,18,0,NULO,34,21
1942,8,19,0.1,NULO,34.5,20
1942,8,20,0,NULO,34,21
1942,8,21,0,NULO,35,21
1942,8,22,13.5,NULO,34,21
1942,8,23,3,NULO,33,20
1942,8,24,0,NULO,34,21
1942,8,25,2.5,NULO,32.5,21.5
1942,8,26,0,NULO,32.5,20.5
1942,8,27,0.1,NULO,34,20
1942,8,28,0,NULO,33.5,21
1942,8,29,0,NULO,34.5,20.5
1942,8,30,0,NULO,36.5,20.5
1942,8,31,0,NULO,35.5,22.3
1942,9,1,0,NULO,35.5,22
1942,9,2,0,NULO,33.5,21.5
1942,9,3,0,NULO,35,22
1942,9,4,0,NULO,34,22
1942,9,5,0.1,NULO,36,22
1942,9,6,0.1,NULO,35.5,22.5
1942,9,7,18,NULO,35.5,22
1942,9,8,38,NULO,32,21.5
1942,9,9,33,NULO,29.5,20
1942,9,10,26,NULO,30,19
1942,9,11,64,NULO,30,19
1942,9,12,10.5,NULO,30,19
1942,9,13,5,NULO,31,21
1942,9,14,7.5,NULO,29.5,21
1942,9,15,0,NULO,31.5,19
1942,9,16,0,NULO,31,21
1942,9,17,0,NULO,33,21
1942,9,18,0,NULO,34,26
1942,9,19,19.5,NULO,33,22
1942,9,20,18,NULO,33.5,21
1942,9,21,0.1,NULO,30,21
1942,9,22,50,NULO,30,18.5
1942,9,23,11.5,NULO,31,18
1942,9,24,0,NULO,30,19
1942,9,25,0,NULO,30,18.5
1942,9,26,0,NULO,32,18
1942,9,27,0.1,NULO,34,20
1942,9,28,0,NULO,34,21
1942,9,29,0,NULO,33,21
1942,9,30,0,NULO,34,21
1942,10,1,0,NULO,33,25
1942,10,2,0,NULO,33.5,24
1942,10,3,0,NULO,33,25
1942,10,4,0,NULO,31,23
1942,10,5,34,NULO,33,21.5
1942,10,6,12.5,NULO,30,21
1942,10,7,2.5,NULO,28,18
1942,10,8,0.1,NULO,31,17
1942,10,9,1,NULO,31,20
1942,10,10,0,NULO,33,19
1942,10,11,0,NULO,31,19
1942,10,12,0,NULO,31,18
1942,10,13,0,NULO,31,18
1942,10,14,0,NULO,31,19
1942,10,15,0,NULO,32,18
1942,10,16,0,NULO,31.5,19
1942,10,17,0,NULO,32,20
1942,10,18,0,NULO,32,20
1942,10,19,0,NULO,31,19
1942,10,20,0,NULO,31,18.5
1942,10,21,0,NULO,30.6,18
1942,10,22,0,NULO,32,18.5
1942,10,23,0,NULO,33.5,19.5
1942,10,24,0,NULO,33.8,20
1942,10,25,0,NULO,34,21
1942,10,26,0,NULO,33,21
1942,10,27,0,NULO,30.5,19.8
1942,10,28,0,NULO,33,19.5
1942,10,29,0,NULO,33,20
1942,10,30,0,NULO,35,20.5
1942,10,31,58,NULO,30.5,21.5
1942,11,1,0,NULO,28,18
1942,11,2,0,NULO,30,18
1942,11,3,0,NULO,31,18.5
1942,11,4,0,NULO,30,18.5
1942,11,5,0,NULO,31,19
1942,11,6,0,NULO,31,19.5
1942,11,7,0,NULO,29,18.5
1942,11,8,0,NULO,30,17
1942,11,9,0,NULO,30,17.5
1942,11,10,0.1,NULO,22,17.2
1942,11,11,0.1,NULO,23,13
1942,11,12,0,NULO,23,11
1942,11,13,0,NULO,25,11
1942,11,14,8.5,NULO,28,12.5
1942,11,15,0,NULO,27,16
1942,11,16,0,NULO,29,15.2
1942,11,17,0,NULO,28,15.2
1942,11,18,0,NULO,28.8,17.9
1942,11,19,0,NULO,27,18
1942,11,20,0,NULO,28,18.5
1942,11,21,14,NULO,30,18.5
1942,11,22,1,NULO,21.5,11
1942,11,23,0,NULO,23,11.8
1942,11,24,0,NULO,26,11.5
1942,11,25,0,NULO,29.5,12
1942,11,26,0.1,NULO,27,14.9
1942,11,27,0,NULO,22.8,13.8
1942,11,28,1,NULO,26,13
1942,11,29,0.1,NULO,27,13
1942,11,30,0,NULO,27,16
1942,12,1,0,NULO,31,15.5
1942,12,2,0,NULO,28.5,16
1942,12,3,0,NULO,30.5,16
1942,12,4,0,NULO,29.5,16.8
1942,12,5,0,NULO,29,17
1942,12,6,0.1,NULO,30,19
1942,12,7,0.1,NULO,25,17
1942,12,8,2.5,NULO,23,13
1942,12,9,0.5,NULO,23,13
1942,12,10,0,NULO,27,13
1942,12,11,15,NULO,26,15
1942,12,12,0.1,NULO,27,15
1942,12,13,3,NULO,24,13
1942,12,14,0,NULO,25,13
1942,12,15,0,NULO,26.5,14.5
1942,12,16,0,NULO,26,15
1942,12,17,0,NULO,25,13.5
1942,12,18,0,NULO,26.5,13
1942,12,19,0,NULO,28,13
1942,12,20,0,NULO,27,14
1942,12,21,0,NULO,28,15.5
1942,12,22,0,NULO,26,16
1942,12,23,0,NULO,29,16
1942,12,24,0,NULO,29.5,18
1942,12,25,0,NULO,30,17.5
1942,12,26,0,NULO,30,17
1942,12,27,0,NULO,26,16
1942,12,28,0,NULO,20.5,10
1942,12,29,0,NULO,24.5,10.5
1942,12,30,0,NULO,26,11
1942,12,31,0,NULO,26,12.5
1943,1,1,0,NULO,27,12
1943,1,2,0,NULO,27,13.5
1943,1,3,13.5,NULO,27.5,14.5
1943,1,4,20,NULO,27,14
1943,1,5,8,NULO,26,10
1943,1,6,4,NULO,24,11
1943,1,7,3.5,NULO,23.5,12
1943,1,8,1.5,NULO,20,12
1943,1,9,0.1,NULO,18,7.5
1943,1,10,0.5,NULO,20,7
1943,1,11,0,NULO,24,10
1943,1,12,0.5,NULO,25,12
1943,1,13,0,NULO,23,14.5
1943,1,14,0,NULO,25,14
1943,1,15,0,NULO,28,14
1943,1,16,0,NULO,31,14.5
1943,1,17,0.1,NULO,31,16.2
1943,1,18,0,NULO,24,16
1943,1,19,0,NULO,19,8.5
1943,1,20,0,NULO,24,8
1943,1,21,0,NULO,28,11.5
1943,1,22,0,NULO,28,13
1943,1,23,0,NULO,30,14
1943,1,24,0.1,NULO,28.5,16.8
1943,1,25,1.5,NULO,30.5,18
1943,1,26,0.1,NULO,25,17
1943,1,27,0,NULO,20.5,15
1943,1,28,0,NULO,21,9
1943,1,29,0,NULO,26,10.5
1943,1,30,4.5,NULO,26.5,12.5
1943,1,31,0.1,NULO,NULO,NULO
1943,2,1,0,NULO,26.8,16
1943,2,2,0,NULO,29,16
1943,2,3,0,NULO,29.5,17
1943,2,4,0,NULO,28,17
1943,2,5,0,NULO,31,17
1943,2,6,0,NULO,28,18
1943,2,7,0,NULO,27,15
1943,2,8,0,NULO,29,14.5
1943,2,9,0,NULO,29,15
1943,2,10,0,NULO,26.5,12
1943,2,11,0,NULO,22,11.5
1943,2,12,0,NULO,22.3,11.5
1943,2,13,0,NULO,22.5,10.5
1943,2,14,0,NULO,24,11.5
1943,2,15,0,NULO,25.2,11.8
1943,2,16,0,NULO,24.5,12
1943,2,17,0,NULO,25,13
1943,2,18,0,NULO,27,15
1943,2,19,0,NULO,28,16
1943,2,20,0,NULO,29,16
1943,2,21,0,NULO,31,16
1943,2,22,0,NULO,29.5,17
1943,2,23,0,NULO,31,17
1943,2,24,0,NULO,31.5,17
1943,2,25,0,NULO,30,17
1943,2,26,0.1,NULO,30,18
1943,2,27,55,NULO,24,18
1943,2,28,0,NULO,29,13
1943,3,1,0,NULO,30.5,14
1943,3,2,3.5,NULO,32.5,14
1943,3,3,0.1,NULO,24,16
1943,3,4,0,NULO,24,11
1943,3,5,0,NULO,31,11
1943,3,6,0,NULO,30,13
1943,3,7,0,NULO,24,13
1943,3,8,0.1,NULO,23,14
1943,3,9,0,NULO,27,13.5
1943,3,10,0,NULO,29,15
1943,3,11,0.1,NULO,31.5,15
1943,3,12,0,NULO,33,18
1943,3,13,0,NULO,31,18.5
1943,3,14,0,NULO,30,19
1943,3,15,0,NULO,33,18.3
1943,3,16,0,NULO,35,19
1943,3,17,0,NULO,30.2,19.5
1943,3,18,0,NULO,33,19.5
1943,3,19,0,NULO,36,19
1943,3,20,0.1,NULO,32.5,20.5
1943,3,21,0,NULO,26.5,18.5
1943,3,22,0.1,NULO,25,14.5
1943,3,23,0,NULO,25.5,14.2
1943,3,24,0,NULO,29,16
1943,3,25,0,NULO,30,17
1943,3,26,0,NULO,32,17.7
1943,3,27,0,NULO,32,17.5
1943,3,28,0,NULO,32,18
1943,3,29,0,NULO,31.7,18
1943,3,30,0,NULO,30,19
1943,3,31,0,NULO,32,18
1943,4,1,0,NULO,32,18
1943,4,2,0,NULO,31,18
1943,4,3,3.5,NULO,37.5,18
1943,4,4,12.5,NULO,28,17.8
1943,4,5,0,NULO,29.5,17
1943,4,6,0,NULO,29.5,17
1943,4,7,0,NULO,31,17
1943,4,8,0,NULO,34,17.2
1943,4,9,0,NULO,34.5,18
1943,4,10,0,NULO,34,19
1943,4,11,0,NULO,28,20
1943,4,12,0,NULO,38,20
1943,4,13,0,NULO,33.5,20.5
1943,4,14,5,NULO,27.5,21.5
1943,4,15,6.5,NULO,29,21.8
1943,4,16,0,NULO,33,24
1943,4,17,0,NULO,35,19
1943,4,18,0,NULO,33,20
1943,4,19,0,NULO,31,20.2
1943,4,20,0,NULO,31,20.5
1943,4,21,0,NULO,33,17.5
1943,4,22,0,NULO,34.5,19
1943,4,23,0,NULO,35.2,20.5
1943,4,24,0,NULO,34.5,21
1943,4,25,0,NULO,34.5,21.5
1943,4,26,0,NULO,34,20.5
1943,4,27,0,NULO,34,21
1943,4,28,0,NULO,32,21.5
1943,4,29,0,NULO,29,20
1943,4,30,57.5,NULO,31,18.5
1943,5,1,0.1,NULO,29,18.5
1943,5,2,0,NULO,31,17.5
1943,5,3,0,NULO,32,18.5
1943,5,4,0,NULO,32,20
1943,5,5,0,NULO,33,20.5
1943,5,6,0,NULO,34,21
1943,5,7,0,NULO,34,22
1943,5,8,0,NULO,36,22.5
1943,5,9,0,NULO,36,23
1943,5,10,0.1,NULO,37.5,22.5
1943,5,11,0,NULO,35.5,22
1943,5,12,0,NULO,36.5,22.5
1943,5,13,0,NULO,36,22
1943,5,14,0,NULO,35.5,22.5
1943,5,15,0,NULO,37,23
1943,5,16,0,NULO,37,23
1943,5,17,0,NULO,36,23
1943,5,18,0,NULO,35,22.5
1943,5,19,0,NULO,35,23
1943,5,20,0.1,NULO,34,21
1943,5,21,0,NULO,34,21
1943,5,22,0.1,NULO,36,22
1943,5,23,0,NULO,35.8,22.5
1943,5,24,25,NULO,36.5,23
1943,5,25,0,NULO,36.5,22
1943,5,26,0,NULO,36.5,22
1943,5,27,0.1,NULO,36,21
1943,5,28,0,NULO,35,22
1943,5,29,0,NULO,35,22
1943,5,30,0,NULO,35,22
1943,5,31,10,NULO,34,22
1943,6,1,0,NULO,37.5,22
1943,6,2,0,NULO,38,22
1943,6,3,0.1,NULO,39,23
1943,6,4,0,NULO,39,24
1943,6,5,1.5,NULO,40,22
1943,6,6,0.5,NULO,34,21
1943,6,7,5,NULO,34,21.5
1943,6,8,0.1,NULO,33,20.5
1943,6,9,3,NULO,33,19.5
1943,6,10,0,NULO,34,20
1943,6,11,0,NULO,34,21
1943,6,12,0,NULO,36,21
1943,6,13,0,NULO,35,22
1943,6,14,2.5,NULO,32,22.5
1943,6,15,11,NULO,32,21
1943,6,16,25,NULO,32,20
1943,6,17,14,NULO,31,19.7
1943,6,18,9.5,NULO,28,19.5
1943,6,19,22.5,NULO,30.5,19.5
1943,6,20,9,NULO,32,19
1943,6,21,0,NULO,33,19.5
1943,6,22,0,NULO,33.5,21
1943,6,23,0,NULO,33,21.5
1943,6,24,0,NULO,33,21
1943,6,25,0.1,NULO,32,21.5
1943,6,26,0,NULO,31.8,20
1943,6,27,0,NULO,32,20.8
1943,6,28,0,NULO,34,21
1943,6,29,0,NULO,35,21
1943,6,30,0,NULO,36,22
1943,7,1,0,NULO,35,22.5
1943,7,2,0,NULO,33,22
1943,7,3,0,NULO,34,21
1943,7,4,0,NULO,34,20
1943,7,5,0,NULO,34,20.5
1943,7,6,0,NULO,34,21
1943,7,7,0,NULO,36,21
1943,7,8,0,NULO,36,21.5
1943,7,9,0,NULO,36,22
1943,7,10,0,NULO,35,22.5
1943,7,11,0,NULO,36,22.5
1943,7,12,0,NULO,34.5,23
1943,7,13,0,NULO,34,23
1943,7,14,40,NULO,34,21
1943,7,15,30,NULO,35,21
1943,7,16,0.1,NULO,35,21
1943,7,17,0,NULO,36,21.5
1943,7,18,0,NULO,36,22
1943,7,19,0,NULO,35,23
1943,7,20,0,NULO,36,23
1943,7,21,0,NULO,35.4,24
1943,7,22,0.1,NULO,35,22.5
1943,7,23,0,NULO,36,22.5
1943,7,24,0,NULO,36,22.5
1943,7,25,0,NULO,36,23
1943,7,26,0,NULO,37,22
1943,7,27,0,NULO,36,22.5
1943,7,28,0,NULO,37,23
1943,7,29,0,NULO,36,24
1943,7,30,0,NULO,36,21
1943,7,31,0.1,NULO,37,22
1943,8,1,0,NULO,35,22.5
1943,8,2,0,NULO,33,22
1943,8,3,0,NULO,34,21
1943,8,4,0,NULO,34,20
1943,8,5,0,NULO,34,20.5
1943,8,6,0,NULO,34,21
1943,8,7,0,NULO,36,21
1943,8,8,0,NULO,36,21.5
1943,8,9,0,NULO,36,22
1943,8,10,0,NULO,35.5,22.5
1943,8,11,0,NULO,36,22.5
1943,8,12,0,NULO,34.5,23
1943,8,13,4,NULO,34,23
1943,8,14,3,NULO,34,21
1943,8,15,0.1,NULO,35,21
1943,8,16,0,NULO,35,21
1943,8,17,0,NULO,36,21.5
1943,8,18,0,NULO,36,22
1943,8,19,0,NULO,35,23
1943,8,20,0,NULO,36,23
1943,8,21,0,NULO,35.4,22
1943,8,22,0.1,NULO,35,22.5
1943,8,23,0,NULO,36,22.5
1943,8,24,0,NULO,36,22.5
1943,8,25,0,NULO,37,23
1943,8,26,0,NULO,37,22
1943,8,27,0,NULO,36,22.5
1943,8,28,0,NULO,37,23
1943,8,29,0,NULO,36,24
1943,8,30,0,NULO,36,21
1943,8,31,0.1,NULO,37,22
1943,9,1,0,NULO,36,22.3
1943,9,2,0,NULO,37,23.5
1943,9,3,0,NULO,36.5,23
1943,9,4,0,NULO,37,23
1943,9,5,0,NULO,37.5,23.5
1943,9,6,0,NULO,36,24
1943,9,7,9,NULO,35,22
1943,9,8,0,NULO,34.5,21
1943,9,9,0.5,NULO,34.5,22
1943,9,10,19.5,NULO,35,21.5
1943,9,11,37.5,NULO,36.5,21
1943,9,12,5,NULO,33,20.9
1943,9,13,9,NULO,31.5,20
1943,9,14,8,NULO,32,19.5
1943,9,15,9,NULO,32,20
1943,9,16,15,NULO,32.5,20
1943,9,17,1,NULO,30,21
1943,9,18,0,NULO,31,20
1943,9,19,0,NULO,33,20
1943,9,20,0,NULO,32.5,20.2
1943,9,21,0,NULO,33.5,21
1943,9,22,0,NULO,34.5,21
1943,9,23,0,NULO,34,21.5
1943,9,24,0,NULO,34,21
1943,9,25,0,NULO,34,22
1943,9,26,0,NULO,34.5,22
1943,9,27,23.5,NULO,34,22
1943,9,28,13,NULO,31,21
1943,9,29,0,NULO,33,21
1943,9,30,0,NULO,34,21
1943,10,1,0.1,NULO,34,21
1943,10,2,9.5,NULO,32,19
1943,10,3,2.5,NULO,30,18
1943,10,4,0,NULO,30,18
1943,10,5,6,NULO,29.8,18
1943,10,6,0,NULO,29,17.8
1943,10,7,0,NULO,29,17.5
1943,10,8,0,NULO,30,16.5
1943,10,9,0,NULO,30,17
1943,10,10,1,NULO,31,18
1943,10,11,0,NULO,30,18.5
1943,10,12,0,NULO,33,19
1943,10,13,88.5,NULO,32,20.5
1943,10,14,3.5,NULO,28,18
1943,10,15,0,NULO,29.5,18
1943,10,16,0,NULO,30,18
1943,10,17,0.1,NULO,30,17
1943,10,18,0,NULO,30,17.5
1943,10,19,0,NULO,30,18.5
1943,10,20,0,NULO,31,18.5
1943,10,21,0,NULO,31.8,18
1943,10,22,0,NULO,31.8,19
1943,10,23,0,NULO,32,14.5
1943,10,24,20.7,NULO,32,20
1943,10,25,0,NULO,29,19
1943,10,26,0,NULO,27.5,15
1943,10,27,0,NULO,28.9,15.5
1943,10,28,0,NULO,28,15
1943,10,29,0,NULO,30,15.5
1943,10,30,0,NULO,31,16
1943,10,31,0,NULO,31,17.3
1943,11,1,0,NULO,31.5,16
1943,11,2,25.5,NULO,31.5,19
1943,11,3,13.5,NULO,27,18
1943,11,4,0,NULO,30,17
1943,11,5,0,NULO,30.5,18.5
1943,11,6,0,NULO,31,19
1943,11,7,0,NULO,31.8,18
1943,11,8,0,NULO,24,15
1943,11,9,0,NULO,24.5,13
1943,11,10,0,NULO,24.5,13
1943,11,11,0,NULO,25,13.5
1943,11,12,0,NULO,24,14
1943,11,13,0,NULO,26.4,15
1943,11,14,6.5,NULO,26.8,15.2
1943,11,15,0,NULO,27,16
1943,11,16,20.5,NULO,25.5,17
1943,11,17,1.5,NULO,24,15
1943,11,18,0,NULO,25,14.5
1943,11,19,0,NULO,26,15
1943,11,20,0,NULO,26.5,14
1943,11,21,0,NULO,27,14
1943,11,22,0,NULO,27,14.5
1943,11,23,2.5,NULO,26,15.5
1943,11,24,0.1,NULO,25.5,16
1943,11,25,0,NULO,25,15
1943,11,26,0,NULO,27.5,15.5
1943,11,27,6,NULO,28,15.5
1943,11,28,0,NULO,21.5,12
1943,11,29,0,NULO,22,11.5
1943,11,30,1,NULO,22,13
1943,12,1,7,NULO,25,13.5
1943,12,2,1,NULO,26,13.5
1943,12,3,14,NULO,29,15.5
1943,12,4,5,NULO,23.5,14.5
1943,12,5,0.1,NULO,26,14.5
1943,12,6,1,NULO,27.5,16
1943,12,7,0,NULO,29,17
1943,12,8,0,NULO,29.5,17
1943,12,9,0,NULO,29,17
1943,12,10,1.5,NULO,29.5,17.8
1943,12,11,6,NULO,26.5,15
1943,12,12,0,NULO,26,14
1943,12,13,0,NULO,27,13.5
1943,12,14,8.2,NULO,28,16
1943,12,15,0.7,NULO,22,14.5
1943,12,16,5,NULO,21.5,10
1943,12,17,3,NULO,21.5,9
1943,12,18,10.5,NULO,20.3,8.5
1943,12,19,0,NULO,22.8,8.3
1943,12,20,0,NULO,24,11.5
1943,12,21,0,NULO,25.5,11
1943,12,22,0,NULO,25.5,13
1943,12,23,1.5,NULO,25.5,14
1943,12,24,2.5,NULO,23,13.5
1943,12,25,11.5,NULO,20,11.5
1943,12,26,0,NULO,22,12
1943,12,27,0,NULO,26,12.5
1943,12,28,0,NULO,24,14
1943,12,29,0,NULO,23.5,12
1943,12,30,0,NULO,23,11.7
1943,12,31,0,NULO,27,11
1944,1,1,0,NULO,26,13
1944,1,2,0,NULO,24,12
1944,1,3,0,NULO,24,13
1944,1,4,0,NULO,27,12.6
1944,1,5,0,NULO,24,15
1944,1,6,0,NULO,25,14
1944,1,7,0,NULO,24,14.5
1944,1,8,0.3,NULO,25,15
1944,1,9,0,NULO,18,10
1944,1,10,0,NULO,20,9
1944,1,11,0,NULO,24,8.5
1944,1,12,0.1,NULO,26,10
1944,1,13,10,NULO,20,13
1944,1,14,0,NULO,18,7.5
1944,1,15,0,NULO,22,7
1944,1,16,0,NULO,29.5,7
1944,1,17,0,NULO,20,12.5
1944,1,18,0,NULO,22,10.5
1944,1,19,0,NULO,23,10
1944,1,20,0,NULO,25,10.5
1944,1,21,0,NULO,25,10
1944,1,22,0,NULO,25.5,11
1944,1,23,0,NULO,26,11.5
1944,1,24,0,NULO,27,13
1944,1,25,0,NULO,28,13
1944,1,26,0,NULO,28,13
1944,1,27,0,NULO,27,13
1944,1,28,0,NULO,26,16
1944,1,29,0,NULO,27,16
1944,1,30,0,NULO,28,16
1944,1,31,0,NULO,27.5,17
1944,2,1,0,NULO,27,17
1944,2,2,0,NULO,27,17
1944,2,3,8,NULO,27,16
1944,2,4,4.5,NULO,28,16.5
1944,2,5,0,NULO,27.5,15
1944,2,6,0,NULO,25.5,15
1944,2,7,0,NULO,28,16
1944,2,8,0,NULO,27,16.5
1944,2,9,0,NULO,31,16
1944,2,10,0,NULO,32.3,18
1944,2,11,0.3,NULO,27,18
1944,2,12,0,NULO,20,11
1944,2,13,0,NULO,25,10.8
1944,2,14,0,NULO,28,12.5
1944,2,15,0,NULO,29,14
1944,2,16,0,NULO,30,14.5
1944,2,17,0,NULO,29,17
1944,2,18,0,NULO,30,18
1944,2,19,0.1,NULO,30,18
1944,2,20,3.5,NULO,26,17.5
1944,2,21,0,NULO,27.5,16.5
1944,2,22,0,NULO,31,16
1944,2,23,0,NULO,30,18
1944,2,24,0,NULO,32,18.5
1944,2,25,0,NULO,34,19
1944,2,26,0,NULO,34.5,20
1944,2,27,0,NULO,31,20.5
1944,2,28,0,NULO,33,20
1944,2,29,0,NULO,29,18
1944,3,1,0,NULO,28,17
1944,3,2,0,NULO,29.5,16
1944,3,3,0,NULO,32,16.5
1944,3,4,0,NULO,33,18.2
1944,3,5,0,NULO,35,20
1944,3,6,0,NULO,35.2,20.5
1944,3,7,0,NULO,28,19
1944,3,8,4,NULO,24,16.5
1944,3,9,1,NULO,23.6,16
1944,3,10,1,NULO,25,15
1944,3,11,0,NULO,31,15.5
1944,3,12,0,NULO,33,15.5
1944,3,13,0,NULO,33,15.3
1944,3,14,0.1,NULO,32,20
1944,3,15,0,NULO,30.5,20
1944,3,16,0,NULO,32,20
1944,3,17,0,NULO,33,20.5
1944,3,18,0,NULO,35,17
1944,3,19,0,NULO,31,20.5
1944,3,20,0,NULO,32,19
1944,3,21,0,NULO,30,17.5
1944,3,22,6,NULO,30,18
1944,3,23,0,NULO,35,14
1944,3,24,0,NULO,30,16
1944,3,25,0,NULO,34.5,16
1944,3,26,0,NULO,36,16
1944,3,27,0,NULO,37,21
1944,3,28,0.1,NULO,37,22.5
1944,3,29,0,NULO,26.5,11
1944,3,30,0,NULO,27,13.5
1944,3,31,0,NULO,29,13
1944,4,1,0,NULO,33,12.7
1944,4,2,19,NULO,38.5,13
1944,4,3,7.5,NULO,26,18.5
1944,4,4,0,NULO,25,14.5
1944,4,5,0,NULO,28.8,14
1944,4,6,0,NULO,29.5,15.2
1944,4,7,0,NULO,32,15
1944,4,8,0,NULO,33,18.5
1944,4,9,0,NULO,36,19.5
1944,4,10,0,NULO,38.5,20
1944,4,11,0,NULO,35,21.8
1944,4,12,0,NULO,33,18
1944,4,13,0,NULO,34,18.5
1944,4,14,0,NULO,37,20
1944,4,15,0,NULO,39,19.5
1944,4,16,0,NULO,38,19.5
1944,4,17,0,NULO,35.5,21.5
1944,4,18,0,NULO,34,22
1944,4,19,0,NULO,37,23
1944,4,20,0,NULO,37,23
1944,4,21,0,NULO,38,23
1944,4,22,0,NULO,40,23
1944,4,23,0,NULO,36.5,23.5
1944,4,24,0,NULO,37,22
1944,4,25,0,NULO,37,21
1944,4,26,0,NULO,37,22
1944,4,27,22.5,NULO,35,20
1944,4,28,0,NULO,33,22
1944,4,29,0,NULO,34.5,22
1944,4,30,0,NULO,34.5,22.5
1944,5,1,0,NULO,35.5,22.5
1944,5,2,0,NULO,38,22.5
1944,5,3,0,NULO,36.5,23
1944,5,4,0.1,NULO,36.5,23.5
1944,5,5,0,NULO,36,18
1944,5,6,0,NULO,32,17
1944,5,7,0,NULO,34,17.5
1944,5,8,0,NULO,35,17.8
1944,5,9,0,NULO,29.5,21
1944,5,10,0,NULO,34,22
1944,5,11,0,NULO,33,21.7
1944,5,12,4.5,NULO,30,19.5
1944,5,13,0,NULO,30,19
1944,5,14,0,NULO,31.2,18.8
1944,5,15,0,NULO,33,18
1944,5,16,0,NULO,34,19
1944,5,17,0,NULO,37,20
1944,5,18,0,NULO,37.5,21.5
1944,5,19,0,NULO,37,21
1944,5,20,0,NULO,37,22
1944,5,21,0,NULO,38,24
1944,5,22,0,NULO,39,24
1944,5,23,0.1,NULO,36,25
1944,5,24,0,NULO,38,24.5
1944,5,25,32,NULO,37,23
1944,5,26,14.5,NULO,36.5,23
1944,5,27,0,NULO,34,22
1944,5,28,0,NULO,35,21.6
1944,5,29,0,NULO,34,22
1944,5,30,0,NULO,35.5,22
1944,5,31,0,NULO,35,22
1944,6,1,0,NULO,35.5,23
1944,6,2,0,NULO,34,23
1944,6,3,0,NULO,37.5,23.5
1944,6,4,0,NULO,38,23.5
1944,6,5,0,NULO,36,24
1944,6,6,23.5,NULO,32.5,23.8
1944,6,7,0,NULO,33,22
1944,6,8,0,NULO,35.2,22
1944,6,9,5,NULO,35,22
1944,6,10,25,NULO,32,23.5
1944,6,11,38,NULO,30.5,21.8
1944,6,12,2.5,NULO,37,22
1944,6,13,19,NULO,31,22
1944,6,14,5,NULO,31.5,22
1944,6,15,0,NULO,30,21.8
1944,6,16,15,NULO,33,21
1944,6,17,13,NULO,33,21
1944,6,18,0.1,NULO,32,21.5
1944,6,19,0.3,NULO,33,22.2
1944,6,20,13.5,NULO,33.5,22
1944,6,21,6.5,NULO,33.5,21.5
1944,6,22,0.5,NULO,32,21.9
1944,6,23,0,NULO,34.2,22
1944,6,24,0,NULO,35,22.5
1944,6,25,1,NULO,35.5,23
1944,6,26,0,NULO,34.5,22.2
1944,6,27,0,NULO,35,23
1944,6,28,0,NULO,36,23
1944,6,29,5.5,NULO,33.5,22.5
1944,6,30,8.5,NULO,34,22
1944,7,1,0,NULO,32,21.5
1944,7,2,23.5,NULO,32,21.5
1944,7,3,8.5,NULO,32,21
1944,7,4,7,NULO,32,22
1944,7,5,12.5,NULO,32.5,22
1944,7,6,12.5,NULO,32,22
1944,7,7,0,NULO,33,21.8
1944,7,8,0,NULO,33.5,22.5
1944,7,9,0,NULO,33,22
1944,7,10,0,NULO,34,22
1944,7,11,0,NULO,34,22.6
1944,7,12,0,NULO,35,22
1944,7,13,0,NULO,35,22.5
1944,7,14,0,NULO,34.5,22
1944,7,15,8.5,NULO,33,22
1944,7,16,0.1,NULO,34.9,22
1944,7,17,27.5,NULO,34.8,21.9
1944,7,18,2.5,NULO,33.5,21
1944,7,19,0.1,NULO,33,21
1944,7,20,0,NULO,34,21.2
1944,7,21,0,NULO,34,22
1944,7,22,2.5,NULO,35,22.5
1944,7,23,0,NULO,35,22
1944,7,24,0.1,NULO,36,22
1944,7,25,0.5,NULO,36,21
1944,7,26,0,NULO,39,23
1944,7,27,0,NULO,35.2,24.5
1944,7,28,0,NULO,34,23
1944,7,29,0,NULO,35.9,22.5
1944,7,30,0,NULO,36.1,23
1944,7,31,10,NULO,36,23
1944,8,1,68,NULO,36,24
1944,8,2,1,NULO,33.5,23
1944,8,3,0,NULO,34,22.5
1944,8,4,2.5,NULO,37,22
1944,8,5,9.5,NULO,34,23
1944,8,6,2,NULO,33,23
1944,8,7,0.1,NULO,33.5,22
1944,8,8,28.5,NULO,33.5,21.9
1944,8,9,10,NULO,33,21
1944,8,10,6,NULO,34,21.5
1944,8,11,6.5,NULO,32.5,21
1944,8,12,0.1,NULO,33,21.5
1944,8,13,0,NULO,34,22
1944,8,14,0,NULO,34.5,22
1944,8,15,0,NULO,34,22.2
1944,8,16,0,NULO,34.5,22.6
1944,8,17,0.1,NULO,34,22.4
1944,8,18,22.5,NULO,34,22.4
1944,8,19,5.5,NULO,34,21
1944,8,20,14.5,NULO,34.8,21.4
1944,8,21,0.1,NULO,34.5,21
1944,8,22,1,NULO,34.5,22.5
1944,8,23,67.5,NULO,34.5,22
1944,8,24,27,NULO,35,21
1944,8,25,0.1,NULO,36.5,21.5
1944,8,26,0,NULO,31.5,21.1
1944,8,27,4.5,NULO,31,22
1944,8,28,29.5,NULO,30.5,21.5
1944,8,29,3.7,NULO,30,21
1944,8,30,0.7,NULO,31.4,21.6
1944,8,31,15,NULO,32.5,21.9
1944,9,1,0,NULO,32.5,21
1944,9,2,0.1,NULO,32.5,21
1944,9,3,8,NULO,32,21.5
1944,9,4,3,NULO,31.5,21
1944,9,5,5.5,NULO,29,21
1944,9,6,28,NULO,31,21.5
1944,9,7,6,NULO,30,21
1944,9,8,12.5,NULO,30,20.4
1944,9,9,0.1,NULO,30,21.2
1944,9,10,0.1,NULO,31,20
1944,9,11,31.5,NULO,29,21
1944,9,12,23.7,NULO,29.5,20.5
1944,9,13,3,NULO,31,20
1944,9,14,0,NULO,32.5,20
1944,9,15,0,NULO,31,21
1944,9,16,14,NULO,32,21
1944,9,17,0,NULO,32.5,20
1944,9,18,0,NULO,32.8,21
1944,9,19,2.6,NULO,31,21
1944,9,20,6.5,NULO,28,21.5
1944,9,21,206,NULO,29.5,21
1944,9,22,90,NULO,31,20.5
1944,9,23,40,NULO,28,20
1944,9,24,75.7,NULO,28.5,19.9
1944,9,25,39.5,NULO,28,19
1944,9,26,0,NULO,31,19
1944,9,27,0,NULO,33,19.5
1944,9,28,52.2,NULO,33,22
1944,9,29,0,NULO,33,22
1944,9,30,0,NULO,33,21.5
1944,10,1,0,NULO,33.2,21.2
1944,10,2,0,NULO,33,21.5
1944,10,3,0,NULO,33,21
1944,10,4,0,NULO,33,21.2
1944,10,5,0,NULO,33,21
1944,10,6,13.5,NULO,32.5,21
1944,10,7,14.5,NULO,32.5,21
1944,10,8,3.5,NULO,30,21
1944,10,9,46.5,NULO,28.8,20.5
1944,10,10,0,NULO,30,19.5
1944,10,11,0,NULO,30,19
1944,10,12,0,NULO,30,17.5
1944,10,13,0,NULO,29,18
1944,10,14,0,NULO,29.9,13
1944,10,15,0,NULO,29.5,17.8
1944,10,16,0,NULO,29,16.5
1944,10,17,0,NULO,29.5,16
1944,10,18,0,NULO,28,16
1944,10,19,0,NULO,28.5,16.5
1944,10,20,0,NULO,29.5,16
1944,10,21,0,NULO,30,16.5
1944,10,22,0,NULO,29.5,16.5
1944,10,23,0,NULO,29.5,16
1944,10,24,0,NULO,29.5,17
1944,10,25,0,NULO,29.5,19
1944,10,26,0.1,NULO,27,17
1944,10,27,11.5,NULO,25.5,17
1944,10,28,5,NULO,26,17
1944,10,29,0,NULO,27,16
1944,10,30,0,NULO,27,15
1944,10,31,0.1,NULO,28,16.1
1944,11,1,0,NULO,29,17
1944,11,2,0,NULO,30,17
1944,11,3,0.1,NULO,30,17
1944,11,4,3.5,NULO,29,17
1944,11,5,0,NULO,28.5,17
1944,11,6,0,NULO,29.5,17
1944,11,7,0,NULO,30.8,17
1944,11,8,0,NULO,32,19.5
1944,11,9,0.1,NULO,28,20.5
1944,11,10,0,NULO,29,18.5
1944,11,11,0,NULO,30.5,18.8
1944,11,12,0,NULO,31,18.5
1944,11,13,0,NULO,30.5,19
1944,11,14,0,NULO,30.9,18.5
1944,11,15,0,NULO,29.5,18.5
1944,11,16,7,NULO,26,19.5
1944,11,17,9.5,NULO,24.2,18.5
1944,11,18,1,NULO,24,15
1944,11,19,0.1,NULO,21.8,15
1944,11,20,7,NULO,20,13.5
1944,11,21,6,NULO,22,12
1944,11,22,6.4,NULO,24.5,11
1944,11,23,2.5,NULO,26.1,12
1944,11,24,0,NULO,28,14.5
1944,11,25,0,NULO,24.9,16.5
1944,11,26,0,NULO,22,17
1944,11,27,0.1,NULO,26,14
1944,11,28,0,NULO,28,14.1
1944,11,29,0,NULO,23.8,14.5
1944,11,30,0,NULO,24,10.1
1944,12,1,0.1,NULO,28,18
1944,12,2,8.5,NULO,25,11
1944,12,3,3,NULO,25,16
1944,12,4,0,NULO,27,16.5
1944,12,5,0.1,NULO,27,16
1944,12,6,0,NULO,19.8,11
1944,12,7,0,NULO,23.9,9
1944,12,8,0,NULO,24.5,10
1944,12,9,0,NULO,26,10.9
1944,12,10,8,NULO,25.5,10
1944,12,11,0,NULO,17.1,9
1944,12,12,0,NULO,27,7
1944,12,13,0,NULO,21.5,8.5
1944,12,14,0,NULO,22.5,9
1944,12,15,0,NULO,24,8
1944,12,16,0,NULO,25,9.5
1944,12,17,0,NULO,26,12
1944,12,18,37.5,NULO,27,13
1944,12,19,19,NULO,19,11.5
1944,12,20,0,NULO,21.5,10.8
1944,12,21,0,NULO,21,11.2
1944,12,22,4,NULO,23,16
1944,12,23,0.1,NULO,25,13
1944,12,24,1,NULO,28,13.5
1944,12,25,0.1,NULO,27,16
1944,12,26,1,NULO,26,15.5
1944,12,27,0,NULO,27,16
1944,12,28,2,NULO,27,17
1944,12,29,0,NULO,25,16
1944,12,30,0,NULO,25,15.5
1944,12,31,0,NULO,27,15
1945,1,1,0,NULO,28,12.5
1945,1,2,0,NULO,22.5,9.5
1945,1,3,0,NULO,25,10.5
1945,1,4,0,NULO,26.5,13
1945,1,5,0,NULO,27,16
1945,1,6,0,NULO,28,16
1945,1,7,0,NULO,29,16
1945,1,8,0,NULO,27,15
1945,1,9,0,NULO,25.5,14.5
1945,1,10,0,NULO,24,14.2
1945,1,11,0,NULO,26,14
1945,1,12,0,NULO,28,15
1945,1,13,0,NULO,27,16
1945,1,14,0,NULO,27,16
1945,1,15,0,NULO,26.5,14
1945,1,16,0,NULO,25,13.8
1945,1,17,0,NULO,26.5,14
1945,1,18,0,NULO,29,15
1945,1,19,0,NULO,26.5,16
1945,1,20,0,NULO,28,16
1945,1,21,0.1,NULO,30,16
1945,1,22,12.5,NULO,21.5,16.5
1945,1,23,0,NULO,25,12.1
1945,1,24,0,NULO,24.9,12.5
1945,1,25,0,NULO,27,12.2
1945,1,26,2.5,NULO,25.5,14
1945,1,27,0,NULO,28.5,16.5
1945,1,28,0,NULO,27,16.5
1945,1,29,4,NULO,24,16
1945,1,30,9.5,NULO,21.5,13
1945,1,31,0,NULO,22,11
1945,2,1,0,NULO,22.5,13
1945,2,2,0,NULO,26.5,13
1945,2,3,0,NULO,27,14.5
1945,2,4,0,NULO,28,16.5
1945,2,5,3,NULO,28.5,17
1945,2,6,0,NULO,26.5,13.5
1945,2,7,0,NULO,27.6,14
1945,2,8,0,NULO,26,14.5
1945,2,9,0,NULO,28,12.5
1945,2,10,0,NULO,31,13
1945,2,11,0,NULO,28,15
1945,2,12,0,NULO,29,17
1945,2,13,0,NULO,30,17
1945,2,14,0,NULO,30,17.5
1945,2,15,0,NULO,34.5,17
1945,2,16,0,NULO,30.5,18
1945,2,17,0.1,NULO,30,17.8
1945,2,18,0,NULO,31,18.5
1945,2,19,0,NULO,30,19.5
1945,2,20,0,NULO,31,18.5
1945,2,21,0,NULO,24.5,18.5
1945,2,22,0,NULO,25.5,17
1945,2,23,0,NULO,24.5,13
1945,2,24,0,NULO,25.5,13
1945,2,25,0,NULO,29.5,15
1945,2,26,0,NULO,29.5,16
1945,2,27,0,NULO,29,12.5
1945,2,28,0,NULO,23.5,15
1945,3,1,0,NULO,29.5,14
1945,3,2,0,NULO,31.5,14.3
1945,3,3,0,NULO,33,17
1945,3,4,0,NULO,33,18
1945,3,5,0,NULO,32.5,18.5
1945,3,6,0,NULO,32,19.5
1945,3,7,0,NULO,30,18
1945,3,8,0,NULO,31.4,18
1945,3,9,0,NULO,31,18.5
1945,3,10,0,NULO,31,18
1945,3,11,0,NULO,31.5,18
1945,3,12,0,NULO,32,18
1945,3,13,0,NULO,31.5,19
1945,3,14,0,NULO,32,19
1945,3,15,0,NULO,37,20.5
1945,3,16,0,NULO,35,21
1945,3,17,0,NULO,33,20.5
1945,3,18,0,NULO,36,18
1945,3,19,0,NULO,35,16
1945,3,20,26.5,NULO,34.5,14.8
1945,3,21,0,NULO,32,15
1945,3,22,0,NULO,29,15
1945,3,23,0,NULO,32.5,19
1945,3,24,0,NULO,32,17.5
1945,3,25,0,NULO,31.8,20
1945,3,26,0,NULO,32.5,15
1945,3,27,0,NULO,32.5,17.5
1945,3,28,0,NULO,34,20
1945,3,29,0,NULO,34.5,21.5
1945,3,30,0,NULO,35.5,22
1945,3,31,0,NULO,36.5,22
1945,4,1,0,NULO,36.5,22
1945,4,2,0,NULO,34,22
1945,4,3,0,NULO,35,18
1945,4,4,12,NULO,30.5,22
1945,4,5,0,NULO,24,14
1945,4,6,0,NULO,23.5,13
1945,4,7,0,NULO,25,13
1945,4,8,0,NULO,31,14
1945,4,9,0,NULO,32,14
1945,4,10,0,NULO,33.5,18.5
1945,4,11,0,NULO,37,20
1945,4,12,0,NULO,33,20.5
1945,4,13,0,NULO,36,21.5
1945,4,14,0,NULO,35.5,22
1945,4,15,0,NULO,35.5,22
1945,4,16,0,NULO,33,22
1945,4,17,0,NULO,34,18.5
1945,4,18,0,NULO,34,19.5
1945,4,19,0,NULO,33.5,19.5
1945,4,20,0,NULO,34.5,21.5
1945,4,21,0,NULO,34.5,22
1945,4,22,0,NULO,36,21.1
1945,4,23,0,NULO,38,22
1945,4,24,0,NULO,41,22.5
1945,4,25,0,NULO,38,21.8
1945,4,26,0,NULO,38,22
1945,4,27,0,NULO,36,22
1945,4,28,0,NULO,37,23
1945,4,29,2,NULO,34,23
1945,4,30,0,NULO,32.5,22
1945,5,1,0,NULO,33,19.5
1945,5,2,0,NULO,34,19.5
1945,5,3,0,NULO,33,19
1945,5,4,7.5,NULO,35,18.5
1945,5,5,0.1,NULO,29.5,18
1945,5,6,0,NULO,32.5,18.2
1945,5,7,0,NULO,36,19.5
1945,5,8,0,NULO,34,20
1945,5,9,0,NULO,35,22.5
1945,5,10,0,NULO,37,22
1945,5,11,0,NULO,33,23.5
1945,5,12,0,NULO,38,21.7
1945,5,13,0,NULO,39,22.5
1945,5,14,0,NULO,39,22
1945,5,15,0,NULO,40.5,23
1945,5,16,0,NULO,39,23
1945,5,17,0,NULO,34,22
1945,5,18,0,NULO,34.5,21.2
1945,5,19,0,NULO,35,21.5
1945,5,20,0,NULO,36.5,22
1945,5,21,0,NULO,37.2,22.5
1945,5,22,0,NULO,41.5,23
1945,5,23,0,NULO,40,20.5
1945,5,24,0,NULO,34.4,16.5
1945,5,25,0,NULO,35,21.5
1945,5,26,0,NULO,35,22
1945,5,27,0,NULO,35.5,21.5
1945,5,28,0,NULO,33.5,22
1945,5,29,0,NULO,34,22
1945,5,30,0,NULO,35,22.5
1945,5,31,0,NULO,42,22.5
1945,6,1,18.6,NULO,42,17
1945,6,2,3.2,NULO,37,17
1945,6,3,0,NULO,36,23.1
1945,6,4,0,NULO,36.5,23.5
1945,6,5,0,NULO,37.5,24
1945,6,6,0,NULO,36.5,25
1945,6,7,0,NULO,41.3,24
1945,6,8,0,NULO,37.5,16
1945,6,9,0,NULO,37.5,24
1945,6,10,0,NULO,39,24.5
1945,6,11,0,NULO,39.8,24.8
1945,6,12,10,NULO,38.5,15
1945,6,13,0,NULO,35.5,23
1945,6,14,0,NULO,37,22
1945,6,15,0,NULO,37,24
1945,6,16,0,NULO,36,24
1945,6,17,0,NULO,33,23
1945,6,18,0,NULO,36,22
1945,6,19,0,NULO,35,22.8
1945,6,20,32,NULO,36,22
1945,6,21,0.5,NULO,34,21.5
1945,6,22,0,NULO,34.5,21.5
1945,6,23,0,NULO,36,22.5
1945,6,24,0,NULO,36.2,22.5
1945,6,25,0,NULO,35.5,23.3
1945,6,26,0,NULO,35,23.5
1945,6,27,0,NULO,36,22.5
1945,6,28,0.1,NULO,33.5,23
1945,6,29,27.5,NULO,35,22.5
1945,6,30,5,NULO,34.5,21.5
1945,7,1,2.5,NULO,37,21.5
1945,7,2,6.5,NULO,32,22
1945,7,3,0.1,NULO,32,20
1945,7,4,0,NULO,34,21.5
1945,7,5,5.5,NULO,32.5,22
1945,7,6,4.2,NULO,32.5,21.8
1945,7,7,0.1,NULO,33,22
1945,7,8,12,NULO,34,21.5
1945,7,9,0,NULO,35,22
1945,7,10,0,NULO,35,22
1945,7,11,0,NULO,35.2,22
1945,7,12,0,NULO,35,23
1945,7,13,0,NULO,35.5,22
1945,7,14,0,NULO,36,22
1945,7,15,0,NULO,36,23.5
1945,7,16,0,NULO,36,23
1945,7,17,0,NULO,36,22.5
1945,7,18,0,NULO,36,22.5
1945,7,19,0,NULO,40,21.5
1945,7,20,0,NULO,38.5,22
1945,7,21,0,NULO,37,21
1945,7,22,0,NULO,38.5,22
1945,7,23,0,NULO,39,22.6
1945,7,24,0,NULO,38,23.5
1945,7,25,1.2,NULO,36.5,23
1945,7,26,0,NULO,36,21
1945,7,27,0,NULO,34,22.5
1945,7,28,0,NULO,34.5,23
1945,7,29,0,NULO,37,23.5
1945,7,30,0,NULO,37,22.5
1945,7,31,20,NULO,31,21.5
1945,8,1,4.8,NULO,32.5,18.5
1945,8,2,0.1,NULO,33,19
1945,8,3,0,NULO,34.4,20.5
1945,8,4,0,NULO,34,20.5
1945,8,5,0,NULO,34,21.5
1945,8,6,0,NULO,35,21
1945,8,7,2.5,NULO,32.5,20.8
1945,8,8,0,NULO,30,19.5
1945,8,9,0,NULO,31,20
1945,8,10,0,NULO,36,20.5
1945,8,11,64.8,NULO,33.5,21.5
1945,8,12,5,NULO,31,21
1945,8,13,0.1,NULO,32.5,21
1945,8,14,3.5,NULO,35,20.1
1945,8,15,0.1,NULO,35.2,20.2
1945,8,16,0,NULO,36,20.5
1945,8,17,0,NULO,36,21.5
1945,8,18,0,NULO,30.3,22
1945,8,19,0,NULO,33.5,21.5
1945,8,20,0,NULO,31.5,22
1945,8,21,0.1,NULO,30.5,20.5
1945,8,22,12,NULO,34,20.5
1945,8,23,0.1,NULO,34.5,20.5
1945,8,24,2,NULO,36,20.5
1945,8,25,0,NULO,34.5,20.5
1945,8,26,0,NULO,36,21.5
1945,8,27,0,NULO,36,22.5
1945,8,28,0,NULO,36.5,21.5
1945,8,29,0,NULO,35.5,21.5
1945,8,30,4.5,NULO,35.5,22
1945,8,31,30,NULO,31.8,20.5
1945,9,1,45,NULO,31.5,19
1945,9,2,40,NULO,30,19
1945,9,3,0.8,NULO,31.5,19.5
1945,9,4,0.1,NULO,33.5,19
1945,9,5,0,NULO,34.5,19.5
1945,9,6,0,NULO,33,20.5
1945,9,7,0,NULO,34.5,20.5
1945,9,8,1.5,NULO,31,22
1945,9,9,3.5,NULO,29,21
1945,9,10,0,NULO,33,20
1945,9,11,0,NULO,33.5,20
1945,9,12,0.1,NULO,35.5,20
1945,9,13,32.5,NULO,29,21
1945,9,14,0,NULO,30,18
1945,9,15,0,NULO,31,18
1945,9,16,0,NULO,31.5,17.5
1945,9,17,0,NULO,32.5,16.9
1945,9,18,0,NULO,33.5,19
1945,9,19,0.1,NULO,34.5,19
1945,9,20,10,NULO,32.5,21
1945,9,21,0,NULO,31.5,20.5
1945,9,22,0,NULO,34.5,20
1945,9,23,15,NULO,33,16
1945,9,24,0,NULO,34,21
1945,9,25,0,NULO,34,20
1945,9,26,0,NULO,32.5,19.5
1945,9,27,0,NULO,33.5,20
1945,9,28,0,NULO,34,20
1945,9,29,50,NULO,34,20.5
1945,9,30,10,NULO,33,18.5
1945,10,1,40,NULO,27,16.5
1945,10,2,20,NULO,27.3,17
1945,10,3,0,NULO,31.5,19
1945,10,4,30,NULO,31,20.5
1945,10,5,50,NULO,29,20
1945,10,6,0.1,NULO,31,20
1945,10,7,0,NULO,32.5,20
1945,10,8,0,NULO,34,21
1945,10,9,0,NULO,36,21.2
1945,10,10,0.2,NULO,34,19
1945,10,11,0,NULO,25,17
1945,10,12,0,NULO,30.5,17
1945,10,13,0,NULO,30,18
1945,10,14,0,NULO,30.5,16
1945,10,15,0,NULO,31,17.5
1945,10,16,0,NULO,31,17
1945,10,17,0,NULO,32,17.5
1945,10,18,0,NULO,34,18
1945,10,19,0,NULO,34,17.5
1945,10,20,0,NULO,32,17
1945,10,21,0,NULO,31.5,18
1945,10,22,0,NULO,30,16
1945,10,23,0,NULO,31,15
1945,10,24,0,NULO,29,15
1945,10,25,0,NULO,30,14
1945,10,26,0,NULO,30.5,14.5
1945,10,27,0,NULO,28,15
1945,10,28,0,NULO,28.5,16
1945,10,29,0,NULO,30.5,17
1945,10,30,0,NULO,30.5,19
1945,10,31,0,NULO,30.9,19
1945,11,1,3.5,NULO,31,15
1945,11,2,0,NULO,32.5,19
1945,11,3,20,NULO,32,20
1945,11,4,0.1,NULO,27,19
1945,11,5,0,NULO,29,17
1945,11,6,0,NULO,29.5,17
1945,11,7,0,NULO,29,17
1945,11,8,0,NULO,30,18
1945,11,9,0,NULO,29.5,18
1945,11,10,2,NULO,29,19
1945,11,11,0,NULO,29.2,19
1945,11,12,0,NULO,30,18.8
1945,11,13,0.1,NULO,30,18
1945,11,14,0,NULO,30,17
1945,11,15,0,NULO,26,15
1945,11,16,0,NULO,28,15.2
1945,11,17,0,NULO,29,15
1945,11,18,0,NULO,29.5,18.8
1945,11,19,0,NULO,29.8,17
1945,11,20,0,NULO,30,18.5
1945,11,21,0,NULO,30.5,19
1945,11,22,5,NULO,23.5,15.5
1945,11,23,0.1,NULO,22,13.5
1945,11,24,0,NULO,24,12
1945,11,25,0,NULO,26.5,13.5
1945,11,26,0,NULO,28,16.5
1945,11,27,0,NULO,28,17.5
1945,11,28,0,NULO,28.5,17.5
1945,11,29,0,NULO,28,16.5
1945,11,30,0,NULO,28,16.5
1945,12,1,0,NULO,28.5,18
1945,12,2,0,NULO,28,21
1945,12,3,4,NULO,26,21.5
1945,12,4,0,NULO,21,17
1945,12,5,0,NULO,22.5,11
1945,12,6,0,NULO,24.5,10.5
1945,12,7,0,NULO,26,12
1945,12,8,0,NULO,27.5,14
1945,12,9,0,NULO,28,15
1945,12,10,0.1,NULO,21.5,17
1945,12,11,0,NULO,20.5,10.5
1945,12,12,0,NULO,24,10.5
1945,12,13,0,NULO,29,11.5
1945,12,14,20,NULO,21.2,14
1945,12,15,0.1,NULO,23,15
1945,12,16,0,NULO,20.5,10.5
1945,12,17,0,NULO,29.5,11
1945,12,18,0,NULO,26.5,17.5
1945,12,19,0.1,NULO,25.5,15.5
1945,12,20,7.5,NULO,19,4.5
1945,12,21,0,NULO,27,6.5
1945,12,22,0,NULO,29,11.5
1945,12,23,0,NULO,31,14
1945,12,24,0,NULO,32.5,12
1945,12,25,0,NULO,31.5,17
1945,12,26,0,NULO,30.5,17.5
1945,12,27,0,NULO,31,18
1945,12,28,0,NULO,27.5,18
1945,12,29,0,NULO,30.5,13
1945,12,30,0,NULO,31,14
1945,12,31,0,NULO,29,11.5
1946,1,1,0,NULO,26.5,13
1946,1,2,0,NULO,29,14.5
1946,1,3,0,NULO,30,13.5
1946,1,4,0,NULO,30.5,14
1946,1,5,0,NULO,33,14
1946,1,6,0,NULO,29.5,11.5
1946,1,7,0,NULO,29,12.5
1946,1,8,0.1,NULO,29.5,12
1946,1,9,0,NULO,31.5,15
1946,1,10,0,NULO,21,12.5
1946,1,11,10,NULO,22.5,11
1946,1,12,0,NULO,16,6
1946,1,13,0.1,NULO,20,6
1946,1,14,10,NULO,25,6.5
1946,1,15,0.1,NULO,18.5,7.5
1946,1,16,0.1,NULO,22,7
1946,1,17,0,NULO,33,9
1946,1,18,0,NULO,31,11
1946,1,19,0,NULO,30.5,10
1946,1,20,0,NULO,31,10.5
1946,1,21,0,NULO,30.5,10.5
1946,1,22,4,NULO,15,6.5
1946,1,23,0.1,NULO,19,5
1946,1,24,0,NULO,26.5,6.7
1946,1,25,0,NULO,28.5,7
1946,1,26,25,NULO,32,9.5
1946,1,27,0.1,NULO,19,10.5
1946,1,28,0,NULO,22,8.5
1946,1,29,0,NULO,29,10.6
1946,1,30,0,NULO,31.5,12
1946,1,31,0,NULO,26,15.5
1946,2,1,0,NULO,26,7.5
1946,2,2,0,NULO,27,9
1946,2,3,0,NULO,27.5,13
1946,2,4,0,NULO,30,14
1946,2,5,0,NULO,32,15.5
1946,2,6,4,NULO,32.5,16
1946,2,7,0,NULO,29.5,12
1946,2,8,0,NULO,34.5,13
1946,2,9,0,NULO,37,15.5
1946,2,10,0,NULO,37,11.2
1946,2,11,0,NULO,27,11
1946,2,12,0,NULO,30,10
1946,2,13,7.5,NULO,36,14.5
1946,2,14,0,NULO,25,16
1946,2,15,0,NULO,21.5,9
1946,2,16,0,NULO,27.5,9
1946,2,17,0,NULO,31.8,12
1946,2,18,0.1,NULO,34,13
1946,2,19,7.5,NULO,25,13
1946,2,20,0,NULO,23.5,8.5
1946,2,21,0,NULO,28,9
1946,2,22,0,NULO,32,11.5
1946,2,23,0,NULO,31,13.5
1946,2,24,0.1,NULO,33.5,14
1946,2,25,0,NULO,32,14.5
1946,2,26,0.1,NULO,34,16
1946,2,27,0,NULO,28,13
1946,2,28,0,NULO,32.8,13
1946,3,1,0,NULO,31,13.5
1946,3,2,0,NULO,31.5,14
1946,3,3,0,NULO,31,14.5
1946,3,4,0,NULO,34.5,13
1946,3,5,0,NULO,34.5,13
1946,3,6,0,NULO,33,17.5
1946,3,7,0,NULO,34.5,14
1946,3,8,25,NULO,25,14
1946,3,9,0,NULO,30.6,10
1946,3,10,0,NULO,28.5,12
1946,3,11,0,NULO,28,11.5
1946,3,12,0,NULO,32,14
1946,3,13,0,NULO,35,13
1946,3,14,0,NULO,35.5,11.5
1946,3,15,0,NULO,41.5,14.5
1946,3,16,0,NULO,41,13.5
1946,3,17,0,NULO,41,15
1946,3,18,0,NULO,39,16
1946,3,19,0,NULO,33,15.5
1946,3,20,0,NULO,31,15
1946,3,21,0,NULO,35,13.5
1946,3,22,0,NULO,36,15.5
1946,3,23,0,NULO,35,16
1946,3,24,0,NULO,35,17
1946,3,25,0,NULO,36,17
1946,3,26,0.1,NULO,37,15
1946,3,27,0,NULO,29,17
1946,3,28,0,NULO,36.5,12
1946,3,29,0,NULO,38,14
1946,3,30,0,NULO,36.5,18
1946,3,31,0,NULO,38,18.5
1946,4,1,0,NULO,35,17
1946,4,2,0,NULO,37,18
1946,4,3,0,NULO,36,15.5
1946,4,4,0,NULO,36,17
1946,4,5,0,NULO,37.5,16
1946,4,6,0,NULO,36.5,17
1946,4,7,0,NULO,38,17
1946,4,8,0,NULO,38,17
1946,4,9,0,NULO,39.5,19
1946,4,10,0,NULO,38.5,20.5
1946,4,11,2,NULO,38.5,19.5
1946,4,12,17.5,NULO,32.5,17.5
1946,4,13,0,NULO,32,16.5
1946,4,14,0,NULO,31.5,15
1946,4,15,0,NULO,37,17
1946,4,16,50,NULO,30.5,20.5
1946,4,17,0,NULO,26,16
1946,4,18,0,NULO,30,15
1946,4,19,0,NULO,30,15
1946,4,20,0,NULO,35,15.5
1946,4,21,40,NULO,35,12
1946,4,22,0,NULO,34,16
1946,4,23,2.5,NULO,34,17.5
1946,4,24,0,NULO,34,17.5
1946,4,25,10,NULO,34,18.5
1946,4,26,5,NULO,27,17.5
1946,4,27,0,NULO,30.5,17
1946,4,28,0,NULO,34,18
1946,4,29,0,NULO,36.5,17.5
1946,4,30,0,NULO,37,17
1946,5,1,0,NULO,37,20.5
1946,5,2,0,NULO,38,21.5
1946,5,3,2.5,NULO,37,18
1946,5,4,0,NULO,33.5,19
1946,5,5,0,NULO,34,18
1946,5,6,0,NULO,35,19
1946,5,7,0,NULO,35,20
1946,5,8,4,NULO,31.5,18
1946,5,9,0,NULO,35,17
1946,5,10,0,NULO,37,20.5
1946,5,11,0,NULO,38.5,20
1946,5,12,0,NULO,37.5,21.5
1946,5,13,0,NULO,37.5,22
1946,5,14,0,NULO,38,22
1946,5,15,0,NULO,39,22.5
1946,5,16,0,NULO,39.5,23
1946,5,17,0,NULO,39,22.5
1946,5,18,0,NULO,39.5,21.5
1946,5,19,27,NULO,41,22.5
1946,5,20,0.1,NULO,35,21
1946,5,21,0,NULO,36.5,20
1946,5,22,0,NULO,39,20
1946,5,23,0,NULO,38,20.5
1946,5,24,0,NULO,39.5,21
1946,5,25,1.5,NULO,38,21
1946,5,26,0,NULO,36,19
1946,5,27,0,NULO,36.5,20
1946,5,28,0,NULO,38,20
1946,5,29,0,NULO,39,22
1946,5,30,24,NULO,38,22.5
1946,5,31,0,NULO,36,18
1946,6,1,0,NULO,39,19
1946,6,2,13,NULO,36,19
1946,6,3,12.5,NULO,35,20
1946,6,4,2.5,NULO,32.5,18
1946,6,5,1,NULO,35,17.5
1946,6,6,0,NULO,34.5,17
1946,6,7,0,NULO,36.5,17
1946,6,8,0,NULO,37,19
1946,6,9,0.5,NULO,36.5,19
1946,6,10,50,NULO,34.5,17.5
1946,6,11,0,NULO,34,18.5
1946,6,12,0,NULO,36.5,18
1946,6,13,0,NULO,36,18.5
1946,6,14,40,NULO,35,19
1946,6,15,45,NULO,36.5,19
1946,6,16,0,NULO,31.5,17
1946,6,17,0,NULO,36,18
1946,6,18,0,NULO,35,19
1946,6,19,0,NULO,38.5,19
1946,6,20,9.2,NULO,38,20.5
1946,6,21,75,NULO,38,20
1946,6,22,33.5,NULO,36,20
1946,6,23,0.1,NULO,36,19.5
1946,6,24,0,NULO,37.5,19
1946,6,25,0,NULO,39,19.5
1946,6,26,0,NULO,38,18
1946,6,27,0,NULO,40,18.5
1946,6,28,0,NULO,40.5,19
1946,6,29,0,NULO,39,20.5
1946,6,30,0,NULO,37.5,21.5
1946,7,1,0,NULO,39,20.9
1946,7,2,0,NULO,39,20
1946,7,3,0,NULO,40,20
1946,7,4,0,NULO,39,19.5
1946,7,5,0,NULO,37,19
1946,7,6,0,NULO,39,20
1946,7,7,13.5,NULO,38,21.5
1946,7,8,0.1,NULO,36.5,19.1
1946,7,9,0,NULO,34,18.5
1946,7,10,0,NULO,38,18.2
1946,7,11,0,NULO,37.5,18
1946,7,12,0,NULO,38,17
1946,7,13,0,NULO,38.5,18.5
1946,7,14,0,NULO,38,18.5
1946,7,15,0,NULO,38,19
1946,7,16,0,NULO,39,17
1946,7,17,0,NULO,38,17.5
1946,7,18,0.1,NULO,38,17
1946,7,19,0,NULO,37.2,17.8
1946,7,20,0,NULO,36.5,17.5
1946,7,21,4,NULO,31,17
1946,7,22,0,NULO,39.9,18.5
1946,7,23,0,NULO,39,21
1946,7,24,0,NULO,38.5,19.5
1946,7,25,0,NULO,39,18
1946,7,26,0,NULO,39,17.5
1946,7,27,0,NULO,38,16
1946,7,28,0,NULO,40,16.5
1946,7,29,0,NULO,40,20.5
1946,7,30,0,NULO,39.5,20.8
1946,7,31,0,NULO,40,21
1946,8,1,8.5,NULO,39.5,21
1946,8,2,0,NULO,38.5,19.5
1946,8,3,0,NULO,39,19.5
1946,8,4,0,NULO,39,20
1946,8,5,0,NULO,39.9,21
1946,8,6,0,NULO,39,20
1946,8,7,0,NULO,36.5,20
1946,8,8,7,NULO,38.5,19.5
1946,8,9,5.7,NULO,38,19
1946,8,10,7.5,NULO,38,19
1946,8,11,1.5,NULO,37.5,19
1946,8,12,0.1,NULO,37.5,19
1946,8,13,0,NULO,38.5,19
1946,8,14,0,NULO,39,20
1946,8,15,0,NULO,38.5,20
1946,8,16,0,NULO,38.5,18
1946,8,17,0,NULO,39,17.1
1946,8,18,0,NULO,38,18
1946,8,19,8.5,NULO,39,19
1946,8,20,0,NULO,37.5,19.5
1946,8,21,28,NULO,37,18.8
1946,8,22,0,NULO,36.5,18.5
1946,8,23,0,NULO,37,19.5
1946,8,24,47.5,NULO,37.5,18
1946,8,25,53.5,NULO,29,20
1946,8,26,0.1,NULO,35,18.5
1946,8,27,0,NULO,38,19.5
1946,8,28,0,NULO,38.5,21
1946,8,29,0,NULO,38.5,21.5
1946,8,30,0,NULO,38,20.5
1946,8,31,0,NULO,38,20
1946,9,1,0,NULO,38,21
1946,9,2,0,NULO,37.4,20.5
1946,9,3,0,NULO,37.5,19.5
1946,9,4,0,NULO,36.5,21
1946,9,5,0,NULO,38,19.8
1946,9,6,0,NULO,34,19
1946,9,7,0,NULO,36.8,18.8
1946,9,8,0,NULO,38,19
1946,9,9,0,NULO,37.5,19.5
1946,9,10,8.5,NULO,38,19
1946,9,11,15,NULO,37,19
1946,9,12,0,NULO,33.5,19
1946,9,13,0,NULO,36.1,19
1946,9,14,0,NULO,37,19.5
1946,9,15,0,NULO,38.5,20
1946,9,16,0,NULO,37.5,20
1946,9,17,0,NULO,37,21
1946,9,18,0,NULO,37.5,21.5
1946,9,19,0,NULO,36,21
1946,9,20,0,NULO,34.5,21
1946,9,21,0,NULO,38,20
1946,9,22,6.5,NULO,38,20
1946,9,23,42,NULO,36,21
1946,9,24,0,NULO,29.5,20.8
1946,9,25,0,NULO,30,19.5
1946,9,26,0,NULO,34.5,19
1946,9,27,0,NULO,36,19
1946,9,28,0,NULO,37,19
1946,9,29,42.5,NULO,33.5,19.4
1946,9,30,65.5,NULO,38,19
1946,10,1,93.5,NULO,38,16
1946,10,2,2,NULO,36.5,17
1946,10,3,0,NULO,33,16.9
1946,10,4,0,NULO,33.5,17
1946,10,5,8.5,NULO,33,19.5
1946,10,6,10.5,NULO,32,19.8
1946,10,7,0,NULO,33,18.3
1946,10,8,0,NULO,35,19
1946,10,9,0,NULO,35.5,20
1946,10,10,57.5,NULO,35,20.8
1946,10,11,0.1,NULO,35,21
1946,10,12,0,NULO,35.5,17.5
1946,10,13,0,NULO,27,16.1
1946,10,14,0,NULO,29.5,15
1946,10,15,0,NULO,31,18
1946,10,16,0,NULO,32,18.4
1946,10,17,0,NULO,32,20.3
1946,10,18,0,NULO,32,21
1946,10,19,0,NULO,32.5,21
1946,10,20,5,NULO,31.5,21
1946,10,21,0.1,NULO,30,21.5
1946,10,22,11,NULO,30,20
1946,10,23,0,NULO,31,20
1946,10,24,0,NULO,32.5,20
1946,10,25,0.1,NULO,33,21.8
1946,10,26,0,NULO,32,21
1946,10,27,0,NULO,32.5,21
1946,10,28,0,NULO,31.5,21.5
1946,10,29,0,NULO,30.5,21
1946,10,30,0,NULO,31,20
1946,10,31,0,NULO,31,19.5
1946,11,1,0,NULO,32.5,21
1946,11,2,0,NULO,33,21.2
1946,11,3,0,NULO,34,20
1946,11,4,20,NULO,33.4,22
1946,11,5,0.1,NULO,29.5,19.5
1946,11,6,0.1,NULO,29,19
1946,11,7,3,NULO,28,18
1946,11,8,0.1,NULO,30,18
1946,11,9,0,NULO,32,19
1946,11,10,1,NULO,33,20
1946,11,11,15.5,NULO,29.5,21.6
1946,11,12,82,NULO,26,17.5
1946,11,13,0.5,NULO,26.5,17
1946,11,14,0,NULO,27,16
1946,11,15,0,NULO,29.5,18.5
1946,11,16,225,NULO,31,18.5
1946,11,17,0.5,NULO,25,17
1946,11,18,0,NULO,24,14
1946,11,19,0,NULO,25.5,13.5
1946,11,20,0,NULO,27.5,14.5
1946,11,21,0,NULO,30,16.5
1946,11,22,0,NULO,28.5,17.5
1946,11,23,0,NULO,30,18
1946,11,24,0,NULO,30,19.5
1946,11,25,0,NULO,31,18.5
1946,11,26,0,NULO,25.5,16
1946,11,27,0,NULO,26,15.8
1946,11,28,0,NULO,25.6,14.5
1946,11,29,0,NULO,26,13.5
1946,11,30,0,NULO,26.5,13
1946,12,1,10,NULO,27.5,14
1946,12,2,0.5,NULO,24.5,14
1946,12,3,0,NULO,25.2,14
1946,12,4,0,NULO,25.5,14.5
1946,12,5,0.1,NULO,26,14
1946,12,6,0,NULO,28.5,14.5
1946,12,7,0,NULO,28,16
1946,12,8,0,NULO,29,17
1946,12,9,0,NULO,28.5,17
1946,12,10,0,NULO,28.5,17
1946,12,11,0,NULO,29.5,17.5
1946,12,12,0,NULO,29,17.5
1946,12,13,0,NULO,29.5,16.5
1946,12,14,0,NULO,28.5,17
1946,12,15,0,NULO,29,17.5
1946,12,16,0,NULO,29,18
1946,12,17,3,NULO,30.5,19.5
1946,12,18,2.5,NULO,25.5,17.5
1946,12,19,6.5,NULO,25,14
1946,12,20,2.5,NULO,24.5,13.5
1946,12,21,0,NULO,22.5,15
1946,12,22,0,NULO,22,12
1946,12,23,0,NULO,26.5,11.5
1946,12,24,0,NULO,27,12
1946,12,25,0,NULO,27,16
1946,12,26,0,NULO,28,17
1946,12,27,0,NULO,30,17.5
1946,12,28,0,NULO,29,17
1946,12,29,3,NULO,29,18
1946,12,30,0,NULO,22.5,14.1
1946,12,31,4,NULO,25.5,13.5
1947,1,1,12,NULO,22,8
1947,1,2,3,NULO,21,8
1947,1,3,0,NULO,21,8.5
1947,1,4,0,NULO,15,7.5
1947,1,5,0,NULO,19,5.2
1947,1,6,0,NULO,21,4
1947,1,7,0,NULO,24,11
1947,1,8,5,NULO,23.5,14
1947,1,9,5,NULO,22.5,14
1947,1,10,0,NULO,21,11.5
1947,1,11,3.5,NULO,23,11
1947,1,12,0,NULO,28,12.5
1947,1,13,0,NULO,30,16
1947,1,14,0,NULO,31,17
1947,1,15,0,NULO,29,18
1947,1,16,0.1,NULO,30,17
1947,1,17,2,NULO,24,16.8
1947,1,18,0,NULO,20.5,11.5
1947,1,19,0,NULO,20.4,11
1947,1,20,2,NULO,22,11.8
1947,1,21,0,NULO,23.5,11.5
1947,1,22,0,NULO,24,12
1947,1,23,0,NULO,25.5,15
1947,1,24,0,NULO,27.5,17
1947,1,25,0,NULO,28,16
1947,1,26,0,NULO,28.2,17
1947,1,27,0,NULO,29.5,17
1947,1,28,0,NULO,28,17
1947,1,29,0,NULO,31,17
1947,1,30,0,NULO,27,17.5
1947,1,31,0,NULO,25,14.8
1947,2,1,0,NULO,23.5,14
1947,2,2,0,NULO,27,14
1947,2,3,0,NULO,27.5,13
1947,2,4,0,NULO,27.5,13
1947,2,5,0,NULO,22,12.5
1947,2,6,0,NULO,28,11
1947,2,7,0.1,NULO,28.5,11.5
1947,2,8,11.2,NULO,22.5,14.5
1947,2,9,10,NULO,20,11.2
1947,2,10,0.8,NULO,23.5,10
1947,2,11,0,NULO,25.5,9.5
1947,2,12,0,NULO,25,9
1947,2,13,0,NULO,24,8.5
1947,2,14,0,NULO,24.3,11
1947,2,15,0,NULO,20.5,11.3
1947,2,16,0,NULO,27,11.5
1947,2,17,0,NULO,29,12.2
1947,2,18,0,NULO,30,14.5
1947,2,19,0,NULO,29.5,16.8
1947,2,20,0,NULO,25.5,16.5
1947,2,21,0,NULO,24,14.5
1947,2,22,0,NULO,24,14
1947,2,23,0,NULO,25,14.8
1947,2,24,0,NULO,25,15
1947,2,25,0.1,NULO,24,15
1947,2,26,5,NULO,22,13.8
1947,2,27,2.5,NULO,22,12
1947,2,28,0,NULO,26.5,11
1947,3,1,0,NULO,30.5,13.5
1947,3,2,0,NULO,30,15.5
1947,3,3,0,NULO,30,16
1947,3,4,0,NULO,29.5,15
1947,3,5,0,NULO,31.5,14
1947,3,6,0,NULO,29,16.8
1947,3,7,0.1,NULO,23,14.3
1947,3,8,0,NULO,19,12.5
1947,3,9,0,NULO,25,12.5
1947,3,10,4.5,NULO,25,14.5
1947,3,11,0,NULO,28,15.5
1947,3,12,0,NULO,30,17
1947,3,13,0,NULO,30,16
1947,3,14,0,NULO,25.5,15.5
1947,3,15,3.8,NULO,29.5,15
1947,3,16,0,NULO,23.5,14.4
1947,3,17,0,NULO,25,13
1947,3,18,0,NULO,29.5,13
1947,3,19,0,NULO,29,15.5
1947,3,20,0,NULO,26.5,18
1947,3,21,0,NULO,27.2,17
1947,3,22,0,NULO,28,17
1947,3,23,0,NULO,34,18
1947,3,24,0,NULO,33.5,17
1947,3,25,0,NULO,30.5,19
1947,3,26,0,NULO,30.5,17.5
1947,3,27,0,NULO,30.5,17
1947,3,28,0,NULO,30.5,17
1947,3,29,0,NULO,31.5,20
1947,3,30,2,NULO,30,20
1947,3,31,0,NULO,32,21
1947,4,1,0,NULO,34,20
1947,4,2,0,NULO,35,20.9
1947,4,3,0,NULO,35,21
1947,4,4,0,NULO,37,22
1947,4,5,0,NULO,34,23
1947,4,6,0,NULO,33.5,19.5
1947,4,7,0,NULO,32,19.5
1947,4,8,0,NULO,33,20
1947,4,9,0,NULO,33,21
1947,4,10,0,NULO,35.5,21.8
1947,4,11,0,NULO,33,22
1947,4,12,0.1,NULO,34.5,22.8
1947,4,13,3,NULO,29,21
1947,4,14,0,NULO,26,17
1947,4,15,0,NULO,28.5,17.5
1947,4,16,15.5,NULO,28.5,17
1947,4,17,10,NULO,26,17
1947,4,18,0,NULO,28.5,17.5
1947,4,19,0,NULO,32.5,16.5
1947,4,20,0,NULO,33.5,19
1947,4,21,0,NULO,33,21.5
1947,4,22,0,NULO,34.5,21
1947,4,23,0,NULO,33.5,21.5
1947,4,24,0,NULO,34,21.5
1947,4,25,3,NULO,30,22.5
1947,4,26,3,NULO,29,20
1947,4,27,0,NULO,29.5,19.5
1947,4,28,0,NULO,32,19
1947,4,29,0,NULO,34,20
1947,4,30,86.5,NULO,34.5,21.5
1947,5,1,0,NULO,32.6,23
1947,5,2,2,NULO,32,23
1947,5,3,0,NULO,32.5,21
1947,5,4,0,NULO,33.2,21
1947,5,5,0.1,NULO,30,21.6
1947,5,6,0,NULO,31,16
1947,5,7,2,NULO,32.5,19.8
1947,5,8,0,NULO,33,20
1947,5,9,0,NULO,32.5,21.5
1947,5,10,0,NULO,32,21.5
1947,5,11,0,NULO,33,21
1947,5,12,0,NULO,35.5,22
1947,5,13,0,NULO,34,22
1947,5,14,0,NULO,35,22
1947,5,15,0,NULO,35.5,22
1947,5,16,0,NULO,35.5,24
1947,5,17,0,NULO,33.6,23.5
1947,5,18,0,NULO,35.2,22.5
1947,5,19,0,NULO,34.5,23
1947,5,20,0,NULO,35.6,23.6
1947,5,21,0,NULO,33,24
1947,5,22,0.1,NULO,34,22.8
1947,5,23,0,NULO,34,23
1947,5,24,0,NULO,34,24
1947,5,25,28.5,NULO,33.5,23
1947,5,26,0,NULO,32,21.5
1947,5,27,0,NULO,33.8,21.5
1947,5,28,0,NULO,34.6,21.5
1947,5,29,0,NULO,36.5,23
1947,5,30,52.5,NULO,34.3,23.6
1947,5,31,0,NULO,32,21
1947,6,1,0,NULO,34,22
1947,6,2,2.5,NULO,34.5,22.5
1947,6,3,1,NULO,34.5,24
1947,6,4,0,NULO,33,23.5
1947,6,5,0,NULO,34.5,23.3
1947,6,6,0,NULO,34.5,23.5
1947,6,7,0,NULO,34.5,23.5
1947,6,8,0,NULO,34.3,23
1947,6,9,0,NULO,35.7,22.5
1947,6,10,0,NULO,36,22.5
1947,6,11,0,NULO,36.5,23.5
1947,6,12,0,NULO,36.5,24
1947,6,13,0,NULO,35.5,24.5
1947,6,14,0,NULO,34,24.5
1947,6,15,0,NULO,34.5,23
1947,6,16,0,NULO,33.6,23.5
1947,6,17,1.5,NULO,34.5,23.1
1947,6,18,0,NULO,36.5,24
1947,6,19,0.1,NULO,36,23
1947,6,20,0,NULO,34,23
1947,6,21,0,NULO,36,23
1947,6,22,0.1,NULO,38,24
1947,6,23,1.5,NULO,36,24.2
1947,6,24,33.7,NULO,33.5,24
1947,6,25,0,NULO,34.3,22.5
1947,6,26,0,NULO,36.6,22.9
1947,6,27,0,NULO,36.5,23
1947,6,28,0,NULO,36,24
1947,6,29,0,NULO,36.5,24
1947,6,30,5,NULO,35.5,24
1947,7,1,0,NULO,35,24
1947,7,2,0,NULO,32,22.5
1947,7,3,0,NULO,34,21.5
1947,7,4,0,NULO,35,21.8
1947,7,5,0,NULO,36.5,22
1947,7,6,0,NULO,35,23.5
1947,7,7,0,NULO,35,24.5
1947,7,8,0,NULO,35,22
1947,7,9,0,NULO,35,22
1947,7,10,0,NULO,36,22.8
1947,7,11,0,NULO,36.5,23.5
1947,7,12,0,NULO,36,23
1947,7,13,0,NULO,36,23.5
1947,7,14,0,NULO,36.5,23
1947,7,15,0,NULO,35.5,23.5
1947,7,16,0,NULO,36,23.5
1947,7,17,0,NULO,34.5,25
1947,7,18,3,NULO,37,23
1947,7,19,0,NULO,36,23.5
1947,7,20,0,NULO,36,23.5
1947,7,21,0,NULO,36,23.5
1947,7,22,0,NULO,36.5,23
1947,7,23,0,NULO,36,24
1947,7,24,0,NULO,35.5,23.5
1947,7,25,0,NULO,35.2,24
1947,7,26,12.5,NULO,34,24
1947,7,27,9,NULO,33,22.5
1947,7,28,0.1,NULO,33,22
1947,7,29,0,NULO,34,22.5
1947,7,30,0,NULO,34.5,22
1947,7,31,5,NULO,35.5,23.5
1947,8,1,0,NULO,36.5,23.5
1947,8,2,8.7,NULO,35,23.6
1947,8,3,29.5,NULO,31.5,23
1947,8,4,2,NULO,31.6,21.5
1947,8,5,0,NULO,31.5,21
1947,8,6,19.5,NULO,32,23
1947,8,7,2,NULO,32.5,22
1947,8,8,0.5,NULO,32,21.8
1947,8,9,0,NULO,34,21
1947,8,10,0,NULO,34.5,22.2
1947,8,11,0,NULO,35,22.8
1947,8,12,0,NULO,34.9,22
1947,8,13,23.5,NULO,33.5,21.9
1947,8,14,94,NULO,31,22.5
1947,8,15,250,NULO,29.5,20.5
1947,8,16,39.5,NULO,30,20
1947,8,17,22.5,NULO,32,19.6
1947,8,18,0,NULO,31.5,20.5
1947,8,19,3.5,NULO,31,20
1947,8,20,4.5,NULO,31.5,20
1947,8,21,0,NULO,33,20.5
1947,8,22,0,NULO,33,21
1947,8,23,0,NULO,34,22
1947,8,24,0.5,NULO,34.4,23
1947,8,25,5,NULO,32,23.3
1947,8,26,0,NULO,32,22.5
1947,8,27,7.5,NULO,32,22.5
1947,8,28,0,NULO,32,22
1947,8,29,6,NULO,32,21.5
1947,8,30,3.7,NULO,31,21.5
1947,8,31,0,NULO,31,21
1947,9,1,15,NULO,32.5,21.7
1947,9,2,0.1,NULO,32.3,21.9
1947,9,3,18.5,NULO,31.5,21.5
1947,9,4,0.5,NULO,30.5,21
1947,9,5,0,NULO,32,21
1947,9,6,0.1,NULO,31.8,21.6
1947,9,7,2,NULO,32.5,22
1947,9,8,10.5,NULO,32.5,22.5
1947,9,9,11,NULO,32.5,22
1947,9,10,3.7,NULO,32,21.9
1947,9,11,0,NULO,32,21.8
1947,9,12,0,NULO,33,22
1947,9,13,0.1,NULO,32,22
1947,9,14,3,NULO,33,21.5
1947,9,15,0,NULO,33,22.5
1947,9,16,0,NULO,33,22.8
1947,9,17,2,NULO,33,22.5
1947,9,18,0,NULO,33,22
1947,9,19,0,NULO,33,22.5
1947,9,20,0,NULO,33.5,22.5
1947,9,21,0,NULO,34,22.5
1947,9,22,39.5,NULO,32.5,22.5
1947,9,23,0,NULO,32,19.5
1947,9,24,0,NULO,31,20
1947,9,25,0.1,NULO,31,19
1947,9,26,18.5,NULO,31,17.5
1947,9,27,13,NULO,29.5,17
1947,9,28,7.5,NULO,30,19
1947,9,29,0,NULO,31,19.8
1947,9,30,15,NULO,31,20
1947,10,1,5,NULO,28.5,19
1947,10,2,0,NULO,31,19
1947,10,3,4,NULO,31,19.5
1947,10,4,0,NULO,31.5,19.5
1947,10,5,0,NULO,31.6,19.5
1947,10,6,0,NULO,32,20
1947,10,7,18.5,NULO,31.5,22
1947,10,8,0,NULO,32,21
1947,10,9,0,NULO,32,21
1947,10,10,0,NULO,32,20.5
1947,10,11,1,NULO,32.5,20.5
1947,10,12,0.1,NULO,33,21
1947,10,13,0,NULO,34.5,21
1947,10,14,0,NULO,35,20.5
1947,10,15,0,NULO,30,21
1947,10,16,0,NULO,34,19.5
1947,10,17,0,NULO,35,20
1947,10,18,0,NULO,37,20
1947,10,19,20,NULO,36.5,22
1947,10,20,20,NULO,35.5,21
1947,10,21,0,NULO,35,20
1947,10,22,0,NULO,34,18
1947,10,23,0,NULO,30.5,18.8
1947,10,24,15.5,NULO,33,20
1947,10,25,0,NULO,33,18.2
1947,10,26,0,NULO,30,18
1947,10,27,0,NULO,30,18.5
1947,10,28,0,NULO,34.5,23
1947,10,29,0,NULO,33,20.5
1947,10,30,0,NULO,34,20.5
1947,10,31,0,NULO,34,17
1947,11,1,0,NULO,34,13
1947,11,2,0,NULO,31.5,16
1947,11,3,0,NULO,32,16.5
1947,11,4,0,NULO,34.5,17.5
1947,11,5,0,NULO,34,17.5
1947,11,6,0,NULO,29,21.8
1947,11,7,0.1,NULO,27,14
1947,11,8,0,NULO,25,17.5
1947,11,9,0,NULO,30,14
1947,11,10,0,NULO,33.5,16.5
1947,11,11,0,NULO,33,17.2
1947,11,12,0,NULO,30,16
1947,11,13,0,NULO,31.5,17
1947,11,14,0,NULO,33.8,17.5
1947,11,15,1.5,NULO,29.5,18.5
1947,11,16,0,NULO,31,18
1947,11,17,0,NULO,33,17.5
1947,11,18,27.5,NULO,32,18.5
1947,11,19,2,NULO,28,15.5
1947,11,20,0.1,NULO,30,15.5
1947,11,21,0,NULO,30.5,17
1947,11,22,0,NULO,33,19
1947,11,23,0,NULO,32,19.5
1947,11,24,0.5,NULO,33,19
1947,11,25,0.9,NULO,28,15
1947,11,26,13,NULO,23,15.5
1947,11,27,0,NULO,21.5,9.5
1947,11,28,0,NULO,25,8
1947,11,29,4,NULO,26,9
1947,11,30,0,NULO,22.2,12
1947,12,1,0,NULO,25.5,12.5
1947,12,2,0,NULO,28,12
1947,12,3,0,NULO,28.5,14
1947,12,4,0,NULO,30,14.2
1947,12,5,0,NULO,30.5,14
1947,12,6,0,NULO,31,17.5
1947,12,7,0,NULO,30.5,16.5
1947,12,8,0,NULO,32,16.5
1947,12,9,0.1,NULO,32.5,18
1947,12,10,1.5,NULO,31,16
1947,12,11,5,NULO,24,15
1947,12,12,6,NULO,21.5,10.5
1947,12,13,1,NULO,17,6.5
1947,12,14,0,NULO,18.5,4.8
1947,12,15,0,NULO,24,6
1947,12,16,0,NULO,21,9
1947,12,17,8,NULO,22.5,12
1947,12,18,3.5,NULO,20,11
1947,12,19,0,NULO,27,10.5
1947,12,20,23,NULO,25.5,12.5
1947,12,21,0,NULO,25.5,14
1947,12,22,0,NULO,23,11.8
1947,12,23,5.5,NULO,23,12.5
1947,12,24,12.5,NULO,20.5,12.5
1947,12,25,7,NULO,17,8.5
1947,12,26,0.1,NULO,16,7
1947,12,27,0,NULO,20,6.5
1947,12,28,0,NULO,26,8
1947,12,29,0,NULO,28,10.5
1947,12,30,0,NULO,29,12.5
1947,12,31,0,NULO,29.5,13
1948,1,1,0,NULO,24.5,10
1948,1,2,0,NULO,23,10.5
1948,1,3,10,NULO,25.5,11.5
1948,1,4,19,NULO,23.5,14
1948,1,5,1.5,NULO,24.5,13
1948,1,6,0,NULO,28.5,12.5
1948,1,7,0,NULO,28.5,14.5
1948,1,8,0,NULO,29.5,14
1948,1,9,0,NULO,29,12.8
1948,1,10,0,NULO,27.5,13
1948,1,11,0,NULO,28.5,14.5
1948,1,12,0,NULO,29,12.5
1948,1,13,2,NULO,22.5,13.5
1948,1,14,0,NULO,18.5,9.9
1948,1,15,0,NULO,20.5,8
1948,1,16,3.5,NULO,27,9
1948,1,17,1.5,NULO,17,9
1948,1,18,1,NULO,18.5,5
1948,1,19,0,NULO,20.5,7
1948,1,20,0.5,NULO,18.5,9
1948,1,21,0,NULO,23,8
1948,1,22,0,NULO,26.2,8
1948,1,23,0,NULO,28,8.5
1948,1,24,0,NULO,23.5,6.5
1948,1,25,0,NULO,27,10.5
1948,1,26,0.1,NULO,24.5,12.5
1948,1,27,5,NULO,16,12.5
1948,1,28,1.5,NULO,14,8.6
1948,1,29,12.5,NULO,13.5,3.5
1948,1,30,1,NULO,16.5,1
1948,1,31,0,NULO,NULO,NULO
1948,2,1,0,NULO,23.5,8.8
1948,2,2,0,NULO,27.5,9
1948,2,3,0,NULO,28.5,12.5
1948,2,4,0,NULO,30,14
1948,2,5,0,NULO,29,15
1948,2,6,0,NULO,29.5,14.9
1948,2,7,0,NULO,30.5,16.5
1948,2,8,0.1,NULO,31,17
1948,2,9,0.1,NULO,20,8.5
1948,2,10,0,NULO,25,7
1948,2,11,0,NULO,20,8
1948,2,12,0.1,NULO,25,11.5
1948,2,13,5.5,NULO,16,8
1948,2,14,0,NULO,18,6.5
1948,2,15,0,NULO,25,7.5
1948,2,16,0,NULO,21.5,11
1948,2,17,0,NULO,30,13
1948,2,18,0.1,NULO,32,13
1948,2,19,0,NULO,32,14
1948,2,20,0,NULO,29,14.5
1948,2,21,5,NULO,31.5,15
1948,2,22,0.5,NULO,21,11
1948,2,23,0,NULO,28,11.2
1948,2,24,0,NULO,30,12
1948,2,25,0,NULO,31,14.5
1948,2,26,0,NULO,33,15
1948,2,27,0.1,NULO,33.5,17.5
1948,2,28,0,NULO,33,17
1948,2,29,0,NULO,33,16
1948,3,1,0,NULO,35,16
1948,3,2,0,NULO,37,16.5
1948,3,3,0,NULO,32,16.5
1948,3,4,0,NULO,32.5,16.5
1948,3,5,0,NULO,30,14
1948,3,6,0,NULO,20,10.8
1948,3,7,0,NULO,28,9.5
1948,3,8,0,NULO,33,13
1948,3,9,0,NULO,31,15.5
1948,3,10,0,NULO,35,15
1948,3,11,0,NULO,30,11
1948,3,12,0.1,NULO,18,8
1948,3,13,0.1,NULO,15,4.5
1948,3,14,0.1,NULO,27,4
1948,3,15,0,NULO,33,8
1948,3,16,0,NULO,36,14.5
1948,3,17,0,NULO,34.5,15.5
1948,3,18,0.1,NULO,35,15
1948,3,19,0,NULO,35,16
1948,3,20,0,NULO,35.5,19.5
1948,3,21,0,NULO,37.5,17
1948,3,22,0,NULO,32.5,19
1948,3,23,0.1,NULO,35,12.5
1948,3,24,0,NULO,35,15
1948,3,25,0,NULO,35.5,18
1948,3,26,0,NULO,39,18
1948,3,27,3,NULO,40,19
1948,3,28,12.5,NULO,24,15.5
1948,3,29,0,NULO,30,14
1948,3,30,0,NULO,37.5,14
1948,3,31,0,NULO,45,15
1948,4,1,0,NULO,44,19.5
1948,4,2,0,NULO,32,9.5
1948,4,3,0,NULO,33,11
1948,4,4,0,NULO,33.5,14
1948,4,5,0,NULO,36.5,15.5
1948,4,6,0,NULO,37.2,17
1948,4,7,0,NULO,38,18.5
1948,4,8,0,NULO,36.5,14
1948,4,9,0,NULO,35,17.8
1948,4,10,0,NULO,35,17.2
1948,4,11,0,NULO,38.5,18
1948,4,12,0,NULO,40,20
1948,4,13,0,NULO,43.8,19
1948,4,14,0.1,NULO,30,13.5
1948,4,15,0,NULO,35.5,17
1948,4,16,0,NULO,38,18
1948,4,17,0,NULO,37,18
1948,4,18,0,NULO,36,15.5
1948,4,19,0,NULO,38,14
1948,4,20,0,NULO,38.5,14.5
1948,4,21,0,NULO,37,15
1948,4,22,2,NULO,36,17
1948,4,23,0,NULO,37.9,18.5
1948,4,24,0,NULO,38,18.5
1948,4,25,0,NULO,42,20
1948,4,26,0,NULO,40.5,16
1948,4,27,0,NULO,42,19.5
1948,4,28,0,NULO,40,20
1948,4,29,0,NULO,39.5,20
1948,4,30,0,NULO,40,19
1948,5,1,0,NULO,42.7,19
1948,5,2,0,NULO,43,19.5
1948,5,3,0,NULO,43,21
1948,5,4,0,NULO,41.5,21
1948,5,5,0,NULO,42,22
1948,5,6,25.5,NULO,44,19
1948,5,7,0,NULO,36,19
1948,5,8,0,NULO,39.5,20
1948,5,9,0,NULO,41.5,20
1948,5,10,0,NULO,41,21.5
1948,5,11,0.1,NULO,39.5,22
1948,5,12,0,NULO,29.5,18
1948,5,13,30.5,NULO,31,19
1948,5,14,2,NULO,35,17
1948,5,15,0,NULO,36,16
1948,5,16,3,NULO,37,18
1948,5,17,0,NULO,36.5,17.5
1948,5,18,0,NULO,37,18.5
1948,5,19,0,NULO,37,20
1948,5,20,0,NULO,36,19.1
1948,5,21,0,NULO,37.5,19
1948,5,22,0,NULO,38.5,18
1948,5,23,0,NULO,38,20
1948,5,24,0,NULO,38.5,21.5
1948,5,25,0,NULO,39,22
1948,5,26,4.5,NULO,38,21.5
1948,5,27,0,NULO,37,20
1948,5,28,0,NULO,38,21
1948,5,29,0,NULO,39,22
1948,5,30,0,NULO,40.5,22
1948,5,31,0,NULO,38,21.9
1948,6,1,0,NULO,38.5,19
1948,6,2,0,NULO,38,17.5
1948,6,3,0,NULO,38.5,19
1948,6,4,0,NULO,39,19
1948,6,5,0,NULO,38.5,21
1948,6,6,0,NULO,38,22
1948,6,7,0,NULO,40,20
1948,6,8,0,NULO,40,20
1948,6,9,0,NULO,41,22
1948,6,10,0,NULO,40,22
1948,6,11,0,NULO,40.5,21
1948,6,12,0,NULO,39,20.5
1948,6,13,0,NULO,32,22
1948,6,14,0,NULO,41.5,20
1948,6,15,0,NULO,41,21
1948,6,16,0,NULO,40.5,21.5
1948,6,17,0,NULO,40.5,21
1948,6,18,27.5,NULO,37,20
1948,6,19,17.5,NULO,34,19.5
1948,6,20,4.5,NULO,39,20
1948,6,21,2.5,NULO,40,21
1948,6,22,15,NULO,40,21
1948,6,23,1.5,NULO,36,22
1948,6,24,11,NULO,33,21.5
1948,6,25,0.1,NULO,37,20.5
1948,6,26,12,NULO,35,19
1948,6,27,0,NULO,38,20
1948,6,28,0,NULO,38.5,20
1948,6,29,17.5,NULO,38.5,21.5
1948,6,30,48.7,NULO,35,19.5
1948,7,1,10,NULO,33,19.5
1948,7,2,0.5,NULO,39.3,19.5
1948,7,3,0,NULO,35.5,19
1948,7,4,0,NULO,38.5,19.5
1948,7,5,2.5,NULO,37,19.5
1948,7,6,0.1,NULO,40,20.5
1948,7,7,7,NULO,38,20.5
1948,7,8,0,NULO,37.5,19.5
1948,7,9,0,NULO,37,20.5
1948,7,10,0,NULO,38,20
1948,7,11,0.1,NULO,37,20.8
1948,7,12,0,NULO,35,21
1948,7,13,0,NULO,37.5,20.8
1948,7,14,25.5,NULO,37,20.5
1948,7,15,10,NULO,35.8,20
1948,7,16,94,NULO,36.5,19.9
1948,7,17,39.5,NULO,36,20
1948,7,18,19.5,NULO,33,19.5
1948,7,19,2,NULO,34,19
1948,7,20,12.5,NULO,32,20.5
1948,7,21,0,NULO,36,20
1948,7,22,0,NULO,36.5,20.5
1948,7,23,0,NULO,37,21
1948,7,24,13,NULO,36,20.5
1948,7,25,0,NULO,36.5,19.5
1948,7,26,0,NULO,37.4,20
1948,7,27,0,NULO,37.5,21
1948,7,28,0,NULO,38,20.5
1948,7,29,0,NULO,37.5,21
1948,7,30,0,NULO,38,21.5
1948,7,31,0,NULO,38.5,20.5
1948,8,1,0,NULO,39,21
1948,8,2,9.5,NULO,38.4,21.5
1948,8,3,0,NULO,37,18.5
1948,8,4,0,NULO,37,20.5
1948,8,5,7.5,NULO,36.5,20.5
1948,8,6,0,NULO,36,19.5
1948,8,7,0,NULO,37,19.8
1948,8,8,0,NULO,36,19.5
1948,8,9,0,NULO,36,20.5
1948,8,10,0,NULO,38.5,20.5
1948,8,11,0,NULO,38.5,20.5
1948,8,12,0,NULO,37.5,20
1948,8,13,0,NULO,37,20.5
1948,8,14,0,NULO,39,20.5
1948,8,15,0,NULO,40.5,21.5
1948,8,16,0,NULO,38,22
1948,8,17,0,NULO,38.5,20.5
1948,8,18,0,NULO,38.5,22.5
1948,8,19,0,NULO,33.5,20
1948,8,20,0,NULO,38.8,20.5
1948,8,21,0,NULO,38.5,20
1948,8,22,0,NULO,39,20
1948,8,23,0,NULO,39,20
1948,8,24,0,NULO,40,19
1948,8,25,0,NULO,40,19
1948,8,26,0,NULO,31.5,19
1948,8,27,0,NULO,29,23
1948,8,28,11.5,NULO,29.5,19.5
1948,8,29,0.1,NULO,29,20
1948,8,30,3.5,NULO,29,19
1948,8,31,17.5,NULO,29,19.5
1948,9,1,0,NULO,30,19
1948,9,2,0,NULO,36,19.5
1948,9,3,0,NULO,32.5,21
1948,9,4,0,NULO,30.5,21
1948,9,5,0,NULO,29.5,20.5
1948,9,6,0,NULO,33.5,21
1948,9,7,25.5,NULO,30,21
1948,9,8,5,NULO,29.5,21
1948,9,9,0,NULO,29,21
1948,9,10,0,NULO,30,21.3
1948,9,11,102,NULO,28,21.2
1948,9,12,0.1,NULO,30,19.5
1948,9,13,0,NULO,34.5,20
1948,9,14,167.5,NULO,35,21
1948,9,15,52,NULO,35,19
1948,9,16,0,NULO,35,19
1948,9,17,0,NULO,36,19
1948,9,18,0,NULO,35.5,19.5
1948,9,19,0,NULO,35,19
1948,9,20,0,NULO,36.5,19.5
1948,9,21,0,NULO,36,21.5
1948,9,22,0,NULO,37,20.5
1948,9,23,0,NULO,37.5,20
1948,9,24,20,NULO,37,21
1948,9,25,25,NULO,35,19
1948,9,26,2,NULO,30,19
1948,9,27,0,NULO,30.5,14.5
1948,9,28,0,NULO,30,12.5
1948,9,29,0,NULO,31,12
1948,9,30,0,NULO,32.5,13.5
1948,10,1,0,NULO,32,13
1948,10,2,0,NULO,31,14.5
1948,10,3,0,NULO,32,13.5
1948,10,4,0,NULO,33,14
1948,10,5,0,NULO,32,13
1948,10,6,0,NULO,34,14.8
1948,10,7,0,NULO,35,19
1948,10,8,5,NULO,34.5,20
1948,10,9,0.1,NULO,32,19
1948,10,10,0,NULO,35,19
1948,10,11,3.5,NULO,31.5,19.5
1948,10,12,4.5,NULO,31.5,20.3
1948,10,13,0,NULO,29,19
1948,10,14,0,NULO,34,18.5
1948,10,15,0,NULO,34,18
1948,10,16,0,NULO,35.5,19.5
1948,10,17,38.5,NULO,26,19.5
1948,10,18,0.5,NULO,25,11
1948,10,19,0,NULO,29,11
1948,10,20,0,NULO,30.1,17.5
1948,10,21,0,NULO,31,17
1948,10,22,0,NULO,32,19
1948,10,23,4,NULO,28,17
1948,10,24,0,NULO,27.5,15
1948,10,25,0,NULO,29,14
1948,10,26,0,NULO,30.5,12.5
1948,10,27,0,NULO,31.5,12.5
1948,10,28,0,NULO,32,14
1948,10,29,0,NULO,32,16
1948,10,30,0,NULO,33,16.5
1948,10,31,0,NULO,33,17
1948,11,1,0,NULO,33.5,17.5
1948,11,2,0,NULO,33,19.5
1948,11,3,0,NULO,33.5,14
1948,11,4,0.1,NULO,36,17
1948,11,5,0,NULO,36,17.5
1948,11,6,0,NULO,25.5,15.5
1948,11,7,0,NULO,29,12
1948,11,8,0,NULO,30,10.5
1948,11,9,0,NULO,29.5,13
1948,11,10,2.5,NULO,28.5,14
1948,11,11,0,NULO,29,9
1948,11,12,9.5,NULO,30.5,9.5
1948,11,13,3,NULO,28.5,17
1948,11,14,0.1,NULO,29,16
1948,11,15,0,NULO,30.5,17.5
1948,11,16,55,NULO,32.5,17
1948,11,17,7.5,NULO,29,19
1948,11,18,2.5,NULO,33,18
1948,11,19,0,NULO,25,13
1948,11,20,0,NULO,28,10.5
1948,11,21,0,NULO,31.9,13
1948,11,22,1.5,NULO,24,14.5
1948,11,23,0,NULO,25.1,11
1948,11,24,0,NULO,34,10.5
1948,11,25,0,NULO,33.5,13.5
1948,11,26,0,NULO,36.5,15
1948,11,27,0,NULO,25.5,18
1948,11,28,0.1,NULO,24,14.5
1948,11,29,0,NULO,21,8.5
1948,11,30,0,NULO,24.5,5
1948,12,1,0,NULO,26.5,6.5
1948,12,2,0,NULO,29,12
1948,12,3,0,NULO,29,13.5
1948,12,4,0.1,NULO,30.5,14
1948,12,5,0,NULO,31.5,14.5
1948,12,6,0,NULO,29.5,15
1948,12,7,0,NULO,31.5,14
1948,12,8,0.1,NULO,30,14.5
1948,12,9,0,NULO,25,15
1948,12,10,0,NULO,28.5,12
1948,12,11,0,NULO,28,11
1948,12,12,0,NULO,27,12.5
1948,12,13,0,NULO,31.9,14.5
1948,12,14,0,NULO,31.8,16.5
1948,12,15,0,NULO,32,16
1948,12,16,0,NULO,31.5,17
1948,12,17,0,NULO,32,18
1948,12,18,0,NULO,32.5,18.5
1948,12,19,0,NULO,28.5,17
1948,12,20,0,NULO,30.5,17
1948,12,21,0,NULO,32,15.5
1948,12,22,0,NULO,32,16
1948,12,23,0,NULO,32,17
1948,12,24,0,NULO,32,16
1948,12,25,0,NULO,31.5,15
1948,12,26,0.1,NULO,19,9
1948,12,27,7.7,NULO,26.5,8.8
1948,12,28,11.5,NULO,29.5,12
1948,12,29,0,NULO,23.5,15
1948,12,30,0,NULO,23.5,9
1948,12,31,0,NULO,23,5.5
1949,1,1,0,NULO,27,8
1949,1,2,0,NULO,30,10
1949,1,3,0,NULO,33.5,11
1949,1,4,0,NULO,33,14
1949,1,5,0,NULO,21.5,10.5
1949,1,6,0,NULO,19,7.5
1949,1,7,0,NULO,22,8.5
1949,1,8,0,NULO,30,10
1949,1,9,0,NULO,30.5,12
1949,1,10,0,NULO,29.5,14.5
1949,1,11,7.5,NULO,30,16
1949,1,12,8,NULO,19.5,16
1949,1,13,0.1,NULO,23.5,7.5
1949,1,14,0,NULO,29,14
1949,1,15,0,NULO,30,13.5
1949,1,16,0.1,NULO,30.5,15
1949,1,17,1.5,NULO,21.5,14
1949,1,18,2.5,NULO,20.5,12
1949,1,19,0.1,NULO,19.5,7.5
1949,1,20,0,NULO,21.5,7
1949,1,21,0,NULO,25,9.5
1949,1,22,0,NULO,27,15.5
1949,1,23,0,NULO,31,15
1949,1,24,0,NULO,30.5,14.5
1949,1,25,0,NULO,32,16
1949,1,26,0,NULO,31.5,16
1949,1,27,0.5,NULO,32.5,15
1949,1,28,6,NULO,30.5,12.5
1949,1,29,8,NULO,14.5,10.5
1949,1,30,1,NULO,11.5,0.5
1949,1,31,0,NULO,17.5,1
1949,2,1,0,NULO,23,3
1949,2,2,0,NULO,26,10.5
1949,2,3,0,NULO,30,12.3
1949,2,4,0,NULO,32.5,14
1949,2,5,0,NULO,32,15.5
1949,2,6,0,NULO,33,17
1949,2,7,0.1,NULO,25,15.5
1949,2,8,0,NULO,33,15.5
1949,2,9,8,NULO,28,17
1949,2,10,0,NULO,24.5,16.5
1949,2,11,0,NULO,28.5,13
1949,2,12,0.1,NULO,30,15
1949,2,13,0,NULO,32.5,14.5
1949,2,14,0,NULO,33.5,15.5
1949,2,15,0.1,NULO,33,16
1949,2,16,0.5,NULO,28,16
1949,2,17,0,NULO,26,13.5
1949,2,18,0,NULO,30,11.5
1949,2,19,0.1,NULO,34.5,10.5
1949,2,20,0,NULO,33,11.5
1949,2,21,0.1,NULO,33.5,15.5
1949,2,22,0,NULO,34,14.5
1949,2,23,0,NULO,33.5,15
1949,2,24,0,NULO,33,15
1949,2,25,0,NULO,33,16
1949,2,26,0.1,NULO,34,17.5
1949,2,27,82.5,NULO,27,14
1949,2,28,3,NULO,23.5,18
1949,3,1,0,NULO,30,12
1949,3,2,1.5,NULO,20,12.5
1949,3,3,0.5,NULO,24,11.5
1949,3,4,0,NULO,29.5,12.5
1949,3,5,0,NULO,33,15
1949,3,6,0,NULO,33,15.5
1949,3,7,0,NULO,33.5,15.5
1949,3,8,0,NULO,34,17
1949,3,9,0,NULO,35.5,18
1949,3,10,0,NULO,29.5,16
1949,3,11,0,NULO,30,15
1949,3,12,0,NULO,35,16
1949,3,13,2,NULO,35.5,17
1949,3,14,5,NULO,34,18.5
1949,3,15,0.1,NULO,29.5,16
1949,3,16,0.1,NULO,33,15.5
1949,3,17,0,NULO,34,14.5
1949,3,18,15,NULO,33,16.5
1949,3,19,4.5,NULO,22.5,14
1949,3,20,0,NULO,30,14
1949,3,21,0,NULO,35.5,15.2
1949,3,22,0,NULO,34,16
1949,3,23,0,NULO,35.5,16.8
1949,3,24,0,NULO,37.5,19
1949,3,25,0,NULO,29,20
1949,3,26,0,NULO,32,16
1949,3,27,0,NULO,41,15.5
1949,3,28,0,NULO,34,15
1949,3,29,0,NULO,36.7,16
1949,3,30,0,NULO,40,18
1949,3,31,0,NULO,38.5,19
1949,4,1,0.1,NULO,38,19.5
1949,4,2,0.1,NULO,30.5,19.5
1949,4,3,0,NULO,31,15
1949,4,4,0.5,NULO,28,15.5
1949,4,5,0,NULO,24,10.5
1949,4,6,0,NULO,32,8.5
1949,4,7,0,NULO,34,11
1949,4,8,0,NULO,36,17
1949,4,9,0,NULO,34,16.5
1949,4,10,10.5,NULO,38.5,18.5
1949,4,11,0,NULO,27,15.5
1949,4,12,0,NULO,33,14
1949,4,13,0,NULO,35,13.8
1949,4,14,0,NULO,39.5,17
1949,4,15,13.5,NULO,36,18.5
1949,4,16,4,NULO,25,13.5
1949,4,17,0,NULO,33.6,12.5
1949,4,18,0,NULO,37,16.5
1949,4,19,0,NULO,38,18
1949,4,20,0,NULO,38.5,19
1949,4,21,0,NULO,34,19.5
1949,4,22,0,NULO,36.3,21
1949,4,23,0,NULO,37,20.5
1949,4,24,5.5,NULO,33,20.5
1949,4,25,36.5,NULO,33.5,18.5
1949,4,26,0,NULO,37.5,17
1949,4,27,0,NULO,37,18.9
1949,4,28,0,NULO,37,21.2
1949,4,29,0,NULO,37,18.5
1949,4,30,0,NULO,38,19
1949,5,1,0,NULO,39,19.5
1949,5,2,0,NULO,40,18
1949,5,3,0,NULO,38,19.5
1949,5,4,0.1,NULO,37,19.5
1949,5,5,0,NULO,37,18
1949,5,6,0,NULO,38.5,19
1949,5,7,0,NULO,37,19
1949,5,8,0,NULO,37,19.5
1949,5,9,0,NULO,39,20
1949,5,10,0,NULO,39.5,21.5
1949,5,11,7.5,NULO,37.5,20.5
1949,5,12,0,NULO,34,19
1949,5,13,0,NULO,36,18.3
1949,5,14,0,NULO,36.5,19
1949,5,15,0,NULO,37,20
1949,5,16,0,NULO,38.5,20.1
1949,5,17,0,NULO,41.5,21
1949,5,18,0,NULO,38.2,21.5
1949,5,19,0,NULO,40.5,21
1949,5,20,0,NULO,42,20.5
1949,5,21,0,NULO,42,20
1949,5,22,0,NULO,40,20.5
1949,5,23,0,NULO,39.5,21
1949,5,24,0,NULO,40,21
1949,5,25,0,NULO,40.5,21.7
1949,5,26,0,NULO,39,20
1949,5,27,0,NULO,35,19.5
1949,5,28,0,NULO,39,20
1949,5,29,0,NULO,40,22.5
1949,5,30,0,NULO,41.5,22
1949,5,31,0,NULO,40.5,20.5
1949,6,1,0,NULO,40.5,21
1949,6,2,0,NULO,41.5,21.5
1949,6,3,0,NULO,40,21
1949,6,4,0,NULO,40.5,24.5
1949,6,5,0,NULO,41.2,21
1949,6,6,0,NULO,40.5,20.2
1949,6,7,0,NULO,40.5,21
1949,6,8,0,NULO,41.5,22
1949,6,9,0,NULO,40.5,23
1949,6,10,0.1,NULO,39,22
1949,6,11,0,NULO,39.5,20.5
1949,6,12,0,NULO,40,20.5
1949,6,13,0,NULO,41,20.8
1949,6,14,0,NULO,42,22
1949,6,15,0.1,NULO,40.5,22
1949,6,16,9,NULO,40.5,20
1949,6,17,0,NULO,40,20
1949,6,18,0,NULO,42,22
1949,6,19,20,NULO,37,21
1949,6,20,0,NULO,40,17.5
1949,6,21,14.5,NULO,40,20.5
1949,6,22,0,NULO,40,20.5
1949,6,23,0,NULO,42.5,21.5
1949,6,24,0,NULO,44,21.8
1949,6,25,43.5,NULO,42.8,22.5
1949,6,26,0,NULO,37,19.5
1949,6,27,7.5,NULO,37,20.5
1949,6,28,22.5,NULO,37,20
1949,6,29,30.5,NULO,34,18
1949,6,30,0,NULO,36.5,18
1949,7,1,0,NULO,38,19
1949,7,2,0,NULO,40,19
1949,7,3,0,NULO,40,20
1949,7,4,0,NULO,40,20.5
1949,7,5,0,NULO,39,21
1949,7,6,0,NULO,39.5,20.5
1949,7,7,0,NULO,40,21
1949,7,8,0,NULO,39,21.5
1949,7,9,0,NULO,39,20.5
1949,7,10,0.1,NULO,31.5,19.5
1949,7,11,0,NULO,38.5,19
1949,7,12,0,NULO,39,19.5
1949,7,13,0,NULO,40.5,20
1949,7,14,0,NULO,40.5,20
1949,7,15,0,NULO,40,20
1949,7,16,0.1,NULO,40,20.5
1949,7,17,0,NULO,40,19
1949,7,18,0,NULO,39,20.5
1949,7,19,0,NULO,38,20
1949,7,20,0,NULO,40,20.5
1949,7,21,0,NULO,41,20
1949,7,22,4,NULO,38.5,21.5
1949,7,23,0,NULO,39,20
1949,7,24,0,NULO,40,20.5
1949,7,25,0,NULO,41,21
1949,7,26,0,NULO,41.5,21.5
1949,7,27,0.1,NULO,41,21
1949,7,28,0,NULO,38,20.5
1949,7,29,0,NULO,41,19
1949,7,30,0,NULO,40.5,17
1949,7,31,0,NULO,NULO,NULO
1949,8,1,0,NULO,42,21
1949,8,2,17.5,NULO,41.5,20.5
1949,8,3,0,NULO,40,18.5
1949,8,4,0,NULO,40,18.5
1949,8,5,0,NULO,37,20.5
1949,8,6,0,NULO,39,19.5
1949,8,7,0,NULO,39.5,20.5
1949,8,8,0,NULO,38.5,21.5
1949,8,9,0,NULO,40,21
1949,8,10,1.5,NULO,39,20.5
1949,8,11,0,NULO,36,20.5
1949,8,12,0,NULO,38,19.5
1949,8,13,0,NULO,40.5,20.5
1949,8,14,0,NULO,42,21
1949,8,15,0,NULO,41,21
1949,8,16,0,NULO,41.5,21.5
1949,8,17,0,NULO,41,20
1949,8,18,0,NULO,41.8,20.5
1949,8,19,0,NULO,42.5,20.5
1949,8,20,0,NULO,42.6,22.5
1949,8,21,9,NULO,33,25
1949,8,22,0,NULO,40,20
1949,8,23,0,NULO,38.5,19
1949,8,24,0,NULO,40.5,19
1949,8,25,0,NULO,40.5,20.5
1949,8,26,0,NULO,41,21.5
1949,8,27,0,NULO,42,22
1949,8,28,0,NULO,39.5,22
1949,8,29,12.5,NULO,37.5,21
1949,8,30,0,NULO,38,19.5
1949,8,31,0,NULO,38,20
1949,9,1,7,NULO,39,20
1949,9,2,0,NULO,38,20
1949,9,3,0,NULO,40,19
1949,9,4,0.1,NULO,41,21
1949,9,5,10,NULO,37,20.6
1949,9,6,0,NULO,37.5,20.5
1949,9,7,0,NULO,38,20
1949,9,8,0,NULO,39.8,19
1949,9,9,15,NULO,40.5,21
1949,9,10,0,NULO,33.5,20.5
1949,9,11,0,NULO,37,20
1949,9,12,0,NULO,38,20.3
1949,9,13,0,NULO,40.5,21.5
1949,9,14,50,NULO,37,21.9
1949,9,15,0,NULO,38.5,19.5
1949,9,16,0.1,NULO,39,21
1949,9,17,1,NULO,39,20.8
1949,9,18,4,NULO,37,22
1949,9,19,0.1,NULO,35.5,21
1949,9,20,30,NULO,35.5,20
1949,9,21,14.5,NULO,31,19.5
1949,9,22,2,NULO,34,20
1949,9,23,22.5,NULO,32.5,20.5
1949,9,24,24,NULO,33,18.5
1949,9,25,24,NULO,28.5,17
1949,9,26,10.5,NULO,38.5,17.5
1949,9,27,40.5,NULO,29.5,18
1949,9,28,12.5,NULO,30,19
1949,9,29,1.5,NULO,33.5,17.5
1949,9,30,1.5,NULO,34,17
1949,10,1,0,NULO,32,17
1949,10,2,0,NULO,34,16.5
1949,10,3,0,NULO,35.3,17
1949,10,4,0.1,NULO,35,19
1949,10,5,0,NULO,36,19.5
1949,10,6,0,NULO,36.5,20.5
1949,10,7,0,NULO,34,21
1949,10,8,0,NULO,36,21.5
1949,10,9,0,NULO,37,21
1949,10,10,0,NULO,35,21
1949,10,11,0.1,NULO,36,21
1949,10,12,20,NULO,35.5,19.5
1949,10,13,0.5,NULO,31,18
1949,10,14,0,NULO,33,19.5
1949,10,15,0,NULO,32.5,17
1949,10,16,0,NULO,33,16.9
1949,10,17,0,NULO,34.5,15.8
1949,10,18,0,NULO,34,16.5
1949,10,19,0,NULO,34.5,17.5
1949,10,20,2.5,NULO,34,20
1949,10,21,0,NULO,35,20.5
1949,10,22,4,NULO,35,20.5
1949,10,23,0,NULO,34,20
1949,10,24,5,NULO,34,19
1949,10,25,10.5,NULO,35,17
1949,10,26,0,NULO,29.5,14.5
1949,10,27,0,NULO,31,16.5
1949,10,28,7.5,NULO,30.5,17.5
1949,10,29,4.5,NULO,25.5,16
1949,10,30,0,NULO,30.5,15.8
1949,10,31,0,NULO,23.5,14
1949,11,1,0,NULO,25.5,9
1949,11,2,0,NULO,28,9
1949,11,3,0,NULO,29,11
1949,11,4,0,NULO,29,9
1949,11,5,0,NULO,30,10.5
1949,11,6,0,NULO,27.5,11
1949,11,7,0,NULO,29.5,12.2
1949,11,8,0,NULO,30,12.5
1949,11,9,0,NULO,32,13.5
1949,11,10,0,NULO,32.5,15
1949,11,11,0,NULO,31.5,19
1949,11,12,0,NULO,32,18
1949,11,13,0,NULO,28,14
1949,11,14,0,NULO,29.5,6
1949,11,15,0,NULO,30,6
1949,11,16,0,NULO,30,7
1949,11,17,0,NULO,29.5,11
1949,11,18,0,NULO,30,11
1949,11,19,0,NULO,31,12.8
1949,11,20,4,NULO,28,12
1949,11,21,1,NULO,25,14
1949,11,22,0,NULO,29.5,12
1949,11,23,0,NULO,30,12.5
1949,11,24,0,NULO,30.5,12.5
1949,11,25,0,NULO,32.5,12.5
1949,11,26,0,NULO,31,12.5
1949,11,27,0,NULO,32,13.9
1949,11,28,0,NULO,32,12.5
1949,11,29,0,NULO,33,12.5
1949,11,30,0,NULO,33,13.1
1949,12,1,0,NULO,32,15.5
1949,12,2,0,NULO,30,14.5
1949,12,3,0.1,NULO,31,13.5
1949,12,4,5,NULO,26,14
1949,12,5,0,NULO,27,13
1949,12,6,0,NULO,30,13.5
1949,12,7,0,NULO,30.5,13.5
1949,12,8,0,NULO,31,13.5
1949,12,9,0,NULO,30.5,15
1949,12,10,0,NULO,32.5,16
1949,12,11,0,NULO,34,15.5
1949,12,12,2,NULO,33,17
1949,12,13,0.2,NULO,28,14
1949,12,14,5,NULO,26,13.5
1949,12,15,0,NULO,28.9,9.3
1949,12,16,0,NULO,24,7
1949,12,17,0,NULO,28.5,9.5
1949,12,18,0,NULO,30.5,14
1949,12,19,0,NULO,31,15
1949,12,20,0,NULO,31.5,14.5
1949,12,21,0,NULO,33,14
1949,12,22,0,NULO,23,14
1949,12,23,0,NULO,20,8.5
1949,12,24,0,NULO,25,9.5
1949,12,25,0,NULO,27,11
1949,12,26,0,NULO,30.5,13.5
1949,12,27,1,NULO,28,12.5
1949,12,28,92.5,NULO,23,14.5
1949,12,29,19.5,NULO,24,14
1949,12,30,2,NULO,25,14.5
1949,12,31,0,NULO,26,15
1950,1,1,1,NULO,28,16
1950,1,2,0,NULO,30,15
1950,1,3,0,NULO,29,16
1950,1,4,0,NULO,30.5,16.5
1950,1,5,0,NULO,25,14.5
1950,1,6,6.5,NULO,23,14.5
1950,1,7,0,NULO,20,9.5
1950,1,8,0,NULO,23.3,8
1950,1,9,0,NULO,28,10
1950,1,10,0,NULO,29,12.5
1950,1,11,0,NULO,30,15.5
1950,1,12,0,NULO,30,16
1950,1,13,0,NULO,29.5,16.5
1950,1,14,0,NULO,30,16
1950,1,15,0,NULO,31,15
1950,1,16,0,NULO,29.5,16
1950,1,17,0,NULO,28,13.5
1950,1,18,0,NULO,30,14
1950,1,19,2,NULO,30,14
1950,1,20,2.5,NULO,29.5,14.5
1950,1,21,0,NULO,29,12
1950,1,22,0,NULO,30,12.8
1950,1,23,0,NULO,30,14
1950,1,24,0,NULO,30.5,15
1950,1,25,0,NULO,32,16.5
1950,1,26,0,NULO,30.5,17
1950,1,27,2.5,NULO,26.5,17
1950,1,28,0,NULO,28.5,15
1950,1,29,0,NULO,30,14.3
1950,1,30,0,NULO,31,14.5
1950,1,31,0,NULO,32,15.5
1950,2,1,0,NULO,37,16
1950,2,2,0,NULO,31,15.5
1950,2,3,0,NULO,30,15.5
1950,2,4,9,NULO,22.5,14
1950,2,5,0,NULO,28,14.5
1950,2,6,0,NULO,30,14
1950,2,7,0.1,NULO,31.5,13.5
1950,2,8,0,NULO,31,19.5
1950,2,9,0,NULO,31,15
1950,2,10,0,NULO,31,16
1950,2,11,0,NULO,31.5,16
1950,2,12,0.1,NULO,33,17
1950,2,13,0,NULO,31,17
1950,2,14,0,NULO,21,12
1950,2,15,0,NULO,21,11.3
1950,2,16,6,NULO,21.5,11.5
1950,2,17,0.1,NULO,26.5,12
1950,2,18,0,NULO,29,11
1950,2,19,0,NULO,29,14
1950,2,20,0,NULO,30,16
1950,2,21,0.1,NULO,31,13.5
1950,2,22,6.5,NULO,32.5,13.5
1950,2,23,1,NULO,22.5,14
1950,2,24,0,NULO,29.5,13
1950,2,25,0,NULO,30,14.5
1950,2,26,0,NULO,32,16
1950,2,27,0,NULO,33,17
1950,2,28,0,NULO,29.5,16.5
1950,3,1,5,NULO,34,17
1950,3,2,4.5,NULO,29.5,15
1950,3,3,0,NULO,27,14.5
1950,3,4,19,NULO,23,15
1950,3,5,1,NULO,23.5,12.5
1950,3,6,0,NULO,30,13
1950,3,7,0,NULO,32.5,14.5
1950,3,8,10,NULO,29,17
1950,3,9,1.5,NULO,23.5,11.5
1950,3,10,0,NULO,31,12
1950,3,11,0,NULO,29,15
1950,3,12,0,NULO,27,16.5
1950,3,13,11,NULO,29.5,15
1950,3,14,0,NULO,27.5,10
1950,3,15,0,NULO,34,11.5
1950,3,16,0,NULO,32,14.9
1950,3,17,9,NULO,33,18.5
1950,3,18,0,NULO,31,14.5
1950,3,19,0.1,NULO,34.5,15.5
1950,3,20,0.1,NULO,34,17
1950,3,21,0.1,NULO,36,18.5
1950,3,22,0,NULO,36,19
1950,3,23,0,NULO,34.5,16.5
1950,3,24,0,NULO,37,19
1950,3,25,0.1,NULO,36,18
1950,3,26,0.1,NULO,38.5,19
1950,3,27,0.1,NULO,33,17.5
1950,3,28,0,NULO,34.5,19
1950,3,29,36.5,NULO,30.5,15
1950,3,30,6,NULO,26.5,17
1950,3,31,0,NULO,32,14.5
1950,4,1,0,NULO,35,16
1950,4,2,0,NULO,34,17.5
1950,4,3,0,NULO,37.5,18
1950,4,4,0,NULO,39,18
1950,4,5,1.2,NULO,25,15
1950,4,6,0.1,NULO,23,12.5
1950,4,7,0,NULO,27,12.5
1950,4,8,0,NULO,34,14
1950,4,9,0,NULO,33.5,15
1950,4,10,0,NULO,36,15
1950,4,11,0,NULO,35.5,17.5
1950,4,12,0,NULO,35,17.2
1950,4,13,0,NULO,35,16.5
1950,4,14,0,NULO,33,17.5
1950,4,15,0,NULO,37,19.5
1950,4,16,6.5,NULO,34,19
1950,4,17,0,NULO,35,19.5
1950,4,18,0,NULO,38,19.5
1950,4,19,0,NULO,37,19.5
1950,4,20,10,NULO,31,19.5
1950,4,21,29,NULO,30.5,18.8
1950,4,22,13.5,NULO,33,15.5
1950,4,23,7.5,NULO,35,17
1950,4,24,0.1,NULO,40,19
1950,4,25,0,NULO,40,19.5
1950,4,26,0,NULO,34,20
1950,4,27,0,NULO,36,20.5
1950,4,28,0,NULO,39,20
1950,4,29,0,NULO,43.5,21
1950,4,30,0,NULO,39,21
1950,5,1,0,NULO,37,22
1950,5,2,0,NULO,41.5,20.9
1950,5,3,0,NULO,40.5,22.5
1950,5,4,0,NULO,40,19
1950,5,5,0,NULO,39.5,21
1950,5,6,0,NULO,38.8,21
1950,5,7,0,NULO,37.5,20
1950,5,8,0,NULO,36.5,21.5
1950,5,9,0,NULO,35.5,20
1950,5,10,0,NULO,36.5,21
1950,5,11,0,NULO,36,21.5
1950,5,12,0,NULO,39,20.5
1950,5,13,0,NULO,39.5,21
1950,5,14,0.1,NULO,41,21
1950,5,15,0,NULO,41,21
1950,5,16,27,NULO,42,22.6
1950,5,17,51,NULO,31,19.5
1950,5,18,0,NULO,40,20.5
1950,5,19,0,NULO,40.2,20.5
1950,5,20,144,NULO,39.5,21.5
1950,5,21,82.5,NULO,37.5,19
1950,5,22,0,NULO,38,18
1950,5,23,0,NULO,38,19
1950,5,24,0,NULO,38,19.5
1950,5,25,0,NULO,38,20.5
1950,5,26,0,NULO,31.2,20.5
1950,5,27,0,NULO,41.5,19
1950,5,28,0,NULO,38,19.5
1950,5,29,0,NULO,37.5,20.5
1950,5,30,0,NULO,43.5,21
1950,5,31,0,NULO,41,22
1950,6,1,22.5,NULO,42,20
1950,6,2,0.1,NULO,34,20.5
1950,6,3,17.5,NULO,39,21.5
1950,6,4,17.5,NULO,36,20.5
1950,6,5,0,NULO,36,25
1950,6,6,0,NULO,37.8,21
1950,6,7,0,NULO,38.5,22
1950,6,8,0,NULO,39,22.5
1950,6,9,0,NULO,38.5,21.5
1950,6,10,55,NULO,35.5,21.5
1950,6,11,42,NULO,34,19.5
1950,6,12,0,NULO,36,18.5
1950,6,13,0,NULO,37,19.5
1950,6,14,0,NULO,36.5,20
1950,6,15,0,NULO,36,19
1950,6,16,12.5,NULO,36,19.5
1950,6,17,17.5,NULO,34.5,20
1950,6,18,0,NULO,36,19
1950,6,19,0,NULO,38,20.5
1950,6,20,0,NULO,37.5,21
1950,6,21,0,NULO,38,22
1950,6,22,0,NULO,38,20.5
1950,6,23,0,NULO,37.5,20
1950,6,24,3,NULO,34.5,20.5
1950,6,25,0,NULO,34.5,19.5
1950,6,26,0,NULO,35,19
1950,6,27,0,NULO,37,18.5
1950,6,28,0,NULO,38,19
1950,6,29,0,NULO,37,19.5
1950,6,30,5,NULO,38,18
1950,7,1,0,NULO,37,19.5
1950,7,2,1,NULO,37,19.5
1950,7,3,6.5,NULO,34,20.2
1950,7,4,9.5,NULO,30,19.5
1950,7,5,0.1,NULO,32,20
1950,7,6,0,NULO,33,20
1950,7,7,0,NULO,34.5,18
1950,7,8,0,NULO,36,19
1950,7,9,0,NULO,37.5,19.5
1950,7,10,0,NULO,38,20.8
1950,7,11,0,NULO,39.4,21
1950,7,12,0,NULO,39,21
1950,7,13,0,NULO,39,20.5
1950,7,14,0,NULO,36.5,19
1950,7,15,0,NULO,34,19
1950,7,16,17.5,NULO,34,18.4
1950,7,17,12.5,NULO,36,20.5
1950,7,18,5,NULO,33.5,19.8
1950,7,19,3,NULO,30.5,17.5
1950,7,20,17.5,NULO,36,17.5
1950,7,21,24,NULO,35.5,18.8
1950,7,22,0,NULO,35,18
1950,7,23,0,NULO,35,19
1950,7,24,0,NULO,35,19.2
1950,7,25,0,NULO,35,19
1950,7,26,0,NULO,37,19
1950,7,27,0,NULO,37.5,19
1950,7,28,0,NULO,38,19
1950,7,29,0,NULO,38.2,19.5
1950,7,30,0,NULO,39,22
1950,7,31,0,NULO,38,21.5
1950,8,1,21,NULO,35,20.5
1950,8,2,3,NULO,35,19.5
1950,8,3,0,NULO,36,17.5
1950,8,4,0,NULO,38,18
1950,8,5,0,NULO,37,18.5
1950,8,6,0,NULO,38,18.8
1950,8,7,0.1,NULO,38,19
1950,8,8,0,NULO,38,18.5
1950,8,9,0,NULO,28,18.5
1950,8,10,0,NULO,31,19
1950,8,11,0,NULO,38.5,19
1950,8,12,0,NULO,39.5,19
1950,8,13,0,NULO,39,20.8
1950,8,14,0,NULO,39,20.5
1950,8,15,0,NULO,35,19.5
1950,8,16,0,NULO,37,19.8
1950,8,17,0,NULO,39,18
1950,8,18,0,NULO,39.5,19
1950,8,19,0,NULO,39.8,20
1950,8,20,0,NULO,39.5,20.5
1950,8,21,0,NULO,40,20
1950,8,22,0,NULO,40,20.5
1950,8,23,6,NULO,39,21
1950,8,24,0,NULO,37.5,21.5
1950,8,25,1,NULO,38,21
1950,8,26,0,NULO,37.5,19.5
1950,8,27,0,NULO,39.5,20
1950,8,28,0,NULO,41,20.5
1950,8,29,0,NULO,41,21
1950,8,30,0,NULO,41,21
1950,8,31,0,NULO,42,21.5
1950,9,1,0.1,NULO,43,19.5
1950,9,2,0,NULO,39,20.5
1950,9,3,4,NULO,37.5,25
1950,9,4,0,NULO,39.5,19.5
1950,9,5,0,NULO,39,22
1950,9,6,0.1,NULO,39.5,21
1950,9,7,0,NULO,38,20.5
1950,9,8,0,NULO,42,20.5
1950,9,9,0,NULO,42,21.5
1950,9,10,0,NULO,42,21.5
1950,9,11,0,NULO,41.5,21.8
1950,9,12,18.7,NULO,41,21.5
1950,9,13,0,NULO,40.2,21.5
1950,9,14,19.5,NULO,40,21
1950,9,15,0,NULO,41,21.5
1950,9,16,19,NULO,41.5,22
1950,9,17,7,NULO,40,21
1950,9,18,2,NULO,38,20.5
1950,9,19,0,NULO,38,19.5
1950,9,20,0,NULO,38,19.5
1950,9,21,0,NULO,38,20
1950,9,22,9,NULO,38,19.2
1950,9,23,0,NULO,39,18.5
1950,9,24,0,NULO,37,18
1950,9,25,0,NULO,38,19
1950,9,26,0,NULO,35,19
1950,9,27,0,NULO,34.5,18.5
1950,9,28,0,NULO,38,18
1950,9,29,0,NULO,38.5,18.5
1950,9,30,26,NULO,36,19
1950,10,1,0,NULO,38,19
1950,10,2,1.9,NULO,37.5,20
1950,10,3,0,NULO,31.5,19
1950,10,4,56.5,NULO,33,18.8
1950,10,5,7,NULO,28,17.5
1950,10,6,0,NULO,32,18
1950,10,7,0,NULO,36,22
1950,10,8,5,NULO,30,22.5
1950,10,9,1.5,NULO,30,19
1950,10,10,2,NULO,30.5,18.5
1950,10,11,5,NULO,31,18.5
1950,10,12,27,NULO,31,19
1950,10,13,0,NULO,31.5,17
1950,10,14,0,NULO,34,16.8
1950,10,15,13.5,NULO,33,18
1950,10,16,4,NULO,33,17.5
1950,10,17,0,NULO,32,17
1950,10,18,0,NULO,28.6,16
1950,10,19,0,NULO,34.5,15.5
1950,10,20,0,NULO,33,15.5
1950,10,21,0,NULO,34,17
1950,10,22,0,NULO,34.5,17.5
1950,10,23,0.1,NULO,33.5,17
1950,10,24,0,NULO,33,17
1950,10,25,0,NULO,33,15.5
1950,10,26,0,NULO,33.5,16.5
1950,10,27,0,NULO,33,19.5
1950,10,28,0,NULO,34,15.5
1950,10,29,0,NULO,36.6,16.5
1950,10,30,0,NULO,35,16
1950,10,31,0,NULO,33.5,16
1950,11,1,0,NULO,33.5,15
1950,11,2,0,NULO,34,15
1950,11,3,0,NULO,34,15
1950,11,4,0,NULO,26,12
1950,11,5,0,NULO,29,6.6
1950,11,6,0,NULO,31,8
1950,11,7,0,NULO,32.5,12.5
1950,11,8,0,NULO,32.5,12.5
1950,11,9,0,NULO,32,17
1950,11,10,0,NULO,24,14.8
1950,11,11,0,NULO,24,12
1950,11,12,1,NULO,23.5,7.5
1950,11,13,0,NULO,30.5,13
1950,11,14,0,NULO,30,14
1950,11,15,0,NULO,32.2,15.8
1950,11,16,0,NULO,33,17.1
1950,11,17,0,NULO,33.3,14.5
1950,11,18,0,NULO,33.5,15
1950,11,19,0,NULO,34,15
1950,11,20,11.5,NULO,33,16
1950,11,21,0,NULO,24.5,10
1950,11,22,0.1,NULO,31.5,11.5
1950,11,23,0,NULO,32,14.5
1950,11,24,9,NULO,31,14.5
1950,11,25,0,NULO,33,9
1950,11,26,0,NULO,27,7
1950,11,27,0,NULO,28,9
1950,11,28,0,NULO,30,11
1950,11,29,0,NULO,30.5,12
1950,11,30,0,NULO,30,12
1950,12,1,0,NULO,31,12
1950,12,2,0,NULO,34,12
1950,12,3,0,NULO,33,16
1950,12,4,0,NULO,32,11
1950,12,5,0,NULO,37,11
1950,12,6,0,NULO,27,9.5
1950,12,7,0,NULO,23,5.9
1950,12,8,0,NULO,29,7.5
1950,12,9,0,NULO,31,13
1950,12,10,0,NULO,28.5,17
1950,12,11,0,NULO,29.5,10
1950,12,12,0.1,NULO,31.5,10
1950,12,13,0,NULO,31,11.3
1950,12,14,0,NULO,33,13
1950,12,15,0,NULO,33,13
1950,12,16,7.5,NULO,32,13
1950,12,17,0.1,NULO,22.5,13
1950,12,18,0,NULO,26,13
1950,12,19,0,NULO,30,9
1950,12,20,0,NULO,31,11
1950,12,21,0,NULO,30.5,11
1950,12,22,0,NULO,26,12.5
1950,12,23,0.1,NULO,26,14
1950,12,24,0,NULO,26.5,13.5
1950,12,25,0,NULO,27.6,11
1950,12,26,0,NULO,31.5,12
1950,12,27,0.1,NULO,26,13.5
1950,12,28,2.5,NULO,22,13
1950,12,29,0.1,NULO,28,10
1950,12,30,5,NULO,23,11
1950,12,31,0,NULO,23,11
1951,1,1,0,NULO,30,12
1951,1,2,0,NULO,30,14.5
1951,1,3,0,NULO,31,10
1951,1,4,0,NULO,28,9.5
1951,1,5,0,NULO,30,14.5
1951,1,6,27,NULO,32,14
1951,1,7,0,NULO,19,11.6
1951,1,8,0,NULO,20,7
1951,1,9,0,NULO,25,8
1951,1,10,0,NULO,29,8
1951,1,11,0.1,NULO,30,11.5
1951,1,12,0,NULO,31.5,12
1951,1,13,0,NULO,32,15
1951,1,14,0,NULO,30,14.5
1951,1,15,0.1,NULO,28,10
1951,1,16,0,NULO,28,8
1951,1,17,0,NULO,30,9
1951,1,18,0,NULO,31,9.5
1951,1,19,0.1,NULO,31,11
1951,1,20,0,NULO,33,13.1
1951,1,21,18,NULO,30,15
1951,1,22,0,NULO,23.8,10
1951,1,23,0,NULO,30,10
1951,1,24,0,NULO,29,11
1951,1,25,0,NULO,26.5,12.5
1951,1,26,0,NULO,27,10
1951,1,27,0,NULO,30.5,11.5
1951,1,28,0.1,NULO,32,15
1951,1,29,2.5,NULO,32,12
1951,1,30,1,NULO,17,8.8
1951,1,31,0.1,NULO,17.5,6.5
1951,2,1,0,NULO,12.5,0.5
1951,2,2,0,NULO,16,1
1951,2,3,0,NULO,23,3
1951,2,4,0,NULO,28,6.5
1951,2,5,0,NULO,30,7.8
1951,2,6,0,NULO,35,8.5
1951,2,7,0,NULO,32,10
1951,2,8,0,NULO,30,15
1951,2,9,0,NULO,32,13.7
1951,2,10,0,NULO,28,16
1951,2,11,0,NULO,30.5,15.3
1951,2,12,0,NULO,32,16
1951,2,13,1,NULO,33.5,15.3
1951,2,14,5,NULO,19.5,15.3
1951,2,15,0.1,NULO,19,7.8
1951,2,16,0,NULO,23,8.5
1951,2,17,0,NULO,29,13
1951,2,18,0,NULO,33,14
1951,2,19,0,NULO,33.5,18.5
1951,2,20,0,NULO,33.8,15
1951,2,21,0,NULO,31.5,13.5
1951,2,22,0,NULO,32.2,14
1951,2,23,0,NULO,32.5,16
1951,2,24,0,NULO,34,19
1951,2,25,0,NULO,34.5,17.5
1951,2,26,0,NULO,36.5,16
1951,2,27,0,NULO,36,21
1951,2,28,0,NULO,36.8,20
1951,3,1,0,NULO,34,20
1951,3,2,0,NULO,36.4,16
1951,3,3,0,NULO,31,20
1951,3,4,0,NULO,40.5,21
1951,3,5,0,NULO,34,21
1951,3,6,0,NULO,38,21.4
1951,3,7,0,NULO,37,17
1951,3,8,0,NULO,37,20.5
1951,3,9,0,NULO,35.8,19.9
1951,3,10,0,NULO,33,19.5
1951,3,11,0,NULO,36,21.5
1951,3,12,17.5,NULO,19,15
1951,3,13,0,NULO,22.9,9.5
1951,3,14,0.1,NULO,29,10.5
1951,3,15,0,NULO,32.6,13.8
1951,3,16,0,NULO,33,17.8
1951,3,17,0,NULO,39,19
1951,3,18,0,NULO,36,17
1951,3,19,2.5,NULO,21,16
1951,3,20,0,NULO,20,8
1951,3,21,0,NULO,32,15
1951,3,22,0,NULO,34,18
1951,3,23,0,NULO,37,19
1951,3,24,0,NULO,33,20.5
1951,3,25,0,NULO,34,16
1951,3,26,0,NULO,35,16
1951,3,27,0,NULO,39,20.5
1951,3,28,0,NULO,42,19.9
1951,3,29,0,NULO,31.5,19.5
1951,3,30,0,NULO,33,18
1951,3,31,0,NULO,36,11.5
1951,4,1,0,NULO,39,19
1951,4,2,0,NULO,30,18.2
1951,4,3,0,NULO,34.5,19
1951,4,4,0,NULO,34,19.5
1951,4,5,0,NULO,36.5,18
1951,4,6,0,NULO,41,17.8
1951,4,7,0,NULO,39.5,20.5
1951,4,8,0,NULO,31,20.5
1951,4,9,0,NULO,34,21
1951,4,10,0,NULO,37,20
1951,4,11,0,NULO,32,21.5
1951,4,12,0,NULO,27,17.5
1951,4,13,0,NULO,29.5,18
1951,4,14,0,NULO,31,18.5
1951,4,15,0,NULO,40.1,18.5
1951,4,16,0,NULO,38,20.5
1951,4,17,0.1,NULO,28,20.5
1951,4,18,0,NULO,34,20.5
1951,4,19,0,NULO,40.5,20.5
1951,4,20,0,NULO,38,22.5
1951,4,21,0,NULO,42,23.8
1951,4,22,17.5,NULO,40.5,22
1951,4,23,0.1,NULO,38,22.5
1951,4,24,0,NULO,35,21
1951,4,25,0,NULO,38.5,21.8
1951,4,26,0,NULO,38,20.5
1951,4,27,0,NULO,39,23.5
1951,4,28,0,NULO,39.5,23.9
1951,4,29,0,NULO,39.5,23
1951,4,30,0,NULO,41,23
1951,5,1,0,NULO,40.5,21.5
1951,5,2,0.1,NULO,38,23.5
1951,5,3,0,NULO,36,24.5
1951,5,4,0,NULO,38.5,23.5
1951,5,5,0,NULO,39,23.2
1951,5,6,0.1,NULO,39.5,23.5
1951,5,7,35,NULO,37.5,24
1951,5,8,0,NULO,37.5,23
1951,5,9,0,NULO,37.5,23
1951,5,10,0,NULO,40.5,23
1951,5,11,3,NULO,38,22.5
1951,5,12,0,NULO,33,21.3
1951,5,13,0,NULO,40.5,21
1951,5,14,0,NULO,38,20.5
1951,5,15,0,NULO,39,23.5
1951,5,16,0,NULO,39,24.5
1951,5,17,1.5,NULO,35,24
1951,5,18,6.5,NULO,35,23.5
1951,5,19,0,NULO,32.5,23.5
1951,5,20,1.5,NULO,36,21.5
1951,5,21,38,NULO,38,19
1951,5,22,0,NULO,39,22
1951,5,23,0,NULO,39,21.5
1951,5,24,0,NULO,40,25.8
1951,5,25,13,NULO,39.5,26.5
1951,5,26,0.1,NULO,38.5,24
1951,5,27,0,NULO,37,22.5
1951,5,28,0,NULO,38.2,22
1951,5,29,0,NULO,39,22.5
1951,5,30,11.5,NULO,35,20
1951,5,31,18.5,NULO,35,23
1951,6,1,82.5,NULO,28,21
1951,6,2,29,NULO,32,22.8
1951,6,3,37.5,NULO,29.5,22.5
1951,6,4,8.5,NULO,29,20
1951,6,5,0,NULO,33.5,22.8
1951,6,6,0,NULO,35,21
1951,6,7,0,NULO,39,20.5
1951,6,8,0,NULO,37,21.5
1951,6,9,0,NULO,38.5,22
1951,6,10,0,NULO,39.5,20.5
1951,6,11,0,NULO,38.5,23.8
1951,6,12,0,NULO,40,21
1951,6,13,0,NULO,39,20.5
1951,6,14,0,NULO,39,24
1951,6,15,0,NULO,39,23.5
1951,6,16,0,NULO,39,24
1951,6,17,0,NULO,40,24.8
1951,6,18,0,NULO,40,24.5
1951,6,19,0,NULO,40,25
1951,6,20,0,NULO,40,24.5
1951,6,21,0,NULO,39,24.5
1951,6,22,0,NULO,40.5,23.5
1951,6,23,0,NULO,37,23
1951,6,24,0,NULO,38,24.5
1951,6,25,75,NULO,35.5,24.5
1951,6,26,21,NULO,35,24
1951,6,27,3,NULO,32.5,23
1951,6,28,0,NULO,37,23
1951,6,29,4.7,NULO,36.5,23.5
1951,6,30,0,NULO,34,23.8
1951,7,1,0.5,NULO,35,24
1951,7,2,28,NULO,37,25.5
1951,7,3,0,NULO,33.5,24
1951,7,4,0,NULO,34,23.5
1951,7,5,0,NULO,34,23.5
1951,7,6,2,NULO,33.5,23
1951,7,7,0,NULO,34,22.5
1951,7,8,0,NULO,37,19
1951,7,9,0,NULO,37,23
1951,7,10,4.2,NULO,35,24.8
1951,7,11,22.5,NULO,34,20
1951,7,12,1,NULO,30,21
1951,7,13,0.5,NULO,35,20.5
1951,7,14,7.5,NULO,35.5,23.5
1951,7,15,0.1,NULO,34.5,23
1951,7,16,0,NULO,35,23
1951,7,17,0,NULO,31,21.8
1951,7,18,0,NULO,38,25
1951,7,19,0,NULO,37.5,23
1951,7,20,0,NULO,37,22.5
1951,7,21,0,NULO,37,22.5
1951,7,22,0,NULO,37,23.6
1951,7,23,2.5,NULO,39,22.5
1951,7,24,0,NULO,36,24
1951,7,25,0,NULO,35.5,23.8
1951,7,26,0,NULO,35,22.5
1951,7,27,0,NULO,37,21.8
1951,7,28,0,NULO,30,23
1951,7,29,0,NULO,30,26
1951,7,30,0,NULO,38,24
1951,7,31,2,NULO,38.2,24
1951,8,1,5,NULO,32,22.5
1951,8,2,0,NULO,33,23
1951,8,3,0,NULO,36,23
1951,8,4,2.5,NULO,36.5,20
1951,8,5,0,NULO,28,22.5
1951,8,6,0,NULO,30.5,22.5
1951,8,7,0,NULO,35,19
1951,8,8,0,NULO,38,21.5
1951,8,9,0,NULO,39,22.5
1951,8,10,0,NULO,38,25
1951,8,11,0,NULO,39,24
1951,8,12,0,NULO,38,23
1951,8,13,0,NULO,37.5,22.5
1951,8,14,0,NULO,38.5,22
1951,8,15,0,NULO,39.5,22.5
1951,8,16,0,NULO,37.5,24
1951,8,17,0,NULO,37.2,24
1951,8,18,2.5,NULO,38,22.5
1951,8,19,0,NULO,39,21
1951,8,20,0,NULO,38,23
1951,8,21,13,NULO,35,24
1951,8,22,16.2,NULO,29.5,22.5
1951,8,23,35,NULO,32,21
1951,8,24,11.6,NULO,32,23
1951,8,25,13.5,NULO,34.9,22.5
1951,8,26,2,NULO,35.5,22.5
1951,8,27,0,NULO,36.8,23.5
1951,8,28,0,NULO,37.5,24.5
1951,8,29,0,NULO,37.2,25.5
1951,8,30,0,NULO,34.5,24
1951,8,31,0,NULO,37,23.5
1951,9,1,0,NULO,38.5,20.5
1951,9,2,0,NULO,38,24
1951,9,3,59.5,NULO,37.5,24.5
1951,9,4,0,NULO,34,20
1951,9,5,0,NULO,35.5,23.5
1951,9,6,11,NULO,35,23.6
1951,9,7,5,NULO,34,22.5
1951,9,8,0,NULO,35,23
1951,9,9,0,NULO,35,22.5
1951,9,10,27,NULO,30.5,22.5
1951,9,11,7.5,NULO,36,21
1951,9,12,0,NULO,35.5,21
1951,9,13,2.5,NULO,36,24.5
1951,9,14,0,NULO,32,24
1951,9,15,0,NULO,34,20
1951,9,16,27,NULO,32,23.5
1951,9,17,0,NULO,32,17
1951,9,18,0,NULO,33,15
1951,9,19,0,NULO,33,18
1951,9,20,2,NULO,34.5,19.5
1951,9,21,6.5,NULO,29.5,21.5
1951,9,22,5,NULO,33,21.5
1951,9,23,30,NULO,33,19
1951,9,24,30,NULO,34,19
1951,9,25,0,NULO,34,19
1951,9,26,0,NULO,39,23
1951,9,27,0,NULO,37,20
1951,9,28,42,NULO,37,20.7
1951,9,29,19,NULO,32,19.5
1951,9,30,0,NULO,34.5,13.3
1951,10,1,0,NULO,35,22.5
1951,10,2,0,NULO,37,19
1951,10,3,0,NULO,36,18
1951,10,4,0,NULO,35.5,24
1951,10,5,0,NULO,34.5,23.9
1951,10,6,39,NULO,34,23
1951,10,7,387,NULO,28.2,23
1951,10,8,4,NULO,23,18.5
1951,10,9,0,NULO,27.5,17.5
1951,10,10,0,NULO,29,15
1951,10,11,0,NULO,28.5,18.5
1951,10,12,0,NULO,32.5,16.5
1951,10,13,0,NULO,33,19
1951,10,14,0,NULO,30.5,15
1951,10,15,0,NULO,32.8,20.5
1951,10,16,0,NULO,34,18.5
1951,10,17,0,NULO,34,19.2
1951,10,18,0,NULO,33,17
1951,10,19,0,NULO,31.5,16
1951,10,20,0,NULO,33,17
1951,10,21,0,NULO,34,16
1951,10,22,0.1,NULO,34,20
1951,10,23,107,NULO,34,20
1951,10,24,7.5,NULO,28,20
1951,10,25,0,NULO,30,16
1951,10,26,0,NULO,32.5,20.5
1951,10,27,0,NULO,33,20.5
1951,10,28,0,NULO,32,22
1951,10,29,0,NULO,33,22
1951,10,30,0,NULO,34,22
1951,10,31,0,NULO,35,24
1951,11,1,0.1,NULO,36,17.5
1951,11,2,0.1,NULO,35,18
1951,11,3,0,NULO,23,11.5
1951,11,4,0,NULO,24,10
1951,11,5,0,NULO,29,15
1951,11,6,22.8,NULO,20,14
1951,11,7,0,NULO,21.5,10
1951,11,8,0,NULO,24,14.8
1951,11,9,0,NULO,28,15.5
1951,11,10,0,NULO,30.5,16.8
1951,11,11,0,NULO,31,14
1951,11,12,0,NULO,32,18.8
1951,11,13,0.1,NULO,33,15
1951,11,14,0.1,NULO,33,17
1951,11,15,0,NULO,33,18
1951,11,16,5,NULO,30.5,21.5
1951,11,17,0,NULO,18,10.5
1951,11,18,0,NULO,21,10.5
1951,11,19,0,NULO,23,9
1951,11,20,0,NULO,24.5,12.2
1951,11,21,0,NULO,29.5,16.5
1951,11,22,0,NULO,30,15.5
1951,11,23,0,NULO,25,17
1951,11,24,0.1,NULO,30,16.9
1951,11,25,7.5,NULO,30.5,18.5
1951,11,26,5,NULO,28.5,20
1951,11,27,0,NULO,28,16
1951,11,28,0,NULO,26,12
1951,11,29,2,NULO,26,12
1951,11,30,0,NULO,26,13
1951,12,1,0.1,NULO,30.5,17.5
1951,12,2,0,NULO,30.5,15.5
1951,12,3,0.1,NULO,30,19.5
1951,12,4,0,NULO,30,18.5
1951,12,5,0,NULO,32,17.5
1951,12,6,0.1,NULO,32.5,20.5
1951,12,7,0,NULO,30,20.5
1951,12,8,0,NULO,30.5,17.5
1951,12,9,0,NULO,22.3,17
1951,12,10,1.5,NULO,21,11.5
1951,12,11,0,NULO,21,12.8
1951,12,12,0,NULO,28,15
1951,12,13,0,NULO,29,15
1951,12,14,5,NULO,31,17.8
1951,12,15,0,NULO,19.3,14
1951,12,16,0,NULO,29,6
1951,12,17,0,NULO,27,7
1951,12,18,0,NULO,26,10
1951,12,19,0.1,NULO,30,16
1951,12,20,0,NULO,33,18
1951,12,21,0.1,NULO,24,13.5
1951,12,22,0,NULO,23,11
1951,12,23,0,NULO,28,10
1951,12,24,0,NULO,29.5,14.3
1951,12,25,0,NULO,34,14.3
1951,12,26,0.1,NULO,27,15
1951,12,27,0.1,NULO,22,14
1951,12,28,0,NULO,28,10
1951,12,29,0,NULO,29,10
1951,12,30,0.1,NULO,30,12.5
1951,12,31,0,NULO,24,11.5
1952,1,1,0,NULO,29.5,15
1952,1,2,0.7,NULO,28,18
1952,1,3,0.1,NULO,31.5,16
1952,1,4,0.5,NULO,23.5,14
1952,1,5,0.1,NULO,26,10
1952,1,6,0,NULO,22.8,11
1952,1,7,0,NULO,27,15
1952,1,8,0.1,NULO,29.5,10.5
1952,1,9,3,NULO,31,15.5
1952,1,10,0,NULO,22,16.8
1952,1,11,0,NULO,22.5,11.6
1952,1,12,0,NULO,22.5,15
1952,1,13,0,NULO,31,15
1952,1,14,0,NULO,29.5,12.5
1952,1,15,0,NULO,30.5,17.5
1952,1,16,0,NULO,30,19.2
1952,1,17,0,NULO,29.5,15
1952,1,18,0.1,NULO,30.5,19
1952,1,19,0,NULO,31.5,18.8
1952,1,20,0.1,NULO,30.5,19
1952,1,21,0,NULO,31.5,19
1952,1,22,0,NULO,32,18.5
1952,1,23,2,NULO,25.5,16.5
1952,1,24,0,NULO,28,17.2
1952,1,25,0.1,NULO,31,17
1952,1,26,0.1,NULO,31.5,18
1952,1,27,0,NULO,32.8,18.5
1952,1,28,0,NULO,24,17.9
1952,1,29,0,NULO,24.5,8.5
1952,1,30,2,NULO,28,10.5
1952,1,31,3.5,NULO,26,12
1952,2,1,0,NULO,30.5,13
1952,2,2,0,NULO,30,18
1952,2,3,0,NULO,35.5,13.8
1952,2,4,0,NULO,35.5,14.5
1952,2,5,0,NULO,28.5,9.5
1952,2,6,0,NULO,29,13
1952,2,7,0,NULO,25.5,11
1952,2,8,0,NULO,28.5,12
1952,2,9,0,NULO,32,13
1952,2,10,0,NULO,31,14
1952,2,11,0,NULO,32,17.5
1952,2,12,0.1,NULO,32.5,18.8
1952,2,13,0,NULO,32,20
1952,2,14,0.1,NULO,32.5,18
1952,2,15,0,NULO,28.4,19
1952,2,16,0,NULO,25.5,16.2
1952,2,17,0,NULO,29.5,16
1952,2,18,0.1,NULO,28,17.5
1952,2,19,1.5,NULO,26,18
1952,2,20,0.1,NULO,34,18.5
1952,2,21,0,NULO,32,21
1952,2,22,0,NULO,35.5,19.5
1952,2,23,0.1,NULO,36.1,20.2
1952,2,24,0,NULO,33,21
1952,2,25,7.5,NULO,32.5,16
1952,2,26,0,NULO,14.8,10.5
1952,2,27,0,NULO,25.5,7
1952,2,28,0,NULO,31.2,8
1952,2,29,0,NULO,36,11.5
1952,3,1,0.1,NULO,25,15.5
1952,3,2,0,NULO,36.5,17
1952,3,3,0,NULO,41.5,18
1952,3,4,0,NULO,29.5,18.5
1952,3,5,0,NULO,26.8,18
1952,3,6,0,NULO,28,20
1952,3,7,0,NULO,29.5,20.5
1952,3,8,0,NULO,29.8,21
1952,3,9,0,NULO,31,20.5
1952,3,10,0.1,NULO,31,20.5
1952,3,11,0,NULO,32,17.5
1952,3,12,0,NULO,34.5,19
1952,3,13,0.1,NULO,35,22
1952,3,14,0,NULO,31.1,22
1952,3,15,13,NULO,27,14.5
1952,3,16,0.5,NULO,31,22
1952,3,17,0,NULO,31,22
1952,3,18,0,NULO,31.5,18
1952,3,19,0,NULO,34,19
1952,3,20,0,NULO,35,19.2
1952,3,21,0,NULO,35,20
1952,3,22,0,NULO,37,17
1952,3,23,0,NULO,28.5,13.2
1952,3,24,0,NULO,25,13
1952,3,25,0,NULO,32.5,16
1952,3,26,0,NULO,31.8,18
1952,3,27,10.5,NULO,29,21.5
1952,3,28,13.5,NULO,25.8,22
1952,3,29,4.5,NULO,31.5,11
1952,3,30,0,NULO,29.5,14.5
1952,3,31,0,NULO,29.5,4.5
1952,4,1,1.5,NULO,34.5,23.5
1952,4,2,5,NULO,31,23.6
1952,4,3,0,NULO,32.5,22.5
1952,4,4,45,NULO,34,23
1952,4,5,1.5,NULO,26,15
1952,4,6,0,NULO,25,15
1952,4,7,0,NULO,29,14
1952,4,8,0,NULO,31,17.5
1952,4,9,0,NULO,34,20
1952,4,10,5,NULO,29,24
1952,4,11,0,NULO,28,17.6
1952,4,12,0,NULO,34.5,14.5
1952,4,13,0,NULO,33,20.2
1952,4,14,0,NULO,28,21.5
1952,4,15,8,NULO,28.5,21
1952,4,16,15,NULO,22,21
1952,4,17,0,NULO,21,17
1952,4,18,0,NULO,27.5,20
1952,4,19,3.5,NULO,28,18
1952,4,20,1,NULO,32,19
1952,4,21,40,NULO,35,19
1952,4,22,0,NULO,35,18.5
1952,4,23,9,NULO,34,18.5
1952,4,24,1,NULO,29,18
1952,4,25,0.5,NULO,22,19.5
1952,4,26,0,NULO,28,18
1952,4,27,0,NULO,28,15
1952,4,28,0,NULO,28,15
1952,4,29,0,NULO,28,15
1952,4,30,0,NULO,34,15
1952,5,1,0,NULO,32,20
1952,5,2,0,NULO,34.5,23
1952,5,3,0,NULO,34,22.5
1952,5,4,0,NULO,33.5,22
1952,5,5,0,NULO,32,22
1952,5,6,0,NULO,32.5,19
1952,5,7,0,NULO,34.5,22.5
1952,5,8,0,NULO,35,22
1952,5,9,9,NULO,36,21
1952,5,10,1.5,NULO,38.5,23
1952,5,11,0,NULO,28.5,18
1952,5,12,0,NULO,28.5,20
1952,5,13,0,NULO,31,20
1952,5,14,0,NULO,31,20
1952,5,15,0,NULO,37,20
1952,5,16,0,NULO,36.5,22
1952,5,17,0,NULO,37.5,20
1952,5,18,0.1,NULO,37,25
1952,5,19,0.1,NULO,29.5,24
1952,5,20,0,NULO,29,21
1952,5,21,0,NULO,28.5,21
1952,5,22,0,NULO,22.5,21
1952,5,23,0,NULO,35,21
1952,5,24,0,NULO,34,26
1952,5,25,0,NULO,36.5,25.2
1952,5,26,0,NULO,34,24.5
1952,5,27,0,NULO,34.2,24
1952,5,28,115,NULO,35,25
1952,5,29,0,NULO,29,23.5
1952,5,30,11,NULO,29,22
1952,5,31,16,NULO,33,22
1952,6,1,55,NULO,28,20.5
1952,6,2,6.5,NULO,29.5,20
1952,6,3,3.5,NULO,31.5,20
1952,6,4,0,NULO,31.5,20.3
1952,6,5,0,NULO,34,21.5
1952,6,6,0,NULO,35,24.5
1952,6,7,12.5,NULO,34.5,21
1952,6,8,2,NULO,31.5,19.5
1952,6,9,0.1,NULO,34,20
1952,6,10,13.5,NULO,33,20
1952,6,11,26,NULO,31.5,20
1952,6,12,80.2,NULO,32,24
1952,6,13,9,NULO,32,20
1952,6,14,2.5,NULO,31,20
1952,6,15,5,NULO,32.5,20.2
1952,6,16,5.5,NULO,32.5,23
1952,6,17,0,NULO,34,23
1952,6,18,0.1,NULO,37.5,24
1952,6,19,5,NULO,34,23
1952,6,20,1,NULO,31,24
1952,6,21,0,NULO,34,23.5
1952,6,22,3.5,NULO,32,22
1952,6,23,46,NULO,30,23.9
1952,6,24,2.5,NULO,31,23.5
1952,6,25,0,NULO,33.5,20
1952,6,26,0,NULO,34,24
1952,6,27,0,NULO,33,24
1952,6,28,18.5,NULO,33,23
1952,6,29,0,NULO,33,23
1952,6,30,0,NULO,35,23.6
1952,7,1,0,NULO,32.5,20
1952,7,2,0,NULO,33,23
1952,7,3,0,NULO,34.5,23.5
1952,7,4,0,NULO,34,24
1952,7,5,0.1,NULO,34,23
1952,7,6,0,NULO,33,22.9
1952,7,7,8,NULO,33.2,23.8
1952,7,8,0,NULO,35,24
1952,7,9,3,NULO,34,24
1952,7,10,0,NULO,35,23.2
1952,7,11,0.1,NULO,34,24
1952,7,12,16.5,NULO,30,23.5
1952,7,13,0.1,NULO,30.5,20
1952,7,14,2.5,NULO,32,23
1952,7,15,0,NULO,33.5,20
1952,7,16,0,NULO,35.8,23.5
1952,7,17,0.5,NULO,35,24.5
1952,7,18,0.1,NULO,34,24.5
1952,7,19,9,NULO,33,23
1952,7,20,37.5,NULO,29.5,22.5
1952,7,21,6,NULO,30,19
1952,7,22,40,NULO,30,19
1952,7,23,6.5,NULO,29,19
1952,7,24,32.5,NULO,27,17.1
1952,7,25,4.5,NULO,32.5,17
1952,7,26,0,NULO,32,18
1952,7,27,0,NULO,32.5,19
1952,7,28,0,NULO,33,22
1952,7,29,0,NULO,34,22
1952,7,30,0,NULO,34.5,21
1952,7,31,3.5,NULO,34,22
1952,8,1,2,NULO,34.5,22
1952,8,2,6.5,NULO,35,22
1952,8,3,0,NULO,32,25
1952,8,4,1.2,NULO,32,24
1952,8,5,0,NULO,34,24
1952,8,6,0,NULO,34,23.5
1952,8,7,1,NULO,33,20
1952,8,8,0,NULO,34,24
1952,8,9,0,NULO,34.5,24
1952,8,10,0,NULO,34.5,25
1952,8,11,1.5,NULO,31.2,24
1952,8,12,9.5,NULO,32.4,23.5
1952,8,13,1.5,NULO,32,23.8
1952,8,14,0.1,NULO,33.5,23
1952,8,15,0,NULO,34.5,23.5
1952,8,16,0,NULO,35,24
1952,8,17,0,NULO,35,25
1952,8,18,0,NULO,36,23
1952,8,19,0,NULO,34.5,24
1952,8,20,0,NULO,35,24.2
1952,8,21,10,NULO,35,24.5
1952,8,22,4,NULO,35,24
1952,8,23,6,NULO,33,22.5
1952,8,24,0,NULO,34.2,20.3
1952,8,25,0,NULO,35,23
1952,8,26,0,NULO,35,24
1952,8,27,0.1,NULO,35,24
1952,8,28,0,NULO,35,24
1952,8,29,0,NULO,35.5,24
1952,8,30,0,NULO,37,23.5
1952,8,31,0,NULO,37,23
1952,9,1,0,NULO,37,23
1952,9,2,0,NULO,37,24
1952,9,3,27.5,NULO,36.5,24
1952,9,4,56.4,NULO,36,22.5
1952,9,5,15,NULO,32,19
1952,9,6,0,NULO,31,18
1952,9,7,24,NULO,29,19
1952,9,8,0,NULO,33,18
1952,9,9,0,NULO,34,19.5
1952,9,10,0.1,NULO,35,21.5
1952,9,11,75,NULO,34,18
1952,9,12,40,NULO,33,19
1952,9,13,31.2,NULO,33,19
1952,9,14,120,NULO,30,19
1952,9,15,16,NULO,28.5,19
1952,9,16,0.1,NULO,31,19
1952,9,17,0,NULO,34,19
1952,9,18,0,NULO,30,19
1952,9,19,0,NULO,35,20.5
1952,9,20,27.7,NULO,34,19
1952,9,21,26,NULO,32,20
1952,9,22,100,NULO,35,19.5
1952,9,23,112.5,NULO,25.5,17.5
1952,9,24,70,NULO,26,17.5
1952,9,25,1,NULO,23,20.5
1952,9,26,1,NULO,26.5,17
1952,9,27,0,NULO,30.2,20.5
1952,9,28,0,NULO,32,21.5
1952,9,29,0,NULO,31,22
1952,9,30,62.5,NULO,30,19
1952,10,1,2.5,NULO,32.5,22
1952,10,2,35,NULO,29.5,19
1952,10,3,0,NULO,29.5,21.5
1952,10,4,0,NULO,31,21.5
1952,10,5,0,NULO,32.5,21.5
1952,10,6,1.5,NULO,33,21.8
1952,10,7,10.5,NULO,29.5,21.8
1952,10,8,0,NULO,25,12
1952,10,9,0,NULO,26.4,15.5
1952,10,10,0,NULO,30,16
1952,10,11,0,NULO,30.5,19
1952,10,12,0,NULO,31,16.5
1952,10,13,0,NULO,31.5,18
1952,10,14,0,NULO,31,15.4
1952,10,15,0,NULO,31.5,19
1952,10,16,0,NULO,31,20.5
1952,10,17,0,NULO,32,19.5
1952,10,18,0,NULO,33,19
1952,10,19,0,NULO,32.5,19.5
1952,10,20,0,NULO,32,19
1952,10,21,0,NULO,30,17.5
1952,10,22,0,NULO,30.5,17.5
1952,10,23,0,NULO,30.5,18.2
1952,10,24,0,NULO,30.5,18
1952,10,25,0,NULO,31,18
1952,10,26,0,NULO,35,15
1952,10,27,0,NULO,30.5,22.5
1952,10,28,0,NULO,30,17.5
1952,10,29,0,NULO,29.5,18
1952,10,30,0,NULO,29.5,18
1952,10,31,0,NULO,30.5,18
1952,11,1,0,NULO,31,18
1952,11,2,0,NULO,31.5,20
1952,11,3,75,NULO,24,19.1
1952,11,4,197.5,NULO,27,19.5
1952,11,5,23.5,NULO,26,19
1952,11,6,56.5,NULO,25.5,16
1952,11,7,4,NULO,27,19.5
1952,11,8,0,NULO,30,16
1952,11,9,0,NULO,31,16.5
1952,11,10,5,NULO,27,21
1952,11,11,0,NULO,24.5,9
1952,11,12,0,NULO,25.5,13
1952,11,13,0,NULO,29,13
1952,11,14,0,NULO,31,15
1952,11,15,0,NULO,31.5,21
1952,11,16,0,NULO,31.1,22
1952,11,17,0,NULO,33,22
1952,11,18,0,NULO,31,19
1952,11,19,0,NULO,27,15.5
1952,11,20,0,NULO,23,13.5
1952,11,21,0,NULO,26,15
1952,11,22,0,NULO,29,12
1952,11,23,0,NULO,28,15
1952,11,24,0,NULO,31,17
1952,11,25,0,NULO,30,14
1952,11,26,3.5,NULO,22,15
1952,11,27,9,NULO,21.2,14.5
1952,11,28,0.1,NULO,20.5,11.5
1952,11,29,2.5,NULO,27,12
1952,11,30,2,NULO,24,11
1952,12,1,0,NULO,26,11
1952,12,2,0,NULO,27,13
1952,12,3,0,NULO,29,15
1952,12,4,0,NULO,28,15
1952,12,5,0,NULO,25,11
1952,12,6,0,NULO,25,9
1952,12,7,0,NULO,28,9
1952,12,8,0,NULO,30,11
1952,12,9,0,NULO,29,14
1952,12,10,0,NULO,25,14
1952,12,11,0,NULO,25,11
1952,12,12,0,NULO,26,12
1952,12,13,0,NULO,27,11
1952,12,14,0,NULO,22,16
1952,12,15,0,NULO,20,11
1952,12,16,0,NULO,20,9
1952,12,17,0,NULO,23,10
1952,12,18,0,NULO,28,10
1952,12,19,0,NULO,26,14
1952,12,20,0.1,NULO,30,15
1952,12,21,0,NULO,30,15
1952,12,22,0,NULO,26,14
1952,12,23,0,NULO,27.8,15
1952,12,24,9,NULO,28,19
1952,12,25,6.5,NULO,21.5,11
1952,12,26,0,NULO,22,9
1952,12,27,1,NULO,20,10
1952,12,28,0,NULO,20,13.5
1952,12,29,0,NULO,24,10
1952,12,30,0.1,NULO,25,11
1952,12,31,0,NULO,24.5,13.5
1953,1,1,0,NULO,29,13
1953,1,2,0.1,NULO,26,14
1953,1,3,0,NULO,26,10
1953,1,4,0,NULO,26,8.5
1953,1,5,0,NULO,27,8
1953,1,6,0,NULO,29,10
1953,1,7,0,NULO,30,12
1953,1,8,0,NULO,31.5,14
1953,1,9,0,NULO,29,15
1953,1,10,0,NULO,28,11.5
1953,1,11,0,NULO,30,12
1953,1,12,0,NULO,29,11.5
1953,1,13,0,NULO,28,12
1953,1,14,0,NULO,29,12
1953,1,15,0,NULO,29.3,16
1953,1,16,0,NULO,26,16
1953,1,17,0,NULO,27,9
1953,1,18,0,NULO,27,9
1953,1,19,0,NULO,29,10.5
1953,1,20,0,NULO,30,12
1953,1,21,0,NULO,30,15
1953,1,22,0,NULO,30,15
1953,1,23,0,NULO,26,13
1953,1,24,0,NULO,28,11
1953,1,25,0,NULO,28,10.5
1953,1,26,0,NULO,29,10.5
1953,1,27,0,NULO,29,11
1953,1,28,0,NULO,28,12
1953,1,29,0,NULO,28,13
1953,1,30,0,NULO,30,13.5
1953,1,31,0.1,NULO,31,11
1953,2,1,0,NULO,31,17.5
1953,2,2,0,NULO,30,12.5
1953,2,3,0,NULO,29,12
1953,2,4,0,NULO,30,13
1953,2,5,0,NULO,31.6,18
1953,2,6,0,NULO,33,18.5
1953,2,7,0,NULO,29,19
1953,2,8,0.1,NULO,27,18.5
1953,2,9,0,NULO,30,18
1953,2,10,0,NULO,31.5,18
1953,2,11,4.5,NULO,31,20.5
1953,2,12,3,NULO,30,18
1953,2,13,0.5,NULO,23.8,16
1953,2,14,0,NULO,25,12.8
1953,2,15,0,NULO,24,16
1953,2,16,0,NULO,30,14
1953,2,17,1.5,NULO,21,16.5
1953,2,18,0,NULO,25,12
1953,2,19,0,NULO,30,15.5
1953,2,20,0,NULO,32,18.5
1953,2,21,0.1,NULO,20.9,12
1953,2,22,0,NULO,27.5,7
1953,2,23,0,NULO,29,8.5
1953,2,24,1,NULO,27,9
1953,2,25,3,NULO,28,14.5
1953,2,26,0,NULO,21.8,14
1953,2,27,0,NULO,30,13.5
1953,2,28,0,NULO,31.5,14
1953,3,1,0,NULO,33,16
1953,3,2,0,NULO,35,18
1953,3,3,0,NULO,37.5,18
1953,3,4,0,NULO,30.5,19
1953,3,5,0,NULO,27,14.5
1953,3,6,0,NULO,28,15
1953,3,7,0,NULO,29.5,16.5
1953,3,8,0,NULO,30,14.5
1953,3,9,0,NULO,29.9,13
1953,3,10,0,NULO,30.9,16.5
1953,3,11,0,NULO,33.3,16.5
1953,3,12,0,NULO,30,17.2
1953,3,13,0,NULO,32.5,22
1953,3,14,0,NULO,35,19
1953,3,15,0,NULO,32,19
1953,3,16,0,NULO,33,18
1953,3,17,0.1,NULO,33.5,19
1953,3,18,40,NULO,32,20
1953,3,19,0,NULO,32,20
1953,3,20,0,NULO,32,18.5
1953,3,21,0,NULO,34,19
1953,3,22,0,NULO,34,20
1953,3,23,0.5,NULO,34.5,19.5
1953,3,24,0,NULO,32,20
1953,3,25,0,NULO,31,20.5
1953,3,26,0,NULO,32.5,19
1953,3,27,0,NULO,34,19
1953,3,28,0,NULO,32,19
1953,3,29,0,NULO,31.9,18
1953,3,30,0,NULO,32.5,18
1953,3,31,0,NULO,37,18.5
1953,4,1,0.1,NULO,34.5,18.5
1953,4,2,3,NULO,32,19
1953,4,3,2.5,NULO,32,20
1953,4,4,2.5,NULO,29.5,20
1953,4,5,0,NULO,32.5,20
1953,4,6,0,NULO,36,19.5
1953,4,7,0,NULO,34.9,20
1953,4,8,0,NULO,38,20
1953,4,9,0,NULO,39,20.5
1953,4,10,0,NULO,37,20
1953,4,11,0,NULO,37,21
1953,4,12,0.1,NULO,38,22
1953,4,13,8,NULO,30.5,20
1953,4,14,0,NULO,32,19.1
1953,4,15,0,NULO,33,19.5
1953,4,16,0,NULO,32.5,20.9
1953,4,17,0,NULO,29,20.5
1953,4,18,0,NULO,38.5,20.5
1953,4,19,0,NULO,30,20
1953,4,20,0,NULO,24.5,18
1953,4,21,0,NULO,29.5,15
1953,4,22,0,NULO,32.5,16.5
1953,4,23,0,NULO,34.5,19
1953,4,24,0.1,NULO,37.8,20.5
1953,4,25,0,NULO,38.8,19.5
1953,4,26,0,NULO,36,20.5
1953,4,27,12.5,NULO,34,21
1953,4,28,0,NULO,36,20.5
1953,4,29,0,NULO,41,21
1953,4,30,0,NULO,40,21.5
1953,5,1,0,NULO,40,23
1953,5,2,0,NULO,38,23
1953,5,3,0,NULO,37,22.5
1953,5,4,0,NULO,32,22.5
1953,5,5,0,NULO,32,17.5
1953,5,6,0,NULO,27.5,20
1953,5,7,0,NULO,35,16.5
1953,5,8,0,NULO,35.5,16
1953,5,9,0,NULO,35.5,19.5
1953,5,10,0,NULO,37,19
1953,5,11,0,NULO,36,20
1953,5,12,0,NULO,37.5,19
1953,5,13,1.5,NULO,37,22.5
1953,5,14,5,NULO,35.5,22.5
1953,5,15,0,NULO,35,20
1953,5,16,0,NULO,37,20
1953,5,17,0,NULO,38.5,21.5
1953,5,18,1,NULO,38.5,21.5
1953,5,19,0,NULO,35,21.5
1953,5,20,0,NULO,36,22
1953,5,21,0,NULO,38.3,23
1953,5,22,0,NULO,38,23.5
1953,5,23,0,NULO,37.5,23
1953,5,24,0,NULO,37.5,23
1953,5,25,0,NULO,37,23
1953,5,26,0,NULO,36,23
1953,5,27,0,NULO,36,22
1953,5,28,0,NULO,36,21
1953,5,29,0,NULO,36,21.5
1953,5,30,0,NULO,36.5,21
1953,5,31,0,NULO,38.5,21.2
1953,6,1,0,NULO,36.5,22
1953,6,2,0,NULO,37,21.5
1953,6,3,0,NULO,36,21.5
1953,6,4,0,NULO,37,22
1953,6,5,0,NULO,39,22.5
1953,6,6,0,NULO,38,23.6
1953,6,7,0,NULO,38.5,22.1
1953,6,8,0,NULO,37,23.9
1953,6,9,40,NULO,36,24
1953,6,10,0,NULO,35,22
1953,6,11,0.1,NULO,34.5,21.8
1953,6,12,0,NULO,35,21
1953,6,13,0,NULO,36,20.5
1953,6,14,0.1,NULO,37.5,22.5
1953,6,15,0,NULO,38.5,23
1953,6,16,0,NULO,38,23.5
1953,6,17,0,NULO,36.8,23.5
1953,6,18,0,NULO,36,22.2
1953,6,19,0,NULO,36,22.5
1953,6,20,0,NULO,37.5,23.6
1953,6,21,0,NULO,37,23.5
1953,6,22,0,NULO,37.5,23
1953,6,23,0,NULO,36.5,21.5
1953,6,24,0,NULO,38,22
1953,6,25,0,NULO,38.2,22.8
1953,6,26,0,NULO,37,23
1953,6,27,0,NULO,38.2,22
1953,6,28,0,NULO,38,23.5
1953,6,29,0,NULO,35.5,24
1953,6,30,0.1,NULO,32,23.3
1953,7,1,6.5,NULO,35,21
1953,7,2,2,NULO,32,20
1953,7,3,20,NULO,32,20.8
1953,7,4,32.5,NULO,33,21
1953,7,5,28.5,NULO,32,19
1953,7,6,1.2,NULO,32,19.5
1953,7,7,0,NULO,33.8,20
1953,7,8,0.1,NULO,34,20.8
1953,7,9,12.5,NULO,34,20.5
1953,7,10,1.5,NULO,31.5,20
1953,7,11,0.1,NULO,34.8,20.5
1953,7,12,0,NULO,34.8,21
1953,7,13,0,NULO,34.5,21.5
1953,7,14,4,NULO,37,22.5
1953,7,15,42.5,NULO,35,20
1953,7,16,0,NULO,35,20
1953,7,17,0.1,NULO,35.5,21
1953,7,18,0,NULO,35.5,21.3
1953,7,19,0,NULO,34.5,22
1953,7,20,0,NULO,35,20
1953,7,21,0,NULO,36,22.5
1953,7,22,0,NULO,37,22
1953,7,23,0,NULO,36,22
1953,7,24,0,NULO,34,22.4
1953,7,25,0,NULO,35,21
1953,7,26,0.1,NULO,34,20.8
1953,7,27,1.5,NULO,32.5,20.5
1953,7,28,7,NULO,30,20
1953,7,29,0.1,NULO,33,20
1953,7,30,13.6,NULO,33.5,20.2
1953,7,31,9,NULO,34,20
1953,8,1,0,NULO,34,20.5
1953,8,2,0,NULO,36.5,21.5
1953,8,3,0,NULO,35,22.5
1953,8,4,0.1,NULO,34.5,21
1953,8,5,29,NULO,30.5,20.2
1953,8,6,0.1,NULO,32.2,19.5
1953,8,7,0,NULO,34,20
1953,8,8,0,NULO,36,20.5
1953,8,9,0,NULO,34.5,21
1953,8,10,0,NULO,35.5,20.5
1953,8,11,0.1,NULO,36,21
1953,8,12,0,NULO,33,20.8
1953,8,13,0.1,NULO,34,20.5
1953,8,14,0,NULO,36,20
1953,8,15,0,NULO,36,21
1953,8,16,0,NULO,35,22
1953,8,17,0,NULO,36,22
1953,8,18,0.1,NULO,35.5,21
1953,8,19,0,NULO,36.8,21.5
1953,8,20,0,NULO,35,21
1953,8,21,0.1,NULO,36.5,22
1953,8,22,0,NULO,35,21
1953,8,23,4,NULO,36,21
1953,8,24,1.5,NULO,35,22
1953,8,25,0.1,NULO,33,21
1953,8,26,1.5,NULO,34,21
1953,8,27,1,NULO,34,22
1953,8,28,4,NULO,36.5,23
1953,8,29,0,NULO,37,20.5
1953,8,30,0,NULO,35.5,22
1953,8,31,4.5,NULO,35,21
1953,9,1,0.1,NULO,34,21
1953,9,2,0,NULO,34,22
1953,9,3,1,NULO,36,22
1953,9,4,56,NULO,35,23
1953,9,5,1,NULO,31.5,19
1953,9,6,1.5,NULO,30,19.5
1953,9,7,0,NULO,31,19
1953,9,8,0.5,NULO,30,19
1953,9,9,42.5,NULO,28,18
1953,9,10,82.5,NULO,26,17
1953,9,11,32.5,NULO,26,16
1953,9,12,2,NULO,28,16
1953,9,13,0,NULO,31.5,18
1953,9,14,0,NULO,32.5,19
1953,9,15,0,NULO,34,20
1953,9,16,0,NULO,34.5,20.5
1953,9,17,0.1,NULO,34,22.8
1953,9,18,0,NULO,35,21
1953,9,19,0,NULO,36.5,22
1953,9,20,0.1,NULO,36,20
1953,9,21,0,NULO,33,20
1953,9,22,15,NULO,33,20
1953,9,23,0,NULO,33,19
1953,9,24,0.5,NULO,33,19
1953,9,25,0,NULO,33,19
1953,9,26,0,NULO,34.5,19
1953,9,27,0,NULO,36,19
1953,9,28,0,NULO,36,17
1953,9,29,0,NULO,34,17
1953,9,30,0,NULO,34,19
1953,10,1,0,NULO,29,19
1953,10,2,5,NULO,28.5,19
1953,10,3,41.5,NULO,29,18
1953,10,4,13,NULO,30.4,18.5
1953,10,5,26.5,NULO,30,19
1953,10,6,1,NULO,24,15
1953,10,7,0,NULO,28.5,15
1953,10,8,0,NULO,31,14.5
1953,10,9,0,NULO,31.5,15
1953,10,10,0.1,NULO,32.5,16
1953,10,11,0,NULO,32,16
1953,10,12,0,NULO,32.5,16.5
1953,10,13,0,NULO,32,17.5
1953,10,14,0,NULO,32.5,18.5
1953,10,15,0.1,NULO,30.5,19
1953,10,16,26,NULO,28,19.5
1953,10,17,0.1,NULO,29.5,19
1953,10,18,0,NULO,31,17
1953,10,19,0,NULO,31.5,18
1953,10,20,0,NULO,32,18
1953,10,21,0,NULO,32,18
1953,10,22,0,NULO,33.5,21
1953,10,23,0,NULO,34,19
1953,10,24,0,NULO,34.5,20
1953,10,25,0.1,NULO,33,20
1953,10,26,26.5,NULO,33.5,20.5
1953,10,27,9,NULO,27,17.5
1953,10,28,2,NULO,24.5,16
1953,10,29,0,NULO,26,15.5
1953,10,30,0.1,NULO,28.5,16
1953,10,31,12,NULO,31,16.3
1953,11,1,31,NULO,25,17
1953,11,2,1.5,NULO,25,13
1953,11,3,0,NULO,29,13
1953,11,4,0.1,NULO,29,14
1953,11,5,3.7,NULO,28,16.5
1953,11,6,0,NULO,28,16
1953,11,7,0.5,NULO,28,16
1953,11,8,8,NULO,30,16
1953,11,9,0.1,NULO,23,11
1953,11,10,0,NULO,25,7.5
1953,11,11,0,NULO,25,7.5
1953,11,12,0,NULO,27,7.5
1953,11,13,0,NULO,24,9
1953,11,14,0.1,NULO,28.5,13
1953,11,15,0,NULO,27,14.5
1953,11,16,0,NULO,27,14
1953,11,17,0,NULO,30,13.5
1953,11,18,0.1,NULO,30,17
1953,11,19,0.1,NULO,31,18.5
1953,11,20,0,NULO,31.5,17.5
1953,11,21,0.1,NULO,30.5,16
1953,11,22,0,NULO,24,14
1953,11,23,0,NULO,28.5,13
1953,11,24,0,NULO,30.5,14
1953,11,25,0.1,NULO,29.5,14
1953,11,26,0,NULO,29,14
1953,11,27,0,NULO,31,14
1953,11,28,0,NULO,30,16
1953,11,29,0.1,NULO,27,16
1953,11,30,0,NULO,28,15
1953,12,1,0,NULO,29,16
1953,12,2,0,NULO,26.5,15
1953,12,3,0.1,NULO,29.5,15
1953,12,4,0,NULO,27,15.5
1953,12,5,0.5,NULO,27,14
1953,12,6,0,NULO,31,14
1953,12,7,0,NULO,30,11.2
1953,12,8,0,NULO,30,11.5
1953,12,9,11,NULO,26,12
1953,12,10,2,NULO,21,10.5
1953,12,11,0.1,NULO,21,9
1953,12,12,1,NULO,28,9
1953,12,13,0,NULO,24,6
1953,12,14,0,NULO,22,6.5
1953,12,15,0,NULO,26,9
1953,12,16,0,NULO,26,10
1953,12,17,0.1,NULO,27,10.5
1953,12,18,2,NULO,24,11.5
1953,12,19,0.5,NULO,24,13
1953,12,20,0,NULO,25,13
1953,12,21,1,NULO,31.5,13.5
1953,12,22,4.5,NULO,24,14
1953,12,23,0,NULO,15,6
1953,12,24,0,NULO,20,6
1953,12,25,0,NULO,25,7.5
1953,12,26,0,NULO,23,6
1953,12,27,0,NULO,28,7
1953,12,28,0,NULO,27.5,10
1953,12,29,0,NULO,29.5,10.5
1953,12,30,0.1,NULO,22.5,10
1953,12,31,0,NULO,23,10.5
1954,1,1,0,NULO,25,9
1954,1,2,0,NULO,30,9
1954,1,3,0,NULO,27,11.5
1954,1,4,0,NULO,30,14
1954,1,5,0,NULO,28,14.5
1954,1,6,0,NULO,27,15.5
1954,1,7,0,NULO,25,14
1954,1,8,0,NULO,30,14
1954,1,9,0,NULO,29,11
1954,1,10,0,NULO,30,13
1954,1,11,0,NULO,21,12
1954,1,12,0,NULO,20,9
1954,1,13,0,NULO,24,9
1954,1,14,0,NULO,29,12.5
1954,1,15,0,NULO,31,13
1954,1,16,0,NULO,29,15
1954,1,17,0,NULO,30,11.5
1954,1,18,0,NULO,30,12.5
1954,1,19,0,NULO,30,15
1954,1,20,0,NULO,32,15
1954,1,21,0,NULO,27,17
1954,1,22,0,NULO,25,11.5
1954,1,23,0,NULO,27,9
1954,1,24,0.5,NULO,27.5,11
1954,1,25,0,NULO,28,12
1954,1,26,0,NULO,31,16.5
1954,1,27,0,NULO,31,16
1954,1,28,2,NULO,26,16
1954,1,29,0,NULO,29,15.5
1954,1,30,0,NULO,31.3,15
1954,1,31,0.1,NULO,29,15
1954,2,1,0,NULO,27,14
1954,2,2,0,NULO,26,14.5
1954,2,3,0,NULO,30,14
1954,2,4,0,NULO,30,15
1954,2,5,0.1,NULO,30,15
1954,2,6,0.1,NULO,30,15
1954,2,7,4.5,NULO,22,13
1954,2,8,0,NULO,25,8.5
1954,2,9,0,NULO,29,9
1954,2,10,0,NULO,32,9
1954,2,11,0,NULO,31,13
1954,2,12,0,NULO,30.6,14.6
1954,2,13,0,NULO,25,13
1954,2,14,0,NULO,32,13
1954,2,15,0,NULO,32,19.5
1954,2,16,0,NULO,29.5,14.5
1954,2,17,0,NULO,30.5,15.6
1954,2,18,0,NULO,31,15.5
1954,2,19,0,NULO,35,16
1954,2,20,0,NULO,25,15.5
1954,2,21,3.5,NULO,24.5,15
1954,2,22,0,NULO,27.5,19.5
1954,2,23,15,NULO,32,19
1954,2,24,0,NULO,36,14.5
1954,2,25,0,NULO,26,14.2
1954,2,26,0,NULO,28,12
1954,2,27,0,NULO,35,14.5
1954,2,28,0,NULO,26,14
1954,3,1,0,NULO,26.5,12
1954,3,2,0.1,NULO,32.5,12
1954,3,3,6.5,NULO,26,16
1954,3,4,0.1,NULO,20,9
1954,3,5,2,NULO,25,12
1954,3,6,2.5,NULO,18,11
1954,3,7,2,NULO,22,9
1954,3,8,0,NULO,30.6,11
1954,3,9,0,NULO,30.5,12
1954,3,10,0,NULO,34.5,14.5
1954,3,11,0,NULO,39,14.8
1954,3,12,0,NULO,38.5,15
1954,3,13,0,NULO,38,15
1954,3,14,0,NULO,24,13
1954,3,15,0,NULO,22,11.8
1954,3,16,0,NULO,23,11
1954,3,17,0,NULO,27.5,12
1954,3,18,0,NULO,34.4,14
1954,3,19,0,NULO,33,16
1954,3,20,0,NULO,34.5,15.5
1954,3,21,0,NULO,29,17.5
1954,3,22,0,NULO,34,18.5
1954,3,23,0,NULO,36,19
1954,3,24,0,NULO,37,18
1954,3,25,0,NULO,33.8,18.5
1954,3,26,0,NULO,34,19
1954,3,27,0,NULO,35,18
1954,3,28,0,NULO,37,18
1954,3,29,0,NULO,37.5,19.5
1954,3,30,0,NULO,38,19.5
1954,3,31,0,NULO,38.5,18.5
1954,4,1,0,NULO,39,20.5
1954,4,2,0,NULO,31,18
1954,4,3,0,NULO,33,18
1954,4,4,0,NULO,35,18.5
1954,4,5,0,NULO,34.8,19
1954,4,6,0,NULO,35.8,20.5
1954,4,7,0,NULO,37,20.5
1954,4,8,0,NULO,35,20
1954,4,9,45,NULO,35,20
1954,4,10,1.5,NULO,31,18
1954,4,11,0,NULO,33,18
1954,4,12,1,NULO,33,19
1954,4,13,5,NULO,33,19
1954,4,14,1.5,NULO,33,18
1954,4,15,1,NULO,30,18
1954,4,16,23,NULO,28,20.5
1954,4,17,0,NULO,30,14.2
1954,4,18,0,NULO,31,14
1954,4,19,0,NULO,31.9,15.5
1954,4,20,0,NULO,32,16.5
1954,4,21,0,NULO,34,17
1954,4,22,0,NULO,34,19
1954,4,23,0,NULO,33,19
1954,4,24,0,NULO,34,19.5
1954,4,25,0,NULO,31,19.8
1954,4,26,0,NULO,34,19
1954,4,27,0,NULO,35.5,19.5
1954,4,28,0,NULO,35,21.5
1954,4,29,0,NULO,36.5,21.5
1954,4,30,0,NULO,36,22
1954,5,1,0,NULO,38,22
1954,5,2,2,NULO,36.5,21
1954,5,3,0,NULO,31,18.5
1954,5,4,0,NULO,30,16
1954,5,5,0,NULO,30,15.5
1954,5,6,0,NULO,31.5,20
1954,5,7,0,NULO,33,21
1954,5,8,0,NULO,35,20
1954,5,9,0,NULO,35.5,19
1954,5,10,0,NULO,35,20
1954,5,11,0,NULO,36,20
1954,5,12,0.1,NULO,35.8,21
1954,5,13,0.1,NULO,33.5,22
1954,5,14,0,NULO,33.5,20.5
1954,5,15,0,NULO,32,20.5
1954,5,16,0,NULO,34,21
1954,5,17,0,NULO,34.5,21
1954,5,18,0,NULO,36,22
1954,5,19,0,NULO,36,21.5
1954,5,20,0.1,NULO,34.5,21
1954,5,21,0,NULO,35,19
1954,5,22,0,NULO,34,21.5
1954,5,23,3,NULO,34,20
1954,5,24,37.5,NULO,33,19
1954,5,25,0,NULO,34,20
1954,5,26,0,NULO,35,20
1954,5,27,0,NULO,36,20
1954,5,28,0,NULO,36,22
1954,5,29,0,NULO,36,22
1954,5,30,0,NULO,36.5,22
1954,5,31,0,NULO,37,22
1954,6,1,0,NULO,37,22
1954,6,2,0,NULO,38,23
1954,6,3,0.1,NULO,38,22.5
1954,6,4,3.5,NULO,33,22.5
1954,6,5,0,NULO,33,21.5
1954,6,6,0,NULO,36,21.5
1954,6,7,0,NULO,36,21.5
1954,6,8,0,NULO,36,21.5
1954,6,9,0,NULO,37,22
1954,6,10,0.1,NULO,37,22
1954,6,11,0,NULO,37,20
1954,6,12,0,NULO,38,22
1954,6,13,0,NULO,37,21.5
1954,6,14,0,NULO,37.5,22
1954,6,15,0,NULO,37.5,23
1954,6,16,0,NULO,38,23.5
1954,6,17,0,NULO,38.5,23.5
1954,6,18,17.5,NULO,38,23
1954,6,19,12.5,NULO,32,21
1954,6,20,10.5,NULO,32,20
1954,6,21,2,NULO,33,20
1954,6,22,0.5,NULO,32.5,20
1954,6,23,10,NULO,31,20
1954,6,24,0.5,NULO,32.5,19
1954,6,25,21.5,NULO,32,20
1954,6,26,34,NULO,35,20
1954,6,27,0,NULO,32.5,20
1954,6,28,0,NULO,31.5,20
1954,6,29,0,NULO,33.5,20
1954,6,30,0,NULO,33,21.9
1954,7,1,5,NULO,33,20
1954,7,2,50,NULO,33,19
1954,7,3,41,NULO,28.5,19
1954,7,4,3.5,NULO,30.4,20
1954,7,5,0,NULO,33,20
1954,7,6,0,NULO,33.2,20
1954,7,7,37.5,NULO,32,20.5
1954,7,8,8.5,NULO,29,20.5
1954,7,9,0.1,NULO,32,20
1954,7,10,32.5,NULO,36,21
1954,7,11,0,NULO,33,20
1954,7,12,0,NULO,34,19.5
1954,7,13,4,NULO,34,20
1954,7,14,7.5,NULO,31,20
1954,7,15,0,NULO,32.5,20.5
1954,7,16,0,NULO,32,20
1954,7,17,0,NULO,34,20.5
1954,7,18,0,NULO,34,20
1954,7,19,3,NULO,34,20
1954,7,20,0,NULO,34,20
1954,7,21,0,NULO,34.5,21
1954,7,22,0.1,NULO,34.5,21
1954,7,23,19,NULO,31,21
1954,7,24,0,NULO,34,19.5
1954,7,25,0,NULO,34,19.5
1954,7,26,0,NULO,35,20.5
1954,7,27,0,NULO,36,21.5
1954,7,28,0,NULO,36.5,21
1954,7,29,0,NULO,36,21
1954,7,30,0,NULO,36,22.5
1954,7,31,0,NULO,36,22.5
1954,8,1,0,NULO,35.5,22
1954,8,2,0,NULO,36,21.5
1954,8,3,0.1,NULO,36,22
1954,8,4,0.1,NULO,34,22
1954,8,5,0,NULO,34,20.8
1954,8,6,0,NULO,35,20.5
1954,8,7,0,NULO,36,21
1954,8,8,0,NULO,35,22
1954,8,9,0,NULO,36,21.5
1954,8,10,0,NULO,35,21
1954,8,11,1,NULO,34,21
1954,8,12,0,NULO,35.8,20.5
1954,8,13,0,NULO,35,21
1954,8,14,0.1,NULO,36,23
1954,8,15,45.5,NULO,32.5,24.5
1954,8,16,37,NULO,30.5,21
1954,8,17,1,NULO,30.5,20.5
1954,8,18,0,NULO,33,20.5
1954,8,19,0,NULO,34.5,20
1954,8,20,0,NULO,35,21
1954,8,21,0,NULO,34.5,21
1954,8,22,1.5,NULO,35,20
1954,8,23,0,NULO,33.3,20
1954,8,24,0.5,NULO,33,20.5
1954,8,25,0,NULO,34,21
1954,8,26,0.1,NULO,35,20.5
1954,8,27,0,NULO,34,21.5
1954,8,28,2.5,NULO,35,21
1954,8,29,0.1,NULO,33,20.5
1954,8,30,0.1,NULO,33,20
1954,8,31,6,NULO,35,20.5
1954,9,1,0,NULO,33,21
1954,9,2,9.5,NULO,33,19.5
1954,9,3,0,NULO,33,20
1954,9,4,3.5,NULO,33,19.5
1954,9,5,0,NULO,34,20.5
1954,9,6,0,NULO,33,20.5
1954,9,7,21.5,NULO,32,20
1954,9,8,40.5,NULO,32,20
1954,9,9,3.5,NULO,31.5,19.5
1954,9,10,56.5,NULO,29,19
1954,9,11,112.5,NULO,28,19
1954,9,12,125.5,NULO,27,18
1954,9,13,107.5,NULO,28,18.5
1954,9,14,27.5,NULO,29,18.5
1954,9,15,0,NULO,32,19
1954,9,16,0,NULO,34.5,18.5
1954,9,17,0,NULO,35,18
1954,9,18,0,NULO,34,19
1954,9,19,0,NULO,35,21
1954,9,20,0,NULO,35,20
1954,9,21,0,NULO,35,21.5
1954,9,22,0,NULO,36,20
1954,9,23,0,NULO,35,20
1954,9,24,0,NULO,32.5,20
1954,9,25,37.5,NULO,33.5,20.5
1954,9,26,30.5,NULO,30,19
1954,9,27,28,NULO,31,19
1954,9,28,8,NULO,33,19
1954,9,29,0.1,NULO,33,19
1954,9,30,0.1,NULO,35,24
1954,10,1,8,NULO,33,21
1954,10,2,3.5,NULO,32.5,19
1954,10,3,0,NULO,34.5,10
1954,10,4,0,NULO,34,20
1954,10,5,10.5,NULO,31,20
1954,10,6,37.5,NULO,22,15
1954,10,7,140,NULO,28,20
1954,10,8,140.5,NULO,28,19
1954,10,9,2,NULO,28,19
1954,10,10,0,NULO,30.5,18
1954,10,11,0,NULO,31,18.4
1954,10,12,0,NULO,33,19
1954,10,13,0,NULO,32.5,20.5
1954,10,14,0,NULO,33,20
1954,10,15,13,NULO,33,18
1954,10,16,0,NULO,27,14
1954,10,17,0,NULO,29.5,13
1954,10,18,0,NULO,30,16
1954,10,19,0,NULO,29,14
1954,10,20,0,NULO,29,16
1954,10,21,0,NULO,33,17
1954,10,22,0,NULO,29,17
1954,10,23,0,NULO,30,19
1954,10,24,0,NULO,32.5,19
1954,10,25,0,NULO,33,18
1954,10,26,0,NULO,32,18
1954,10,27,1.5,NULO,33,17
1954,10,28,0,NULO,33.5,18
1954,10,29,0.1,NULO,34,18
1954,10,30,18.7,NULO,29,19
1954,10,31,11.2,NULO,26.5,15
1954,11,1,0,NULO,31,14
1954,11,2,0.1,NULO,30,14
1954,11,3,0,NULO,32,18
1954,11,4,1.5,NULO,28.5,18.5
1954,11,5,0,NULO,23,13
1954,11,6,0,NULO,24,12
1954,11,7,0,NULO,27,12.5
1954,11,8,2,NULO,27,14
1954,11,9,0,NULO,26,16
1954,11,10,5,NULO,28,15.5
1954,11,11,0,NULO,25.5,13.5
1954,11,12,0,NULO,27,12
1954,11,13,0,NULO,27,12.5
1954,11,14,0,NULO,30,12.5
1954,11,15,0,NULO,29,15
1954,11,16,0,NULO,30,16
1954,11,17,0,NULO,32,17
1954,11,18,3,NULO,28,17
1954,11,19,0,NULO,27.5,15
1954,11,20,0,NULO,29,17
1954,11,21,0,NULO,29,17
1954,11,22,0,NULO,27,15
1954,11,23,0,NULO,30,13
1954,11,24,0,NULO,30,13
1954,11,25,0.1,NULO,30,14
1954,11,26,0,NULO,29,14
1954,11,27,0,NULO,30,15
1954,11,28,0,NULO,32.5,15
1954,11,29,0,NULO,26,15
1954,11,30,0,NULO,31,15
1954,12,1,0.1,NULO,29,15
1954,12,2,0.1,NULO,28,17
1954,12,3,0.1,NULO,30,17
1954,12,4,0,NULO,31,16.5
1954,12,5,0.1,NULO,30,16
1954,12,6,0,NULO,26,14
1954,12,7,0,NULO,29,11
1954,12,8,0,NULO,29,11
1954,12,9,0,NULO,27,12
1954,12,10,0,NULO,29,14.5
1954,12,11,0,NULO,29,14
1954,12,12,0,NULO,24,15
1954,12,13,0,NULO,25,11.5
1954,12,14,0,NULO,27,9
1954,12,15,0,NULO,25.5,10
1954,12,16,0,NULO,28.5,10
1954,12,17,0,NULO,24,10
1954,12,18,0,NULO,20,8
1954,12,19,0,NULO,25,8.3
1954,12,20,0,NULO,26,8
1954,12,21,0,NULO,27,9
1954,12,22,0,NULO,28.5,9
1954,12,23,0,NULO,29,9
1954,12,24,0,NULO,25,9.5
1954,12,25,0,NULO,28,11
1954,12,26,0,NULO,29.5,13
1954,12,27,0,NULO,30,14.5
1954,12,28,0,NULO,32,15
1954,12,29,0,NULO,21,10.5
1954,12,30,0,NULO,24,9
1954,12,31,0,NULO,27.2,9.5
1955,1,1,0,NULO,30,10
1955,1,2,0.1,NULO,30,14
1955,1,3,0,NULO,30,16.5
1955,1,4,0,NULO,30,16
1955,1,5,0,NULO,30,16
1955,1,6,5.5,NULO,27,15
1955,1,7,0,NULO,25,12.5
1955,1,8,0,NULO,29,11.5
1955,1,9,1.5,NULO,31,14
1955,1,10,0,NULO,25,14
1955,1,11,0,NULO,26,11
1955,1,12,0,NULO,25,12
1955,1,13,0.1,NULO,25,14.2
1955,1,14,0,NULO,26,15
1955,1,15,0,NULO,27,14
1955,1,16,0,NULO,28,14
1955,1,17,0,NULO,30,15
1955,1,18,0,NULO,27,14
1955,1,19,0,NULO,23,10
1955,1,20,0,NULO,27,10
1955,1,21,0,NULO,26,12
1955,1,22,0,NULO,26,12
1955,1,23,12,NULO,17,13
1955,1,24,0,NULO,22,2
1955,1,25,0,NULO,24,2.5
1955,1,26,0,NULO,27,2.5
1955,1,27,0,NULO,25,7
1955,1,28,0,NULO,26,11
1955,1,29,0,NULO,22,12
1955,1,30,0,NULO,26.4,10
1955,1,31,0,NULO,28,10
1955,2,1,0.1,NULO,31,10
1955,2,2,0.1,NULO,30,12
1955,2,3,0.1,NULO,34,14
1955,2,4,0.1,NULO,32,15
1955,2,5,0.1,NULO,31,16
1955,2,6,0,NULO,24,16
1955,2,7,22,NULO,21,13
1955,2,8,0.5,NULO,18.4,7
1955,2,9,0,NULO,26,7
1955,2,10,11,NULO,29,10
1955,2,11,0,NULO,19,10
1955,2,12,0,NULO,20,6.5
1955,2,13,0,NULO,22,6.5
1955,2,14,0,NULO,25,10
1955,2,15,0,NULO,29,12
1955,2,16,0,NULO,30,13
1955,2,17,0.1,NULO,30,13
1955,2,18,0,NULO,32,14
1955,2,19,0.1,NULO,33,16
1955,2,20,4,NULO,26,15.5
1955,2,21,1.5,NULO,21,10
1955,2,22,3,NULO,20,9.2
1955,2,23,2,NULO,22,8.5
1955,2,24,4.5,NULO,24,8
1955,2,25,0.1,NULO,25,11
1955,2,26,0,NULO,29,12
1955,2,27,0,NULO,30,13
1955,2,28,0,NULO,32,15
1955,3,1,0,NULO,32,15
1955,3,2,0,NULO,31,15
1955,3,3,0,NULO,33,16
1955,3,4,0,NULO,34,17
1955,3,5,0.1,NULO,33,17
1955,3,6,0,NULO,33,18
1955,3,7,2.5,NULO,31,18
1955,3,8,0,NULO,23,14
1955,3,9,0,NULO,30,13
1955,3,10,0,NULO,33,14
1955,3,11,0,NULO,34,15
1955,3,12,0.1,NULO,32.2,16
1955,3,13,0.1,NULO,33,18
1955,3,14,0.1,NULO,33,18
1955,3,15,0,NULO,35,19.5
1955,3,16,0,NULO,34,20
1955,3,17,0,NULO,33,20
1955,3,18,0,NULO,35,19
1955,3,19,0,NULO,35,19
1955,3,20,0,NULO,37,20
1955,3,21,7.5,NULO,38,18
1955,3,22,5,NULO,39,15
1955,3,23,0,NULO,27,11
1955,3,24,0,NULO,32,12
1955,3,25,0,NULO,31,14
1955,3,26,9,NULO,25,14
1955,3,27,0.1,NULO,15,2
1955,3,28,0,NULO,25,4
1955,3,29,0,NULO,23,6
1955,3,30,0,NULO,25,10
1955,3,31,0,NULO,33,14.4
1955,4,1,0.1,NULO,30,16.5
1955,4,2,0.1,NULO,32,16
1955,4,3,0.1,NULO,35,16
1955,4,4,0.1,NULO,36,16.5
1955,4,5,0,NULO,37,17
1955,4,6,0,NULO,39,18
1955,4,7,3,NULO,29,19
1955,4,8,5,NULO,29,16
1955,4,9,0.1,NULO,30,16
1955,4,10,0.1,NULO,33,17
1955,4,11,0,NULO,34,18
1955,4,12,0,NULO,36,19
1955,4,13,0,NULO,33,19
1955,4,14,0,NULO,35,15
1955,4,15,0,NULO,33,16
1955,4,16,0,NULO,35,16
1955,4,17,0,NULO,36,18
1955,4,18,0,NULO,36,18
1955,4,19,0,NULO,35,19
1955,4,20,0,NULO,36,20
1955,4,21,0,NULO,38,22
1955,4,22,0,NULO,38,20
1955,4,23,0,NULO,39.5,19
1955,4,24,0,NULO,39,20
1955,4,25,0,NULO,39,20
1955,4,26,0,NULO,38,21
1955,4,27,0,NULO,38.5,21
1955,4,28,0,NULO,39,22
1955,4,29,0,NULO,39,21
1955,4,30,0,NULO,32,21
1955,5,1,0,NULO,35,20.2
1955,5,2,0,NULO,35,19
1955,5,3,0,NULO,35,19
1955,5,4,0,NULO,35,17
1955,5,5,0,NULO,35,18.5
1955,5,6,0,NULO,36,19
1955,5,7,0,NULO,36.3,20
1955,5,8,0,NULO,36,20
1955,5,9,0,NULO,36,19
1955,5,10,4.5,NULO,36,21
1955,5,11,0.1,NULO,34,21
1955,5,12,51.5,NULO,33,20
1955,5,13,0,NULO,32,18
1955,5,14,0,NULO,36,18
1955,5,15,0,NULO,36,18
1955,5,16,0,NULO,38,18
1955,5,17,0,NULO,35,22
1955,5,18,0,NULO,32,22
1955,5,19,0,NULO,39,23
1955,5,20,0,NULO,38,23
1955,5,21,0,NULO,38.5,24
1955,5,22,0,NULO,37.5,23.5
1955,5,23,0,NULO,37,24
1955,5,24,0,NULO,39,24
1955,5,25,0,NULO,38.5,22
1955,5,26,0,NULO,38.5,22.8
1955,5,27,0,NULO,39,22
1955,5,28,0.1,NULO,39.5,22
1955,5,29,2.5,NULO,34,24
1955,5,30,0,NULO,34,20
1955,5,31,0,NULO,36,20
1955,6,1,0,NULO,36,21
1955,6,2,0,NULO,36,21.5
1955,6,3,0,NULO,36,21.5
1955,6,4,0,NULO,37,21
1955,6,5,0,NULO,37,22
1955,6,6,0,NULO,38,24
1955,6,7,12,NULO,35,23.5
1955,6,8,0,NULO,35,20
1955,6,9,0,NULO,36,20
1955,6,10,3.7,NULO,37,22
1955,6,11,0,NULO,32,17
1955,6,12,0,NULO,35,17
1955,6,13,0,NULO,35.5,20
1955,6,14,0,NULO,36,20.5
1955,6,15,0,NULO,38.5,20
1955,6,16,0,NULO,38.5,21
1955,6,17,0,NULO,39,22.5
1955,6,18,0,NULO,37,22
1955,6,19,0,NULO,39.5,23
1955,6,20,0,NULO,36.5,21.5
1955,6,21,0,NULO,36.5,21
1955,6,22,0,NULO,36.5,20
1955,6,23,0,NULO,38,20
1955,6,24,0,NULO,38,20
1955,6,25,0,NULO,38,20
1955,6,26,0,NULO,38,22
1955,6,27,0,NULO,37.5,23.5
1955,6,28,0.1,NULO,38,24
1955,6,29,0,NULO,37,24.5
1955,6,30,0,NULO,38,21
1955,7,1,0,NULO,37.5,22
1955,7,2,0,NULO,37,22.5
1955,7,3,0,NULO,35,20.4
1955,7,4,15,NULO,33,22
1955,7,5,2.5,NULO,32,20
1955,7,6,28,NULO,33,19.5
1955,7,7,23.7,NULO,32,20
1955,7,8,40,NULO,33,19
1955,7,9,131.2,NULO,31,19
1955,7,10,2,NULO,29,19
1955,7,11,12.5,NULO,30,19
1955,7,12,0.1,NULO,33,19
1955,7,13,4,NULO,33,17.5
1955,7,14,19,NULO,32,19
1955,7,15,4,NULO,32,19
1955,7,16,0,NULO,34,20
1955,7,17,15,NULO,34,21
1955,7,18,17,NULO,30,20
1955,7,19,16.5,NULO,30,18
1955,7,20,22.5,NULO,30,18
1955,7,21,5.5,NULO,29.5,18
1955,7,22,0,NULO,30,18.5
1955,7,23,7.5,NULO,31,18.5
1955,7,24,9,NULO,31,19
1955,7,25,0,NULO,33,19.5
1955,7,26,5,NULO,33,18.5
1955,7,27,0.1,NULO,32.4,19
1955,7,28,0.1,NULO,33,19
1955,7,29,35.5,NULO,32,19.5
1955,7,30,0,NULO,34,18
1955,7,31,0.1,NULO,35,20
1955,8,1,25,NULO,35,20
1955,8,2,0.1,NULO,33,19
1955,8,3,0.5,NULO,33.5,20
1955,8,4,0,NULO,32,19.5
1955,8,5,14.5,NULO,32,20
1955,8,6,0,NULO,32,20
1955,8,7,0,NULO,32.5,18
1955,8,8,0,NULO,35,20.5
1955,8,9,0,NULO,36,20
1955,8,10,0.1,NULO,30,20.5
1955,8,11,0.1,NULO,29.5,20
1955,8,12,0,NULO,30,20.5
1955,8,13,0,NULO,35,20
1955,8,14,0.1,NULO,35,20.5
1955,8,15,0.1,NULO,33,20
1955,8,16,0.1,NULO,35,20.5
1955,8,17,8,NULO,35,20
1955,8,18,1.5,NULO,32,20
1955,8,19,5.5,NULO,32.5,20.5
1955,8,20,0.1,NULO,33,20.5
1955,8,21,10.5,NULO,32,20
1955,8,22,10.5,NULO,33,19.5
1955,8,23,0.5,NULO,34,19
1955,8,24,0,NULO,33,20
1955,8,25,0,NULO,34.5,21
1955,8,26,0,NULO,36.5,20
1955,8,27,0,NULO,36.4,21
1955,8,28,0,NULO,37,20
1955,8,29,25.5,NULO,36,20
1955,8,30,17.5,NULO,32.5,20
1955,8,31,62.5,NULO,31,19.5
1955,9,1,75,NULO,31,19
1955,9,2,124.5,NULO,30.5,18
1955,9,3,75,NULO,30,19.5
1955,9,4,17,NULO,29,18
1955,9,5,60,NULO,29,18
1955,9,6,72,NULO,30,17
1955,9,7,96.5,NULO,27,17
1955,9,8,10.5,NULO,30,16
1955,9,9,68,NULO,31,19
1955,9,10,56.5,NULO,27,19
1955,9,11,66.5,NULO,28,18
1955,9,12,35,NULO,29.5,17
1955,9,13,19.5,NULO,32,18
1955,9,14,2,NULO,31,19.5
1955,9,15,0,NULO,34,19
1955,9,16,0,NULO,34,19
1955,9,17,0,NULO,33,19
1955,9,18,85.5,NULO,28,20
1955,9,19,17.5,NULO,31.5,22
1955,9,20,0,NULO,30,18
1955,9,21,0,NULO,34,18
1955,9,22,0,NULO,31,20
1955,9,23,0.1,NULO,35,20
1955,9,24,0.1,NULO,29,20
1955,9,25,19,NULO,32,21.5
1955,9,26,0,NULO,33,19
1955,9,27,15,NULO,32.2,19
1955,9,28,168.5,NULO,29,20.5
1955,9,29,0,NULO,28,19
1955,9,30,74.5,NULO,33,19
1955,10,1,131,NULO,30,20.5
1955,10,2,7.5,NULO,30,19
1955,10,3,0,NULO,27,19.5
1955,10,4,0,NULO,33,20
1955,10,5,0,NULO,34,20
1955,10,6,0.1,NULO,34,20
1955,10,7,5,NULO,30,20.5
1955,10,8,0,NULO,29,15.5
1955,10,9,0.1,NULO,25.5,13
1955,10,10,5.5,NULO,25,14.5
1955,10,11,0,NULO,30,16.5
1955,10,12,0,NULO,34,17
1955,10,13,6,NULO,34,19.5
1955,10,14,0,NULO,29.5,19
1955,10,15,0,NULO,29,15.5
1955,10,16,0.1,NULO,29.5,15.5
1955,10,17,17.5,NULO,29,15
1955,10,18,0,NULO,28,13
1955,10,19,0,NULO,29,12.5
1955,10,20,0,NULO,30,13.5
1955,10,21,0,NULO,30.5,14
1955,10,22,0,NULO,31,15
1955,10,23,0,NULO,30,15
1955,10,24,0.1,NULO,31,18
1955,10,25,0.1,NULO,31.1,19
1955,10,26,0,NULO,31,20
1955,10,27,0,NULO,32,19.5
1955,10,28,0,NULO,32.5,17
1955,10,29,0.1,NULO,33,18.5
1955,10,30,17.5,NULO,33,17.5
1955,10,31,0,NULO,34,17.5
1955,11,1,0.1,NULO,32,16.5
1955,11,2,0.1,NULO,33.5,18
1955,11,3,12,NULO,32.5,18.5
1955,11,4,0,NULO,27,12
1955,11,5,0,NULO,30,13
1955,11,6,0.1,NULO,31,16
1955,11,7,21.5,NULO,25,16
1955,11,8,4.5,NULO,25,17
1955,11,9,0.1,NULO,20.5,7
1955,11,10,0,NULO,25,7.5
1955,11,11,0,NULO,30,10
1955,11,12,0.1,NULO,31,15
1955,11,13,0.1,NULO,30.5,17
1955,11,14,0.1,NULO,31,18
1955,11,15,0.1,NULO,32.5,19
1955,11,16,6.5,NULO,32,19.5
1955,11,17,0,NULO,26.5,16
1955,11,18,0.1,NULO,30,16
1955,11,19,23.5,NULO,27.5,17
1955,11,20,4,NULO,24,14.5
1955,11,21,0.1,NULO,28.5,14
1955,11,22,0.1,NULO,31,16.5
1955,11,23,0.1,NULO,30,16.5
1955,11,24,3,NULO,26.5,18.5
1955,11,25,5,NULO,25.5,15
1955,11,26,0,NULO,28,13
1955,11,27,0.1,NULO,30,13
1955,11,28,7,NULO,26,15
1955,11,29,3,NULO,18,8
1955,11,30,0.5,NULO,23,7
1955,12,1,0,NULO,27,11
1955,12,2,0,NULO,29.5,14
1955,12,3,0,NULO,31,14
1955,12,4,0,NULO,30.5,14.5
1955,12,5,3,NULO,26,16
1955,12,6,0.5,NULO,23,13
1955,12,7,0,NULO,30,12
1955,12,8,0,NULO,27,13.5
1955,12,9,0,NULO,28,10
1955,12,10,0,NULO,26,9.5
1955,12,11,4,NULO,25.5,10
1955,12,12,1,NULO,20,9
1955,12,13,0,NULO,23,8
1955,12,14,0,NULO,28,9.5
1955,12,15,11.5,NULO,25,14
1955,12,16,0,NULO,23,8.5
1955,12,17,0,NULO,26.5,11
1955,12,18,0,NULO,25,12.5
1955,12,19,0,NULO,27,13
1955,12,20,0,NULO,28,14.5
1955,12,21,0,NULO,29,12.5
1955,12,22,0,NULO,28,11.5
1955,12,23,0,NULO,29.5,12.5
1955,12,24,0,NULO,29,12.5
1955,12,25,0,NULO,30,13
1955,12,26,0,NULO,29,13
1955,12,27,0,NULO,28,13
1955,12,28,0,NULO,28,11
1955,12,29,0,NULO,28,12
1955,12,30,2,NULO,29,13
1955,12,31,0,NULO,24,11
1956,1,1,0,NULO,26.5,11
1956,1,2,0,NULO,27,13
1956,1,3,4.5,NULO,25,14
1956,1,4,5,NULO,27,12
1956,1,5,0,NULO,27,12
1956,1,6,0,NULO,28,12
1956,1,7,0,NULO,27.5,14
1956,1,8,0,NULO,26,12.5
1956,1,9,0,NULO,27,12.5
1956,1,10,0,NULO,27,13
1956,1,11,0,NULO,24.5,13
1956,1,12,0,NULO,25,8
1956,1,13,0,NULO,25.5,7.5
1956,1,14,0,NULO,25.5,7.5
1956,1,15,0,NULO,25,8
1956,1,16,0,NULO,25,8
1956,1,17,0,NULO,30,11
1956,1,18,0.1,NULO,26,13.8
1956,1,19,0,NULO,22,12
1956,1,20,0,NULO,25,12
1956,1,21,0,NULO,25.5,11.5
1956,1,22,0,NULO,27,12.5
1956,1,23,0,NULO,24.5,15
1956,1,24,0,NULO,25,14
1956,1,25,6,NULO,27,14
1956,1,26,0,NULO,28,15
1956,1,27,0,NULO,30,15
1956,1,28,0,NULO,30.5,15.5
1956,1,29,0,NULO,30.5,16
1956,1,30,0,NULO,31.6,16
1956,1,31,0,NULO,30,17.5
1956,2,1,0,NULO,31,12
1956,2,2,2.5,NULO,29,12.5
1956,2,3,6.5,NULO,19,8
1956,2,4,3.5,NULO,18,3
1956,2,5,0.1,NULO,15,2
1956,2,6,0,NULO,18,5.5
1956,2,7,0,NULO,25.5,8.5
1956,2,8,0,NULO,31,8
1956,2,9,1.2,NULO,28,13
1956,2,10,0,NULO,20.1,12
1956,2,11,0,NULO,22.5,10
1956,2,12,0,NULO,26,10.3
1956,2,13,0,NULO,27,11.5
1956,2,14,0,NULO,30,13
1956,2,15,0.1,NULO,30.5,14
1956,2,16,0.1,NULO,21,16
1956,2,17,0.1,NULO,32.8,15
1956,2,18,0.1,NULO,31,17
1956,2,19,0,NULO,34,18
1956,2,20,17.5,NULO,30,19
1956,2,21,0,NULO,29,18
1956,2,22,0,NULO,29.5,17.5
1956,2,23,0,NULO,31,17.5
1956,2,24,0,NULO,32.5,17
1956,2,25,0.1,NULO,29,17
1956,2,26,0.1,NULO,30,16
1956,2,27,0,NULO,36,16.5
1956,2,28,0,NULO,29,17
1956,2,29,0,NULO,30,15
1956,3,1,0,NULO,30,15.5
1956,3,2,0.1,NULO,33,17
1956,3,3,0.1,NULO,33,17
1956,3,4,0,NULO,32,18
1956,3,5,0,NULO,34,18.5
1956,3,6,0.1,NULO,35.9,18
1956,3,7,0,NULO,35.5,18
1956,3,8,0,NULO,25,10.5
1956,3,9,0,NULO,29.5,10.5
1956,3,10,0.1,NULO,32.5,10.5
1956,3,11,0.1,NULO,34.5,15
1956,3,12,2,NULO,33.5,16.5
1956,3,13,1.5,NULO,31,14.5
1956,3,14,0.1,NULO,25,15.5
1956,3,15,0,NULO,34,17
1956,3,16,0,NULO,25.5,18
1956,3,17,0,NULO,25.5,14
1956,3,18,0,NULO,27.5,15
1956,3,19,0,NULO,27,15
1956,3,20,0,NULO,28.5,14
1956,3,21,0,NULO,32,15.5
1956,3,22,0.1,NULO,28.5,18
1956,3,23,0,NULO,28,15
1956,3,24,0,NULO,25,16
1956,3,25,0,NULO,29.5,14
1956,3,26,0,NULO,24,14.5
1956,3,27,0.1,NULO,25,15
1956,3,28,0,NULO,27.5,17
1956,3,29,0,NULO,27,17.5
1956,3,30,0.1,NULO,26,20
1956,3,31,0,NULO,34,18.5
1956,4,1,0,NULO,26,19.5
1956,4,2,0,NULO,27.5,18.5
1956,4,3,0,NULO,28,19
1956,4,4,0,NULO,28.5,20
1956,4,5,0,NULO,28.5,21
1956,4,6,0,NULO,29,21
1956,4,7,0,NULO,28,21
1956,4,8,0,NULO,27.5,20
1956,4,9,0,NULO,29,19.5
1956,4,10,0,NULO,26,19
1956,4,11,0,NULO,25,16
1956,4,12,0,NULO,26,16.5
1956,4,13,0,NULO,25,18.5
1956,4,14,0,NULO,26,19
1956,4,15,0,NULO,26,18
1956,4,16,0,NULO,25,18.5
1956,4,17,0,NULO,28,16.5
1956,4,18,0,NULO,28.5,17
1956,4,19,0,NULO,25,17.5
1956,4,20,26.2,NULO,23.5,17
1956,4,21,2.5,NULO,23.5,12
1956,4,22,0,NULO,27,13.5
1956,4,23,11.5,NULO,27.5,14
1956,4,24,0,NULO,27.5,19
1956,4,25,0,NULO,27,20
1956,4,26,0,NULO,28,20
1956,4,27,0,NULO,28,20.5
1956,4,28,0,NULO,28,20.5
1956,4,29,0,NULO,33,20.5
1956,4,30,0,NULO,32,21
1956,5,1,0,NULO,29,21
1956,5,2,17.5,NULO,27,20
1956,5,3,0,NULO,25.5,18
1956,5,4,0,NULO,26,18.5
1956,5,5,0,NULO,30,18.5
1956,5,6,0,NULO,29,18
1956,5,7,0,NULO,29,21
1956,5,8,0,NULO,28,21.5
1956,5,9,0,NULO,26.5,19.5
1956,5,10,0,NULO,26,18.5
1956,5,11,6,NULO,29,18.5
1956,5,12,11.5,NULO,29,19
1956,5,13,0,NULO,28,20
1956,5,14,0,NULO,29.5,21
1956,5,15,0,NULO,30,21.5
1956,5,16,30,NULO,26,22.5
1956,5,17,21,NULO,25.5,17.5
1956,5,18,0.1,NULO,27,17
1956,5,19,0,NULO,25,17.5
1956,5,20,0,NULO,26,17
1956,5,21,0,NULO,28,17
1956,5,22,0,NULO,28.2,18.2
1956,5,23,0,NULO,27.5,20.5
1956,5,24,0,NULO,28.5,20
1956,5,25,2.5,NULO,29,20
1956,5,26,7,NULO,29.5,20
1956,5,27,0,NULO,30,21
1956,5,28,2.5,NULO,31,21.5
1956,5,29,6,NULO,27,22.5
1956,5,30,4,NULO,27.5,20
1956,5,31,2.5,NULO,31,19.5
1956,6,1,4.5,NULO,27,18
1956,6,2,0,NULO,28,19
1956,6,3,0,NULO,28,17.5
1956,6,4,0,NULO,26,19.5
1956,6,5,0,NULO,27,19
1956,6,6,0,NULO,34,19
1956,6,7,0.1,NULO,33,19
1956,6,8,0,NULO,27,19
1956,6,9,0,NULO,26.5,19
1956,6,10,0,NULO,26.5,19.5
1956,6,11,0,NULO,27,19
1956,6,12,0,NULO,29,18
1956,6,13,0,NULO,30,20.5
1956,6,14,0,NULO,29,22
1956,6,15,0,NULO,30.5,20.5
1956,6,16,0,NULO,31,20.5
1956,6,17,0.1,NULO,29,23
1956,6,18,9.5,NULO,27,19
1956,6,19,35,NULO,26.5,19.5
1956,6,20,0.1,NULO,28,19.5
1956,6,21,0,NULO,28.5,19.5
1956,6,22,31.2,NULO,28,19.5
1956,6,23,40,NULO,26.5,20
1956,6,24,22.5,NULO,27,19.5
1956,6,25,13.7,NULO,26,18
1956,6,26,34,NULO,27,19
1956,6,27,5,NULO,27,18
1956,6,28,0,NULO,27,19
1956,6,29,0,NULO,28,19.5
1956,6,30,0,NULO,33,20
1956,7,1,0.1,NULO,28,20.5
1956,7,2,10,NULO,28,20.4
1956,7,3,0,NULO,29,20.5
1956,7,4,0,NULO,29,21
1956,7,5,0.1,NULO,28.5,21
1956,7,6,2,NULO,28,20
1956,7,7,5.5,NULO,29,19
1956,7,8,9.5,NULO,28,18
1956,7,9,13,NULO,28,19
1956,7,10,4,NULO,28,20.5
1956,7,11,0.1,NULO,27,20.5
1956,7,12,1,NULO,28,19.5
1956,7,13,2.5,NULO,27,20.5
1956,7,14,5.5,NULO,29,19
1956,7,15,2,NULO,28,18
1956,7,16,1,NULO,27,18
1956,7,17,0,NULO,27.5,18
1956,7,18,1.5,NULO,29,19
1956,7,19,26.5,NULO,28,20
1956,7,20,6,NULO,27,17
1956,7,21,0,NULO,28.4,19.5
1956,7,22,1.5,NULO,28,17.5
1956,7,23,2.5,NULO,27,18
1956,7,24,0,NULO,27,18
1956,7,25,2.5,NULO,27,18
1956,7,26,138.5,NULO,28,19
1956,7,27,64.5,NULO,27,19
1956,7,28,47.5,NULO,27.5,17
1956,7,29,0.1,NULO,27,19.5
1956,7,30,0.1,NULO,27.5,19.5
1956,7,31,0.1,NULO,32,19.5
1956,8,1,0,NULO,28,19.5
1956,8,2,0.1,NULO,27.5,20
1956,8,3,0,NULO,27,19.5
1956,8,4,9,NULO,29,19
1956,8,5,0,NULO,27.5,19
1956,8,6,0,NULO,27.5,20
1956,8,7,0,NULO,27.5,20
1956,8,8,0,NULO,27.5,20.5
1956,8,9,0,NULO,27.3,20
1956,8,10,0,NULO,28,19
1956,8,11,0,NULO,28,19.5
1956,8,12,14.5,NULO,29,19.5
1956,8,13,0,NULO,30,20
1956,8,14,0,NULO,28,20
1956,8,15,0,NULO,28,20.5
1956,8,16,0,NULO,29,20.5
1956,8,17,0,NULO,30,20.5
1956,8,18,0,NULO,31,21
1956,8,19,0.1,NULO,28.5,21
1956,8,20,0,NULO,28.5,21.5
1956,8,21,0,NULO,28,21
1956,8,22,0.1,NULO,28,19.5
1956,8,23,0,NULO,28,19.5
1956,8,24,0.1,NULO,27,20.5
1956,8,25,6.5,NULO,29,18.5
1956,8,26,0,NULO,29,18
1956,8,27,0,NULO,29,20
1956,8,28,0,NULO,30,20.5
1956,8,29,0,NULO,33,21.5
1956,8,30,0,NULO,35,21.5
1956,8,31,0,NULO,34,22.2
1956,9,1,27.5,NULO,28,19
1956,9,2,26.5,NULO,31,19.5
1956,9,3,0,NULO,27,18
1956,9,4,0,NULO,27.5,18
1956,9,5,0,NULO,29,19.5
1956,9,6,22.5,NULO,26,20
1956,9,7,49,NULO,27,20
1956,9,8,24,NULO,25,18
1956,9,9,24,NULO,24,16.5
1956,9,10,95.7,NULO,26,15
1956,9,11,73.7,NULO,26,17
1956,9,12,262.5,NULO,27,17
1956,9,13,0.1,NULO,27,17
1956,9,14,0,NULO,27,19
1956,9,15,0,NULO,26,19.5
1956,9,16,0,NULO,27,19
1956,9,17,7.5,NULO,28,19.5
1956,9,18,15.5,NULO,29,19.5
1956,9,19,0,NULO,27,18
1956,9,20,0.1,NULO,26.5,19
1956,9,21,0,NULO,27,19
1956,9,22,0,NULO,27.5,19
1956,9,23,0,NULO,27,19.5
1956,9,24,0,NULO,27.5,19.5
1956,9,25,0.1,NULO,28,20.5
1956,9,26,0,NULO,28,21
1956,9,27,0,NULO,26,19
1956,9,28,0,NULO,27,18
1956,9,29,0,NULO,32,16.5
1956,9,30,0,NULO,31,18
1956,10,1,0,NULO,28,16
1956,10,2,0,NULO,28,18
1956,10,3,0,NULO,28,19
1956,10,4,0,NULO,29,18.5
1956,10,5,0,NULO,27,18
1956,10,6,0,NULO,26.5,18.5
1956,10,7,40,NULO,25.5,19.5
1956,10,8,5.5,NULO,26,18.5
1956,10,9,11.5,NULO,26,17
1956,10,10,0.1,NULO,28,17
1956,10,11,0.1,NULO,25,17.5
1956,10,12,8.5,NULO,27,18
1956,10,13,0.1,NULO,27,17.3
1956,10,14,0,NULO,25,18.4
1956,10,15,0,NULO,26,18.5
1956,10,16,0,NULO,26,19
1956,10,17,0,NULO,27,19
1956,10,18,0.1,NULO,28,19
1956,10,19,0,NULO,29,20
1956,10,20,1,NULO,25.5,20
1956,10,21,0,NULO,24.5,18
1956,10,22,0,NULO,25,17
1956,10,23,0,NULO,25.2,18
1956,10,24,0,NULO,26,17.5
1956,10,25,0,NULO,25.5,17
1956,10,26,0,NULO,25,18
1956,10,27,0,NULO,26,18.5
1956,10,28,0,NULO,26,18
1956,10,29,0,NULO,27,18
1956,10,30,0.1,NULO,27,18.5
1956,10,31,0,NULO,33,19
1956,11,1,0,NULO,28,19.5
1956,11,2,0,NULO,28.5,19.5
1956,11,3,0.1,NULO,28,20
1956,11,4,0.1,NULO,26.5,21
1956,11,5,5.5,NULO,26,19.5
1956,11,6,0.1,NULO,26,18.5
1956,11,7,0.1,NULO,26,19
1956,11,8,25,NULO,23,18
1956,11,9,0.1,NULO,20,11
1956,11,10,0,NULO,20.5,10
1956,11,11,0,NULO,22,10.5
1956,11,12,0,NULO,22.5,15
1956,11,13,0,NULO,23,14
1956,11,14,0,NULO,27,15
1956,11,15,6,NULO,21,15.5
1956,11,16,11.5,NULO,20,11
1956,11,17,14.5,NULO,20,10
1956,11,18,0.1,NULO,24,11
1956,11,19,0,NULO,24,12
1956,11,20,0,NULO,25,15
1956,11,21,10,NULO,20.5,17
1956,11,22,0,NULO,18,9
1956,11,23,0,NULO,20,9
1956,11,24,8,NULO,20,11
1956,11,25,0,NULO,19,11
1956,11,26,0,NULO,17,10.5
1956,11,27,0,NULO,18,9
1956,11,28,0,NULO,20,10
1956,11,29,0,NULO,18,11
1956,11,30,0,NULO,20.5,10.5
1956,12,1,0,NULO,20,10
1956,12,2,0,NULO,20,11
1956,12,3,0,NULO,24.5,12
1956,12,4,0,NULO,25,13
1956,12,5,0,NULO,20.5,14.5
1956,12,6,0.1,NULO,26,16
1956,12,7,0,NULO,26.5,17
1956,12,8,1.5,NULO,25,18.5
1956,12,9,16.5,NULO,23,17.5
1956,12,10,0,NULO,19,6
1956,12,11,0,NULO,24,6
1956,12,12,0.5,NULO,25,10
1956,12,13,0,NULO,23,10
1956,12,14,0,NULO,24,15
1956,12,15,0.5,NULO,24,16.5
1956,12,16,0,NULO,25,15
1956,12,17,2.5,NULO,26,16.5
1956,12,18,0.1,NULO,25,15
1956,12,19,14,NULO,25,17
1956,12,20,5.5,NULO,24,17
1956,12,21,0,NULO,26,14
1956,12,22,0,NULO,25,15
1956,12,23,0.1,NULO,22.5,16
1956,12,24,0.1,NULO,18,15
1956,12,25,3.5,NULO,18,10
1956,12,26,11,NULO,17.5,9
1956,12,27,0,NULO,20,9.5
1956,12,28,0,NULO,20,9
1956,12,29,0,NULO,18,11.2
1956,12,30,0,NULO,20,10
1956,12,31,0,NULO,26,9
1957,1,1,0.1,NULO,25,12
1957,1,2,0,NULO,24,15
1957,1,3,0,NULO,24,15.5
1957,1,4,0,NULO,24,15
1957,1,5,0,NULO,24,15
1957,1,6,0,NULO,24,15
1957,1,7,0,NULO,25,16
1957,1,8,0,NULO,24,17
1957,1,9,0,NULO,25,16
1957,1,10,0,NULO,21,16
1957,1,11,0,NULO,24,13
1957,1,12,0,NULO,23,12
1957,1,13,0,NULO,24,14
1957,1,14,0,NULO,24,15
1957,1,15,0,NULO,25,15
1957,1,16,0.1,NULO,19,15
1957,1,17,0.1,NULO,10,4
1957,1,18,0.1,NULO,14.5,2.5
1957,1,19,10,NULO,20,2.5
1957,1,20,0,NULO,22,10
1957,1,21,0,NULO,24,11.5
1957,1,22,0.1,NULO,25,14
1957,1,23,0,NULO,21.5,14
1957,1,24,0,NULO,24,12.5
1957,1,25,0,NULO,26,15
1957,1,26,0,NULO,26,15.6
1957,1,27,0,NULO,26.3,15
1957,1,28,0,NULO,25,17
1957,1,29,0,NULO,24,17.5
1957,1,30,0,NULO,30,17
1957,1,31,0,NULO,31,18
1957,2,1,0,NULO,25.5,18
1957,2,2,0,NULO,27,17
1957,2,3,0,NULO,25.5,17
1957,2,4,0.1,NULO,25,18.5
1957,2,5,0,NULO,25,17
1957,2,6,0,NULO,24.5,18
1957,2,7,0.1,NULO,24,17
1957,2,8,0,NULO,24.5,16.5
1957,2,9,0,NULO,25,16
1957,2,10,0,NULO,25.5,15
1957,2,11,12,NULO,24.5,17
1957,2,12,0,NULO,24.5,16
1957,2,13,0,NULO,23,17
1957,2,14,0.1,NULO,24.5,16.5
1957,2,15,0,NULO,25,16
1957,2,16,3.5,NULO,26,17
1957,2,17,1,NULO,25,17
1957,2,18,0,NULO,25,15
1957,2,19,0,NULO,27,15
1957,2,20,0.1,NULO,22,15
1957,2,21,0.1,NULO,22,12
1957,2,22,6,NULO,25,14.6
1957,2,23,0,NULO,25,17
1957,2,24,0,NULO,24.7,17
1957,2,25,0,NULO,29,17.5
1957,2,26,4.5,NULO,24,16
1957,2,27,0,NULO,20.5,14
1957,2,28,0,NULO,29,14
1957,3,1,0,NULO,26,13
1957,3,2,0,NULO,27,17
1957,3,3,0,NULO,25,17
1957,3,4,0,NULO,26,18
1957,3,5,0,NULO,24,17
1957,3,6,0,NULO,25,14
1957,3,7,0,NULO,21,15
1957,3,8,0,NULO,21,12
1957,3,9,0,NULO,25.5,14
1957,3,10,0,NULO,25,14
1957,3,11,0,NULO,26,17.5
1957,3,12,0,NULO,24,18
1957,3,13,0,NULO,24,18.5
1957,3,14,0,NULO,27,16.5
1957,3,15,14,NULO,25,16.8
1957,3,16,0,NULO,25.5,16.5
1957,3,17,0,NULO,26.8,16.5
1957,3,18,0.1,NULO,28,17
1957,3,19,0,NULO,27.5,19.5
1957,3,20,0,NULO,27,19.5
1957,3,21,0,NULO,24.5,19.5
1957,3,22,0,NULO,27,16
1957,3,23,0,NULO,23,16.5
1957,3,24,0,NULO,21.5,14.5
1957,3,25,0,NULO,21.5,14.2
1957,3,26,0,NULO,23,14
1957,3,27,0,NULO,24.5,14.5
1957,3,28,13,NULO,23,15
1957,3,29,0,NULO,25,14.5
1957,3,30,0,NULO,26,15.8
1957,3,31,0,NULO,27,15
1957,4,1,0,NULO,27,18
1957,4,2,0,NULO,26,18.5
1957,4,3,0,NULO,28,19.5
1957,4,4,0,NULO,27,19
1957,4,5,0,NULO,24.5,19
1957,4,6,0,NULO,28,17
1957,4,7,0,NULO,27,17
1957,4,8,0,NULO,24,17
1957,4,9,0,NULO,24.5,16
1957,4,10,0,NULO,27,15.5
1957,4,11,0,NULO,28.5,17
1957,4,12,0,NULO,28,19.5
1957,4,13,5,NULO,24.5,21.5
1957,4,14,3.5,NULO,21,15.5
1957,4,15,0,NULO,25,13
1957,4,16,0,NULO,29,14
1957,4,17,0.5,NULO,30,18
1957,4,18,0,NULO,29,21
1957,4,19,0,NULO,30.5,20.5
1957,4,20,0,NULO,29.5,20
1957,4,21,0,NULO,28,21
1957,4,22,0,NULO,29,21
1957,4,23,0,NULO,29.5,20.5
1957,4,24,0,NULO,30,21
1957,4,25,0,NULO,29,21
1957,4,26,0,NULO,29.5,21.5
1957,4,27,24.7,NULO,28,21.5
1957,4,28,5.5,NULO,28,18.5
1957,4,29,40.5,NULO,26,20
1957,4,30,0,NULO,30,17
1957,5,1,0,NULO,28,18
1957,5,2,0,NULO,27,18
1957,5,3,0,NULO,29.5,19.5
1957,5,4,0,NULO,25.5,20.5
1957,5,5,27.5,NULO,24,17.5
1957,5,6,14.5,NULO,24,15
1957,5,7,0.5,NULO,25,13
1957,5,8,0,NULO,30,15
1957,5,9,0,NULO,29,19
1957,5,10,0,NULO,29.5,18
1957,5,11,0,NULO,35.5,21
1957,5,12,0,NULO,30,22
1957,5,13,0,NULO,30.5,22.5
1957,5,14,0,NULO,30,23
1957,5,15,0,NULO,29.8,23
1957,5,16,0,NULO,30,22.3
1957,5,17,0,NULO,30,23
1957,5,18,0,NULO,32,23
1957,5,19,0,NULO,35,21
1957,5,20,0,NULO,31,21
1957,5,21,0,NULO,29.5,22
1957,5,22,0,NULO,31.5,21.5
1957,5,23,0,NULO,31,14.5
1957,5,24,0,NULO,33,22
1957,5,25,0,NULO,32,24
1957,5,26,0,NULO,31,23
1957,5,27,4,NULO,30,23
1957,5,28,0.1,NULO,28,23.5
1957,5,29,0,NULO,29.5,20.5
1957,5,30,0,NULO,30,21
1957,5,31,0,NULO,34,21.5
1957,6,1,2.5,NULO,28.5,22
1957,6,2,5,NULO,28,21
1957,6,3,7.5,NULO,28,21
1957,6,4,0,NULO,28,20.5
1957,6,5,13.5,NULO,27,21
1957,6,6,9.5,NULO,33,19.5
1957,6,7,0,NULO,30,20.5
1957,6,8,0,NULO,32,21
1957,6,9,0,NULO,32,23
1957,6,10,0,NULO,32,24.5
1957,6,11,9,NULO,33,24.5
1957,6,12,0,NULO,33,24
1957,6,13,0,NULO,33,25
1957,6,14,0,NULO,33.5,25
1957,6,15,0,NULO,32,26
1957,6,16,0,NULO,30,24
1957,6,17,75,NULO,33,22
1957,6,18,105.5,NULO,28,20
1957,6,19,9.5,NULO,25,20
1957,6,20,10,NULO,29,20
1957,6,21,0.1,NULO,30.5,21
1957,6,22,14.5,NULO,31,21
1957,6,23,0,NULO,30,22
1957,6,24,3.5,NULO,29.5,21
1957,6,25,0,NULO,29,20.5
1957,6,26,0,NULO,29.5,20
1957,6,27,0,NULO,31,21
1957,6,28,0,NULO,32,21
1957,6,29,0,NULO,32.5,23.5
1957,6,30,0,NULO,30.5,24
1957,7,1,25,NULO,29.5,23
1957,7,2,0,NULO,29.5,21
1957,7,3,0,NULO,29.5,21.2
1957,7,4,0,NULO,29.5,21.5
1957,7,5,0,NULO,30.5,22
1957,7,6,0,NULO,31,22.5
1957,7,7,0,NULO,29.5,22
1957,7,8,1,NULO,29,21.5
1957,7,9,0,NULO,28,21
1957,7,10,37.5,NULO,27.5,20
1957,7,11,0,NULO,28,20
1957,7,12,0,NULO,28,20.5
1957,7,13,0,NULO,30,20.5
1957,7,14,0,NULO,29.5,20
1957,7,15,1.5,NULO,28.5,21.2
1957,7,16,0,NULO,28.5,20.5
1957,7,17,0,NULO,29.5,20.5
1957,7,18,0,NULO,30,21
1957,7,19,0,NULO,28.5,22.5
1957,7,20,0,NULO,29.5,22
1957,7,21,0,NULO,30,22
1957,7,22,0,NULO,30,22.5
1957,7,23,0,NULO,30.5,23
1957,7,24,27.5,NULO,28.5,21.5
1957,7,25,52.5,NULO,27.5,21
1957,7,26,14.5,NULO,28.5,20.5
1957,7,27,1,NULO,28,20.5
1957,7,28,2.5,NULO,27,20.5
1957,7,29,0,NULO,28,19.5
1957,7,30,0,NULO,29.5,19
1957,7,31,0,NULO,29,21
1957,8,1,0,NULO,30,22
1957,8,2,0,NULO,29,22
1957,8,3,0,NULO,30.5,22
1957,8,4,0,NULO,29.5,22.5
1957,8,5,0,NULO,30,22
1957,8,6,0,NULO,29,22.5
1957,8,7,0,NULO,30,21.5
1957,8,8,0,NULO,29.5,22
1957,8,9,0,NULO,29.5,22.5
1957,8,10,5,NULO,30,22
1957,8,11,0,NULO,29.5,21
1957,8,12,1,NULO,29,22.5
1957,8,13,2.5,NULO,29,21
1957,8,14,0,NULO,28,21.5
1957,8,15,0,NULO,29,20.5
1957,8,16,0,NULO,29,20.5
1957,8,17,0,NULO,35,22
1957,8,18,0,NULO,30,22
1957,8,19,0,NULO,30.5,22.5
1957,8,20,0,NULO,28.5,23
1957,8,21,0,NULO,30,21
1957,8,22,32.5,NULO,29,21
1957,8,23,0,NULO,29,19
1957,8,24,0,NULO,28,20.5
1957,8,25,0,NULO,27,20.5
1957,8,26,0,NULO,30,20.5
1957,8,27,0.1,NULO,29,21
1957,8,28,0.1,NULO,28,21
1957,8,29,2.5,NULO,27,20.3
1957,8,30,0,NULO,29,19
1957,8,31,0,NULO,32,19
1957,9,1,0,NULO,30,20
1957,9,2,0,NULO,29,20
1957,9,3,0,NULO,30,21.5
1957,9,4,0,NULO,29,21
1957,9,5,0,NULO,29.5,21.5
1957,9,6,0,NULO,30.5,21
1957,9,7,30,NULO,28,22
1957,9,8,0,NULO,29,20
1957,9,9,0,NULO,30,22
1957,9,10,8.5,NULO,30,22
1957,9,11,1.5,NULO,28,22
1957,9,12,0.1,NULO,27,21
1957,9,13,4,NULO,27.5,20.5
1957,9,14,0,NULO,30,19.5
1957,9,15,0,NULO,31,20
1957,9,16,18.5,NULO,31,20
1957,9,17,0,NULO,33,22
1957,9,18,0,NULO,30.5,22
1957,9,19,0,NULO,30,22
1957,9,20,0,NULO,29,23
1957,9,21,0,NULO,29,21
1957,9,22,75,NULO,28,21
1957,9,23,12.5,NULO,28,20
1957,9,24,9.5,NULO,27,19
1957,9,25,0,NULO,28.5,19
1957,9,26,4.5,NULO,30,20
1957,9,27,6.5,NULO,28,20
1957,9,28,3,NULO,26,19
1957,9,29,0,NULO,25,17
1957,9,30,0,NULO,25.5,16
1957,10,1,0,NULO,26,15
1957,10,2,0,NULO,26,15
1957,10,3,0,NULO,27,16
1957,10,4,0,NULO,27,16
1957,10,5,0,NULO,27,16
1957,10,6,0,NULO,27,16
1957,10,7,0,NULO,26.5,17
1957,10,8,0.1,NULO,26.5,18
1957,10,9,13.5,NULO,27,18.5
1957,10,10,8.5,NULO,26,18
1957,10,11,0,NULO,30,18
1957,10,12,0,NULO,27,18
1957,10,13,0,NULO,27.5,17
1957,10,14,0.1,NULO,29,19.5
1957,10,15,0.1,NULO,29.5,19
1957,10,16,0,NULO,29.5,21
1957,10,17,66.5,NULO,28,22.5
1957,10,18,53,NULO,27,18
1957,10,19,9.5,NULO,25,17
1957,10,20,2.5,NULO,26,14.5
1957,10,21,0,NULO,28,16
1957,10,22,0,NULO,29,16
1957,10,23,25.5,NULO,26,17
1957,10,24,0,NULO,25,17
1957,10,25,14,NULO,22,15.1
1957,10,26,0,NULO,19,11
1957,10,27,0,NULO,19,10
1957,10,28,0,NULO,21,9
1957,10,29,0,NULO,22,10.5
1957,10,30,0,NULO,25,13.5
1957,10,31,0,NULO,31,14
1957,11,1,0,NULO,27,16
1957,11,2,0,NULO,27,17
1957,11,3,0,NULO,26,19
1957,11,4,0.1,NULO,25,17
1957,11,5,0,NULO,26,17.5
1957,11,6,0,NULO,26,18
1957,11,7,1,NULO,26,18
1957,11,8,0,NULO,21,17
1957,11,9,0,NULO,22,13
1957,11,10,0,NULO,21,13.5
1957,11,11,0,NULO,22.5,13.5
1957,11,12,0,NULO,24.5,14
1957,11,13,0,NULO,26,15
1957,11,14,0.1,NULO,26,17
1957,11,15,0,NULO,28,18
1957,11,16,0.1,NULO,26.5,17
1957,11,17,0,NULO,27,18
1957,11,18,0,NULO,24.5,19.5
1957,11,19,0,NULO,26,17
1957,11,20,0.1,NULO,27,17
1957,11,21,0,NULO,26,17
1957,11,22,0,NULO,23.5,19
1957,11,23,1,NULO,14.5,5
1957,11,24,0,NULO,16,6
1957,11,25,0,NULO,18,7
1957,11,26,0,NULO,20,6
1957,11,27,0,NULO,24,9
1957,11,28,0,NULO,25,13
1957,11,29,0.1,NULO,20,15
1957,11,30,0,NULO,20.5,10
1957,12,1,0,NULO,19,5
1957,12,2,0,NULO,21,5
1957,12,3,0,NULO,19,9
1957,12,4,0,NULO,19,11
1957,12,5,0,NULO,20,9
1957,12,6,0,NULO,27.5,9.5
1957,12,7,0,NULO,23,12
1957,12,8,0,NULO,19,14
1957,12,9,0,NULO,15,10
1957,12,10,0,NULO,14.5,7
1957,12,11,0,NULO,13,8
1957,12,12,0,NULO,17,4
1957,12,13,0,NULO,19,5.4
1957,12,14,0,NULO,22,10
1957,12,15,0,NULO,25,11
1957,12,16,0,NULO,25,12
1957,12,17,0,NULO,26,15
1957,12,18,0,NULO,25,15
1957,12,19,0,NULO,24.5,17.5
1957,12,20,0,NULO,24,15.5
1957,12,21,0.1,NULO,25,15
1957,12,22,2.5,NULO,24,15
1957,12,23,13,NULO,26,15
1957,12,24,1.5,NULO,24,15
1957,12,25,0,NULO,25,16
1957,12,26,4,NULO,23,15
1957,12,27,0,NULO,25,13
1957,12,28,0,NULO,22,13
1957,12,29,0,NULO,24.5,15
1957,12,30,0,NULO,25,15
1957,12,31,56.2,NULO,27,16.5
1958,1,1,29,NULO,15,9
1958,1,2,0,NULO,16,3
1958,1,3,0,NULO,20,4
1958,1,4,0.1,NULO,21,8
1958,1,5,5,NULO,17,10
1958,1,6,15.5,NULO,16,9
1958,1,7,0.1,NULO,14,6
1958,1,8,0,NULO,14.5,6.5
1958,1,9,0,NULO,19,7
1958,1,10,0,NULO,20,7
1958,1,11,0,NULO,21,11
1958,1,12,0,NULO,20,12
1958,1,13,0,NULO,21,13
1958,1,14,0,NULO,20,15
1958,1,15,0,NULO,18,11
1958,1,16,0,NULO,20,9
1958,1,17,9,NULO,19,9
1958,1,18,9,NULO,20,10
1958,1,19,0,NULO,21.5,10
1958,1,20,0,NULO,20,12
1958,1,21,0,NULO,20,12
1958,1,22,0,NULO,21,11
1958,1,23,0,NULO,20,12
1958,1,24,0,NULO,17,11
1958,1,25,0,NULO,20,8.5
1958,1,26,0,NULO,22,9
1958,1,27,0,NULO,24,11
1958,1,28,0,NULO,23,13
1958,1,29,0,NULO,20,10.5
1958,1,30,0,NULO,21,10
1958,1,31,0,NULO,22.4,13
1958,2,1,0,NULO,22,13
1958,2,2,0,NULO,23,13
1958,2,3,0,NULO,22,14
1958,2,4,0,NULO,23,14.5
1958,2,5,0,NULO,20,13
1958,2,6,0,NULO,24,13
1958,2,7,0,NULO,21,14
1958,2,8,0.1,NULO,22,13
1958,2,9,0,NULO,23.5,9
1958,2,10,0.1,NULO,23,14
1958,2,11,8,NULO,20,14
1958,2,12,5.5,NULO,16,12
1958,2,13,0,NULO,11,6
1958,2,14,0,NULO,19,5
1958,2,15,0,NULO,20,8
1958,2,16,0,NULO,21.5,11.5
1958,2,17,0,NULO,23,12
1958,2,18,0,NULO,25,13
1958,2,19,0,NULO,24.5,11
1958,2,20,0,NULO,24.5,14.6
1958,2,21,0,NULO,24.5,15
1958,2,22,0,NULO,25,15.5
1958,2,23,5,NULO,24,16
1958,2,24,0.1,NULO,26,14
1958,2,25,0,NULO,24,14
1958,2,26,0,NULO,24.5,15
1958,2,27,0,NULO,21,15.5
1958,2,28,0,NULO,21,12
1958,3,1,0,NULO,25,12
1958,3,2,2.5,NULO,21,14
1958,3,3,0.1,NULO,24,13.5
1958,3,4,0,NULO,26,14.5
1958,3,5,0.1,NULO,25,15
1958,3,6,0,NULO,27,17
1958,3,7,0,NULO,28,17
1958,3,8,0,NULO,29,19
1958,3,9,0,NULO,24,20
1958,3,10,0,NULO,27,14
1958,3,11,0.1,NULO,25,15
1958,3,12,1,NULO,20,14
1958,3,13,0,NULO,18.5,13
1958,3,14,0,NULO,20,10
1958,3,15,7.5,NULO,19,10
1958,3,16,0,NULO,23,11
1958,3,17,0,NULO,25,13
1958,3,18,0.1,NULO,22,13.5
1958,3,19,0.1,NULO,18,10.5
1958,3,20,0,NULO,18.5,10
1958,3,21,0,NULO,22,10
1958,3,22,0,NULO,22,10
1958,3,23,0,NULO,22,14
1958,3,24,0.1,NULO,22,15
1958,3,25,0,NULO,25,15
1958,3,26,0,NULO,27,13
1958,3,27,0,NULO,24.5,14
1958,3,28,0,NULO,25,14
1958,3,29,0,NULO,26,16
1958,3,30,0,NULO,27,16
1958,3,31,0,NULO,29,18
1958,4,1,0,NULO,27,18
1958,4,2,0,NULO,26,19
1958,4,3,0,NULO,28,18
1958,4,4,0,NULO,28,18
1958,4,5,0,NULO,26,19
1958,4,6,0,NULO,25,17
1958,4,7,0,NULO,24,16
1958,4,8,0,NULO,26,16
1958,4,9,0,NULO,27,16
1958,4,10,0,NULO,25,17.5
1958,4,11,0,NULO,25,15
1958,4,12,0,NULO,27,16.5
1958,4,13,0,NULO,28,17.5
1958,4,14,0,NULO,27,18
1958,4,15,0,NULO,26,18
1958,4,16,0,NULO,26,15
1958,4,17,0,NULO,25,16.5
1958,4,18,0,NULO,28,17
1958,4,19,0,NULO,27,17
1958,4,20,0.1,NULO,26.5,19
1958,4,21,0,NULO,29,19.5
1958,4,22,0,NULO,27.5,19
1958,4,23,0,NULO,30,21
1958,4,24,0,NULO,30,22
1958,4,25,0,NULO,29.5,22
1958,4,26,0,NULO,29.5,17.5
1958,4,27,0,NULO,30,21.5
1958,4,28,0,NULO,30,22.5
1958,4,29,0,NULO,29,22.5
1958,4,30,0,NULO,30,22.5
1958,5,1,0,NULO,29,22.5
1958,5,2,0,NULO,31,22.5
1958,5,3,2,NULO,30,22
1958,5,4,0,NULO,28,20
1958,5,5,0,NULO,28,20.5
1958,5,6,0,NULO,26,20.5
1958,5,7,0,NULO,26,17
1958,5,8,0,NULO,28,17
1958,5,9,0,NULO,28.5,19
1958,5,10,0,NULO,30,21
1958,5,11,0,NULO,30,22
1958,5,12,0,NULO,30,23
1958,5,13,12.5,NULO,29,22
1958,5,14,43.7,NULO,25,22
1958,5,15,0.1,NULO,27.5,18
1958,5,16,8,NULO,28,18
1958,5,17,0,NULO,30,21
1958,5,18,50,NULO,26,19
1958,5,19,17.5,NULO,26,19
1958,5,20,7.5,NULO,26,16
1958,5,21,0.1,NULO,26,18
1958,5,22,0,NULO,25.5,17
1958,5,23,0,NULO,27,19
1958,5,24,0,NULO,29,19
1958,5,25,0.1,NULO,28,19
1958,5,26,41.5,NULO,28,19
1958,5,27,0,NULO,28,20
1958,5,28,0,NULO,27.5,19
1958,5,29,0,NULO,29,20
1958,5,30,0,NULO,29,20
1958,5,31,0,NULO,30,21
1958,6,1,0,NULO,30,21
1958,6,2,6.5,NULO,28.5,22
1958,6,3,0,NULO,29,21
1958,6,4,19.5,NULO,28,22
1958,6,5,56.5,NULO,27,20
1958,6,6,5,NULO,28,19
1958,6,7,10,NULO,29,18
1958,6,8,0,NULO,30,20
1958,6,9,0,NULO,32,22
1958,6,10,0,NULO,30,22.5
1958,6,11,0,NULO,30,22.5
1958,6,12,0,NULO,30,21
1958,6,13,17.5,NULO,28,21
1958,6,14,10,NULO,31,20
1958,6,15,0,NULO,30,20
1958,6,16,0,NULO,29,23
1958,6,17,27,NULO,28,21
1958,6,18,0.1,NULO,30,20.5
1958,6,19,0,NULO,30.5,21
1958,6,20,0,NULO,30,22
1958,6,21,0,NULO,31,22
1958,6,22,0,NULO,31,23
1958,6,23,0,NULO,31,23
1958,6,24,0,NULO,30,24
1958,6,25,0,NULO,29.5,22
1958,6,26,167,NULO,28,22
1958,6,27,25,NULO,27,19
1958,6,28,25,NULO,26,19
1958,6,29,17.5,NULO,26.5,19.5
1958,6,30,0,NULO,29,19
1958,7,1,13.5,NULO,26,19
1958,7,2,22.5,NULO,28,19
1958,7,3,0,NULO,27.5,19
1958,7,4,0,NULO,28,20
1958,7,5,0,NULO,29,20.5
1958,7,6,14.5,NULO,28,20.5
1958,7,7,38.5,NULO,28,20
1958,7,8,1,NULO,28,20
1958,7,9,56.5,NULO,27,21
1958,7,10,7.5,NULO,28,18
1958,7,11,0.1,NULO,29,19
1958,7,12,0,NULO,28,20
1958,7,13,0.1,NULO,30,20
1958,7,14,53,NULO,28,22
1958,7,15,5,NULO,28,20
1958,7,16,41.2,NULO,27.5,20
1958,7,17,12,NULO,28,19.5
1958,7,18,0.1,NULO,27,20
1958,7,19,0,NULO,27,19
1958,7,20,0,NULO,30,19
1958,7,21,0,NULO,30,19
1958,7,22,0,NULO,30,22.5
1958,7,23,0,NULO,29.5,20
1958,7,24,0,NULO,29,22.5
1958,7,25,0,NULO,29,21
1958,7,26,0,NULO,28.5,21
1958,7,27,8.7,NULO,29,21.4
1958,7,28,0,NULO,30.5,21
1958,7,29,0,NULO,29,21
1958,7,30,4,NULO,29,21
1958,7,31,9,NULO,30,21.5
1958,8,1,13,NULO,30,20
1958,8,2,0,NULO,29,19
1958,8,3,0,NULO,29,21
1958,8,4,0,NULO,29,20
1958,8,5,0,NULO,30,21
1958,8,6,0.1,NULO,30,21
1958,8,7,0,NULO,28,21
1958,8,8,0,NULO,29,21
1958,8,9,0.1,NULO,32,21
1958,8,10,0,NULO,31,22
1958,8,11,4,NULO,30,22
1958,8,12,0,NULO,30,21
1958,8,13,0,NULO,29,20
1958,8,14,0,NULO,30,21
1958,8,15,0,NULO,30,21.5
1958,8,16,0,NULO,31,21.5
1958,8,17,0,NULO,31,22
1958,8,18,0,NULO,31,23.5
1958,8,19,0,NULO,31,24
1958,8,20,0,NULO,30,23
1958,8,21,0,NULO,31,22
1958,8,22,0,NULO,31,22
1958,8,23,0,NULO,32,22
1958,8,24,0,NULO,32.1,22
1958,8,25,0.1,NULO,31,23
1958,8,26,0,NULO,29,22
1958,8,27,0,NULO,29,20
1958,8,28,0,NULO,30,21
1958,8,29,0,NULO,30,22
1958,8,30,0,NULO,30,22
1958,8,31,40.5,NULO,28,22
1958,9,1,17,NULO,28,19
1958,9,2,0,NULO,29,19
1958,9,3,0.1,NULO,28,20
1958,9,4,0,NULO,31,20
1958,9,5,0,NULO,30,20
1958,9,6,0,NULO,30,20
1958,9,7,0,NULO,29.5,21
1958,9,8,21,NULO,29,21.5
1958,9,9,0,NULO,29,21
1958,9,10,0,NULO,28.5,20.5
1958,9,11,103.7,NULO,29,20.5
1958,9,12,11.5,NULO,29,19
1958,9,13,0,NULO,31,19.5
1958,9,14,0,NULO,30,20
1958,9,15,0,NULO,30,22
1958,9,16,1.5,NULO,30,21.5
1958,9,17,6.5,NULO,30,22
1958,9,18,24.5,NULO,31,20
1958,9,19,1,NULO,30,20
1958,9,20,1,NULO,30,20
1958,9,21,0,NULO,30,20.5
1958,9,22,0,NULO,30,20
1958,9,23,22.5,NULO,30,21
1958,9,24,1.5,NULO,30,21
1958,9,25,0.1,NULO,27,20
1958,9,26,0,NULO,28,20
1958,9,27,13.5,NULO,28,20.5
1958,9,28,20,NULO,28,21
1958,9,29,0.1,NULO,28,20.5
1958,9,30,0.1,NULO,30,18
1958,10,1,45,NULO,25,20
1958,10,2,7.5,NULO,26,13
1958,10,3,1,NULO,29,15
1958,10,4,0,NULO,27,17
1958,10,5,0,NULO,30,19
1958,10,6,0,NULO,27,19
1958,10,7,0,NULO,30,19.5
1958,10,8,0,NULO,28,20
1958,10,9,0,NULO,29,22
1958,10,10,9,NULO,30,23
1958,10,11,53.5,NULO,28,20
1958,10,12,40,NULO,28,18
1958,10,13,104,NULO,27,19
1958,10,14,75,NULO,27,18
1958,10,15,5,NULO,27,18.5
1958,10,16,7.5,NULO,25,19
1958,10,17,1,NULO,25,15
1958,10,18,0,NULO,26,16
1958,10,19,0,NULO,24,16
1958,10,20,0,NULO,28,17.5
1958,10,21,0,NULO,28,18
1958,10,22,0,NULO,28,19
1958,10,23,0,NULO,28,19
1958,10,24,0,NULO,26,19
1958,10,25,0,NULO,27,18.5
1958,10,26,0,NULO,28,18.5
1958,10,27,0,NULO,28,18
1958,10,28,20,NULO,23,18
1958,10,29,5.5,NULO,22,13
1958,10,30,0,NULO,29,9
1958,10,31,0,NULO,29.1,10
1958,11,1,0,NULO,25,12
1958,11,2,19,NULO,22,15
1958,11,3,3,NULO,25,13
1958,11,4,15,NULO,25,15
1958,11,5,0,NULO,27,17
1958,11,6,2.5,NULO,25,17
1958,11,7,0,NULO,26,17
1958,11,8,0,NULO,28,16
1958,11,9,0,NULO,26,18
1958,11,10,0,NULO,27,19
1958,11,11,0,NULO,26,18
1958,11,12,0,NULO,26,19.5
1958,11,13,0,NULO,27,17
1958,11,14,0,NULO,27,17
1958,11,15,0,NULO,28,18.5
1958,11,16,0,NULO,29,19
1958,11,17,0,NULO,27.5,20
1958,11,18,27.5,NULO,25,20.5
1958,11,19,2.5,NULO,20,11
1958,11,20,8.5,NULO,21.5,10.5
1958,11,21,2.5,NULO,23,12.5
1958,11,22,0,NULO,23,14
1958,11,23,0,NULO,25,15
1958,11,24,0,NULO,25,16
1958,11,25,0,NULO,25,16.5
1958,11,26,0,NULO,26,17
1958,11,27,0,NULO,26,18
1958,11,28,10,NULO,22,18
1958,11,29,0,NULO,18,9
1958,11,30,0,NULO,20,8
1958,12,1,0,NULO,23,10
1958,12,2,0,NULO,23,12
1958,12,3,0,NULO,22,13
1958,12,4,0,NULO,25,14.5
1958,12,5,0,NULO,26,14.5
1958,12,6,0.1,NULO,22,17
1958,12,7,0,NULO,21.5,12
1958,12,8,0,NULO,23,13
1958,12,9,0,NULO,24.5,14.5
1958,12,10,3.5,NULO,21.5,16
1958,12,11,0,NULO,17,11.5
1958,12,12,0,NULO,21.5,9
1958,12,13,0,NULO,18,10
1958,12,14,20,NULO,13,6
1958,12,15,13.4,NULO,13,4
1958,12,16,0,NULO,18,4.5
1958,12,17,0,NULO,18,3
1958,12,18,0,NULO,21,9.5
1958,12,19,0,NULO,23,10
1958,12,20,0,NULO,23,12
1958,12,21,1,NULO,21.5,14.5
1958,12,22,0,NULO,23,13.5
1958,12,23,0,NULO,24,14
1958,12,24,0.1,NULO,20,14.5
1958,12,25,3.7,NULO,20,11.5
1958,12,26,1.2,NULO,20,10
1958,12,27,0.1,NULO,18,11.5
1958,12,28,0,NULO,21,10.5
1958,12,29,0,NULO,23,10
1958,12,30,10,NULO,19,14
1958,12,31,0.1,NULO,15,6
1959,1,1,7.5,NULO,14,5
1959,1,2,0,NULO,20,5.5
1959,1,3,0.1,NULO,22,6
1959,1,4,6,NULO,17,11
1959,1,5,0,NULO,16,5.5
1959,1,6,8.7,NULO,20,5.5
1959,1,7,2,NULO,24,5.5
1959,1,8,0,NULO,19,12
1959,1,9,0,NULO,16,11
1959,1,10,0,NULO,18,8
1959,1,11,0,NULO,21,8.5
1959,1,12,0,NULO,23,8
1959,1,13,0,NULO,23,11
1959,1,14,0,NULO,23,12.5
1959,1,15,0,NULO,19.5,14.5
1959,1,16,0,NULO,18.5,10.5
1959,1,17,0,NULO,20,9.5
1959,1,18,0,NULO,22,10
1959,1,19,0,NULO,24,10
1959,1,20,0,NULO,24,14
1959,1,21,0,NULO,21,14.5
1959,1,22,0,NULO,18,10
1959,1,23,0,NULO,22,10
1959,1,24,0.1,NULO,21,9.2
1959,1,25,0,NULO,22,12
1959,1,26,0,NULO,24,14
1959,1,27,0.1,NULO,23,14
1959,1,28,4,NULO,24,15
1959,1,29,0,NULO,25.4,15.5
1959,1,30,2.5,NULO,24,15
1959,1,31,4,NULO,25,14
1959,2,1,0,NULO,20,14
1959,2,2,15,NULO,20,11.5
1959,2,3,2,NULO,20,10
1959,2,4,0.1,NULO,18,10
1959,2,5,5,NULO,21,8
1959,2,6,22.5,NULO,21,9
1959,2,7,0,NULO,22,12
1959,2,8,0,NULO,22,12
1959,2,9,0.1,NULO,25,15
1959,2,10,4.5,NULO,23,15
1959,2,11,0.1,NULO,22,15
1959,2,12,0,NULO,23,14.5
1959,2,13,0,NULO,25,14
1959,2,14,7.5,NULO,26,13.5
1959,2,15,4.5,NULO,21,16
1959,2,16,0,NULO,23,14
1959,2,17,0,NULO,25,14
1959,2,18,0,NULO,25,15
1959,2,19,4,NULO,22,15.5
1959,2,20,5.5,NULO,16,12
1959,2,21,0,NULO,22,9
1959,2,22,0,NULO,23,10
1959,2,23,0,NULO,26.4,10
1959,2,24,0.1,NULO,26,16
1959,2,25,5,NULO,24,17
1959,2,26,0,NULO,24,14
1959,2,27,6.5,NULO,24,14
1959,2,28,1.5,NULO,23,14
1959,3,1,0.1,NULO,20,14
1959,3,2,0,NULO,21,12
1959,3,3,5,NULO,22,13
1959,3,4,0,NULO,25,13
1959,3,5,0,NULO,20,15
1959,3,6,0,NULO,20,11
1959,3,7,0,NULO,21,11
1959,3,8,0,NULO,25,12.5
1959,3,9,0,NULO,25,14
1959,3,10,0,NULO,26,15
1959,3,11,2.5,NULO,23,17.5
1959,3,12,0,NULO,21,13.5
1959,3,13,0,NULO,23,12
1959,3,14,0,NULO,26,12.5
1959,3,15,0,NULO,22,15
1959,3,16,2.5,NULO,19,14.5
1959,3,17,4.5,NULO,17,8
1959,3,18,1.5,NULO,19,6
1959,3,19,0,NULO,21,6
1959,3,20,0.1,NULO,24.8,10
1959,3,21,0,NULO,22,13
1959,3,22,0,NULO,20,12
1959,3,23,0,NULO,23,11
1959,3,24,0,NULO,26,11.5
1959,3,25,0,NULO,27,15
1959,3,26,0,NULO,26,17
1959,3,27,0,NULO,26,19
1959,3,28,0.1,NULO,25,18
1959,3,29,0,NULO,25,15
1959,3,30,0,NULO,26,16
1959,3,31,0,NULO,26,16
1959,4,1,0,NULO,25,16
1959,4,2,0,NULO,26,17
1959,4,3,0,NULO,23,17
1959,4,4,0,NULO,26,15
1959,4,5,0,NULO,25,15.5
1959,4,6,0,NULO,27,15.5
1959,4,7,0,NULO,28,18
1959,4,8,5.5,NULO,28,19
1959,4,9,80,NULO,25,19
1959,4,10,2.5,NULO,25,18
1959,4,11,8,NULO,24,17
1959,4,12,16,NULO,19,13
1959,4,13,2,NULO,18,10
1959,4,14,15,NULO,19,8
1959,4,15,2,NULO,23,7
1959,4,16,2.5,NULO,23,10
1959,4,17,0.5,NULO,25,14.5
1959,4,18,0,NULO,28,16
1959,4,19,0,NULO,29,16.5
1959,4,20,14,NULO,28,21
1959,4,21,2,NULO,25,20
1959,4,22,2.5,NULO,22,18
1959,4,23,5,NULO,25,12
1959,4,24,0,NULO,25,13
1959,4,25,0,NULO,27,13.5
1959,4,26,0,NULO,25,17
1959,4,27,0,NULO,26,17.5
1959,4,28,0,NULO,28,17
1959,4,29,0,NULO,27,17
1959,4,30,0,NULO,28,20
1959,5,1,0,NULO,30,20
1959,5,2,0,NULO,30,21
1959,5,3,0,NULO,28,21
1959,5,4,0,NULO,28,20.5
1959,5,5,0,NULO,28,19.5
1959,5,6,0,NULO,27,20.5
1959,5,7,0,NULO,26,20
1959,5,8,0,NULO,27,18
1959,5,9,0,NULO,28,18
1959,5,10,0,NULO,29,19
1959,5,11,0,NULO,30,20
1959,5,12,0,NULO,29,20
1959,5,13,0.1,NULO,27,22
1959,5,14,0,NULO,26,19.5
1959,5,15,0,NULO,27,17
1959,5,16,0,NULO,28,18.5
1959,5,17,11.5,NULO,26,20
1959,5,18,0,NULO,27,19
1959,5,19,0,NULO,30,18.5
1959,5,20,0.1,NULO,29,19.5
1959,5,21,0,NULO,30,21.5
1959,5,22,0,NULO,31,21.5
1959,5,23,3,NULO,27.3,22
1959,5,24,0,NULO,30,20
1959,5,25,0,NULO,29,20
1959,5,26,0,NULO,30,21
1959,5,27,0,NULO,27,20
1959,5,28,0,NULO,29,20
1959,5,29,0,NULO,25,20
1959,5,30,0,NULO,30,21
1959,5,31,0,NULO,30,20
1959,6,1,0,NULO,29,20
1959,6,2,0,NULO,33,21
1959,6,3,0,NULO,30,22.5
1959,6,4,0,NULO,30,21
1959,6,5,37.5,NULO,28.5,22
1959,6,6,15,NULO,29,20.5
1959,6,7,1.5,NULO,28,20
1959,6,8,5,NULO,28,20.5
1959,6,9,2.5,NULO,27.5,21
1959,6,10,18.5,NULO,29,21.5
1959,6,11,1,NULO,30.5,22
1959,6,12,0,NULO,28,22.5
1959,6,13,0,NULO,30,20.5
1959,6,14,0,NULO,28,21
1959,6,15,0,NULO,27,20
1959,6,16,0.1,NULO,28,20.5
1959,6,17,49,NULO,26,20
1959,6,18,78,NULO,27,18.5
1959,6,19,19.5,NULO,27,20
1959,6,20,4,NULO,30,20.5
1959,6,21,0,NULO,28,20
1959,6,22,5,NULO,30,20
1959,6,23,0,NULO,29,20
1959,6,24,0,NULO,30.5,21
1959,6,25,7,NULO,28,22
1959,6,26,0,NULO,29.5,20.5
1959,6,27,0,NULO,30.5,21
1959,6,28,0.1,NULO,29.5,22
1959,6,29,12.5,NULO,28,22
1959,6,30,0,NULO,28,20
1959,7,1,0.1,NULO,27,20
1959,7,2,11.5,NULO,27,20
1959,7,3,28.5,NULO,27,18
1959,7,4,0,NULO,30,19.5
1959,7,5,0,NULO,29,19
1959,7,6,0,NULO,27,21
1959,7,7,4,NULO,29,21
1959,7,8,0,NULO,28,21.5
1959,7,9,0,NULO,27,21
1959,7,10,0,NULO,28.5,20
1959,7,11,0,NULO,28,21.5
1959,7,12,0,NULO,28,22
1959,7,13,5,NULO,28.5,21
1959,7,14,0,NULO,28.5,20.5
1959,7,15,0,NULO,28,21.5
1959,7,16,0,NULO,29,21.5
1959,7,17,0,NULO,29,22
1959,7,18,0,NULO,30,22
1959,7,19,0,NULO,28,22
1959,7,20,0,NULO,29,21
1959,7,21,0.1,NULO,29,22
1959,7,22,0,NULO,28,22
1959,7,23,0,NULO,29.5,21
1959,7,24,0,NULO,28,21
1959,7,25,0,NULO,29.5,21
1959,7,26,0,NULO,29,22
1959,7,27,0,NULO,29.3,22
1959,7,28,0,NULO,28,22
1959,7,29,16,NULO,27,20.4
1959,7,30,17.5,NULO,27.5,19
1959,7,31,60,NULO,27,19.5
1959,8,1,27.5,NULO,27,18
1959,8,2,0.1,NULO,28,19
1959,8,3,0,NULO,29.5,20
1959,8,4,0,NULO,30,19.5
1959,8,5,0,NULO,29.5,20.5
1959,8,6,0,NULO,28,22
1959,8,7,0,NULO,28,21
1959,8,8,0,NULO,30,20
1959,8,9,0,NULO,29,20
1959,8,10,0,NULO,30,21.5
1959,8,11,0,NULO,31.5,22
1959,8,12,0,NULO,28,20
1959,8,13,0,NULO,29.5,21
1959,8,14,0,NULO,28,22
1959,8,15,20,NULO,29,21
1959,8,16,0.1,NULO,28,20
1959,8,17,3.5,NULO,30,21.5
1959,8,18,1,NULO,30,21
1959,8,19,0.1,NULO,28,20
1959,8,20,0,NULO,27,22
1959,8,21,0,NULO,28,21
1959,8,22,0.1,NULO,30,21.5
1959,8,23,0,NULO,28,19
1959,8,24,15,NULO,30,21.5
1959,8,25,0,NULO,30,21
1959,8,26,1,NULO,29,21.5
1959,8,27,9,NULO,28,22
1959,8,28,5,NULO,29,20
1959,8,29,0,NULO,30,19
1959,8,30,0,NULO,29,20
1959,8,31,0,NULO,30,20.5
1959,9,1,0,NULO,30,22
1959,9,2,0,NULO,30,22.5
1959,9,3,0,NULO,28,22.5
1959,9,4,12.5,NULO,28,20
1959,9,5,1,NULO,29,20
1959,9,6,1,NULO,31,20
1959,9,7,0.1,NULO,28,20
1959,9,8,0,NULO,30,22
1959,9,9,0,NULO,30,22
1959,9,10,23.5,NULO,29,22
1959,9,11,20,NULO,28,20
1959,9,12,21.5,NULO,28,17
1959,9,13,0,NULO,26,18
1959,9,14,0,NULO,26,19
1959,9,15,0,NULO,29.5,18
1959,9,16,0,NULO,28,19
1959,9,17,0,NULO,29,19.5
1959,9,18,0,NULO,28,20
1959,9,19,0,NULO,28,19.5
1959,9,20,0,NULO,28,20
1959,9,21,0,NULO,29,20.5
1959,9,22,0,NULO,28.5,21
1959,9,23,0,NULO,29,20
1959,9,24,0,NULO,30,21
1959,9,25,0,NULO,30,22.5
1959,9,26,0,NULO,32,22.5
1959,9,27,0,NULO,31,22
1959,9,28,1.5,NULO,30,22.5
1959,9,29,0,NULO,28,22
1959,9,30,0,NULO,30,21
1959,10,1,0,NULO,29,21
1959,10,2,0,NULO,29.5,21.5
1959,10,3,0,NULO,30.4,22
1959,10,4,0.1,NULO,29,22
1959,10,5,20,NULO,27.5,22
1959,10,6,11,NULO,27.5,20.5
1959,10,7,0,NULO,28,19.5
1959,10,8,0,NULO,29,19
1959,10,9,0,NULO,28,21
1959,10,10,0,NULO,29,19.5
1959,10,11,0.1,NULO,28.5,19.5
1959,10,12,30,NULO,28,21
1959,10,13,9,NULO,30,19.5
1959,10,14,40,NULO,27,20
1959,10,15,1,NULO,27.5,16
1959,10,16,4,NULO,24,15.5
1959,10,17,12.5,NULO,22,15
1959,10,18,0,NULO,24,14
1959,10,19,0,NULO,25,14.1
1959,10,20,0,NULO,26,15.5
1959,10,21,0,NULO,26,16
1959,10,22,25,NULO,28,17
1959,10,23,0,NULO,27,14.1
1959,10,24,47.5,NULO,28,19.5
1959,10,25,1,NULO,26.5,17
1959,10,26,1.5,NULO,26,18
1959,10,27,0.1,NULO,25,19
1959,10,28,7.5,NULO,24.5,18
1959,10,29,0,NULO,25.5,14.1
1959,10,30,0,NULO,28,14.5
1959,10,31,0,NULO,29,18
1959,11,1,10,NULO,27,20
1959,11,2,0,NULO,27,19.5
1959,11,3,0,NULO,27,19
1959,11,4,0,NULO,28,20
1959,11,5,54,NULO,27,20
1959,11,6,0,NULO,14,11
1959,11,7,0,NULO,18,7
1959,11,8,0,NULO,21,7
1959,11,9,0,NULO,21.5,10.5
1959,11,10,0,NULO,21,11
1959,11,11,0,NULO,24,14
1959,11,12,0,NULO,26,14
1959,11,13,0,NULO,26,16
1959,11,14,3.5,NULO,22,15
1959,11,15,0,NULO,19,9
1959,11,16,12.5,NULO,23.5,10
1959,11,17,20,NULO,19.5,13.5
1959,11,18,0,NULO,16.5,5.5
1959,11,19,0,NULO,20,5.5
1959,11,20,0,NULO,22,6
1959,11,21,0,NULO,23,11.5
1959,11,22,0,NULO,24,12.5
1959,11,23,0,NULO,24.5,12.5
1959,11,24,0,NULO,23,13
1959,11,25,0,NULO,23,14
1959,11,26,0,NULO,22.5,14.5
1959,11,27,0,NULO,18.5,15
1959,11,28,0,NULO,22,8.5
1959,11,29,0,NULO,20,8.5
1959,11,30,0,NULO,24,12
1959,12,1,0.1,NULO,25,12
1959,12,2,26,NULO,26,12
1959,12,3,12.5,NULO,23,12
1959,12,4,0,NULO,24,14.5
1959,12,5,2.5,NULO,18,15
1959,12,6,0,NULO,19,10.5
1959,12,7,0,NULO,19,7.3
1959,12,8,0,NULO,23,7.5
1959,12,9,0,NULO,24,10
1959,12,10,0,NULO,24.5,15
1959,12,11,0,NULO,25.5,16
1959,12,12,0,NULO,22.5,16.5
1959,12,13,0,NULO,24,15
1959,12,14,0,NULO,23.5,16.5
1959,12,15,0,NULO,23,15
1959,12,16,0,NULO,20,14
1959,12,17,0,NULO,20.5,12
1959,12,18,0,NULO,20,12.5
1959,12,19,0,NULO,18.5,12.5
1959,12,20,0,NULO,19.5,10.5
1959,12,21,0,NULO,20.5,11
1959,12,22,0,NULO,19.5,12
1959,12,23,0,NULO,23,12.5
1959,12,24,0,NULO,24,12.5
1959,12,25,0,NULO,22,15.5
1959,12,26,0,NULO,24.5,14
1959,12,27,0.1,NULO,20.5,15
1959,12,28,0,NULO,20,12.5
1959,12,29,0,NULO,21,12.5
1959,12,30,0,NULO,22,11
1959,12,31,0,NULO,23,12
1960,1,1,0,NULO,25,12
1960,1,2,0,NULO,22.5,15
1960,1,3,0,NULO,21,15.5
1960,1,4,0,NULO,24,13.5
1960,1,5,0.1,NULO,22,13
1960,1,6,6.5,NULO,20,13.5
1960,1,7,2,NULO,21,10
1960,1,8,7.5,NULO,24,11
1960,1,9,0,NULO,25,13
1960,1,10,0,NULO,24,14.5
1960,1,11,0,NULO,24,14
1960,1,12,0,NULO,25,16.5
1960,1,13,0,NULO,25.5,16
1960,1,14,0,NULO,24.5,15
1960,1,15,0,NULO,25,16.5
1960,1,16,0,NULO,25,16
1960,1,17,0,NULO,21.5,16
1960,1,18,0,NULO,18,15
1960,1,19,0,NULO,17,8
1960,1,20,2.5,NULO,15,8
1960,1,21,4.5,NULO,19,7
1960,1,22,3.5,NULO,20,6
1960,1,23,0.1,NULO,21,9
1960,1,24,0,NULO,22,11
1960,1,25,0,NULO,23,10
1960,1,26,0,NULO,22,12
1960,1,27,0,NULO,22,13.5
1960,1,28,0,NULO,23,14.5
1960,1,29,0,NULO,19,13.5
1960,1,30,0,NULO,21,8
1960,1,31,0,NULO,18,7
1960,2,1,0,NULO,21,8.5
1960,2,2,0,NULO,21,9
1960,2,3,0,NULO,23,9.5
1960,2,4,0,NULO,22,13
1960,2,5,0,NULO,20,13.5
1960,2,6,0,NULO,21.5,12
1960,2,7,0,NULO,22,12
1960,2,8,0,NULO,23,15
1960,2,9,0,NULO,23,15.5
1960,2,10,0,NULO,21,15
1960,2,11,0.1,NULO,21,12
1960,2,12,0,NULO,23.5,13
1960,2,13,0,NULO,15,6
1960,2,14,0,NULO,17,6.5
1960,2,15,0,NULO,22,6.5
1960,2,16,0,NULO,20.5,15
1960,2,17,0,NULO,19.5,12.5
1960,2,18,0,NULO,19.5,10.5
1960,2,19,0,NULO,20,10.5
1960,2,20,0,NULO,20,10
1960,2,21,0,NULO,20,12.5
1960,2,22,2.5,NULO,23,12
1960,2,23,0,NULO,25.5,11
1960,2,24,0.1,NULO,20,13.1
1960,2,25,0.1,NULO,19.5,7
1960,2,26,0,NULO,19,7
1960,2,27,0,NULO,22,8
1960,2,28,0,NULO,24,11
1960,2,29,0,NULO,23,14
1960,3,1,0.1,NULO,20,15.5
1960,3,2,0,NULO,20,12.5
1960,3,3,10,NULO,17,12
1960,3,4,1,NULO,20,9.5
1960,3,5,1,NULO,22,10
1960,3,6,0,NULO,24.5,10
1960,3,7,0,NULO,24,10
1960,3,8,0,NULO,23,10
1960,3,9,0,NULO,23,14.5
1960,3,10,0,NULO,25,15
1960,3,11,7.5,NULO,21,15
1960,3,12,2.5,NULO,22,13
1960,3,13,0,NULO,23,13.5
1960,3,14,0,NULO,24,14
1960,3,15,0,NULO,24.5,15.5
1960,3,16,1.5,NULO,25,16
1960,3,17,11,NULO,26,16.5
1960,3,18,0,NULO,17,7
1960,3,19,0,NULO,19.5,8
1960,3,20,0,NULO,22,8
1960,3,21,0,NULO,23,11
1960,3,22,0,NULO,23,14
1960,3,23,0,NULO,23,14
1960,3,24,0,NULO,22,14
1960,3,25,0,NULO,25,16
1960,3,26,0,NULO,26,15
1960,3,27,0,NULO,25,16
1960,3,28,0,NULO,26,17
1960,3,29,0,NULO,26.6,16.5
1960,3,30,0,NULO,25.5,17.5
1960,3,31,0,NULO,28,18
1960,4,1,0,NULO,27,17
1960,4,2,0,NULO,23.5,17
1960,4,3,0,NULO,21.5,14.5
1960,4,4,0,NULO,22,13
1960,4,5,0,NULO,22,14.5
1960,4,6,0,NULO,23,14.5
1960,4,7,0,NULO,25,13.5
1960,4,8,0,NULO,24.5,14
1960,4,9,0,NULO,26,17
1960,4,10,0,NULO,25,17
1960,4,11,0,NULO,25,17
1960,4,12,0,NULO,25.5,17
1960,4,13,0,NULO,27,17.1
1960,4,14,0,NULO,28,18
1960,4,15,0,NULO,28,18
1960,4,16,0,NULO,27,20
1960,4,17,40,NULO,24,20.5
1960,4,18,0,NULO,24.5,14.5
1960,4,19,0,NULO,25,15
1960,4,20,0,NULO,26,16
1960,4,21,0,NULO,27,18
1960,4,22,0,NULO,27.5,19.5
1960,4,23,0,NULO,27,19.5
1960,4,24,0,NULO,28,20.5
1960,4,25,0,NULO,28,20.5
1960,4,26,0,NULO,29,20.5
1960,4,27,0,NULO,29.5,21
1960,4,28,0,NULO,29.5,21.5
1960,4,29,0,NULO,29.6,22
1960,4,30,0.1,NULO,26,22
1960,5,1,2.5,NULO,27,19
1960,5,2,0,NULO,26,15.5
1960,5,3,0,NULO,27,19
1960,5,4,0,NULO,29.5,18
1960,5,5,0,NULO,30,20.5
1960,5,6,0,NULO,28,22.5
1960,5,7,0,NULO,25,20.5
1960,5,8,0,NULO,25.5,17
1960,5,9,0,NULO,27,16.5
1960,5,10,0,NULO,27,18
1960,5,11,0,NULO,27,20
1960,5,12,0,NULO,27,19
1960,5,13,0,NULO,26,19.5
1960,5,14,0,NULO,26,19
1960,5,15,0,NULO,28,19.5
1960,5,16,0,NULO,29,21
1960,5,17,0,NULO,28,21.5
1960,5,18,0,NULO,30.5,22.5
1960,5,19,0,NULO,31,21.5
1960,5,20,37.5,NULO,28,22.5
1960,5,21,0,NULO,28,21
1960,5,22,0,NULO,30,21
1960,5,23,0,NULO,30,22
1960,5,24,0,NULO,30.5,23
1960,5,25,0,NULO,30.5,23.5
1960,5,26,40,NULO,27,23.5
1960,5,27,0,NULO,28,19
1960,5,28,0,NULO,29.5,19.5
1960,5,29,0,NULO,29,21.5
1960,5,30,0,NULO,33,22
1960,5,31,0,NULO,39,21.5
1960,6,1,0,NULO,27.5,20
1960,6,2,0,NULO,29,20
1960,6,3,0,NULO,29.5,21
1960,6,4,0,NULO,30.5,21
1960,6,5,0,NULO,31,22
1960,6,6,0,NULO,30,22.5
1960,6,7,0,NULO,30,22
1960,6,8,0,NULO,30,22.5
1960,6,9,0,NULO,29,21.5
1960,6,10,0,NULO,29.5,21
1960,6,11,0,NULO,29.5,21
1960,6,12,0,NULO,29.5,21.5
1960,6,13,0,NULO,29,21
1960,6,14,0,NULO,29,22
1960,6,15,0,NULO,29.5,22
1960,6,16,0,NULO,30.5,22.5
1960,6,17,0,NULO,31,22.5
1960,6,18,0,NULO,30.5,23
1960,6,19,0,NULO,30,22
1960,6,20,0,NULO,30.5,22
1960,6,21,0,NULO,29.5,22.5
1960,6,22,0,NULO,30,22.5
1960,6,23,1.2,NULO,31,22
1960,6,24,9.4,NULO,29,23.5
1960,6,25,0,NULO,32,21.5
1960,6,26,10,NULO,29.5,22
1960,6,27,25,NULO,29,21.5
1960,6,28,2.5,NULO,28.5,21
1960,6,29,23.1,NULO,28.5,21.5
1960,6,30,0,NULO,30,21
1960,7,1,0,NULO,29.5,21.5
1960,7,2,0,NULO,30.5,22
1960,7,3,0,NULO,30,22
1960,7,4,0.5,NULO,29,22.5
1960,7,5,7.5,NULO,28,21
1960,7,6,0.1,NULO,27.5,20.5
1960,7,7,4,NULO,27,20
1960,7,8,5,NULO,28.5,20
1960,7,9,0,NULO,29,19.5
1960,7,10,0,NULO,29,20.5
1960,7,11,0,NULO,28,21
1960,7,12,0,NULO,29.5,21
1960,7,13,0,NULO,30,20.5
1960,7,14,0,NULO,29.5,22
1960,7,15,0,NULO,29,22
1960,7,16,82,NULO,28,22.5
1960,7,17,6,NULO,27.5,20
1960,7,18,34,NULO,28,20.5
1960,7,19,10,NULO,27,20.5
1960,7,20,15,NULO,27,20
1960,7,21,42.5,NULO,26.5,19
1960,7,22,0.1,NULO,27,19.5
1960,7,23,0,NULO,30,19.5
1960,7,24,0,NULO,28,21.5
1960,7,25,15,NULO,28,20
1960,7,26,0,NULO,28,21
1960,7,27,0,NULO,31.5,21
1960,7,28,0,NULO,29,21
1960,7,29,0,NULO,29.5,21
1960,7,30,0,NULO,31,22
1960,7,31,0,NULO,30,22.5
1960,8,1,0,NULO,28.5,22.5
1960,8,2,4,NULO,27.5,21.5
1960,8,3,0,NULO,28,21
1960,8,4,0,NULO,29,21
1960,8,5,0,NULO,28,21
1960,8,6,0,NULO,29,21.5
1960,8,7,0,NULO,28,21
1960,8,8,0,NULO,29.5,21
1960,8,9,10,NULO,28,22
1960,8,10,0,NULO,29,22
1960,8,11,0,NULO,29,22
1960,8,12,0,NULO,30,22
1960,8,13,5,NULO,29,22.5
1960,8,14,0.1,NULO,28,20
1960,8,15,93.8,NULO,27.5,21
1960,8,16,25,NULO,27,17.5
1960,8,17,0,NULO,28.5,20
1960,8,18,0,NULO,29.5,21
1960,8,19,0,NULO,30,22
1960,8,20,0,NULO,29.5,23
1960,8,21,5,NULO,31,22
1960,8,22,0,NULO,30,22
1960,8,23,0,NULO,30,22
1960,8,24,0,NULO,30,22.5
1960,8,25,0,NULO,30,22.5
1960,8,26,0,NULO,30.5,22
1960,8,27,0,NULO,30,22.5
1960,8,28,0,NULO,29.5,22.5
1960,8,29,17.5,NULO,28,22
1960,8,30,27.5,NULO,27,21
1960,8,31,0,NULO,29.5,20
1960,9,1,12.5,NULO,27,19
1960,9,2,40,NULO,27,20
1960,9,3,25,NULO,28,20
1960,9,4,10,NULO,28,20
1960,9,5,3,NULO,28,21.5
1960,9,6,0,NULO,27,20.5
1960,9,7,0,NULO,29,19.5
1960,9,8,3,NULO,28,21
1960,9,9,0,NULO,28,20.5
1960,9,10,5.5,NULO,28,20
1960,9,11,0.1,NULO,27,19
1960,9,12,2,NULO,27,19
1960,9,13,0,NULO,25,19
1960,9,14,0,NULO,25,16
1960,9,15,0,NULO,26,17.5
1960,9,16,0,NULO,29,16.5
1960,9,17,0,NULO,28.5,17
1960,9,18,22.5,NULO,27,19
1960,9,19,30,NULO,26,17
1960,9,20,17.5,NULO,27,18
1960,9,21,0,NULO,28,19
1960,9,22,0,NULO,28,19.5
1960,9,23,0,NULO,29.5,21
1960,9,24,0,NULO,26,20
1960,9,25,0,NULO,26,19
1960,9,26,0,NULO,28,18.5
1960,9,27,0,NULO,28,19
1960,9,28,0,NULO,26,19
1960,9,29,0,NULO,26,18.5
1960,9,30,0,NULO,29,18.5
1960,10,1,0,NULO,26,18
1960,10,2,0,NULO,26.3,19
1960,10,3,0,NULO,28,18.5
1960,10,4,0,NULO,29.5,20.5
1960,10,5,0,NULO,29,20.5
1960,10,6,0,NULO,27.5,20
1960,10,7,31.5,NULO,24.5,19.5
1960,10,8,0,NULO,28,17
1960,10,9,0,NULO,29,17
1960,10,10,0.1,NULO,28,20
1960,10,11,7.5,NULO,29,20
1960,10,12,0,NULO,28.5,20
1960,10,13,0,NULO,29.5,20.5
1960,10,14,0,NULO,29.5,21
1960,10,15,0,NULO,31,22
1960,10,16,1.5,NULO,29,22
1960,10,17,0,NULO,29,21
1960,10,18,0,NULO,29.5,21.5
1960,10,19,81.5,NULO,27,22
1960,10,20,30,NULO,27.5,20
1960,10,21,27,NULO,24,14
1960,10,22,0.1,NULO,25,15.5
1960,10,23,0,NULO,26.5,16.5
1960,10,24,0,NULO,26,16.5
1960,10,25,0.1,NULO,27,16
1960,10,26,0.1,NULO,30,20
1960,10,27,0.1,NULO,29,20
1960,10,28,0,NULO,28,20
1960,10,29,0,NULO,30,20.5
1960,10,30,12.5,NULO,28,20.2
1960,10,31,0,NULO,23,16
1960,11,1,0,NULO,30,13
1960,11,2,0,NULO,26,19
1960,11,3,0,NULO,25,15
1960,11,4,0,NULO,25,15.5
1960,11,5,0,NULO,25,17.5
1960,11,6,55,NULO,23,16.5
1960,11,7,0,NULO,24,15.5
1960,11,8,0,NULO,26,15.5
1960,11,9,0,NULO,25,16
1960,11,10,3.7,NULO,21.5,18
1960,11,11,0,NULO,22,12.5
1960,11,12,0,NULO,26,12.5
1960,11,13,0,NULO,26,15
1960,11,14,0,NULO,27,19
1960,11,15,0,NULO,26,19
1960,11,16,0,NULO,26,20
1960,11,17,0,NULO,25,18.5
1960,11,18,1,NULO,25,17
1960,11,19,0.1,NULO,26,17
1960,11,20,0,NULO,27,17.5
1960,11,21,7.5,NULO,25,17
1960,11,22,3,NULO,27,18
1960,11,23,6.5,NULO,25,18
1960,11,24,0,NULO,24,15
1960,11,25,0,NULO,26,16
1960,11,26,0,NULO,26,17
1960,11,27,0,NULO,26,17.5
1960,11,28,12.5,NULO,24,19.5
1960,11,29,2.5,NULO,19.5,16.5
1960,11,30,0,NULO,20,11
1960,12,1,2.5,NULO,20,10
1960,12,2,6.5,NULO,20,11.5
1960,12,3,0,NULO,22,11
1960,12,4,0,NULO,22,13.5
1960,12,5,0,NULO,23,14.5
1960,12,6,0,NULO,25,15
1960,12,7,1.5,NULO,21,16
1960,12,8,5,NULO,18,14
1960,12,9,1,NULO,20,9.5
1960,12,10,1,NULO,21,10
1960,12,11,5,NULO,19.5,12.5
1960,12,12,6.5,NULO,15,7.5
1960,12,13,1,NULO,20,8
1960,12,14,0.1,NULO,19,8
1960,12,15,1.5,NULO,20,7
1960,12,16,7.5,NULO,20,8
1960,12,17,0.5,NULO,21,12
1960,12,18,0,NULO,23,10.5
1960,12,19,0,NULO,22.2,9
1960,12,20,0.5,NULO,19.5,14.5
1960,12,21,0,NULO,16,12.5
1960,12,22,0,NULO,19,9
1960,12,23,0,NULO,20.5,9.8
1960,12,24,4,NULO,20.5,11.5
1960,12,25,0,NULO,21,12
1960,12,26,0,NULO,22,12
1960,12,27,0,NULO,23,14.5
1960,12,28,0,NULO,24,14.5
1960,12,29,0,NULO,22,16
1960,12,30,0.1,NULO,21,14.5
1960,12,31,1.5,NULO,21.5,9.5
1961,1,1,0,NULO,21,12
1961,1,2,2.5,NULO,22,14
1961,1,3,17.5,NULO,17.5,14
1961,1,4,5,NULO,19.5,10
1961,1,5,0.01,NULO,21,10
1961,1,6,0,NULO,21,12.5
1961,1,7,4,NULO,19.5,13
1961,1,8,0.01,NULO,15,9
1961,1,9,0,NULO,15,8
1961,1,10,0,NULO,19,8
1961,1,11,4,NULO,19.5,8.5
1961,1,12,0.01,NULO,17.5,8
1961,1,13,0,NULO,20,10
1961,1,14,0.01,NULO,21.5,10
1961,1,15,2.5,NULO,21,13
1961,1,16,2.5,NULO,21,14
1961,1,17,0.2,NULO,21.8,8
1961,1,18,0,NULO,20.5,9.5
1961,1,19,4,NULO,16,7.5
1961,1,20,15,NULO,14.5,8
1961,1,21,4,NULO,15,7.5
1961,1,22,0,NULO,20,6
1961,1,23,0.01,NULO,22,11
1961,1,24,0,NULO,23.5,14
1961,1,25,1,NULO,19.5,15
1961,1,26,0.01,NULO,19,10.5
1961,1,27,2.5,NULO,20,11
1961,1,28,2.5,NULO,15.5,11
1961,1,29,5,NULO,18,8.5
1961,1,30,0.01,NULO,21.5,8
1961,1,31,0,NULO,22.5,10
1961,2,1,0,NULO,21,11
1961,2,2,17,NULO,19,14
1961,2,3,0,NULO,20,11.5
1961,2,4,0,NULO,21.5,12
1961,2,5,0,NULO,20,12.5
1961,2,6,4.5,NULO,15.5,12
1961,2,7,0,NULO,16,8
1961,2,8,2.5,NULO,19,8.4
1961,2,9,0,NULO,21.5,9.5
1961,2,10,0,NULO,20.5,11
1961,2,11,0,NULO,20,12.5
1961,2,12,0,NULO,20.5,12.5
1961,2,13,0,NULO,19.6,13.5
1961,2,14,0,NULO,22,12
1961,2,15,0,NULO,22.5,16
1961,2,16,0,NULO,23,15.5
1961,2,17,0,NULO,24,10.5
1961,2,18,0,NULO,24.5,15.5
1961,2,19,0,NULO,26,16
1961,2,20,0,NULO,21.5,17.5
1961,2,21,4,NULO,19,12.5
1961,2,22,0,NULO,21,10
1961,2,23,0,NULO,22,11
1961,2,24,0,NULO,18,14
1961,2,25,0,NULO,18,11
1961,2,26,0,NULO,20.5,10
1961,2,27,0,NULO,22.5,10
1961,2,28,0,NULO,25,13.5
1961,3,1,11,NULO,20,15
1961,3,2,0,NULO,23,12
1961,3,3,0,NULO,24,13
1961,3,4,0,NULO,26,16.5
1961,3,5,0,NULO,25,16
1961,3,6,0,NULO,26,13.5
1961,3,7,0,NULO,26.5,18
1961,3,8,0,NULO,22.5,19
1961,3,9,0,NULO,20.5,13
1961,3,10,0,NULO,21.5,12
1961,3,11,0,NULO,24.5,12.5
1961,3,12,0,NULO,25,14
1961,3,13,0,NULO,24.5,14.5
1961,3,14,0,NULO,24.5,17.5
1961,3,15,0,NULO,26,17
1961,3,16,0,NULO,26,17.5
1961,3,17,0,NULO,23,18.5
1961,3,18,0,NULO,33,15.5
1961,3,19,0,NULO,28,17
1961,3,20,0,NULO,23,17.5
1961,3,21,0,NULO,23,15
1961,3,22,0,NULO,25,15
1961,3,23,0,NULO,24,15.5
1961,3,24,0,NULO,25,16
1961,3,25,0,NULO,25.5,16
1961,3,26,0,NULO,26,16.5
1961,3,27,0,NULO,25.5,18
1961,3,28,0,NULO,27,18.5
1961,3,29,0,NULO,28,18
1961,3,30,0,NULO,27,19
1961,3,31,0,NULO,25.3,19
1961,4,1,0,NULO,22,17
1961,4,2,0,NULO,24,14.5
1961,4,3,0,NULO,24.5,15
1961,4,4,0,NULO,24.5,15.5
1961,4,5,0,NULO,26,17
1961,4,6,0,NULO,24.5,17.5
1961,4,7,0,NULO,24.5,17
1961,4,8,0,NULO,26,17
1961,4,9,0,NULO,24,16
1961,4,10,0,NULO,24.5,12
1961,4,11,0,NULO,28,17
1961,4,12,0,NULO,23,17
1961,4,13,0,NULO,25,14.5
1961,4,14,0,NULO,26,14
1961,4,15,0,NULO,24,15
1961,4,16,0,NULO,23.5,14
1961,4,17,0,NULO,24.5,14.5
1961,4,18,0,NULO,25,16.5
1961,4,19,0,NULO,28,16.5
1961,4,20,0,NULO,28,18
1961,4,21,0,NULO,27.5,20
1961,4,22,0,NULO,27,19.5
1961,4,23,0,NULO,26.5,19
1961,4,24,0,NULO,29,19.5
1961,4,25,0,NULO,29.5,19
1961,4,26,0,NULO,29,22
1961,4,27,0,NULO,30,22
1961,4,28,0,NULO,29,21.5
1961,4,29,0,NULO,28,22
1961,4,30,0,NULO,29,21
1961,5,1,0,NULO,28,21.5
1961,5,2,0,NULO,29,21.5
1961,5,3,0,NULO,30.5,21.5
1961,5,4,0,NULO,31,22
1961,5,5,0,NULO,30.5,23
1961,5,6,0,NULO,31,22.5
1961,5,7,0,NULO,29.5,22
1961,5,8,0,NULO,30.5,22
1961,5,9,7.5,NULO,26,23
1961,5,10,0,NULO,24,17
1961,5,11,0,NULO,26.5,16.5
1961,5,12,0,NULO,27,17
1961,5,13,0,NULO,30,19.5
1961,5,14,0,NULO,30,20.5
1961,5,15,0,NULO,30.5,21.2
1961,5,16,0,NULO,30,23
1961,5,17,0,NULO,29.5,23
1961,5,18,0,NULO,26,22.5
1961,5,19,0,NULO,28,20.5
1961,5,20,0,NULO,29,21
1961,5,21,0,NULO,29.5,21
1961,5,22,0,NULO,30,22
1961,5,23,0,NULO,32,22.5
1961,5,24,0,NULO,29,21.5
1961,5,25,0,NULO,31,21
1961,5,26,0,NULO,29.5,22.5
1961,5,27,0,NULO,29,22.5
1961,5,28,0,NULO,29.5,21
1961,5,29,0,NULO,27.5,22
1961,5,30,0,NULO,30,20
1961,5,31,0,NULO,29.5,20
1961,6,1,0,NULO,29.5,20.5
1961,6,2,0,NULO,30,20
1961,6,3,0,NULO,31,22
1961,6,4,0,NULO,30.5,22.5
1961,6,5,0,NULO,30.5,23
1961,6,6,0,NULO,30.5,23
1961,6,7,0,NULO,30.5,22.5
1961,6,8,0,NULO,31,23
1961,6,9,0,NULO,32,23
1961,6,10,75,NULO,29,23
1961,6,11,45,NULO,28,21
1961,6,12,7.5,NULO,29,20
1961,6,13,22.5,NULO,29,20
1961,6,14,75,NULO,28,21
1961,6,15,66,NULO,29,21
1961,6,16,26.6,NULO,29,21
1961,6,17,0,NULO,30,21.5
1961,6,18,12.5,NULO,27,21.5
1961,6,19,47.5,NULO,28,20.5
1961,6,20,0,NULO,27,19
1961,6,21,0,NULO,28.5,19.5
1961,6,22,0,NULO,28,21
1961,6,23,0,NULO,27,20.5
1961,6,24,0,NULO,29,20
1961,6,25,0,NULO,29,20
1961,6,26,0,NULO,29,21.5
1961,6,27,0,NULO,29,22
1961,6,28,45,NULO,28,20
1961,6,29,7.5,NULO,28,20
1961,6,30,22.5,NULO,26,19.5
1961,7,1,22.5,NULO,28,18
1961,7,2,7.5,NULO,28,18.2
1961,7,3,47.5,NULO,28,20
1961,7,4,0.5,NULO,28,19
1961,7,5,18.5,NULO,29,19.5
1961,7,6,17.5,NULO,27,20.5
1961,7,7,4,NULO,27,19.5
1961,7,8,2.5,NULO,28,19
1961,7,9,0,NULO,28.5,19
1961,7,10,0,NULO,28.5,20
1961,7,11,0,NULO,28,21
1961,7,12,0,NULO,27.5,20.5
1961,7,13,9.5,NULO,28,20.5
1961,7,14,0,NULO,27,21
1961,7,15,0,NULO,29.5,19.5
1961,7,16,0,NULO,29.5,19
1961,7,17,0,NULO,29,20
1961,7,18,0,NULO,29.5,21
1961,7,19,0,NULO,28.5,21.5
1961,7,20,0,NULO,28,19.5
1961,7,21,0,NULO,30,20.5
1961,7,22,0,NULO,30,21
1961,7,23,7.5,NULO,31,21.5
1961,7,24,17.5,NULO,29,21
1961,7,25,27.5,NULO,27,20
1961,7,26,6.5,NULO,29,19.5
1961,7,27,0,NULO,27.5,20
1961,7,28,17.5,NULO,29,19.5
1961,7,29,0.5,NULO,29,19
1961,7,30,35,NULO,27,19
1961,7,31,6,NULO,29,19
1961,8,1,15,NULO,23,12
1961,8,2,18.5,NULO,27,15
1961,8,3,7.5,NULO,26.5,18.5
1961,8,4,0,NULO,27.5,19
1961,8,5,0,NULO,29.5,19
1961,8,6,0,NULO,29.5,19
1961,8,7,0.01,NULO,30,19
1961,8,8,0,NULO,29.5,19
1961,8,9,4,NULO,29.5,21
1961,8,10,7,NULO,28,21.5
1961,8,11,0.01,NULO,27,20.5
1961,8,12,0,NULO,28,20
1961,8,13,10,NULO,29,20
1961,8,14,0,NULO,29,20
1961,8,15,0,NULO,27,20
1961,8,16,0,NULO,28,19.5
1961,8,17,0,NULO,28,20
1961,8,18,0,NULO,26,20.5
1961,8,19,0,NULO,28,21
1961,8,20,27.5,NULO,27,20.5
1961,8,21,15,NULO,26.5,19.5
1961,8,22,0,NULO,27,19
1961,8,23,0,NULO,27,18.5
1961,8,24,0,NULO,27.5,18
1961,8,25,0,NULO,29,19
1961,8,26,0,NULO,28.5,20
1961,8,27,0,NULO,28,21
1961,8,28,0,NULO,34,21
1961,8,29,0,NULO,29,22
1961,8,30,0,NULO,28,22
1961,8,31,0,NULO,30.3,21.1
1961,9,1,0,NULO,30,21.5
1961,9,2,0,NULO,31,22
1961,9,3,0,NULO,28,19
1961,9,4,0,NULO,27,20
1961,9,5,0,NULO,28,19
1961,9,6,0,NULO,28,20
1961,9,7,0,NULO,29,20
1961,9,8,7.5,NULO,28,20.5
1961,9,9,0,NULO,30.5,20
1961,9,10,0,NULO,30,20
1961,9,11,0,NULO,32,22
1961,9,12,0,NULO,30.5,23.5
1961,9,13,0.01,NULO,29.5,23
1961,9,14,80,NULO,26,21.5
1961,9,15,17.5,NULO,24,17
1961,9,16,1.2,NULO,27,16.5
1961,9,17,30,NULO,26,16
1961,9,18,2.5,NULO,25.5,17
1961,9,19,0,NULO,27,17
1961,9,20,0,NULO,27.5,17.5
1961,9,21,0,NULO,29,22
1961,9,22,0,NULO,29,17.5
1961,9,23,12.5,NULO,29,21.5
1961,9,24,0.01,NULO,29.5,20
1961,9,25,20,NULO,27,20
1961,9,26,2.5,NULO,28,19
1961,9,27,0,NULO,26,19.5
1961,9,28,0,NULO,27,19
1961,9,29,0,NULO,27,19.5
1961,9,30,0,NULO,27,19
1961,10,1,0,NULO,27,19
1961,10,2,2.5,NULO,24.5,19
1961,10,3,5.5,NULO,21.5,17
1961,10,4,0,NULO,21.5,14
1961,10,5,0,NULO,25,14.5
1961,10,6,0,NULO,26,19.5
1961,10,7,0,NULO,27.5,15.5
1961,10,8,0,NULO,28.5,16.5
1961,10,9,0,NULO,28,21.5
1961,10,10,0,NULO,28,21.5
1961,10,11,0,NULO,27,21
1961,10,12,0,NULO,27,20
1961,10,13,55,NULO,25.5,19.5
1961,10,14,32.5,NULO,25,18
1961,10,15,0,NULO,21,15
1961,10,16,0,NULO,21.5,8
1961,10,17,0,NULO,22,13
1961,10,18,0,NULO,24.5,14.5
1961,10,19,0,NULO,25,15
1961,10,20,0,NULO,25,15
1961,10,21,0,NULO,26,16.5
1961,10,22,0,NULO,25,17
1961,10,23,0,NULO,26,17.5
1961,10,24,0,NULO,26.5,17.5
1961,10,25,0,NULO,26,19
1961,10,26,0,NULO,24,18
1961,10,27,0,NULO,24.5,16.5
1961,10,28,0,NULO,29,16.5
1961,10,29,0,NULO,33.5,18
1961,10,30,0,NULO,27,17.5
1961,10,31,0,NULO,28.2,17
1961,11,1,0,NULO,28,17
1961,11,2,0,NULO,27,19
1961,11,3,6.5,NULO,23,19.5
1961,11,4,2,NULO,25,14.5
1961,11,5,35,NULO,29,15
1961,11,6,57.5,NULO,18,11.5
1961,11,7,12.5,NULO,18,8
1961,11,8,0,NULO,20.5,7.5
1961,11,9,0,NULO,21.5,8
1961,11,10,0,NULO,24.5,12
1961,11,11,0,NULO,25,14.5
1961,11,12,0,NULO,26,14.5
1961,11,13,1,NULO,26,14.5
1961,11,14,5,NULO,24.5,15
1961,11,15,3.7,NULO,21.5,11.5
1961,11,16,17.5,NULO,21,8
1961,11,17,0,NULO,22.5,9.5
1961,11,18,0,NULO,24.5,9.5
1961,11,19,0,NULO,26,15
1961,11,20,0,NULO,25,17.5
1961,11,21,0,NULO,25,17
1961,11,22,0,NULO,24,17
1961,11,23,0,NULO,22,16.5
1961,11,24,0,NULO,24.5,14
1961,11,25,0,NULO,24.5,14.5
1961,11,26,0,NULO,21,15
1961,11,27,0,NULO,21,13
1961,11,28,0,NULO,21.5,14
1961,11,29,0,NULO,23,14.5
1961,11,30,0,NULO,21,13
1961,12,1,0,NULO,23,13
1961,12,2,0,NULO,26,15
1961,12,3,0,NULO,25,15
1961,12,4,0,NULO,24,15
1961,12,5,0,NULO,24.5,16
1961,12,6,0,NULO,24,16.5
1961,12,7,0,NULO,24.5,17
1961,12,8,0,NULO,25,16.5
1961,12,9,0,NULO,24,17
1961,12,10,0,NULO,26,16.5
1961,12,11,0,NULO,25,17
1961,12,12,0,NULO,21.5,17
1961,12,13,1,NULO,21.5,8
1961,12,14,0,NULO,24,12
1961,12,15,2,NULO,24.5,14.5
1961,12,16,0,NULO,24.5,16.5
1961,12,17,0,NULO,25,17
1961,12,18,0,NULO,25,17
1961,12,19,0,NULO,25,15
1961,12,20,0,NULO,22.5,15
1961,12,21,0,NULO,22,14.5
1961,12,22,6.5,NULO,22.5,14.5
1961,12,23,0,NULO,19,9.5
1961,12,24,0,NULO,20,11
1961,12,25,0,NULO,20.5,10
1961,12,26,0,NULO,22,10.5
1961,12,27,0,NULO,18,12.5
1961,12,28,0,NULO,19.5,10.5
1961,12,29,0,NULO,19,11
1961,12,30,0,NULO,22,10.5
1961,12,31,0,NULO,20.8,14
1962,1,1,0,NULO,19,11
1962,1,2,0,NULO,20,8
1962,1,3,0,NULO,21,9.5
1962,1,4,0,NULO,21.5,11.5
1962,1,5,0,NULO,18,13
1962,1,6,0,NULO,17,9.5
1962,1,7,0,NULO,20,6.5
1962,1,8,0,NULO,21,11
1962,1,9,0,NULO,18,13.5
1962,1,10,3.5,NULO,12,5
1962,1,11,0,NULO,8,-1
1962,1,12,0,NULO,15,-1
1962,1,13,0,NULO,19,-1
1962,1,14,0,NULO,22,6
1962,1,15,0,NULO,20,6
1962,1,16,0,NULO,23,11
1962,1,17,0,NULO,22.5,12
1962,1,18,0,NULO,23,12.5
1962,1,19,0,NULO,23,15.5
1962,1,20,0,NULO,24.5,15
1962,1,21,0,NULO,26,15.5
1962,1,22,0,NULO,25,16
1962,1,23,0,NULO,22,17
1962,1,24,0,NULO,24,14.5
1962,1,25,0,NULO,24,14
1962,1,26,0,NULO,22.5,14
1962,1,27,0,NULO,19.5,15.5
1962,1,28,0,NULO,18,12.5
1962,1,29,0,NULO,18,9.1
1962,1,30,0,NULO,20.1,10
1962,1,31,0,NULO,21,10
1962,2,1,0,NULO,22.2,10
1962,2,2,0,NULO,24,14
1962,2,3,0,NULO,24,14.4
1962,2,4,0,NULO,24,14
1962,2,5,2,NULO,25,16
1962,2,6,21.5,NULO,22,16.5
1962,2,7,0,NULO,22.5,14
1962,2,8,0,NULO,24,14
1962,2,9,0,NULO,24.5,14
1962,2,10,0,NULO,27,14.5
1962,2,11,0,NULO,25,17
1962,2,12,0,NULO,23,16.5
1962,2,13,0,NULO,23.5,15
1962,2,14,0,NULO,24,16.5
1962,2,15,0,NULO,25,15
1962,2,16,0,NULO,24.5,17
1962,2,17,0,NULO,24.5,17.5
1962,2,18,0,NULO,25,17
1962,2,19,0,NULO,26,17
1962,2,20,0,NULO,25.5,17.5
1962,2,21,0,NULO,26,17.5
1962,2,22,0,NULO,25,18.5
1962,2,23,0,NULO,25,17.5
1962,2,24,0,NULO,26,17.5
1962,2,25,0,NULO,26.5,17
1962,2,26,0,NULO,27,17.5
1962,2,27,0,NULO,28,19.5
1962,2,28,7.5,NULO,24.5,16
1962,3,1,0,NULO,19.5,10
1962,3,2,0,NULO,21,9
1962,3,3,0,NULO,23.5,12
1962,3,4,20,NULO,25,14.5
1962,3,5,0,NULO,23.5,15
1962,3,6,0,NULO,21,16
1962,3,7,0,NULO,23,14.5
1962,3,8,0,NULO,25,14
1962,3,9,0,NULO,26,16
1962,3,10,0,NULO,29,17
1962,3,11,0,NULO,29,19
1962,3,12,0,NULO,25.5,19
1962,3,13,0,NULO,27,17
1962,3,14,0,NULO,23,17.5
1962,3,15,7.5,NULO,17,12
1962,3,16,2,NULO,19,9.5
1962,3,17,2.5,NULO,22,9.5
1962,3,18,1,NULO,24,12
1962,3,19,0,NULO,24.5,14.5
1962,3,20,0,NULO,26.5,17
1962,3,21,0,NULO,27,17
1962,3,22,0,NULO,26,17.5
1962,3,23,0,NULO,24.5,19
1962,3,24,0,NULO,25,16
1962,3,25,0,NULO,22,16.5
1962,3,26,0,NULO,23,14.5
1962,3,27,0,NULO,23,14.5
1962,3,28,0,NULO,26,14.5
1962,3,29,0,NULO,26,15
1962,3,30,0,NULO,28,15
1962,3,31,0,NULO,25,19.5
1962,4,1,0,NULO,23,14
1962,4,2,0,NULO,22,14.5
1962,4,3,2.5,NULO,24,14.5
1962,4,4,0,NULO,24.5,15
1962,4,5,0,NULO,27,16.5
1962,4,6,2,NULO,23,17
1962,4,7,0,NULO,21,14.5
1962,4,8,0,NULO,24.5,13.5
1962,4,9,0,NULO,27,14
1962,4,10,0,NULO,27.5,16
1962,4,11,0,NULO,27,14.5
1962,4,12,107.5,NULO,25,20
1962,4,13,2.5,NULO,22.5,17
1962,4,14,2.5,NULO,22.5,15
1962,4,15,8.5,NULO,24,15.5
1962,4,16,20,NULO,24,16
1962,4,17,0,NULO,25,16.5
1962,4,18,0,NULO,24.5,17
1962,4,19,0,NULO,23,16.5
1962,4,20,0,NULO,24,15.5
1962,4,21,0,NULO,27,19
1962,4,22,2.5,NULO,25,20
1962,4,23,0,NULO,25.5,17
1962,4,24,0,NULO,26,17
1962,4,25,0,NULO,28,18
1962,4,26,0,NULO,30,19
1962,4,27,0,NULO,28,20
1962,4,28,0,NULO,28,21
1962,4,29,0,NULO,29,21
1962,4,30,0,NULO,29,20
1962,5,1,17.5,NULO,26,20
1962,5,2,1.5,NULO,25.5,17.5
1962,5,3,3,NULO,27,17.5
1962,5,4,0,NULO,26.5,18
1962,5,5,0,NULO,27,18.5
1962,5,6,0,NULO,27,19
1962,5,7,0,NULO,26.2,17.5
1962,5,8,0,NULO,26.5,18
1962,5,9,0,NULO,26.5,19.5
1962,5,10,0,NULO,26,19.5
1962,5,11,0,NULO,27,18
1962,5,12,0,NULO,29,19.5
1962,5,13,0,NULO,28.5,20
1962,5,14,0,NULO,28,19.5
1962,5,15,0,NULO,28,21
1962,5,16,0,NULO,27,20.5
1962,5,17,5,NULO,27.5,19
1962,5,18,0,NULO,26,19
1962,5,19,0,NULO,28,18.5
1962,5,20,0,NULO,27,19
1962,5,21,0,NULO,28,19.5
1962,5,22,0,NULO,29,20.5
1962,5,23,0,NULO,30,20.5
1962,5,24,0,NULO,31,22
1962,5,25,0,NULO,30,23
1962,5,26,0,NULO,31.5,22.5
1962,5,27,0,NULO,30.5,23
1962,5,28,0,NULO,30.5,23
1962,5,29,0,NULO,30.5,23.5
1962,5,30,0,NULO,31.5,24
1962,5,31,0,NULO,31,24.5
1962,6,1,0,NULO,31,24
1962,6,2,17.5,NULO,29,25
1962,6,3,0,NULO,31,19
1962,6,4,0,NULO,31,21
1962,6,5,0,NULO,30.5,21
1962,6,6,0,NULO,30,23
1962,6,7,0,NULO,30.5,23
1962,6,8,0,NULO,32,24
1962,6,9,0,NULO,31,23
1962,6,10,0,NULO,29.5,22.5
1962,6,11,0,NULO,29,22
1962,6,12,0,NULO,30,21
1962,6,13,0,NULO,29.5,21.5
1962,6,14,0,NULO,29.5,22
1962,6,15,0,NULO,29.5,22
1962,6,16,0,NULO,31,22.5
1962,6,17,0,NULO,31,23
1962,6,18,0,NULO,30,24
1962,6,19,0,NULO,30.5,22.5
1962,6,20,0,NULO,30,24
1962,6,21,0,NULO,30.5,22
1962,6,22,27.5,NULO,28,22.5
1962,6,23,28.7,NULO,27.5,21.5
1962,6,24,30,NULO,27.5,20
1962,6,25,12.5,NULO,27,19.5
1962,6,26,13.5,NULO,27,19.5
1962,6,27,0,NULO,28.5,19
1962,6,28,0,NULO,27.5,19
1962,6,29,5,NULO,28,19
1962,6,30,0,NULO,29,20
1962,7,1,2.5,NULO,28,20.5
1962,7,2,15,NULO,27,20
1962,7,3,2.5,NULO,26,19.5
1962,7,4,0,NULO,27.5,19.5
1962,7,5,0,NULO,29,19.5
1962,7,6,0,NULO,28.5,20.5
1962,7,7,17.5,NULO,27.5,20
1962,7,8,0,NULO,28,20.5
1962,7,9,2.5,NULO,29.5,21
1962,7,10,0,NULO,29,21.5
1962,7,11,0,NULO,29,22.5
1962,7,12,0,NULO,28.5,21.5
1962,7,13,0,NULO,30,21
1962,7,14,0,NULO,31,21
1962,7,15,0,NULO,28,22
1962,7,16,7.5,NULO,28.5,21.5
1962,7,17,5,NULO,27.5,21.5
1962,7,18,0,NULO,27.5,20
1962,7,19,2.5,NULO,28,20
1962,7,20,0,NULO,28,20
1962,7,21,38,NULO,29.5,20
1962,7,22,0,NULO,28,20.5
1962,7,23,0,NULO,29,21
1962,7,24,0,NULO,29.5,21
1962,7,25,0,NULO,29,21.5
1962,7,26,0,NULO,29,22
1962,7,27,0,NULO,28.5,21.5
1962,7,28,0,NULO,29,21.4
1962,7,29,0,NULO,28.5,21
1962,7,30,0,NULO,29,21.5
1962,7,31,0,NULO,29.2,22
1962,8,1,0,NULO,29.5,22
1962,8,2,0,NULO,28.8,22
1962,8,3,0,NULO,30,21.5
1962,8,4,0,NULO,30.5,22
1962,8,5,0,NULO,30,23
1962,8,6,0,NULO,31,22.5
1962,8,7,0,NULO,31,21.5
1962,8,8,0,NULO,29.5,23
1962,8,9,0,NULO,29,22.5
1962,8,10,0,NULO,29.5,22
1962,8,11,40,NULO,28,21.5
1962,8,12,0,NULO,28.5,21
1962,8,13,0,NULO,29,21
1962,8,14,0,NULO,29.5,21.5
1962,8,15,0,NULO,30,21.5
1962,8,16,0,NULO,29.5,22
1962,8,17,0,NULO,29.5,22
1962,8,18,0,NULO,29.5,21.5
1962,8,19,0,NULO,29,23.5
1962,8,20,0,NULO,30,23.5
1962,8,21,0,NULO,28.5,22.5
1962,8,22,0,NULO,30,21.5
1962,8,23,0,NULO,30.5,22
1962,8,24,0,NULO,29.5,22.5
1962,8,25,0,NULO,29.5,22.5
1962,8,26,7.5,NULO,28.5,22
1962,8,27,0,NULO,30,21.5
1962,8,28,0,NULO,30,21.5
1962,8,29,0,NULO,31,23.5
1962,8,30,15,NULO,30.5,23
1962,8,31,0,NULO,30,23
1962,9,1,15,NULO,28.5,21.5
1962,9,2,12.5,NULO,28.5,20.5
1962,9,3,22.5,NULO,28.5,21
1962,9,4,3,NULO,28.5,21
1962,9,5,15,NULO,28,21
1962,9,6,0,NULO,29,20.5
1962,9,7,0,NULO,31,21.5
1962,9,8,0,NULO,30.5,22
1962,9,9,0,NULO,30.5,24
1962,9,10,23.5,NULO,28,24
1962,9,11,1.5,NULO,28,19
1962,9,12,5,NULO,28,20.5
1962,9,13,0,NULO,28,21
1962,9,14,0,NULO,29.5,21
1962,9,15,0,NULO,29,22
1962,9,16,0,NULO,30,21.5
1962,9,17,2.5,NULO,29.5,21.5
1962,9,18,6.5,NULO,27.5,21.5
1962,9,19,2.5,NULO,27,20.5
1962,9,20,1,NULO,27,20
1962,9,21,45,NULO,27,20
1962,9,22,52.5,NULO,27,19
1962,9,23,7.5,NULO,27,19
1962,9,24,0,NULO,28.5,17.5
1962,9,25,0,NULO,28,20
1962,9,26,0,NULO,29,21.5
1962,9,27,0,NULO,29,21.5
1962,9,28,0,NULO,28,22
1962,9,29,0,NULO,30,21
1962,9,30,0,NULO,30,20
1962,10,1,0,NULO,28.5,21.5
1962,10,2,80,NULO,27.5,21.5
1962,10,3,4,NULO,28,19.5
1962,10,4,0,NULO,27.5,20
1962,10,5,0,NULO,27.5,20
1962,10,6,0,NULO,29,20.5
1962,10,7,0,NULO,31,21
1962,10,8,0,NULO,29.5,21
1962,10,9,0,NULO,30,21
1962,10,10,0,NULO,29.5,23
1962,10,11,0,NULO,29,21.5
1962,10,12,0,NULO,28.5,21.5
1962,10,13,0,NULO,27.5,21
1962,10,14,0,NULO,29.5,20.5
1962,10,15,0,NULO,29.5,21.5
1962,10,16,5,NULO,28,21.5
1962,10,17,0.7,NULO,27.5,21
1962,10,18,0,NULO,27,19.5
1962,10,19,0,NULO,28,20
1962,10,20,0,NULO,29,20.5
1962,10,21,0,NULO,27,21.5
1962,10,22,0,NULO,26,19.5
1962,10,23,0,NULO,26,19
1962,10,24,0,NULO,25.5,18.4
1962,10,25,1,NULO,25,18
1962,10,26,0,NULO,26,17.5
1962,10,27,0,NULO,26,18
1962,10,28,0,NULO,28,18.5
1962,10,29,10,NULO,25.5,19
1962,10,30,0,NULO,23.5,18.5
1962,10,31,0,NULO,26.3,16
1962,11,1,0,NULO,24,14.5
1962,11,2,0,NULO,26,15.5
1962,11,3,0,NULO,25,17
1962,11,4,0,NULO,24.5,17
1962,11,5,0,NULO,26,17
1962,11,6,0,NULO,27,18
1962,11,7,5,NULO,25.5,18.5
1962,11,8,0.01,NULO,22.5,18
1962,11,9,0,NULO,22,15.5
1962,11,10,0,NULO,23,14.5
1962,11,11,0,NULO,23,15
1962,11,12,0,NULO,23,15.5
1962,11,13,0,NULO,21,15.5
1962,11,14,0,NULO,22,14
1962,11,15,0,NULO,22,13.5
1962,11,16,0,NULO,23.5,13
1962,11,17,0,NULO,25,16
1962,11,18,0,NULO,23,16.5
1962,11,19,0,NULO,26,16
1962,11,20,2,NULO,25,16.5
1962,11,21,0,NULO,25,12.5
1962,11,22,22,NULO,26,13
1962,11,23,7.5,NULO,28,18
1962,11,24,0.01,NULO,29,17
1962,11,25,2.5,NULO,26,19
1962,11,26,0,NULO,25.5,18.5
1962,11,27,0,NULO,26,18
1962,11,28,22,NULO,25,18.5
1962,11,29,4,NULO,22,17.5
1962,11,30,1,NULO,27,14
1962,12,1,1,NULO,26,14
1962,12,2,0,NULO,24,14
1962,12,3,0,NULO,25,15
1962,12,4,0,NULO,25.5,16
1962,12,5,0,NULO,23,18
1962,12,6,0,NULO,20.5,15
1962,12,7,0,NULO,22,12.5
1962,12,8,0,NULO,20.5,13.5
1962,12,9,5,NULO,20.5,13
1962,12,10,0,NULO,22,13
1962,12,11,0,NULO,21,13.5
1962,12,12,0,NULO,17,14
1962,12,13,6.5,NULO,18.5,6
1962,12,14,5,NULO,21.5,8
1962,12,15,1,NULO,22.5,12
1962,12,16,0,NULO,23,14
1962,12,17,0,NULO,23.5,15.5
1962,12,18,0,NULO,24,16
1962,12,19,0,NULO,24,17
1962,12,20,0.01,NULO,25,17
1962,12,21,0,NULO,21.5,17
1962,12,22,4,NULO,21.5,14.5
1962,12,23,7.5,NULO,22,14.5
1962,12,24,1,NULO,23,14.5
1962,12,25,1.5,NULO,23.5,14
1962,12,26,7.5,NULO,20,14.5
1962,12,27,0.5,NULO,23,12
1962,12,28,0,NULO,23,12
1962,12,29,7.5,NULO,21.5,14.5
1962,12,30,0,NULO,20,14
1962,12,31,0,NULO,23,12.5
1963,1,1,6.5,NULO,41,12
1963,1,2,0,NULO,27,11
1963,1,3,0,NULO,28,23
1963,1,4,0,NULO,31,22
1963,1,5,15,NULO,33,23
1963,1,6,0,NULO,40,21
1963,1,7,20,NULO,26,12
1963,1,8,20,NULO,25,12
1963,1,9,0,NULO,21,10
1963,1,10,0,NULO,24,14
1963,1,11,0,NULO,28,14
1963,1,12,0,NULO,32,15
1963,1,13,0,NULO,40,12
1963,1,14,0,NULO,40,20
1963,1,15,0,NULO,30,20
1963,1,16,0,NULO,40,21
1963,1,17,0,NULO,29,11
1963,1,18,0,NULO,32,11
1963,1,19,6.5,NULO,30,18
1963,1,20,3.5,NULO,30,13
1963,1,21,0,NULO,21.5,13
1963,1,22,0,NULO,24,16
1963,1,23,0,NULO,28,13
1963,1,24,0,NULO,29,20
1963,1,25,0,NULO,28,21
1963,1,26,0,NULO,28,22
1963,1,27,0,NULO,30,22
1963,1,28,0,NULO,26,22
1963,1,29,0,NULO,28,18
1963,1,30,3.5,NULO,22.1,16
1963,1,31,1.5,NULO,28,16
1963,2,1,0,NULO,23.5,15.5
1963,2,2,0,NULO,21.5,15.5
1963,2,3,0,NULO,17,14
1963,2,4,0,NULO,17.5,10
1963,2,5,0,NULO,18,9.5
1963,2,6,0,NULO,18.5,9.5
1963,2,7,0,NULO,21,11
1963,2,8,0,NULO,21.5,11.5
1963,2,9,0,NULO,23.5,12
1963,2,10,0,NULO,25,14
1963,2,11,0,NULO,21.5,17
1963,2,12,0,NULO,15,9.5
1963,2,13,0,NULO,15.5,5
1963,2,14,0,NULO,17.5,4.5
1963,2,15,0,NULO,21.5,8.5
1963,2,16,0,NULO,22,8
1963,2,17,0,NULO,22,10
1963,2,18,0,NULO,23.5,14.5
1963,2,19,0,NULO,23,15
1963,2,20,0,NULO,23,14.5
1963,2,21,4,NULO,22.5,14.5
1963,2,22,4.5,NULO,19,10.5
1963,2,23,0,NULO,20.5,9
1963,2,24,0,NULO,21,10.5
1963,2,25,0,NULO,23.2,13
1963,2,26,0,NULO,19.5,14
1963,2,27,0,NULO,23,12.5
1963,2,28,5,NULO,23,12
1963,3,1,0,NULO,22,11
1963,3,2,0,NULO,26,14.5
1963,3,3,0,NULO,26,16
1963,3,4,0,NULO,26,18.5
1963,3,5,0,NULO,22.5,19
1963,3,6,0,NULO,21.5,15.5
1963,3,7,0,NULO,23,13
1963,3,8,0,NULO,24,11.5
1963,3,9,0,NULO,25,14.5
1963,3,10,0,NULO,26,15
1963,3,11,0,NULO,27,17.5
1963,3,12,0,NULO,26,19
1963,3,13,0,NULO,27,18
1963,3,14,0,NULO,24.5,19
1963,3,15,0,NULO,26,17
1963,3,16,0,NULO,27.5,16.5
1963,3,17,0,NULO,27.4,18.5
1963,3,18,0,NULO,28,20
1963,3,19,0,NULO,26,20
1963,3,20,0,NULO,24,19
1963,3,21,0,NULO,25,17
1963,3,22,0,NULO,22.5,17
1963,3,23,0,NULO,25,15.5
1963,3,24,0,NULO,24.5,16
1963,3,25,0,NULO,24.5,17
1963,3,26,0,NULO,26,17.5
1963,3,27,0,NULO,27,18
1963,3,28,0,NULO,26,18
1963,3,29,0,NULO,26.5,19
1963,3,30,0,NULO,27,19
1963,3,31,0,NULO,27,19
1963,4,1,0,NULO,25.5,17
1963,4,2,0,NULO,25.5,17.5
1963,4,3,0,NULO,26,18
1963,4,4,0,NULO,26.5,18.5
1963,4,5,0,NULO,27,19
1963,4,6,0,NULO,27.5,19
1963,4,7,0,NULO,27.5,19.5
1963,4,8,0,NULO,28,20
1963,4,9,0,NULO,27.5,20.5
1963,4,10,0,NULO,27,19.5
1963,4,11,0,NULO,29,20
1963,4,12,0,NULO,30,20
1963,4,13,0,NULO,28,22
1963,4,14,0,NULO,27,21
1963,4,15,0,NULO,27.5,20.5
1963,4,16,0,NULO,29,20.5
1963,4,17,0,NULO,28,21
1963,4,18,0,NULO,28,20.5
1963,4,19,0,NULO,29,21
1963,4,20,0,NULO,31,21.5
1963,4,21,0,NULO,29.5,21
1963,4,22,0,NULO,28.5,22.5
1963,4,23,0,NULO,29.5,21.5
1963,4,24,0.01,NULO,29,22
1963,4,25,0,NULO,30,21.5
1963,4,26,0,NULO,28.5,22.5
1963,4,27,0,NULO,29,21.5
1963,4,28,0,NULO,30,21.5
1963,4,29,0,NULO,30.5,23.5
1963,4,30,0,NULO,27,24.5
1963,5,1,0,NULO,28,21.5
1963,5,2,0,NULO,29,21.5
1963,5,3,0,NULO,28,22
1963,5,4,0,NULO,30,21
1963,5,5,18.5,NULO,28,21.5
1963,5,6,75,NULO,26,21
1963,5,7,50.5,NULO,27,19
1963,5,8,5,NULO,26.5,18.5
1963,5,9,0,NULO,26.5,19.5
1963,5,10,0,NULO,28,18
1963,5,11,0,NULO,28,21
1963,5,12,0,NULO,27.5,20.5
1963,5,13,0,NULO,28,20
1963,5,14,0,NULO,26.5,21
1963,5,15,0,NULO,27,19
1963,5,16,0,NULO,28.5,19.5
1963,5,17,0,NULO,28.5,20.5
1963,5,18,2.5,NULO,28,21
1963,5,19,0,NULO,28,20.5
1963,5,20,0,NULO,29,21
1963,5,21,0,NULO,28.5,21.5
1963,5,22,0,NULO,28.5,21
1963,5,23,0,NULO,28.5,22
1963,5,24,0,NULO,28,21.5
1963,5,25,0,NULO,29.5,21
1963,5,26,0,NULO,29.5,21
1963,5,27,0,NULO,30,23
1963,5,28,0,NULO,30.8,24
1963,5,29,0,NULO,29,24
1963,5,30,0,NULO,29.5,21.5
1963,5,31,0,NULO,29.8,22
1963,6,1,0,NULO,30,23
1963,6,2,0,NULO,30,21
1963,6,3,0,NULO,30,23.5
1963,6,4,0,NULO,31,22.5
1963,6,5,0,NULO,31.5,24
1963,6,6,0,NULO,31.5,23.5
1963,6,7,0,NULO,31,25
1963,6,8,0,NULO,31,24.5
1963,6,9,0,NULO,31.5,24.5
1963,6,10,0,NULO,31,24.5
1963,6,11,0,NULO,31,24.5
1963,6,12,0,NULO,30.5,24.5
1963,6,13,75,NULO,29,24
1963,6,14,9,NULO,28.5,21.5
1963,6,15,0,NULO,31.5,21
1963,6,16,0,NULO,31,21.5
1963,6,17,13,NULO,28,25
1963,6,18,1.5,NULO,29,21
1963,6,19,6.5,NULO,28.5,21.5
1963,6,20,0,NULO,29.5,21
1963,6,21,0,NULO,30,22.5
1963,6,22,0,NULO,30,22
1963,6,23,19,NULO,28,23
1963,6,24,22.5,NULO,27,20.5
1963,6,25,0.5,NULO,28,19.5
1963,6,26,0,NULO,29,20
1963,6,27,10.5,NULO,28,22
1963,6,28,0.5,NULO,28,21
1963,6,29,15,NULO,29,21
1963,6,30,54.5,NULO,29,20
1963,7,1,72.5,NULO,27,19
1963,7,2,55,NULO,27,19
1963,7,3,36,NULO,26.5,19.5
1963,7,4,2,NULO,28,19
1963,7,5,0.01,NULO,28.7,19.5
1963,7,6,0.01,NULO,29,21.5
1963,7,7,0,NULO,28.5,21
1963,7,8,0,NULO,28.5,20.5
1963,7,9,0,NULO,30,21
1963,7,10,0,NULO,28,22
1963,7,11,0,NULO,29,21.5
1963,7,12,20,NULO,28,21.5
1963,7,13,6.5,NULO,29,20
1963,7,14,0,NULO,29.5,20
1963,7,15,0,NULO,30,22
1963,7,16,0,NULO,30,22.5
1963,7,17,1,NULO,29,22.5
1963,7,18,7.5,NULO,28.5,22.5
1963,7,19,22.2,NULO,28,20
1963,7,20,7.5,NULO,28,20
1963,7,21,7.5,NULO,27.5,19.5
1963,7,22,1.5,NULO,28,20
1963,7,23,0,NULO,28.5,20.5
1963,7,24,5,NULO,28.5,20.5
1963,7,25,2,NULO,28,21
1963,7,26,25,NULO,28,21
1963,7,27,0,NULO,28.5,20.5
1963,7,28,0,NULO,28.5,20.5
1963,7,29,0,NULO,29,21
1963,7,30,0,NULO,29,21.5
1963,7,31,0,NULO,28,21
1963,8,1,0,NULO,28,20.5
1963,8,2,0,NULO,29,20.5
1963,8,3,0,NULO,28.5,21
1963,8,4,0,NULO,28.5,21.5
1963,8,5,0,NULO,28,21.5
1963,8,6,0,NULO,28,21
1963,8,7,0,NULO,29,20.5
1963,8,8,25,NULO,28.5,21.5
1963,8,9,0,NULO,28.5,21.5
1963,8,10,0,NULO,28.5,21.5
1963,8,11,27.5,NULO,28.5,21.5
1963,8,12,12.5,NULO,28,21
1963,8,13,0,NULO,28,20.5
1963,8,14,0,NULO,28.5,20
1963,8,15,0,NULO,30,21
1963,8,16,0,NULO,28,21
1963,8,17,0,NULO,29.5,20.5
1963,8,18,1,NULO,28,21
1963,8,19,0,NULO,29,19.5
1963,8,20,0,NULO,28.5,20
1963,8,21,0,NULO,29,21
1963,8,22,0,NULO,29,21.5
1963,8,23,0,NULO,28,22
1963,8,24,0,NULO,29,21
1963,8,25,0,NULO,28.1,21
1963,8,26,0,NULO,28,21
1963,8,27,0,NULO,28,21
1963,8,28,0,NULO,29,21
1963,8,29,0,NULO,29,21.5
1963,8,30,0,NULO,29,21.5
1963,8,31,0,NULO,30,22
1963,9,1,0,NULO,29,18
1963,9,2,0,NULO,28.5,23
1963,9,3,7.5,NULO,28,21
1963,9,4,0.5,NULO,28.5,20.5
1963,9,5,0,NULO,27.5,20.5
1963,9,6,0,NULO,28,20
1963,9,7,0,NULO,28.5,21
1963,9,8,0,NULO,28,21.5
1963,9,9,0,NULO,28,20.5
1963,9,10,0,NULO,28.5,20.5
1963,9,11,0,NULO,28,21.5
1963,9,12,7,NULO,28,21.5
1963,9,13,0,NULO,28,20.5
1963,9,14,0,NULO,28,20.5
1963,9,15,0,NULO,30,21
1963,9,16,0,NULO,30.5,22
1963,9,17,0,NULO,29.5,22.5
1963,9,18,0,NULO,30,22
1963,9,19,0,NULO,31,22.5
1963,9,20,0,NULO,29,23.5
1963,9,21,4,NULO,28,22.5
1963,9,22,45,NULO,26,21
1963,9,23,0,NULO,27.5,19
1963,9,24,55,NULO,27.5,19.5
1963,9,25,50,NULO,26,20
1963,9,26,0.5,NULO,25.5,19
1963,9,27,0,NULO,26,18
1963,9,28,0,NULO,28,18.5
1963,9,29,0,NULO,27,20
1963,9,30,0,NULO,27.5,21
1963,10,1,0,NULO,26.5,19.5
1963,10,2,0,NULO,26.5,19
1963,10,3,1,NULO,24.5,19
1963,10,4,2.5,NULO,25.5,17
1963,10,5,0,NULO,26.5,17.5
1963,10,6,0,NULO,26,18.5
1963,10,7,0,NULO,26,18
1963,10,8,0,NULO,26,18
1963,10,9,0,NULO,27,19
1963,10,10,0,NULO,26.5,19.5
1963,10,11,0,NULO,25,19
1963,10,12,0,NULO,26,18
1963,10,13,0,NULO,28.5,18
1963,10,14,0,NULO,26.5,19
1963,10,15,0,NULO,26,19
1963,10,16,0,NULO,26,18.8
1963,10,17,0,NULO,25.5,19
1963,10,18,0,NULO,25.5,18
1963,10,19,0,NULO,27.5,19.5
1963,10,20,0,NULO,27.5,19
1963,10,21,0,NULO,28,19.5
1963,10,22,0,NULO,27.5,20
1963,10,23,0,NULO,27.5,20
1963,10,24,0,NULO,27.5,19.5
1963,10,25,0,NULO,28,20
1963,10,26,95,NULO,24.5,20
1963,10,27,1.5,NULO,24.5,17
1963,10,28,6.5,NULO,24.5,17
1963,10,29,5,NULO,23.5,17
1963,10,30,0.2,NULO,23,16.5
1963,10,31,0,NULO,26.1,15
1963,11,1,5,NULO,22,15
1963,11,2,2.5,NULO,23,12.5
1963,11,3,0,NULO,26,17
1963,11,4,0,NULO,27,16
1963,11,5,0,NULO,28,17
1963,11,6,0,NULO,27,19
1963,11,7,0,NULO,27,19.5
1963,11,8,0,NULO,24,19.5
1963,11,9,0,NULO,24,16.5
1963,11,10,0,NULO,23,15
1963,11,11,0,NULO,22,15
1963,11,12,0,NULO,22,15
1963,11,13,0,NULO,22.5,15
1963,11,14,0,NULO,24.5,15
1963,11,15,0,NULO,25,16
1963,11,16,0,NULO,27,16
1963,11,17,0,NULO,25,16.5
1963,11,18,0,NULO,25,17
1963,11,19,0,NULO,25,17.5
1963,11,20,0,NULO,25,16
1963,11,21,0,NULO,24.5,17.5
1963,11,22,0,NULO,26.5,17.5
1963,11,23,0,NULO,27,17.5
1963,11,24,0,NULO,25,14.5
1963,11,25,0,NULO,24.5,15
1963,11,26,4,NULO,23.5,15.5
1963,11,27,2,NULO,23,16.5
1963,11,28,1,NULO,22,15
1963,11,29,0.5,NULO,19,14.5
1963,11,30,0,NULO,20,11.5
1963,12,1,0,NULO,22.5,11.5
1963,12,2,2,NULO,22,12
1963,12,3,1.5,NULO,18.5,14
1963,12,4,3,NULO,21,11.5
1963,12,5,3,NULO,20.5,12
1963,12,6,0,NULO,22,13
1963,12,7,0.5,NULO,24.5,13
1963,12,8,0,NULO,19.5,14
1963,12,9,1,NULO,21.5,11
1963,12,10,0,NULO,23,11.5
1963,12,11,0,NULO,24.5,14
1963,12,12,2,NULO,21.5,15
1963,12,13,5,NULO,20,9
1963,12,14,6,NULO,17,12.5
1963,12,15,1,NULO,17,6.5
1963,12,16,3,NULO,19.5,9.5
1963,12,17,1,NULO,19.5,9.5
1963,12,18,9,NULO,19,11
1963,12,19,1.5,NULO,21,11
1963,12,20,0.5,NULO,19.5,11.5
1963,12,21,6,NULO,18,12
1963,12,22,5.5,NULO,17,10
1963,12,23,0,NULO,14,5.5
1963,12,24,0,NULO,14.5,4.5
1963,12,25,0,NULO,17,4.5
1963,12,26,0,NULO,19.5,7.5
1963,12,27,0,NULO,19,10
1963,12,28,0,NULO,19.5,10.5
1963,12,29,0,NULO,19.5,10.5
1963,12,30,12.5,NULO,15.5,13
1963,12,31,0,NULO,14,5.5
1964,1,1,0,NULO,15.5,5
1964,1,2,0,NULO,18,6.5
1964,1,3,3,NULO,19.5,8.5
1964,1,4,0,NULO,18,11
1964,1,5,0,NULO,20,11.5
1964,1,6,6.5,NULO,20.5,11.5
1964,1,7,1,NULO,23,13.4
1964,1,8,0,NULO,22.5,13
1964,1,9,3.5,NULO,19,14
1964,1,10,0,NULO,17.5,6.5
1964,1,11,0,NULO,16,7
1964,1,12,0,NULO,14.5,8
1964,1,13,0,NULO,12,7.5
1964,1,14,0,NULO,14.5,4.5
1964,1,15,0,NULO,17.5,5
1964,1,16,3,NULO,15,5
1964,1,17,0,NULO,19,7.5
1964,1,18,0,NULO,23,8
1964,1,19,0,NULO,23,10.5
1964,1,20,0,NULO,24,10.5
1964,1,21,0,NULO,24.5,15
1964,1,22,0,NULO,24.5,15
1964,1,23,0,NULO,25,16
1964,1,24,0,NULO,21.5,17.5
1964,1,25,0,NULO,19.5,14.5
1964,1,26,0,NULO,20.5,11.5
1964,1,27,0,NULO,22.5,14.5
1964,1,28,0,NULO,22.5,13
1964,1,29,0,NULO,24,15
1964,1,30,0,NULO,24.5,15.5
1964,1,31,0,NULO,27,16
1964,2,1,14,NULO,21,17
1964,2,2,0,NULO,21.5,8
1964,2,3,0,NULO,23.5,14
1964,2,4,2.5,NULO,19.5,14.5
1964,2,5,0,NULO,18.5,11.5
1964,2,6,0,NULO,23,10.5
1964,2,7,5,NULO,18,11.5
1964,2,8,0,NULO,19.5,9.5
1964,2,9,0,NULO,18.5,9.5
1964,2,10,0,NULO,20,11
1964,2,11,0,NULO,22,11.5
1964,2,12,0,NULO,22,13.5
1964,2,13,0,NULO,23,15
1964,2,14,0,NULO,22.5,15.5
1964,2,15,0,NULO,21,15.5
1964,2,16,0,NULO,23,12.5
1964,2,17,0,NULO,24.5,14
1964,2,18,0,NULO,21,15.5
1964,2,19,0,NULO,20.5,13
1964,2,20,0,NULO,21,12.5
1964,2,21,0,NULO,17.5,15
1964,2,22,0,NULO,16.5,8
1964,2,23,0,NULO,19.5,8
1964,2,24,0,NULO,23.5,9.5
1964,2,25,0,NULO,21,11
1964,2,26,0,NULO,23.5,8.5
1964,2,27,0,NULO,20,14
1964,2,28,0,NULO,19.5,8.5
1964,2,29,0,NULO,22.5,10
1964,3,1,0,NULO,23,10
1964,3,2,0,NULO,21,11
1964,3,3,0,NULO,29.5,14
1964,3,4,0,NULO,25,14
1964,3,5,0,NULO,22.5,14
1964,3,6,0,NULO,23,14
1964,3,7,0,NULO,26,14.5
1964,3,8,0,NULO,26.5,16
1964,3,9,0,NULO,24,19
1964,3,10,0,NULO,23.5,15
1964,3,11,0,NULO,23.5,16
1964,3,12,0,NULO,24.5,16
1964,3,13,0,NULO,24.5,16
1964,3,14,12,NULO,26,17
1964,3,15,6.5,NULO,27.5,17.5
1964,3,16,0,NULO,23.5,14.5
1964,3,17,0,NULO,24.5,15
1964,3,18,0,NULO,24,16
1964,3,19,0,NULO,23.5,16.5
1964,3,20,0,NULO,23.5,16
1964,3,21,0,NULO,21.5,15.5
1964,3,22,0,NULO,23,13.5
1964,3,23,0,NULO,26.5,14.5
1964,3,24,0,NULO,27.5,16
1964,3,25,0,NULO,27.5,19.5
1964,3,26,2,NULO,24,20.5
1964,3,27,0,NULO,25,15.5
1964,3,28,18,NULO,26,15.5
1964,3,29,26,NULO,24.5,19.5
1964,3,30,11.5,NULO,23.5,17
1964,3,31,3,NULO,27,16
1964,4,1,0,NULO,24.5,15
1964,4,2,0,NULO,25.5,16
1964,4,3,0,NULO,27,17.5
1964,4,4,0,NULO,28,18.5
1964,4,5,0,NULO,28,20
1964,4,6,0,NULO,28,21
1964,4,7,0.5,NULO,27.5,21
1964,4,8,0,NULO,24,20.5
1964,4,9,0,NULO,24,16
1964,4,10,0,NULO,24.5,16
1964,4,11,0,NULO,28,16.5
1964,4,12,0,NULO,28,17
1964,4,13,0.5,NULO,28,17.5
1964,4,14,99,NULO,26,21
1964,4,15,5.5,NULO,25,18.5
1964,4,16,0,NULO,26,18
1964,4,17,0,NULO,26.5,18
1964,4,18,0,NULO,28,19
1964,4,19,0,NULO,27,19.5
1964,4,20,0,NULO,28,20
1964,4,21,0,NULO,28,20
1964,4,22,0,NULO,28.5,20.5
1964,4,23,0,NULO,29.5,21
1964,4,24,0,NULO,29,21.5
1964,4,25,0,NULO,29.5,22
1964,4,26,0,NULO,29.5,23
1964,4,27,0,NULO,29.5,21.5
1964,4,28,0,NULO,30,22
1964,4,29,0,NULO,29,23.5
1964,4,30,NULO,NULO,30,21.5
1964,5,1,0,NULO,30.5,22
1964,5,2,0,NULO,30.5,23.5
1964,5,3,0,NULO,30.5,23
1964,5,4,0,NULO,31,24.5
1964,5,5,0,NULO,30,24.5
1964,5,6,0,NULO,30.6,24.5
1964,5,7,0,NULO,30,25
1964,5,8,0,NULO,29.5,24
1964,5,9,0,NULO,30,22.5
1964,5,10,0,NULO,29.5,23.5
1964,5,11,4,NULO,28,21.5
1964,5,12,0,NULO,29.5,20
1964,5,13,0,NULO,29.5,20.5
1964,5,14,0,NULO,28,20
1964,5,15,0,NULO,27.5,20.5
1964,5,16,0,NULO,28,19.5
1964,5,17,0,NULO,27.5,19.5
1964,5,18,0,NULO,28,19.5
1964,5,19,0,NULO,28,21
1964,5,20,20,NULO,27.5,19
1964,5,21,33,NULO,27.5,20
1964,5,22,0,NULO,28,20
1964,5,23,0,NULO,27.5,20
1964,5,24,48,NULO,28,20.5
1964,5,25,13.5,NULO,27,20
1964,5,26,0,NULO,27,19
1964,5,27,0,NULO,28,19.5
1964,5,28,0,NULO,27.5,19.5
1964,5,29,0,NULO,28.5,20
1964,5,30,0,NULO,30,21
1964,5,31,22,NULO,26,20
1964,6,1,4,NULO,26,18
1964,6,2,0,NULO,27,17.5
1964,6,3,4.5,NULO,27.5,18
1964,6,4,0,NULO,27,19.5
1964,6,5,0,NULO,29,20
1964,6,6,0,NULO,29,19.5
1964,6,7,0,NULO,29.5,20
1964,6,8,0,NULO,29.5,21
1964,6,9,0,NULO,30,22
1964,6,10,1,NULO,29,22
1964,6,11,0,NULO,29,22.5
1964,6,12,1.5,NULO,28,21
1964,6,13,26.5,NULO,27.5,20.5
1964,6,14,0,NULO,29,20
1964,6,15,0,NULO,29,21.5
1964,6,16,0,NULO,29.5,22
1964,6,17,0,NULO,29,22
1964,6,18,0,NULO,29.5,21
1964,6,19,0,NULO,29.5,21.5
1964,6,20,0,NULO,29.5,22
1964,6,21,0,NULO,29.5,22.5
1964,6,22,0,NULO,29,22
1964,6,23,0,NULO,28.5,21
1964,6,24,12,NULO,27.5,21.5
1964,6,25,3,NULO,27.5,20
1964,6,26,0,NULO,28,20
1964,6,27,0,NULO,29.5,21
1964,6,28,0,NULO,29.5,21.5
1964,6,29,1.5,NULO,28,22
1964,6,30,NULO,NULO,26.5,21
1964,7,1,0,NULO,28,19.5
1964,7,2,0,NULO,29.5,20.5
1964,7,3,0,NULO,30,21.5
1964,7,4,1,NULO,29.5,22.5
1964,7,5,7,NULO,29.5,23.5
1964,7,6,2.5,NULO,29,21
1964,7,7,0,NULO,28,21.5
1964,7,8,0,NULO,29.5,20.5
1964,7,9,2.5,NULO,29.5,21.5
1964,7,10,0,NULO,29.5,21.5
1964,7,11,1.5,NULO,30,21.5
1964,7,12,0,NULO,29.7,21.5
1964,7,13,0,NULO,29,22
1964,7,14,0,NULO,31,21
1964,7,15,0,NULO,29,21.5
1964,7,16,0,NULO,29.5,21.5
1964,7,17,0,NULO,30,22
1964,7,18,6,NULO,29.5,22.5
1964,7,19,0,NULO,28.5,21.5
1964,7,20,0,NULO,29.5,21
1964,7,21,0,NULO,29,21
1964,7,22,7.5,NULO,29.5,21
1964,7,23,5,NULO,28,21.5
1964,7,24,0,NULO,29,21
1964,7,25,0,NULO,29.5,21.5
1964,7,26,0,NULO,30,22
1964,7,27,5.5,NULO,31,22.5
1964,7,28,0,NULO,30.5,23.5
1964,7,29,0,NULO,31,24
1964,7,30,0,NULO,30,24
1964,7,31,NULO,NULO,30,23.5
1964,8,1,0,NULO,30,23.5
1964,8,2,15,NULO,27.5,21.5
1964,8,3,2,NULO,27.5,19.5
1964,8,4,2.5,NULO,28,20.5
1964,8,5,0,NULO,28.5,20.5
1964,8,6,0,NULO,29,20.5
1964,8,7,0,NULO,30.5,21.5
1964,8,8,0,NULO,31,21
1964,8,9,0,NULO,29.5,22.5
1964,8,10,0,NULO,29.5,24
1964,8,11,0,NULO,30,22
1964,8,12,0,NULO,31,23.5
1964,8,13,0,NULO,31.5,24
1964,8,14,0,NULO,31.5,23.5
1964,8,15,0,NULO,32,24.5
1964,8,16,0,NULO,30.5,24.5
1964,8,17,1,NULO,30,24.5
1964,8,18,0,NULO,30.5,23.5
1964,8,19,0,NULO,30.5,24
1964,8,20,0,NULO,31,24
1964,8,21,0,NULO,31.5,23.5
1964,8,22,0,NULO,30.5,24.5
1964,8,23,0.3,NULO,29,23.5
1964,8,24,2,NULO,28.5,21.5
1964,8,25,20,NULO,28,21.5
1964,8,26,0,NULO,29,20.5
1964,8,27,0,NULO,30,20.5
1964,8,28,0,NULO,31,21
1964,8,29,6.5,NULO,31,21.5
1964,8,30,0,NULO,30,22
1964,8,31,19,NULO,27,23.5
1964,9,1,22,NULO,27,21
1964,9,2,1,NULO,28,20
1964,9,3,0,NULO,28,20
1964,9,4,0,NULO,28.5,20.5
1964,9,5,6,NULO,28,21
1964,9,6,1,NULO,27.5,21.5
1964,9,7,0,NULO,27,21.5
1964,9,8,3,NULO,27,21.5
1964,9,9,0,NULO,29,20.5
1964,9,10,0,NULO,29.5,20
1964,9,11,0,NULO,29.5,21
1964,9,12,0,NULO,30,22
1964,9,13,0,NULO,29,22.5
1964,9,14,0,NULO,30,21.5
1964,9,15,0,NULO,29.5,21.8
1964,9,16,0,NULO,31,22
1964,9,17,0,NULO,30.5,23
1964,9,18,0,NULO,31,24
1964,9,19,0,NULO,31.5,24
1964,9,20,0,NULO,29.5,24
1964,9,21,0,NULO,30.5,22
1964,9,22,0,NULO,30.2,22.5
1964,9,23,0,NULO,29.5,23.5
1964,9,24,45.5,NULO,27.5,20.5
1964,9,25,0,NULO,29.5,20.5
1964,9,26,0,NULO,29,21
1964,9,27,14,NULO,29.5,21.5
1964,9,28,17.4,NULO,25.5,21.5
1964,9,29,4,NULO,27,18
1964,9,30,0,NULO,28,18
1964,10,1,7,NULO,29.5,19.5
1964,10,2,0,NULO,28.5,21
1964,10,3,0,NULO,28,21.5
1964,10,4,6,NULO,27.5,20.5
1964,10,5,0.5,NULO,24,20.5
1964,10,6,0,NULO,24.5,16
1964,10,7,0,NULO,23.5,15.5
1964,10,8,0,NULO,25,15.5
1964,10,9,0,NULO,24.5,16.5
1964,10,10,0,NULO,25,17
1964,10,11,0,NULO,25.5,17.5
1964,10,12,0,NULO,26,18
1964,10,13,0,NULO,26.5,19.5
1964,10,14,0,NULO,26.5,19.5
1964,10,15,0,NULO,27,19
1964,10,16,0,NULO,28.5,19.5
1964,10,17,0,NULO,28,20.5
1964,10,18,0,NULO,28,21
1964,10,19,16,NULO,24,14
1964,10,20,0,NULO,18,11
1964,10,21,0,NULO,21,11
1964,10,22,0,NULO,22.5,11
1964,10,23,1.5,NULO,24.5,14
1964,10,24,0,NULO,25,15.5
1964,10,25,0,NULO,25,16.5
1964,10,26,0,NULO,26.5,17
1964,10,27,0,NULO,25,17.5
1964,10,28,0,NULO,25.5,17.5
1964,10,29,0,NULO,26,18
1964,10,30,0,NULO,26.5,18.5
1964,10,31,0,NULO,25,18.6
1964,11,1,0,NULO,25.5,18
1964,11,2,0,NULO,25,17.5
1964,11,3,0,NULO,25,17.5
1964,11,4,10,NULO,21.5,17.5
1964,11,5,0,NULO,22,14.5
1964,11,6,0,NULO,29,14.5
1964,11,7,0,NULO,24.5,15
1964,11,8,0,NULO,24.5,16
1964,11,9,0,NULO,23,17
1964,11,10,0,NULO,24.5,16
1964,11,11,0,NULO,26,16.5
1964,11,12,59.5,NULO,26,17.5
1964,11,13,0,NULO,27,18.5
1964,11,14,0,NULO,27.5,19
1964,11,15,10,NULO,27,20
1964,11,16,3,NULO,26.5,20
1964,11,17,0,NULO,26,19.5
1964,11,18,0,NULO,26.5,19
1964,11,19,4.5,NULO,23,19
1964,11,20,1,NULO,21,16
1964,11,21,19,NULO,17,14
1964,11,22,16,NULO,17,9.5
1964,11,23,3.5,NULO,20.5,9
1964,11,24,2,NULO,23,9.5
1964,11,25,0,NULO,24,13
1964,11,26,0,NULO,26,17
1964,11,27,0,NULO,26.5,16
1964,11,28,0,NULO,26.5,16
1964,11,29,3,NULO,25,19
1964,11,30,28,NULO,22,17.5
1964,12,1,0,NULO,23,13
1964,12,2,0,NULO,24,13.5
1964,12,3,0,NULO,24,13.5
1964,12,4,0,NULO,23,14
1964,12,5,0,NULO,20,14
1964,12,6,12,NULO,16.5,10
1964,12,7,3,NULO,16,9
1964,12,8,2,NULO,22,9
1964,12,9,0,NULO,23,8.5
1964,12,10,0,NULO,21.5,9.5
1964,12,11,0,NULO,22.5,13
1964,12,12,0,NULO,23,13.5
1964,12,13,2,NULO,22,16
1964,12,14,0,NULO,19,11.5
1964,12,15,0,NULO,19,9
1964,12,16,0,NULO,22,9.5
1964,12,17,4,NULO,19,12.5
1964,12,18,15,NULO,15,8.5
1964,12,19,0,NULO,20.5,6.5
1964,12,20,0.5,NULO,21.5,11
1964,12,21,0,NULO,22.5,8.5
1964,12,22,0,NULO,22.5,13.5
1964,12,23,0,NULO,22.5,14
1964,12,24,0,NULO,24,14.5
1964,12,25,0,NULO,25,16
1964,12,26,0,NULO,24.5,16
1964,12,27,0,NULO,24.5,15.5
1964,12,28,0,NULO,23.5,14
1964,12,29,0,NULO,24.3,15
1964,12,30,0,NULO,25,16
1964,12,31,0,NULO,25,16.4
1965,1,1,0,NULO,25,21
1965,1,2,0,NULO,28.5,17
1965,1,3,0,NULO,21.5,17
1965,1,4,0,NULO,22.5,11.5
1965,1,5,0,NULO,28,14.5
1965,1,6,0,NULO,27.5,13
1965,1,7,0,NULO,24.5,18.5
1965,1,8,0,NULO,28,16.5
1965,1,9,0,NULO,24,16
1965,1,10,0,NULO,20.5,13
1965,1,11,0,NULO,21,14
1965,1,12,0,NULO,23,16
1965,1,13,0,NULO,23,13
1965,1,14,0,NULO,23,17.5
1965,1,15,6.5,NULO,19,14.5
1965,1,16,2,NULO,16,7
1965,1,17,0,NULO,14,7
1965,1,18,0,NULO,18,7
1965,1,19,0,NULO,19,7
1965,1,20,0,NULO,19.5,10
1965,1,21,0,NULO,20,10.5
1965,1,22,0,NULO,22,11
1965,1,23,0,NULO,21,13.5
1965,1,24,5.5,NULO,22.5,14
1965,1,25,0,NULO,23,14
1965,1,26,0,NULO,21,15.5
1965,1,27,0,NULO,19.5,14.5
1965,1,28,0,NULO,20.5,12
1965,1,29,0,NULO,21.5,12
1965,1,30,0,NULO,21,12.8
1965,1,31,0,NULO,22,10
1965,2,1,0,NULO,22.5,13
1965,2,2,0,NULO,21.5,12.5
1965,2,3,0,NULO,23,14.5
1965,2,4,0,NULO,22.5,14.5
1965,2,5,2,NULO,23.5,14.2
1965,2,6,0,NULO,23,15
1965,2,7,0,NULO,24,10
1965,2,8,0,NULO,22.5,15.5
1965,2,9,0,NULO,24.5,16.5
1965,2,10,0,NULO,26.5,17
1965,2,11,0,NULO,26,17
1965,2,12,1,NULO,22,18
1965,2,13,6.5,NULO,25,13.5
1965,2,14,0,NULO,17,7
1965,2,15,0,NULO,22,7
1965,2,16,0,NULO,28.5,7.5
1965,2,17,1.5,NULO,25,13
1965,2,18,1,NULO,15.5,11
1965,2,19,0,NULO,19.5,11.5
1965,2,20,0,NULO,22,12.5
1965,2,21,12.5,NULO,24,12
1965,2,22,24,NULO,21,16
1965,2,23,0,NULO,22,13.5
1965,2,24,0,NULO,18,13
1965,2,25,0,NULO,20,9.5
1965,2,26,0,NULO,20,11.5
1965,2,27,0,NULO,27,11.5
1965,2,28,0,NULO,23,12
1965,3,1,0,NULO,24.5,12.5
1965,3,2,3,NULO,20.5,16
1965,3,3,0,NULO,16,7.5
1965,3,4,0,NULO,16,9
1965,3,5,0,NULO,18.5,8.5
1965,3,6,0,NULO,19.5,9.5
1965,3,7,0,NULO,20.5,11
1965,3,8,0,NULO,22.5,12
1965,3,9,0,NULO,24,13.5
1965,3,10,0,NULO,24.5,15
1965,3,11,0,NULO,26,15.5
1965,3,12,0,NULO,26,17
1965,3,13,0,NULO,25.5,18.5
1965,3,14,0,NULO,25.5,18
1965,3,15,0,NULO,26,18.5
1965,3,16,0,NULO,26.5,18
1965,3,17,0,NULO,26,18
1965,3,18,14,NULO,24,18
1965,3,19,4,NULO,20,16.5
1965,3,20,5,NULO,18.5,11
1965,3,21,3,NULO,20,9
1965,3,22,0,NULO,23,9.5
1965,3,23,0,NULO,24.5,11
1965,3,24,0,NULO,26.5,14.5
1965,3,25,0.5,NULO,27,12.5
1965,3,26,7,NULO,24,18
1965,3,27,0,NULO,24.5,13.5
1965,3,28,0,NULO,25.5,14
1965,3,29,0.5,NULO,27.5,17
1965,3,30,22.5,NULO,30,19
1965,3,31,4.5,NULO,26,19.4
1965,4,1,0,NULO,25.5,17
1965,4,2,0,NULO,27,17.5
1965,4,3,0,NULO,27,18
1965,4,4,0,NULO,27.5,19.5
1965,4,5,0,NULO,27.5,19.5
1965,4,6,0,NULO,28.5,20
1965,4,7,0,NULO,28,21.5
1965,4,8,0,NULO,27.5,21
1965,4,9,0,NULO,28,20
1965,4,10,0,NULO,29.5,20.5
1965,4,11,0,NULO,30.5,21
1965,4,12,0,NULO,30,24
1965,4,13,0,NULO,29,24
1965,4,14,0,NULO,28.5,22
1965,4,15,10,NULO,28,20.5
1965,4,16,0.5,NULO,26,20.5
1965,4,17,0.1,NULO,26.5,19
1965,4,18,0,NULO,28.5,18.5
1965,4,19,0,NULO,30,19.5
1965,4,20,0,NULO,28,20.5
1965,4,21,0,NULO,27,20
1965,4,22,0,NULO,26.5,20
1965,4,23,0,NULO,26.5,19.5
1965,4,24,0,NULO,27.5,19
1965,4,25,0,NULO,29.5,19.5
1965,4,26,0,NULO,30,20
1965,4,27,55,NULO,27,22.5
1965,4,28,33,NULO,22.5,19.5
1965,4,29,14,NULO,21.5,14.5
1965,4,30,0,NULO,23,13.5
1965,5,1,2.5,NULO,24.5,14
1965,5,2,0,NULO,26,15
1965,5,3,0,NULO,28,18.5
1965,5,4,0,NULO,28.5,19
1965,5,5,0,NULO,28.5,20.5
1965,5,6,0,NULO,27.5,21
1965,5,7,0,NULO,29,21.5
1965,5,8,0,NULO,30.5,21.5
1965,5,9,0,NULO,29.5,22
1965,5,10,0,NULO,29.5,22.2
1965,5,11,0,NULO,29,22
1965,5,12,0,NULO,29.5,22
1965,5,13,0,NULO,27.5,22.5
1965,5,14,0,NULO,30,20.5
1965,5,15,0,NULO,30.5,21.4
1965,5,16,0.5,NULO,30,22.5
1965,5,17,0,NULO,29.5,23
1965,5,18,4,NULO,29,22.5
1965,5,19,0,NULO,29.5,22
1965,5,20,0,NULO,30,22
1965,5,21,0,NULO,29.5,23
1965,5,22,0,NULO,31,23.5
1965,5,23,0,NULO,29.5,21.5
1965,5,24,0,NULO,30,22
1965,5,25,0,NULO,29.5,22.5
1965,5,26,0,NULO,33.5,22.5
1965,5,27,0,NULO,29.5,23
1965,5,28,0,NULO,30.5,23
1965,5,29,0,NULO,30,22.5
1965,5,30,0,NULO,28.5,22
1965,5,31,0,NULO,29,21.5
1965,6,1,0,NULO,30.5,21
1965,6,2,0,NULO,29.5,21.5
1965,6,3,0,NULO,29.5,22
1965,6,4,0,NULO,30.5,22
1965,6,5,0,NULO,30.5,22.5
1965,6,6,0,NULO,31,22.5
1965,6,7,0,NULO,30,23
1965,6,8,0,NULO,31,24
1965,6,9,0,NULO,30,24
1965,6,10,0,NULO,30,22.5
1965,6,11,0,NULO,30.5,22
1965,6,12,0,NULO,29.5,23.5
1965,6,13,0,NULO,31,24
1965,6,14,0,NULO,30,24.5
1965,6,15,0,NULO,31.5,24.5
1965,6,16,9,NULO,29.5,24.5
1965,6,17,5.5,NULO,29,22.5
1965,6,18,2.5,NULO,29.5,22
1965,6,19,32,NULO,29,21.5
1965,6,20,32.5,NULO,29,20
1965,6,21,5,NULO,28.5,21
1965,6,22,11.5,NULO,28.5,20.5
1965,6,23,28,NULO,28,21
1965,6,24,14,NULO,28,20.5
1965,6,25,0,NULO,29,20.5
1965,6,26,5.5,NULO,29,21.5
1965,6,27,19.5,NULO,27.5,21.5
1965,6,28,9,NULO,27,20.5
1965,6,29,7.5,NULO,26,20
1965,6,30,32,NULO,26,19
1965,7,1,62,NULO,26.5,19.5
1965,7,2,0,NULO,27,19.5
1965,7,3,0,NULO,28,19.5
1965,7,4,0,NULO,28.5,20.5
1965,7,5,0.5,NULO,28,21
1965,7,6,31.5,NULO,27.5,21
1965,7,7,14.5,NULO,27.5,20.5
1965,7,8,2.5,NULO,27,20
1965,7,9,11.5,NULO,28,20.5
1965,7,10,6.5,NULO,27,21
1965,7,11,0,NULO,28.5,20
1965,7,12,2.5,NULO,28.5,20
1965,7,13,0,NULO,28.5,21.5
1965,7,14,0.5,NULO,29,21.5
1965,7,15,16.5,NULO,27,21
1965,7,16,0,NULO,28.5,20
1965,7,17,0,NULO,29.5,21
1965,7,18,2.5,NULO,28.5,21.5
1965,7,19,0,NULO,28.5,21
1965,7,20,0,NULO,29.5,20.5
1965,7,21,3,NULO,27.5,22
1965,7,22,29.5,NULO,27.5,20.5
1965,7,23,0,NULO,27,20.5
1965,7,24,0,NULO,27.5,20
1965,7,25,22.5,NULO,27.5,20.5
1965,7,26,45.5,NULO,27,20.5
1965,7,27,5,NULO,27.5,19.5
1965,7,28,0,NULO,28,19
1965,7,29,0,NULO,29.5,21
1965,7,30,1,NULO,27,21.5
1965,7,31,1,NULO,29.6,19.5
1965,8,1,0,NULO,28.5,20
1965,8,2,0,NULO,28,21.5
1965,8,3,60.5,NULO,28,21
1965,8,4,15.5,NULO,27,21
1965,8,5,15,NULO,27.5,20
1965,8,6,5.5,NULO,27.5,20
1965,8,7,0,NULO,27.5,19
1965,8,8,1.5,NULO,27.5,20
1965,8,9,3,NULO,26.5,20.5
1965,8,10,7.5,NULO,27,19.5
1965,8,11,0,NULO,26,19.5
1965,8,12,0,NULO,26.5,18
1965,8,13,1,NULO,27.5,19
1965,8,14,10.5,NULO,27.5,19.5
1965,8,15,0,NULO,27,20
1965,8,16,1,NULO,27.5,19.5
1965,8,17,11.5,NULO,27.5,20
1965,8,18,0,NULO,28.5,20.5
1965,8,19,0,NULO,29.5,20.5
1965,8,20,2.5,NULO,28,22
1965,8,21,0,NULO,28.5,21
1965,8,22,8.5,NULO,27,21.5
1965,8,23,0,NULO,28,20.5
1965,8,24,0,NULO,27,21.5
1965,8,25,0,NULO,28,20
1965,8,26,5.5,NULO,27,21.5
1965,8,27,0,NULO,27,20
1965,8,28,8,NULO,26.4,19.5
1965,8,29,8,NULO,27.5,20
1965,8,30,2,NULO,27,20
1965,8,31,0,NULO,30,20
1965,9,1,0,NULO,28.5,20.5
1965,9,2,0,NULO,27.5,21.5
1965,9,3,0,NULO,29,20.5
1965,9,4,0,NULO,30,21
1965,9,5,0,NULO,29.5,22
1965,9,6,0,NULO,27.5,22
1965,9,7,0,NULO,28,21
1965,9,8,0,NULO,28,20
1965,9,9,0,NULO,29,22
1965,9,10,0,NULO,29,21.5
1965,9,11,0,NULO,29.5,21
1965,9,12,20,NULO,29.5,22
1965,9,13,0,NULO,28,20
1965,9,14,0,NULO,27.5,19.5
1965,9,15,0,NULO,29,20
1965,9,16,0,NULO,29,20.5
1965,9,17,0,NULO,29,21
1965,9,18,0,NULO,28,22
1965,9,19,15,NULO,27.5,21
1965,9,20,0,NULO,28,20.5
1965,9,21,0,NULO,29.5,21
1965,9,22,0,NULO,29,21.5
1965,9,23,21,NULO,28.5,21.5
1965,9,24,10,NULO,27.5,21
1965,9,25,5,NULO,29,20.5
1965,9,26,0.5,NULO,26,21
1965,9,27,9.5,NULO,26,19
1965,9,28,0,NULO,27,19.5
1965,9,29,0,NULO,28.5,19.5
1965,9,30,6,NULO,26,20
1965,10,1,19,NULO,22,18.5
1965,10,2,1,NULO,20.5,13.5
1965,10,3,0,NULO,23,13.5
1965,10,4,0,NULO,25,13.5
1965,10,5,1.5,NULO,25,16
1965,10,6,0,NULO,27,17.5
1965,10,7,0,NULO,26,18
1965,10,8,0,NULO,27.5,19
1965,10,9,0,NULO,27.5,19.5
1965,10,10,0,NULO,28.5,20.5
1965,10,11,0,NULO,31.5,20.5
1965,10,12,0,NULO,27,21
1965,10,13,0,NULO,27,19.5
1965,10,14,0,NULO,28.5,19.5
1965,10,15,0,NULO,28,20
1965,10,16,0,NULO,28,21
1965,10,17,0,NULO,29,21
1965,10,18,0,NULO,28.5,21.5
1965,10,19,0,NULO,29,21.5
1965,10,20,98,NULO,25.5,21.5
1965,10,21,1.5,NULO,22.5,18
1965,10,22,0,NULO,21,14.5
1965,10,23,0,NULO,22,13.5
1965,10,24,0,NULO,27,13.5
1965,10,25,0,NULO,24.5,14.5
1965,10,26,0,NULO,22.5,15
1965,10,27,0,NULO,22.5,14.5
1965,10,28,0,NULO,23.5,15.5
1965,10,29,3,NULO,24,14.5
1965,10,30,1,NULO,23.5,16
1965,10,31,0,NULO,25,16.5
1965,11,1,0,NULO,23.5,15
1965,11,2,0,NULO,23.5,16.5
1965,11,3,0,NULO,26,16.5
1965,11,4,26,NULO,26,18
1965,11,5,20,NULO,26,18
1965,11,6,33.5,NULO,26,18.5
1965,11,7,0,NULO,26,18.5
1965,11,8,0,NULO,25.5,18.5
1965,11,9,0,NULO,26,18.5
1965,11,10,0,NULO,25,18.5
1965,11,11,0,NULO,26.5,18
1965,11,12,1,NULO,26,18
1965,11,13,2.5,NULO,26,18
1965,11,14,1,NULO,26,18.5
1965,11,15,0,NULO,26.5,18.5
1965,11,16,0,NULO,26,18.5
1965,11,17,0,NULO,25.5,18
1965,11,18,0,NULO,24.5,17
1965,11,19,0,NULO,23.5,17.5
1965,11,20,0,NULO,23.5,16.5
1965,11,21,0,NULO,24.5,16.5
1965,11,22,0,NULO,25,16.5
1965,11,23,0,NULO,25,17
1965,11,24,0,NULO,26,17.5
1965,11,25,0,NULO,24,18
1965,11,26,0,NULO,25,17
1965,11,27,0,NULO,25,17
1965,11,28,0,NULO,24.5,17.5
1965,11,29,0,NULO,25.5,17
1965,11,30,0,NULO,21,15.5
1965,12,1,0,NULO,23,15
1965,12,2,0,NULO,25,13.5
1965,12,3,20,NULO,21.5,15.5
1965,12,4,0,NULO,21,13.5
1965,12,5,0,NULO,20.5,11.5
1965,12,6,0,NULO,21,13.5
1965,12,7,0,NULO,22,14
1965,12,8,0,NULO,22.5,14.5
1965,12,9,0,NULO,23.5,14.5
1965,12,10,0,NULO,24.5,15
1965,12,11,0,NULO,25,16.5
1965,12,12,0,NULO,26,17.5
1965,12,13,0,NULO,27.5,19.5
1965,12,14,0,NULO,26,18.5
1965,12,15,0,NULO,25,19
1965,12,16,0,NULO,25,17
1965,12,17,0,NULO,25.5,17.5
1965,12,18,2.5,NULO,24,17.5
1965,12,19,3.5,NULO,20,15.5
1965,12,20,0,NULO,18,7.5
1965,12,21,0,NULO,21,11.5
1965,12,22,0,NULO,20.5,11.5
1965,12,23,0,NULO,24,14.5
1965,12,24,0,NULO,20.5,16.5
1965,12,25,0,NULO,18.5,13
1965,12,26,0,NULO,21,11
1965,12,27,3.5,NULO,21.5,11.5
1965,12,28,1,NULO,22,9
1965,12,29,0,NULO,23,14
1965,12,30,0,NULO,24,14.5
1965,12,31,0,NULO,24.7,16
1966,1,1,0,NULO,23.5,15
1966,1,2,0,NULO,20.5,16
1966,1,3,0,NULO,19.5,13.5
1966,1,4,0,NULO,20.5,11.4
1966,1,5,0,NULO,21.5,12
1966,1,6,2.5,NULO,21,13
1966,1,7,2.5,NULO,21,15
1966,1,8,0,NULO,21,13.5
1966,1,9,0,NULO,20.5,13.5
1966,1,10,2.5,NULO,21,13.5
1966,1,11,0,NULO,21,13.5
1966,1,12,0,NULO,20,13.5
1966,1,13,3.5,NULO,17,13.5
1966,1,14,3,NULO,14.5,9
1966,1,15,0,NULO,19.5,7
1966,1,16,15,NULO,20.5,8
1966,1,17,14,NULO,19.5,12
1966,1,18,0.5,NULO,20,12.5
1966,1,19,2.5,NULO,17,12.5
1966,1,20,0,NULO,18,11.5
1966,1,21,3.5,NULO,17,10
1966,1,22,3.5,NULO,16,8
1966,1,23,0.5,NULO,18.5,7
1966,1,24,0,NULO,18.5,8.5
1966,1,25,11,NULO,18,11.5
1966,1,26,2.5,NULO,17,8.5
1966,1,27,0,NULO,23,8.5
1966,1,28,0,NULO,18.5,9.5
1966,1,29,0,NULO,17,8
1966,1,30,0,NULO,17.5,8
1966,1,31,0,NULO,18.5,8
1966,2,1,NULO,NULO,18,9
1966,2,2,2.5,NULO,19,9
1966,2,3,12,NULO,16,11
1966,2,4,4,NULO,14,8.5
1966,2,5,0,NULO,20,8.5
1966,2,6,0,NULO,21.5,10
1966,2,7,0,NULO,21.5,13
1966,2,8,0,NULO,23,14.5
1966,2,9,0,NULO,25,15
1966,2,10,0,NULO,21.5,16
1966,2,11,0,NULO,22.5,13
1966,2,12,0,NULO,19,13.5
1966,2,13,2.5,NULO,21.5,12
1966,2,14,0,NULO,26.5,12
1966,2,15,0,NULO,21.5,13
1966,2,16,0,NULO,20,13
1966,2,17,4,NULO,17,13
1966,2,18,0,NULO,21.5,10.5
1966,2,19,0,NULO,21.5,10.5
1966,2,20,0,NULO,22,14.5
1966,2,21,0,NULO,21,14.5
1966,2,22,12,NULO,17,14
1966,2,23,18,NULO,13,8
1966,2,24,1,NULO,14.5,6
1966,2,25,0,NULO,18,6.5
1966,2,26,0,NULO,20.5,7
1966,2,27,0,NULO,22.5,11
1966,2,28,NULO,NULO,22,13.5
1966,3,1,0,NULO,20.5,13
1966,3,2,0,NULO,22.5,13
1966,3,3,0,NULO,29.5,14
1966,3,4,0,NULO,20.5,16
1966,3,5,0,NULO,19.5,12.5
1966,3,6,0,NULO,19.5,7
1966,3,7,4,NULO,20,11
1966,3,8,7,NULO,21.5,12.5
1966,3,9,18,NULO,22,12.5
1966,3,10,0.5,NULO,22,14
1966,3,11,0,NULO,22,14.5
1966,3,12,0,NULO,23.5,14.5
1966,3,13,6.5,NULO,22.5,15.5
1966,3,14,0,NULO,23,15
1966,3,15,0.5,NULO,24,15.5
1966,3,16,0,NULO,24,16
1966,3,17,0,NULO,24,17
1966,3,18,0,NULO,24,17
1966,3,19,0,NULO,25,16
1966,3,20,0,NULO,23,16.5
1966,3,21,0,NULO,24.5,15.5
1966,3,22,0,NULO,26,16
1966,3,23,2.5,NULO,24,17
1966,3,24,0,NULO,23,12
1966,3,25,0,NULO,21.2,11
1966,3,26,0,NULO,24.5,11.5
1966,3,27,0,NULO,25,14.5
1966,3,28,0,NULO,26,17
1966,3,29,2.5,NULO,23.5,18
1966,3,30,5,NULO,22,14
1966,3,31,0,NULO,23,16
1966,4,1,0,NULO,25,14.5
1966,4,2,5,NULO,26,15.5
1966,4,3,2.5,NULO,25,18.5
1966,4,4,0,NULO,24,18
1966,4,5,0,NULO,23.5,16.5
1966,4,6,0,NULO,25.5,16
1966,4,7,0,NULO,25,16.5
1966,4,8,0,NULO,27,17.5
1966,4,9,0,NULO,26.5,18
1966,4,10,0,NULO,27,19
1966,4,11,0,NULO,26.5,19.5
1966,4,12,0,NULO,28,19
1966,4,13,0,NULO,28,19.5
1966,4,14,80,NULO,25.5,20.5
1966,4,15,5,NULO,24.5,18
1966,4,16,0,NULO,25.5,17
1966,4,17,1,NULO,26,17
1966,4,18,0,NULO,28,18.5
1966,4,19,0,NULO,27,19.5
1966,4,20,0,NULO,29.5,19.8
1966,4,21,1.5,NULO,26.5,20
1966,4,22,0,NULO,27.5,19.5
1966,4,23,0,NULO,29.5,19
1966,4,24,0,NULO,28,20
1966,4,25,2.5,NULO,29,21.5
1966,4,26,0,NULO,28.5,21.5
1966,4,27,0,NULO,29.5,21.5
1966,4,28,0,NULO,28,21.5
1966,4,29,0,NULO,28.5,21
1966,4,30,0,NULO,29,21
1966,5,1,16,NULO,26,21
1966,5,2,13.5,NULO,23.9,17.5
1966,5,3,1.5,NULO,22.5,16
1966,5,4,0,NULO,24,15.5
1966,5,5,0.5,NULO,26.5,16
1966,5,6,0.5,NULO,26,17
1966,5,7,0.2,NULO,25,17
1966,5,8,0,NULO,26.5,17.5
1966,5,9,0,NULO,28,17.5
1966,5,10,0,NULO,26,19.5
1966,5,11,0,NULO,28,19
1966,5,12,0,NULO,29.5,20.5
1966,5,13,0,NULO,29.5,21.5
1966,5,14,0,NULO,30,22.1
1966,5,15,0,NULO,29.5,22
1966,5,16,0,NULO,30.5,22
1966,5,17,0,NULO,29.5,22
1966,5,18,0,NULO,29,21
1966,5,19,0,NULO,29.5,21.5
1966,5,20,0,NULO,29.5,22
1966,5,21,0,NULO,30,22.5
1966,5,22,0,NULO,29.5,23.5
1966,5,23,0,NULO,34,22.5
1966,5,24,0,NULO,30,23
1966,5,25,0,NULO,29.5,23
1966,5,26,0,NULO,29,21.7
1966,5,27,0,NULO,29,21.5
1966,5,28,0,NULO,30,21.5
1966,5,29,27,NULO,26.5,22.5
1966,5,30,3.5,NULO,30.5,19.5
1966,5,31,27,NULO,28.5,20
1966,6,1,0,NULO,26.5,20.5
1966,6,2,0,NULO,26.5,19
1966,6,3,0,NULO,26,19.5
1966,6,4,0,NULO,29,20
1966,6,5,0,NULO,29.5,21
1966,6,6,0,NULO,29.5,22
1966,6,7,0,NULO,29,23
1966,6,8,0,NULO,29,21
1966,6,9,0,NULO,30.5,21.5
1966,6,10,0,NULO,30.5,23
1966,6,11,0,NULO,30,22
1966,6,12,4,NULO,29,23
1966,6,13,5.5,NULO,29,21.5
1966,6,14,15,NULO,28.5,22
1966,6,15,0,NULO,28.5,21
1966,6,16,0,NULO,29.5,21.5
1966,6,17,0,NULO,30,21.5
1966,6,18,1,NULO,31,22.5
1966,6,19,1.5,NULO,29.5,23
1966,6,20,25,NULO,28.5,22
1966,6,21,5.5,NULO,28.5,21.5
1966,6,22,44.5,NULO,27.5,21.5
1966,6,23,24,NULO,28,20.5
1966,6,24,71.5,NULO,28,20.5
1966,6,25,105,NULO,27.5,22.5
1966,6,26,48,NULO,27,20
1966,6,27,32,NULO,26.5,20
1966,6,28,0.5,NULO,27.5,19.5
1966,6,29,1,NULO,29,20
1966,6,30,0,NULO,29,20.5
1966,7,1,0,NULO,27.5,20
1966,7,2,0,NULO,29.5,20
1966,7,3,1.5,NULO,29.5,21
1966,7,4,7,NULO,27,22
1966,7,5,0,NULO,29.5,20.5
1966,7,6,0,NULO,29.5,20.5
1966,7,7,0,NULO,29.5,22
1966,7,8,0,NULO,28.5,22.5
1966,7,9,0,NULO,29,22
1966,7,10,0,NULO,29.5,21.5
1966,7,11,11,NULO,29,21.5
1966,7,12,0,NULO,28.5,21.5
1966,7,13,0,NULO,29.5,21.5
1966,7,14,40.5,NULO,28.5,22
1966,7,15,0,NULO,29,21
1966,7,16,0,NULO,29,21
1966,7,17,2,NULO,28.5,21
1966,7,18,0,NULO,30,21
1966,7,19,8.5,NULO,30,21.5
1966,7,20,0,NULO,29.5,22.5
1966,7,21,14,NULO,29.5,22
1966,7,22,0,NULO,29.5,21.5
1966,7,23,0,NULO,29.5,21.5
1966,7,24,18,NULO,28.5,22.5
1966,7,25,0,NULO,29.5,21.5
1966,7,26,0,NULO,29,21.5
1966,7,27,0,NULO,31,22.5
1966,7,28,1.5,NULO,30.5,22.5
1966,7,29,0,NULO,31,23.5
1966,7,30,26.5,NULO,29.5,23.5
1966,7,31,0,NULO,29.5,22.5
1966,8,1,2,NULO,29,22.5
1966,8,2,0,NULO,29.5,22
1966,8,3,0,NULO,29.5,22
1966,8,4,10,NULO,29,22.5
1966,8,5,0,NULO,30,22.5
1966,8,6,0,NULO,31.5,22.5
1966,8,7,0,NULO,31,24
1966,8,8,0,NULO,30,24.5
1966,8,9,13.5,NULO,30,23
1966,8,10,0,NULO,30.5,22.5
1966,8,11,0,NULO,30.5,22.5
1966,8,12,11,NULO,30,23
1966,8,13,0,NULO,29.5,23
1966,8,14,0.5,NULO,29,22
1966,8,15,11.5,NULO,28,21
1966,8,16,13,NULO,28,21
1966,8,17,0,NULO,28.5,20.5
1966,8,18,0,NULO,28,21
1966,8,19,0.5,NULO,29.5,21.5
1966,8,20,4,NULO,28.5,21
1966,8,21,0,NULO,28.5,21
1966,8,22,19.5,NULO,28,21
1966,8,23,23,NULO,26.5,20.5
1966,8,24,1,NULO,28,20
1966,8,25,21.5,NULO,27.5,20
1966,8,26,0,NULO,28.5,20
1966,8,27,0,NULO,29,20.5
1966,8,28,0,NULO,29,21
1966,8,29,3,NULO,28,21.5
1966,8,30,0,NULO,28,21
1966,8,31,0,NULO,29.5,21
1966,9,1,0,NULO,29.5,22.5
1966,9,2,0,NULO,29.5,22
1966,9,3,17,NULO,29.5,22
1966,9,4,1,NULO,28,22
1966,9,5,0,NULO,28.5,21
1966,9,6,13,NULO,29,20.5
1966,9,7,34,NULO,28,21
1966,9,8,18.5,NULO,27.5,20.5
1966,9,9,2.5,NULO,27,20.5
1966,9,10,0,NULO,27.5,20.5
1966,9,11,0,NULO,29,21
1966,9,12,0,NULO,29.5,21
1966,9,13,0,NULO,29.5,21
1966,9,14,0,NULO,29.5,22
1966,9,15,0,NULO,29,22.5
1966,9,16,0,NULO,29,22
1966,9,17,0,NULO,29.5,22
1966,9,18,0,NULO,29.5,22
1966,9,19,27.5,NULO,27.5,22
1966,9,20,29,NULO,27.5,20.5
1966,9,21,18,NULO,25,20
1966,9,22,0,NULO,25.5,18.5
1966,9,23,0,NULO,26,18.5
1966,9,24,0,NULO,28,19
1966,9,25,0,NULO,26,19
1966,9,26,0,NULO,27,19
1966,9,27,0,NULO,28,19
1966,9,28,0,NULO,28.5,20
1966,9,29,0,NULO,29,21
1966,9,30,0,NULO,28.5,21
1966,10,1,0,NULO,26.5,21.5
1966,10,2,0,NULO,27,19.5
1966,10,3,3,NULO,29,19.5
1966,10,4,0,NULO,30,20
1966,10,5,21,NULO,29,22
1966,10,6,6,NULO,26.5,22
1966,10,7,0,NULO,26.5,19.5
1966,10,8,0,NULO,28,19.5
1966,10,9,9.5,NULO,27.5,19.5
1966,10,10,49,NULO,26.5,20.5
1966,10,11,14,NULO,27.5,19.5
1966,10,12,0,NULO,28.5,19.5
1966,10,13,0,NULO,29,20.5
1966,10,14,3,NULO,29,22
1966,10,15,14,NULO,27.5,21
1966,10,16,0,NULO,25,15.5
1966,10,17,0,NULO,26.5,16.5
1966,10,18,41.5,NULO,24,17.5
1966,10,19,34,NULO,21.5,16.5
1966,10,20,2,NULO,20,14.5
1966,10,21,0,NULO,23.5,13.5
1966,10,22,0,NULO,25,15
1966,10,23,0,NULO,25.5,19
1966,10,24,18,NULO,25,17.5
1966,10,25,9.5,NULO,22.5,18
1966,10,26,0,NULO,22,15.5
1966,10,27,0,NULO,22,15
1966,10,28,0,NULO,22.5,15
1966,10,29,0,NULO,24.5,15
1966,10,30,5,NULO,24,14.5
1966,10,31,NULO,NULO,23.2,15
1966,11,1,0,NULO,22,15
1966,11,2,0,NULO,18,13
1966,11,3,0,NULO,21,10.5
1966,11,4,0,NULO,23,10.5
1966,11,5,0,NULO,23.5,12
1966,11,6,0,NULO,23.5,14.5
1966,11,7,0,NULO,23.5,16
1966,11,8,0,NULO,25,16
1966,11,9,0,NULO,25.5,16
1966,11,10,0,NULO,27.5,17.5
1966,11,11,0,NULO,29.5,18
1966,11,12,0,NULO,27,21
1966,11,13,0,NULO,25,19
1966,11,14,18,NULO,25,18
1966,11,15,12,NULO,25,17.5
1966,11,16,0,NULO,24.5,17
1966,11,17,0,NULO,25,15.5
1966,11,18,8,NULO,24.5,15
1966,11,19,11,NULO,24.5,17
1966,11,20,0,NULO,23,16.5
1966,11,21,0,NULO,22,16
1966,11,22,0,NULO,24.5,15.5
1966,11,23,0,NULO,23.5,16
1966,11,24,0,NULO,23.5,16
1966,11,25,0,NULO,23,16
1966,11,26,0,NULO,23.5,16.5
1966,11,27,0,NULO,20,16
1966,11,28,0,NULO,16,11.5
1966,11,29,0,NULO,18,8.5
1966,11,30,0,NULO,21.5,8.5
1966,12,1,0,NULO,21.5,11.5
1966,12,2,0,NULO,22.5,14.5
1966,12,3,0,NULO,22.5,14.5
1966,12,4,0,NULO,22.5,14.5
1966,12,5,0,NULO,23,16.5
1966,12,6,0,NULO,24,15.5
1966,12,7,0,NULO,24.5,16.5
1966,12,8,0,NULO,25.5,16.5
1966,12,9,0,NULO,21.5,17.5
1966,12,10,0,NULO,17.5,14.5
1966,12,11,0,NULO,15,10
1966,12,12,0,NULO,16,6.5
1966,12,13,0,NULO,17,7
1966,12,14,0,NULO,19,9
1966,12,15,0,NULO,20.5,10
1966,12,16,0,NULO,20,12
1966,12,17,0,NULO,18,11
1966,12,18,0,NULO,19.5,9
1966,12,19,0,NULO,18.5,11
1966,12,20,0,NULO,20.5,10.5
1966,12,21,0,NULO,21.5,10
1966,12,22,0,NULO,23,12.5
1966,12,23,0,NULO,20,13
1966,12,24,0,NULO,16,5.5
1966,12,25,0,NULO,18.5,6
1966,12,26,0,NULO,21.5,9.5
1966,12,27,0,NULO,23.5,11.5
1966,12,28,0,NULO,24,13.5
1966,12,29,0,NULO,19.5,11.5
1966,12,30,0,NULO,21.5,12.2
1966,12,31,0,NULO,22.5,12.5
1967,1,1,6,NULO,21,16
1967,1,2,0.6,NULO,21,13.5
1967,1,3,1,NULO,17,14
1967,1,4,0,NULO,18,9
1967,1,5,0,NULO,19,10
1967,1,6,0,NULO,19.5,11
1967,1,7,0,NULO,16,11.5
1967,1,8,0.5,NULO,17.5,8.5
1967,1,9,8.5,NULO,8,3
1967,1,10,14,NULO,9.5,4
1967,1,11,6.5,NULO,13,2
1967,1,12,1.5,NULO,16,2.5
1967,1,13,0,NULO,19,4
1967,1,14,1.5,NULO,19,6
1967,1,15,0,NULO,18.5,10
1967,1,16,0,NULO,19,11.5
1967,1,17,1.5,NULO,19,11.5
1967,1,18,0,NULO,18,11.2
1967,1,19,5,NULO,17.5,11
1967,1,20,0,NULO,21,11
1967,1,21,0,NULO,22,9
1967,1,22,0,NULO,23,10
1967,1,23,0,NULO,22.7,14.5
1967,1,24,0,NULO,23,15
1967,1,25,0,NULO,22.5,16
1967,1,26,0,NULO,20.5,15
1967,1,27,0,NULO,19.5,13
1967,1,28,0,NULO,20.5,11.5
1967,1,29,0,NULO,21.5,11.5
1967,1,30,0,NULO,23,12
1967,1,31,0,NULO,23.5,14
1967,2,1,0,NULO,23.5,14
1967,2,2,0,NULO,21,16
1967,2,3,1,NULO,23,14
1967,2,4,0,NULO,24.5,13.5
1967,2,5,0,NULO,23.5,14
1967,2,6,0,NULO,20,16
1967,2,7,0,NULO,16,8.5
1967,2,8,1,NULO,17.5,7.5
1967,2,9,0,NULO,16.5,8
1967,2,10,0,NULO,16.5,9.5
1967,2,11,0,NULO,20.5,9.5
1967,2,12,0,NULO,16,10.5
1967,2,13,0,NULO,17.5,8.5
1967,2,14,0,NULO,19.5,5.5
1967,2,15,0,NULO,21.5,11
1967,2,16,0,NULO,21.5,13
1967,2,17,0,NULO,24,14
1967,2,18,0,NULO,24,15
1967,2,19,0,NULO,25,15
1967,2,20,4,NULO,22.5,18
1967,2,21,0,NULO,19.5,15
1967,2,22,0,NULO,20,12.5
1967,2,23,4,NULO,22,10.5
1967,2,24,0,NULO,22.5,12.5
1967,2,25,5.5,NULO,21,13.5
1967,2,26,0,NULO,22.5,14
1967,2,27,0,NULO,24,14.5
1967,2,28,18.5,NULO,20,14
1967,3,1,1.5,NULO,19.5,10
1967,3,2,0,NULO,21,10.5
1967,3,3,0,NULO,24.5,12.5
1967,3,4,0,NULO,25,14.5
1967,3,5,0,NULO,26,17
1967,3,6,0,NULO,22.5,18
1967,3,7,0,NULO,21,14.5
1967,3,8,0,NULO,23,14.5
1967,3,9,0,NULO,24,14
1967,3,10,0,NULO,25,16
1967,3,11,0,NULO,25,17
1967,3,12,0,NULO,25.5,17
1967,3,13,0,NULO,26,17
1967,3,14,0,NULO,25,18
1967,3,15,0,NULO,26,18.5
1967,3,16,0,NULO,24,19
1967,3,17,0,NULO,24,16.5
1967,3,18,0,NULO,25,17
1967,3,19,0,NULO,25.5,17
1967,3,20,0,NULO,26.5,17.5
1967,3,21,0,NULO,26,17.5
1967,3,22,0,NULO,25.3,19
1967,3,23,36,NULO,23,18.5
1967,3,24,5,NULO,22.5,16
1967,3,25,0,NULO,25,14.5
1967,3,26,0,NULO,26,15.5
1967,3,27,0,NULO,26.5,18.5
1967,3,28,0,NULO,25.5,19
1967,3,29,0,NULO,26,18
1967,3,30,0,NULO,25.5,18.5
1967,3,31,0,NULO,27,18.5
1967,4,1,0,NULO,27,18.5
1967,4,2,0,NULO,24,18.5
1967,4,3,5,NULO,24.5,17.5
1967,4,4,0,NULO,26,16.5
1967,4,5,0,NULO,26,17.5
1967,4,6,0,NULO,26.5,18.5
1967,4,7,0,NULO,26,19.5
1967,4,8,0,NULO,26,18.5
1967,4,9,0,NULO,27.5,18
1967,4,10,0,NULO,27,18
1967,4,11,0,NULO,27.5,18.5
1967,4,12,0,NULO,29,20
1967,4,13,0,NULO,29,19.5
1967,4,14,0,NULO,29.5,20.5
1967,4,15,0,NULO,29.5,22
1967,4,16,0,NULO,28,22
1967,4,17,0,NULO,29,21
1967,4,18,0,NULO,27.5,21.5
1967,4,19,0,NULO,27.5,20.5
1967,4,20,0,NULO,27.5,20.5
1967,4,21,0,NULO,29.5,20
1967,4,22,0,NULO,29.5,21.5
1967,4,23,0,NULO,28,22
1967,4,24,0,NULO,29.5,21.5
1967,4,25,0,NULO,30,21
1967,4,26,0,NULO,30,23
1967,4,27,0,NULO,28.5,23.5
1967,4,28,0,NULO,28.5,21
1967,4,29,0,NULO,29.5,21.5
1967,4,30,0,NULO,29.5,22
1967,5,1,0,NULO,31,22
1967,5,2,0,NULO,28,22.5
1967,5,3,0,NULO,30,21.5
1967,5,4,0,NULO,30.5,21.5
1967,5,5,0,NULO,30,23
1967,5,6,0,NULO,30,22
1967,5,7,0,NULO,29.5,22
1967,5,8,0,NULO,29.5,22.5
1967,5,9,0,NULO,30.5,22.5
1967,5,10,0,NULO,31,22.5
1967,5,11,0,NULO,30,23
1967,5,12,0,NULO,30.5,22
1967,5,13,70,NULO,31.5,23
1967,5,14,0,NULO,30.5,23.5
1967,5,15,25,NULO,26,22
1967,5,16,0,NULO,26,17.5
1967,5,17,0,NULO,27.5,17.5
1967,5,18,0,NULO,28,17.5
1967,5,19,85,NULO,29,20.5
1967,5,20,0,NULO,29.5,21
1967,5,21,21,NULO,28,22.5
1967,5,22,1,NULO,25.5,20.5
1967,5,23,0,NULO,26,18
1967,5,24,65,NULO,26,18.5
1967,5,25,0,NULO,26,19.5
1967,5,26,98,NULO,27,19
1967,5,27,0,NULO,28.3,18.5
1967,5,28,0,NULO,29.1,20.5
1967,5,29,0,NULO,30.5,22.5
1967,5,30,0,NULO,31.5,22.5
1967,5,31,0,NULO,31,23.7
1967,6,1,0,NULO,30.5,23
1967,6,2,0,NULO,29,23
1967,6,3,34,NULO,30,22
1967,6,4,0,NULO,28,23
1967,6,5,0,NULO,28.5,21
1967,6,6,0,NULO,28.5,21.5
1967,6,7,0,NULO,29.5,21
1967,6,8,0,NULO,30.5,22
1967,6,9,0,NULO,31,22
1967,6,10,0,NULO,31,23.4
1967,6,11,0,NULO,30.5,24.5
1967,6,12,0,NULO,32,23.5
1967,6,13,0,NULO,30.5,24
1967,6,14,0,NULO,30,23
1967,6,15,0,NULO,30.5,26
1967,6,16,0,NULO,31,22.5
1967,6,17,0,NULO,29,23
1967,6,18,0,NULO,29,22
1967,6,19,0,NULO,29.5,21
1967,6,20,0,NULO,28,21.5
1967,6,21,0,NULO,30.5,21
1967,6,22,8,NULO,29,22
1967,6,23,14,NULO,29,22.5
1967,6,24,0.5,NULO,30,21.5
1967,6,25,2.5,NULO,29.5,22.5
1967,6,26,0,NULO,29,22
1967,6,27,0,NULO,29,22.5
1967,6,28,0,NULO,29,22.3
1967,6,29,0,NULO,30.5,22
1967,6,30,0,NULO,29,22.8
1967,7,1,0,NULO,30,22
1967,7,2,0,NULO,30,22
1967,7,3,0,NULO,29,22.5
1967,7,4,0,NULO,29.5,21.5
1967,7,5,0,NULO,30,22.5
1967,7,6,0,NULO,30.5,22.5
1967,7,7,0,NULO,31,23.4
1967,7,8,3.5,NULO,29.5,23
1967,7,9,1,NULO,29,21.5
1967,7,10,0,NULO,29.5,21
1967,7,11,0,NULO,29.5,22
1967,7,12,0,NULO,30.5,22.5
1967,7,13,0,NULO,30,21.5
1967,7,14,0,NULO,30,22.5
1967,7,15,0,NULO,29.5,22.5
1967,7,16,0,NULO,30,22
1967,7,17,0,NULO,31,22
1967,7,18,0,NULO,30.5,22.5
1967,7,19,0,NULO,29.5,22.8
1967,7,20,0,NULO,30,21.5
1967,7,21,13,NULO,29,22
1967,7,22,0.3,NULO,29.5,19.5
1967,7,23,0,NULO,29.5,20.5
1967,7,24,0,NULO,29.5,20
1967,7,25,7,NULO,29,21
1967,7,26,0,NULO,29.5,20.5
1967,7,27,0,NULO,29,21.5
1967,7,28,0,NULO,29.5,21
1967,7,29,0,NULO,31.5,21.8
1967,7,30,0,NULO,30.5,22.5
1967,7,31,0,NULO,31,22.5
1967,8,1,0,NULO,30.5,21.5
1967,8,2,0,NULO,30.5,22
1967,8,3,0,NULO,30,22
1967,8,4,0,NULO,30.5,22
1967,8,5,0,NULO,30.5,21.8
1967,8,6,0,NULO,28,21
1967,8,7,0,NULO,30.8,21
1967,8,8,0,NULO,30,21
1967,8,9,0,NULO,30,22
1967,8,10,2,NULO,29.3,22.5
1967,8,11,0,NULO,30,22
1967,8,12,10,NULO,27.5,22
1967,8,13,0,NULO,27.5,19
1967,8,14,0,NULO,28,18
1967,8,15,0,NULO,28.8,19
1967,8,16,0,NULO,31,21
1967,8,17,2.5,NULO,28,22
1967,8,18,0,NULO,29,20
1967,8,19,11,NULO,27.5,21
1967,8,20,10.5,NULO,27.5,19
1967,8,21,4,NULO,29.5,20
1967,8,22,33,NULO,29,20
1967,8,23,0,NULO,29,20
1967,8,24,0,NULO,29,21
1967,8,25,0,NULO,29.5,22
1967,8,26,11.5,NULO,28,22
1967,8,27,40,NULO,27.5,21
1967,8,28,7,NULO,27.5,20
1967,8,29,26,NULO,26.5,20.5
1967,8,30,45,NULO,27,19
1967,8,31,4.5,NULO,26.5,19.5
1967,9,1,20,NULO,27,19.5
1967,9,2,0,NULO,28.5,19
1967,9,3,22,NULO,27.5,20.5
1967,9,4,14,NULO,28,20
1967,9,5,86,NULO,28,21
1967,9,6,1,NULO,27,20.5
1967,9,7,20,NULO,28,20
1967,9,8,0,NULO,28,20.5
1967,9,9,5,NULO,27,19
1967,9,10,3,NULO,27,20
1967,9,11,0,NULO,27.1,19.5
1967,9,12,0,NULO,27.5,20
1967,9,13,0,NULO,28.5,20
1967,9,14,0.5,NULO,27.5,21
1967,9,15,8,NULO,28.2,20
1967,9,16,15,NULO,28.5,20.5
1967,9,17,0.5,NULO,27.5,21
1967,9,18,1,NULO,28,18.5
1967,9,19,0,NULO,29.5,20.5
1967,9,20,1,NULO,30,21
1967,9,21,40,NULO,28.5,22.5
1967,9,22,63,NULO,27.5,21.5
1967,9,23,63,NULO,27,20
1967,9,24,70.5,NULO,26.2,18
1967,9,25,33.5,NULO,26.5,18.5
1967,9,26,16,NULO,27.5,19
1967,9,27,32,NULO,23,19.5
1967,9,28,0,NULO,22.5,15
1967,9,29,0,NULO,22,14.5
1967,9,30,0,NULO,23.5,14.5
1967,10,1,0,NULO,24.5,15.2
1967,10,2,2,NULO,27.5,17
1967,10,3,102,NULO,26,17.5
1967,10,4,4.5,NULO,27.5,19
1967,10,5,0,NULO,26.5,19.5
1967,10,6,0,NULO,27,19.5
1967,10,7,0,NULO,27.5,20
1967,10,8,0,NULO,25,20
1967,10,9,0,NULO,24,17.5
1967,10,10,0,NULO,26,17
1967,10,11,1.5,NULO,25.5,17
1967,10,12,0,NULO,26.5,17.5
1967,10,13,0,NULO,27.5,18.5
1967,10,14,0,NULO,28,19
1967,10,15,0,NULO,28.5,20
1967,10,16,46,NULO,22.5,21.5
1967,10,17,0,NULO,21,14.5
1967,10,18,0,NULO,21.5,14.5
1967,10,19,0,NULO,21.5,13
1967,10,20,0,NULO,23.5,13.1
1967,10,21,0,NULO,21.5,19.5
1967,10,22,0,NULO,23.5,15.5
1967,10,23,0,NULO,25,16
1967,10,24,0,NULO,25.5,16.5
1967,10,25,1,NULO,24.5,17.5
1967,10,26,0,NULO,25.5,16.5
1967,10,27,0,NULO,26.5,17
1967,10,28,1,NULO,27,17
1967,10,29,0,NULO,26,19
1967,10,30,0,NULO,22.5,12.5
1967,10,31,0,NULO,20,11.5
1967,11,1,2,NULO,24.5,11.5
1967,11,2,0,NULO,23,17
1967,11,3,1.5,NULO,20,12.5
1967,11,4,0,NULO,19,12.5
1967,11,5,0,NULO,22.5,12.5
1967,11,6,20,NULO,22.5,12
1967,11,7,11.5,NULO,21.5,12
1967,11,8,0,NULO,23.5,14
1967,11,9,0,NULO,22,14.5
1967,11,10,1,NULO,24.5,15.5
1967,11,11,35,NULO,23.5,15.5
1967,11,12,11.5,NULO,23,15.2
1967,11,13,2.5,NULO,22.5,15.5
1967,11,14,0,NULO,19,15
1967,11,15,0,NULO,23.5,15
1967,11,16,0,NULO,23,16
1967,11,17,0,NULO,25,16
1967,11,18,0,NULO,24.5,16.5
1967,11,19,0,NULO,24.5,16.5
1967,11,20,0,NULO,24,16.5
1967,11,21,0,NULO,24.5,11.8
1967,11,22,0,NULO,25.5,16.5
1967,11,23,0,NULO,26,17.5
1967,11,24,0,NULO,26,17
1967,11,25,0,NULO,26.5,18.5
1967,11,26,0,NULO,26,18.5
1967,11,27,0,NULO,26,18.5
1967,11,28,0,NULO,25,18
1967,11,29,0,NULO,24.5,17.5
1967,11,30,0,NULO,25.5,16.5
1967,12,1,0,NULO,26.5,17.5
1967,12,2,80,NULO,22.5,17.5
1967,12,3,0,NULO,19,10.5
1967,12,4,0,NULO,21.5,11.5
1967,12,5,0,NULO,23.5,11.5
1967,12,6,0,NULO,23,11.5
1967,12,7,0,NULO,24.5,10.5
1967,12,8,0,NULO,24.5,11
1967,12,9,0,NULO,21,12.4
1967,12,10,0.5,NULO,18.6,10
1967,12,11,0,NULO,18.5,9.5
1967,12,12,0,NULO,20.5,9
1967,12,13,0,NULO,23.6,11.5
1967,12,14,0,NULO,23.5,12
1967,12,15,2,NULO,20,12.4
1967,12,16,0,NULO,22,12
1967,12,17,0,NULO,24,11.5
1967,12,18,0,NULO,22,15.5
1967,12,19,0,NULO,23,14.5
1967,12,20,0,NULO,24.5,15
1967,12,21,42,NULO,21.5,15.1
1967,12,22,0,NULO,16,13.5
1967,12,23,0,NULO,15,6.5
1967,12,24,0,NULO,19.6,6.5
1967,12,25,0,NULO,19.5,7.5
1967,12,26,0,NULO,20.5,12
1967,12,27,0,NULO,19.5,12
1967,12,28,0,NULO,20,12.3
1967,12,29,0,NULO,22.5,12
1967,12,30,0,NULO,25,12.5
1967,12,31,0,NULO,23.5,9
1968,1,1,9,NULO,21,15.5
1968,1,2,0,NULO,23,14
1968,1,3,0,NULO,24.5,14
1968,1,4,0,NULO,25.5,15
1968,1,5,0,NULO,24.5,17.5
1968,1,6,20,NULO,20.5,16.5
1968,1,7,10.5,NULO,18.2,12.5
1968,1,8,0,NULO,18,5.5
1968,1,9,0.01,NULO,20,8
1968,1,10,0.01,NULO,17.5,11
1968,1,11,0.01,NULO,21,9.5
1968,1,12,18.5,NULO,17.5,10
1968,1,13,0,NULO,14,9.5
1968,1,14,0,NULO,17,5
1968,1,15,0.5,NULO,19,5.5
1968,1,16,0,NULO,20.5,10
1968,1,17,0,NULO,22.5,10.1
1968,1,18,0,NULO,22,14
1968,1,19,6,NULO,19,15
1968,1,20,2,NULO,17,8
1968,1,21,2,NULO,18.5,8.5
1968,1,22,0,NULO,20,9
1968,1,23,0,NULO,19.5,12
1968,1,24,0,NULO,17.5,11.5
1968,1,25,0,NULO,20,10
1968,1,26,0,NULO,23,10.5
1968,1,27,0,NULO,24,13.5
1968,1,28,0,NULO,23.5,13.5
1968,1,29,0,NULO,21.5,16
1968,1,30,0,NULO,22,14.5
1968,1,31,0,NULO,22.5,14.5
1968,2,1,14.5,NULO,20.5,15
1968,2,2,0,NULO,18,13
1968,2,3,0,NULO,20,9.5
1968,2,4,0,NULO,21.5,10.5
1968,2,5,1,NULO,20.5,12.5
1968,2,6,0,NULO,17.5,13
1968,2,7,0,NULO,17.2,9.5
1968,2,8,0,NULO,18.5,9
1968,2,9,0,NULO,20,9
1968,2,10,0.5,NULO,21.5,11.5
1968,2,11,0,NULO,21,13
1968,2,12,0,NULO,23,14
1968,2,13,0,NULO,23,14
1968,2,14,1,NULO,22,14.5
1968,2,15,1.5,NULO,19,14.5
1968,2,16,0.5,NULO,20.5,10
1968,2,17,8.5,NULO,20.5,10.5
1968,2,18,4,NULO,17,10.5
1968,2,19,1,NULO,17,9.5
1968,2,20,0,NULO,19.5,9.5
1968,2,21,0,NULO,20.5,10
1968,2,22,0,NULO,20.5,13
1968,2,23,0,NULO,16.5,13.5
1968,2,24,0,NULO,20.5,8.5
1968,2,25,0,NULO,19.5,9
1968,2,26,0,NULO,21.5,9
1968,2,27,0,NULO,21.5,12
1968,2,28,1,NULO,20.5,13.5
1968,2,29,0,NULO,17.5,13
1968,3,1,0,NULO,18,8
1968,3,2,0,NULO,21,8
1968,3,3,32,NULO,18,6.5
1968,3,4,7,NULO,15,8
1968,3,5,0.01,NULO,19.5,7
1968,3,6,0.01,NULO,19.5,7.5
1968,3,7,0,NULO,22,11.5
1968,3,8,0,NULO,23,12.5
1968,3,9,0,NULO,25,13
1968,3,10,0,NULO,24,16
1968,3,11,0,NULO,21.5,16
1968,3,12,0,NULO,18,12.5
1968,3,13,0,NULO,19.5,9.5
1968,3,14,0,NULO,21,11
1968,3,15,0,NULO,22,12.5
1968,3,16,0,NULO,22.5,14
1968,3,17,0,NULO,22.5,14.5
1968,3,18,0,NULO,23,14.5
1968,3,19,0,NULO,25.4,15
1968,3,20,0.01,NULO,24.5,15.5
1968,3,21,3,NULO,21,14
1968,3,22,0,NULO,16,6.5
1968,3,23,0,NULO,17.5,7
1968,3,24,0,NULO,19.5,9
1968,3,25,0,NULO,22.5,10
1968,3,26,0,NULO,23.5,10
1968,3,27,0,NULO,24.5,14
1968,3,28,0,NULO,24,16
1968,3,29,0,NULO,30,16.1
1968,3,30,0,NULO,27.5,16.5
1968,3,31,0.5,NULO,26,17
1968,4,1,0,NULO,26,17
1968,4,2,0,NULO,25.5,17
1968,4,3,0,NULO,27,18
1968,4,4,0,NULO,24.5,18.5
1968,4,5,0,NULO,23.5,17.5
1968,4,6,0,NULO,25.5,15.5
1968,4,7,0,NULO,26.5,15.5
1968,4,8,7,NULO,24.5,18
1968,4,9,0.01,NULO,24.5,16
1968,4,10,1,NULO,24.5,16.5
1968,4,11,4.5,NULO,23,16
1968,4,12,0,NULO,26,15.5
1968,4,13,0,NULO,27.5,15
1968,4,14,0,NULO,27,19
1968,4,15,0,NULO,26,19
1968,4,16,0,NULO,27,19
1968,4,17,0,NULO,27,19.5
1968,4,18,0,NULO,26,19.5
1968,4,19,0,NULO,28.5,19.5
1968,4,20,0,NULO,29.5,19
1968,4,21,0,NULO,29,21
1968,4,22,0,NULO,28.5,21
1968,4,23,3.5,NULO,24.5,20
1968,4,24,6,NULO,20.5,14.5
1968,4,25,0,NULO,24.5,12
1968,4,26,0,NULO,27,14
1968,4,27,0,NULO,27.5,14
1968,4,28,27,NULO,26.5,14
1968,4,29,20,NULO,23,14.5
1968,4,30,0,NULO,24.5,15.5
1968,5,1,0,NULO,26.5,15.5
1968,5,2,0,NULO,27.5,15.5
1968,5,3,0,NULO,28.5,20
1968,5,4,3,NULO,30,20.5
1968,5,5,1,NULO,27,19.5
1968,5,6,0,NULO,28,19.5
1968,5,7,0,NULO,29.5,20.5
1968,5,8,2.5,NULO,27.1,20
1968,5,9,0,NULO,28,18.5
1968,5,10,1.5,NULO,28,20.5
1968,5,11,25.5,NULO,27.5,20.1
1968,5,12,0.01,NULO,29,20.5
1968,5,13,0,NULO,29,19
1968,5,14,0,NULO,28,21
1968,5,15,0,NULO,29,21.5
1968,5,16,0,NULO,29,20
1968,5,17,0,NULO,30,21
1968,5,18,45.5,NULO,26.5,21
1968,5,19,26.5,NULO,27.5,19
1968,5,20,64.5,NULO,26,19
1968,5,21,0,NULO,27,18
1968,5,22,0,NULO,29.5,19
1968,5,23,0,NULO,30.5,19.5
1968,5,24,0,NULO,30.5,20
1968,5,25,0,NULO,30.5,19.5
1968,5,26,0,NULO,30,22.5
1968,5,27,0,NULO,30,22
1968,5,28,0,NULO,28,23
1968,5,29,0,NULO,29,20.5
1968,5,30,0,NULO,29,21
1968,5,31,0,NULO,29,20
1968,6,1,0,NULO,27.5,20
1968,6,2,0,NULO,28,20
1968,6,3,0,NULO,29,20
1968,6,4,0,NULO,31.5,21
1968,6,5,0.01,NULO,30.5,21.5
1968,6,6,0,NULO,30.5,21.5
1968,6,7,0,NULO,30.5,21.5
1968,6,8,0,NULO,32.5,22
1968,6,9,0,NULO,31,23
1968,6,10,0,NULO,31,22.5
1968,6,11,0,NULO,30.5,22.5
1968,6,12,10,NULO,29,22
1968,6,13,0,NULO,29.5,20.5
1968,6,14,0,NULO,29.5,21.5
1968,6,15,0,NULO,29.5,21.5
1968,6,16,0,NULO,28,20.5
1968,6,17,0.01,NULO,28.5,20.5
1968,6,18,8,NULO,28,21
1968,6,19,19,NULO,26,19.5
1968,6,20,30,NULO,28.5,19.5
1968,6,21,0,NULO,30,20.5
1968,6,22,17,NULO,30,19
1968,6,23,0,NULO,29,18
1968,6,24,0,NULO,30.5,19.5
1968,6,25,0,NULO,30,21.5
1968,6,26,4,NULO,27,21
1968,6,27,0,NULO,29,19
1968,6,28,0,NULO,30,19.5
1968,6,29,25,NULO,28.5,19.5
1968,6,30,26.5,NULO,27,19
1968,7,1,1,NULO,28.5,19.5
1968,7,2,2,NULO,28,19.5
1968,7,3,4.5,NULO,27,19.5
1968,7,4,0.5,NULO,27,19
1968,7,5,0.01,NULO,28,19
1968,7,6,15.5,NULO,27.5,20.5
1968,7,7,0,NULO,28,19
1968,7,8,0,NULO,29.5,20
1968,7,9,0,NULO,30,21.5
1968,7,10,0,NULO,30,22.5
1968,7,11,0.01,NULO,28,22.5
1968,7,12,0.01,NULO,29.5,21
1968,7,13,0,NULO,28.5,21
1968,7,14,0,NULO,29,21
1968,7,15,11,NULO,28,21
1968,7,16,0,NULO,27.1,20
1968,7,17,0,NULO,28.5,18.5
1968,7,18,0.5,NULO,29.5,19.5
1968,7,19,6,NULO,28.5,21.1
1968,7,20,0,NULO,27.5,20
1968,7,21,16.5,NULO,28,19.5
1968,7,22,0.01,NULO,27.5,19.5
1968,7,23,9,NULO,26.5,19
1968,7,24,12,NULO,27.5,18.5
1968,7,25,12.5,NULO,24,18
1968,7,26,7,NULO,26,17.5
1968,7,27,22,NULO,25.5,17.5
1968,7,28,0.01,NULO,26.5,18
1968,7,29,0,NULO,27.5,17.5
1968,7,30,0,NULO,28,19.5
1968,7,31,0,NULO,27,20
1968,8,1,3.5,NULO,27,19.5
1968,8,2,0.01,NULO,27,19
1968,8,3,8.5,NULO,28.5,19
1968,8,4,10,NULO,27.5,19.5
1968,8,5,0.01,NULO,27,19
1968,8,6,1,NULO,28.5,18
1968,8,7,0,NULO,27.5,19.5
1968,8,8,2,NULO,27.5,19.5
1968,8,9,1,NULO,28.5,19.5
1968,8,10,0,NULO,28.5,19.5
1968,8,11,0,NULO,30,19
1968,8,12,0,NULO,30.5,20
1968,8,13,0,NULO,30.5,20
1968,8,14,13,NULO,29.5,23
1968,8,15,14,NULO,29.5,21.5
1968,8,16,0.01,NULO,28,20.5
1968,8,17,4.5,NULO,28.5,20
1968,8,18,0,NULO,28.5,20.5
1968,8,19,0.01,NULO,27.5,20.5
1968,8,20,21,NULO,26,20
1968,8,21,43,NULO,26,17.5
1968,8,22,2,NULO,27,18.5
1968,8,23,0,NULO,27.5,18.5
1968,8,24,0,NULO,29.5,18.5
1968,8,25,2,NULO,27.5,18
1968,8,26,0,NULO,27.5,19.5
1968,8,27,0,NULO,27.5,19
1968,8,28,3,NULO,27.5,19
1968,8,29,0,NULO,28,19
1968,8,30,0,NULO,27,20.5
1968,8,31,0,NULO,27.5,19.5
1968,9,1,0,NULO,28.5,20.5
1968,9,2,0,NULO,30,20.5
1968,9,3,0,NULO,30.5,21.5
1968,9,4,0,NULO,30,22
1968,9,5,42,NULO,27.5,21.5
1968,9,6,23,NULO,28,19
1968,9,7,4,NULO,27.5,19
1968,9,8,27,NULO,27,19.5
1968,9,9,3.5,NULO,27.5,18.5
1968,9,10,53.5,NULO,26.5,18.8
1968,9,11,25.5,NULO,23.5,18.5
1968,9,12,7.5,NULO,26.5,16.5
1968,9,13,0,NULO,28,16
1968,9,14,0,NULO,30,20
1968,9,15,0,NULO,31,21
1968,9,16,0,NULO,31,21
1968,9,17,33.5,NULO,26.5,21.5
1968,9,18,0.5,NULO,27.5,17.5
1968,9,19,0,NULO,29.5,18.5
1968,9,20,0,NULO,28,20.5
1968,9,21,21.5,NULO,27,20
1968,9,22,31,NULO,26.5,19
1968,9,23,9.5,NULO,26,20
1968,9,24,0.5,NULO,26,19.5
1968,9,25,0.01,NULO,26,18.5
1968,9,26,5,NULO,25.5,18
1968,9,27,3,NULO,26.5,17.5
1968,9,28,0,NULO,27.5,17.5
1968,9,29,4,NULO,27,17.5
1968,9,30,6,NULO,26.5,17
1968,10,1,0,NULO,27.5,18.5
1968,10,2,0,NULO,28.5,19.5
1968,10,3,0,NULO,28.5,21.5
1968,10,4,0,NULO,28,21
1968,10,5,0,NULO,28,21
1968,10,6,0,NULO,29,19
1968,10,7,11.5,NULO,28.5,21.5
1968,10,8,0,NULO,29.5,20.5
1968,10,9,0.01,NULO,27.5,20
1968,10,10,47,NULO,26.5,18.5
1968,10,11,1,NULO,28,18
1968,10,12,0,NULO,26,19
1968,10,13,0,NULO,27,18.5
1968,10,14,10,NULO,27.5,18
1968,10,15,0.01,NULO,27,19
1968,10,16,0,NULO,28,19.4
1968,10,17,51,NULO,24.5,20
1968,10,18,13.5,NULO,24.5,17.5
1968,10,19,0.01,NULO,27.5,16.5
1968,10,20,0,NULO,30,16.5
1968,10,21,0,NULO,27,20
1968,10,22,1,NULO,26,19
1968,10,23,0,NULO,26,18.5
1968,10,24,0.01,NULO,24.2,19.5
1968,10,25,0,NULO,24.5,16
1968,10,26,0,NULO,25.5,16
1968,10,27,0,NULO,25,15.5
1968,10,28,0,NULO,24.5,16
1968,10,29,0,NULO,24,16
1968,10,30,0,NULO,25.5,16
1968,10,31,0,NULO,25,16.5
1968,11,1,0,NULO,25.5,17
1968,11,2,0,NULO,26,17.5
1968,11,3,14.5,NULO,22.5,17
1968,11,4,0,NULO,24.5,15.5
1968,11,5,0,NULO,26.5,16.5
1968,11,6,0,NULO,27.5,16
1968,11,7,0.5,NULO,24,16.5
1968,11,8,4.5,NULO,19,16
1968,11,9,0.01,NULO,19,4
1968,11,10,0,NULO,20.5,9.5
1968,11,11,0,NULO,19.5,9.5
1968,11,12,0,NULO,21,9
1968,11,13,0,NULO,23,10.5
1968,11,14,0,NULO,23.5,10
1968,11,15,0,NULO,24,15.5
1968,11,16,0,NULO,25.5,16
1968,11,17,3,NULO,25,16
1968,11,18,0,NULO,28.5,17
1968,11,19,12,NULO,20,13
1968,11,20,4.5,NULO,20,10.5
1968,11,21,0,NULO,20.5,11
1968,11,22,0,NULO,22,11
1968,11,23,0,NULO,24.5,11.5
1968,11,24,0,NULO,23.5,14.5
1968,11,25,0,NULO,23,15
1968,11,26,0,NULO,23.5,15.5
1968,11,27,0,NULO,20.5,15.5
1968,11,28,7.5,NULO,20,11.5
1968,11,29,11,NULO,18,12
1968,11,30,0.5,NULO,20,9
1968,12,1,NULO,NULO,21.5,0
1968,12,2,0,NULO,24,12
1968,12,3,2,NULO,21,13.5
1968,12,4,0,NULO,18,10.5
1968,12,5,0,NULO,22.5,9.5
1968,12,6,0,NULO,23.5,11.5
1968,12,7,31,NULO,20,15
1968,12,8,4,NULO,18,7.5
1968,12,9,0,NULO,21,7.5
1968,12,10,24,NULO,22,11
1968,12,11,0.01,NULO,22,11
1968,12,12,0,NULO,23,14.5
1968,12,13,1.5,NULO,20,15
1968,12,14,0,NULO,19.5,12.5
1968,12,15,1,NULO,20.5,12
1968,12,16,0,NULO,21,13.5
1968,12,17,0,NULO,22,12.5
1968,12,18,0,NULO,22.5,14.5
1968,12,19,0,NULO,23,14.5
1968,12,20,0,NULO,23,14
1968,12,21,0,NULO,24.5,15
1968,12,22,1.5,NULO,21,15.5
1968,12,23,0,NULO,16,10.5
1968,12,24,0,NULO,19,8
1968,12,25,0,NULO,21,8.5
1968,12,26,0,NULO,22,11
1968,12,27,0,NULO,23,12.5
1968,12,28,0,NULO,22,12
1968,12,29,0,NULO,24,14.5
1968,12,30,0,NULO,24.5,15
1968,12,31,40,NULO,21,15
1969,2,1,0,NULO,26.5,15.5
1969,2,2,0.5,NULO,24,17
1969,2,3,14.5,NULO,21,17
1969,2,4,0,NULO,20,11.5
1969,2,5,0,NULO,21,12
1969,2,6,0,NULO,23,13
1969,2,7,0,NULO,23,14
1969,2,8,0,NULO,20.5,14.5
1969,2,9,0,NULO,20.5,13.5
1969,2,10,0,NULO,22,13
1969,2,11,0,NULO,23,14.5
1969,2,12,0.5,NULO,24,13
1969,2,13,0,NULO,23.5,14.5
1969,2,14,0,NULO,24,14
1969,2,15,0,NULO,23,14.5
1969,2,16,0,NULO,24.5,14.5
1969,2,17,7,NULO,21,15
1969,2,18,9,NULO,17.5,11
1969,2,19,2,NULO,20.5,9
1969,2,20,0,NULO,22.1,9.5
1969,2,21,2,NULO,24,10
1969,2,22,9,NULO,21,10.5
1969,2,23,0,NULO,23.5,10
1969,2,24,29,NULO,23,10.5
1969,2,25,3,NULO,23.5,19.5
1969,2,26,0,NULO,24.5,11.5
1969,2,27,0,NULO,25.3,12
1969,2,28,3,NULO,22,12.5
1969,3,1,2,NULO,22,13
1969,3,2,0,NULO,22.5,12
1969,3,3,0,NULO,20,14.5
1969,3,4,0.5,NULO,19,12.5
1969,3,5,0,NULO,21,12
1969,3,6,0,NULO,21,12
1969,3,7,0,NULO,22.5,12.5
1969,3,8,0,NULO,21.5,13
1969,3,9,4,NULO,19,13.5
1969,3,10,4.5,NULO,16,11
1969,3,11,0.5,NULO,19,9
1969,3,12,0,NULO,18,8.5
1969,3,13,0,NULO,20,9
1969,3,14,0,NULO,23,9.5
1969,3,15,0.01,NULO,21,9.5
1969,3,16,0,NULO,19.5,9.5
1969,3,17,0,NULO,18.4,9
1969,3,18,0,NULO,19.5,9
1969,3,19,0,NULO,21,10
1969,3,20,1,NULO,25.5,10
1969,3,21,0,NULO,25.5,11
1969,3,22,0,NULO,26,11.5
1969,3,23,0,NULO,25,12
1969,3,24,0,NULO,23,13
1969,3,25,0,NULO,20,12.5
1969,3,26,0,NULO,20.5,12
1969,3,27,3,NULO,19.5,9
1969,3,28,3,NULO,22.5,11.4
1969,3,29,3,NULO,24,12
1969,3,30,11.5,NULO,23.5,15
1969,3,31,3,NULO,25,16
1969,4,1,0,NULO,23,15
1969,4,2,0,NULO,24.5,15
1969,4,3,0,NULO,26,16.5
1969,4,4,0,NULO,27.5,16
1969,4,5,3,NULO,26,19
1969,4,6,31,NULO,26,18.5
1969,4,7,0.5,NULO,26.5,16
1969,4,8,0,NULO,27,16.5
1969,4,9,0,NULO,27.5,19.5
1969,4,10,0.01,NULO,28.5,19.5
1969,4,11,0,NULO,27.5,19.5
1969,4,12,0,NULO,28,20
1969,4,13,0,NULO,26.5,20.5
1969,4,14,0,NULO,27,19.5
1969,4,15,0,NULO,27.5,19
1969,4,16,0,NULO,29,19.2
1969,4,17,0,NULO,28,19.5
1969,4,18,0,NULO,25.5,20
1969,4,19,0,NULO,27,17.3
1969,4,20,0,NULO,27.5,17.5
1969,4,21,0,NULO,26,17.5
1969,4,22,0,NULO,26.5,18.5
1969,4,23,0,NULO,27,18.5
1969,4,24,0,NULO,27.5,18
1969,4,25,0,NULO,27.5,19.5
1969,4,26,0,NULO,28.5,18.5
1969,4,27,0.01,NULO,27.5,19.5
1969,4,28,3,NULO,27.5,19.5
1969,4,29,5,NULO,27.5,20.5
1969,4,30,0,NULO,28,18.5
1969,5,1,0,NULO,29,21
1969,5,2,0,NULO,28.5,21.5
1969,5,3,0,NULO,29,21.5
1969,5,4,0,NULO,30,22
1969,5,5,0,NULO,36,21
1969,5,6,0,NULO,29,21
1969,5,7,0,NULO,30.5,21.8
1969,5,8,2.5,NULO,29.5,22.5
1969,5,9,3,NULO,27,21.8
1969,5,10,3.5,NULO,26,19
1969,5,11,26.5,NULO,26.5,19.5
1969,5,12,0.5,NULO,27.5,17
1969,5,13,1,NULO,29.5,17
1969,5,14,15.5,NULO,27.5,17.5
1969,5,15,14.5,NULO,30.5,18
1969,5,16,0,NULO,27.5,19
1969,5,17,0,NULO,27,18
1969,5,18,0,NULO,27.5,18.5
1969,5,19,0,NULO,27,18.5
1969,5,20,0,NULO,28,19
1969,5,21,0,NULO,27,20
1969,5,22,0,NULO,27.5,17
1969,5,23,0,NULO,27,19
1969,5,24,0,NULO,28.5,19.5
1969,5,25,0,NULO,29,20
1969,5,26,0,NULO,27,20
1969,5,27,0,NULO,28,19.5
1969,5,28,0,NULO,28,21
1969,5,29,0,NULO,27.5,19
1969,5,30,0,NULO,28,18.5
1969,5,31,0,NULO,28.5,18.5
1969,6,1,0,NULO,31,18.5
1969,6,2,0,NULO,30.5,22.5
1969,6,3,0,NULO,28.5,22.5
1969,6,4,0,NULO,30,21
1969,6,5,0,NULO,28.5,21
1969,6,6,0,NULO,30.5,21
1969,6,7,0,NULO,31,22
1969,6,8,0,NULO,30.5,22.5
1969,6,9,0,NULO,29,22.5
1969,6,10,0,NULO,29.5,23
1969,6,11,0,NULO,32,22
1969,6,12,0,NULO,33,22
1969,6,13,0,NULO,31.5,22.3
1969,6,14,0,NULO,30,23.5
1969,6,15,0,NULO,30,21
1969,6,16,0,NULO,30,21
1969,6,17,0,NULO,30.5,21
1969,6,18,0,NULO,31.5,22
1969,6,19,0,NULO,30.5,21
1969,6,20,0,NULO,31.5,22
1969,6,21,0,NULO,32.5,23.5
1969,6,22,0,NULO,32,24
1969,6,23,0,NULO,31.5,24.5
1969,6,24,0,NULO,31.5,23
1969,6,25,10,NULO,30.5,23
1969,6,26,20.5,NULO,30.5,22
1969,6,27,2.5,NULO,28,22
1969,6,28,17.5,NULO,28,21
1969,6,29,0.5,NULO,28,21
1969,6,30,1.5,NULO,27.5,21.5
1969,7,1,17,NULO,27.5,20.5
1969,7,2,42.5,NULO,26.5,19.5
1969,7,3,6,NULO,28.5,19.5
1969,7,4,0,NULO,30,20
1969,7,5,0,NULO,29.5,22
1969,7,6,8,NULO,29,21
1969,7,7,6,NULO,27.5,21
1969,7,8,3,NULO,28,20
1969,7,9,0.5,NULO,28,18.5
1969,7,10,0,NULO,29.5,20
1969,7,11,3,NULO,28.5,20.5
1969,7,12,0.5,NULO,29,20.5
1969,7,13,15.5,NULO,28.5,21
1969,7,14,0.01,NULO,29,21
1969,7,15,0,NULO,29,21.5
1969,7,16,0,NULO,30,22
1969,7,17,0,NULO,31,22.5
1969,7,18,0,NULO,30.5,22
1969,7,19,0,NULO,28.5,23
1969,7,20,0,NULO,29,20
1969,7,21,0,NULO,30.5,20.5
1969,7,22,0,NULO,31,22.5
1969,7,23,0,NULO,31,23
1969,7,24,0,NULO,30.5,23
1969,7,25,0,NULO,31.5,23.5
1969,7,26,0,NULO,32,23.5
1969,7,27,0,NULO,31.5,24
1969,7,28,0,NULO,31.5,23.5
1969,7,29,0,NULO,29.5,23.5
1969,7,30,0,NULO,29.5,21.5
1969,7,31,0,NULO,29,22
1969,8,1,14,NULO,28,22.5
1969,8,2,0,NULO,28.5,20.5
1969,8,3,0,NULO,29,20
1969,8,4,10,NULO,28,21
1969,8,5,0,NULO,29,19.5
1969,8,6,22.5,NULO,28,20
1969,8,7,23,NULO,29,20
1969,8,8,5,NULO,27,21.5
1969,8,9,16.5,NULO,27.5,21.5
1969,8,10,3,NULO,28.5,19.5
1969,8,11,2,NULO,28,20
1969,8,12,3,NULO,28,20
1969,8,13,0,NULO,29,20.5
1969,8,14,25,NULO,29,20.5
1969,8,15,0.01,NULO,29.5,20.5
1969,8,16,0,NULO,30,20.5
1969,8,17,0,NULO,29.5,21.5
1969,8,18,0,NULO,30,21.5
1969,8,19,45,NULO,27.5,22
1969,8,20,34,NULO,29,20.5
1969,8,21,60,NULO,28.5,21
1969,8,22,31,NULO,27.5,20.5
1969,8,23,1,NULO,29,20.5
1969,8,24,1,NULO,28.5,20
1969,8,25,0,NULO,28,20
1969,8,26,0,NULO,29,20
1969,8,27,13,NULO,28,21.5
1969,8,28,13,NULO,27,19.5
1969,8,29,4,NULO,28.5,19
1969,8,30,17.5,NULO,27,20
1969,8,31,110,NULO,26,19.5
1969,9,1,32,NULO,25.5,18
1969,9,2,4,NULO,25.5,18.5
1969,9,3,12,NULO,27,18
1969,9,4,2,NULO,27,18
1969,9,5,36.5,NULO,26.5,19
1969,9,6,58,NULO,27,19.5
1969,9,7,18,NULO,27.5,19.5
1969,9,8,22,NULO,27,19.5
1969,9,9,9.5,NULO,27,19.5
1969,9,10,25,NULO,27,19
1969,9,11,1.5,NULO,27.5,20
1969,9,12,9,NULO,27,20
1969,9,13,0,NULO,29,19.5
1969,9,14,0,NULO,28,19.5
1969,9,15,0,NULO,28.5,20
1969,9,16,0,NULO,29.5,20.5
1969,9,17,0,NULO,29.5,20.5
1969,9,18,0,NULO,28,21
1969,9,19,0,NULO,28.5,20.5
1969,9,20,0,NULO,29.5,19.5
1969,9,21,0,NULO,29,20.5
1969,9,22,0,NULO,29.5,21
1969,9,23,0,NULO,30,21
1969,9,24,12,NULO,28,21
1969,9,25,0,NULO,29,20
1969,9,26,13.5,NULO,27,20.5
1969,9,27,2,NULO,26.5,19.5
1969,9,28,11,NULO,25,19
1969,9,29,0,NULO,26.5,18
1969,9,30,0,NULO,25,18.5
1969,10,1,0,NULO,25.5,16.5
1969,10,2,0,NULO,28.5,16
1969,10,3,0,NULO,30,18.5
1969,10,4,0,NULO,31,22
1969,10,5,0,NULO,30,22
1969,10,6,0.01,NULO,29.7,22
1969,10,7,30,NULO,25.5,21
1969,10,8,4.5,NULO,26.5,18
1969,10,9,0,NULO,26.5,18.5
1969,10,10,0,NULO,28,18
1969,10,11,0,NULO,29,18.5
1969,10,12,0,NULO,30,22
1969,10,13,14,NULO,26.5,18
1969,10,14,0.5,NULO,22.5,19
1969,10,15,0,NULO,24.5,19.5
1969,10,16,0,NULO,26.5,17.5
1969,10,17,4,NULO,27.5,15
1969,10,18,0,NULO,26.5,15.5
1969,10,19,0,NULO,26.5,15.5
1969,10,20,0,NULO,27.5,15.5
1969,10,21,0,NULO,28,19.5
1969,10,22,0,NULO,28,19.5
1969,10,23,0,NULO,26.5,19
1969,10,24,0,NULO,26.5,19.5
1969,10,25,0.01,NULO,27,19
1969,10,26,0,NULO,26.5,19
1969,10,27,14,NULO,26,18
1969,10,28,1,NULO,25.5,17
1969,10,29,0,NULO,25.5,17.5
1969,10,30,18.5,NULO,24.5,17.5
1969,10,31,3,NULO,23,17
1969,11,1,0,NULO,23.5,14
1969,11,2,1,NULO,23,15.5
1969,11,3,0,NULO,20.5,15.5
1969,11,4,0,NULO,22,13
1969,11,5,0,NULO,25.5,13
1969,11,6,0,NULO,26,13.5
1969,11,7,0,NULO,25.5,17
1969,11,8,0,NULO,26,17
1969,11,9,0,NULO,26.5,17
1969,11,10,0,NULO,25.5,17.5
1969,11,11,0,NULO,25.5,18
1969,11,12,0,NULO,25.5,16.5
1969,11,13,0,NULO,26.5,17
1969,11,14,9,NULO,22.5,16.5
1969,11,15,1.5,NULO,21.5,8.5
1969,11,16,0,NULO,24.5,9
1969,11,17,0,NULO,26,14.5
1969,11,18,0,NULO,23,15
1969,11,19,0,NULO,16.5,12
1969,11,20,0,NULO,17.5,8.5
1969,11,21,0,NULO,20,8.5
1969,11,22,0,NULO,21,11.5
1969,11,23,0,NULO,21.5,10.5
1969,11,24,4.5,NULO,24,10.5
1969,11,25,46,NULO,22.5,15.5
1969,11,26,0.5,NULO,23,10.5
1969,11,27,13,NULO,21,15
1969,11,28,2.5,NULO,17.5,14.5
1969,11,29,11,NULO,16.5,9
1969,11,30,7,NULO,19,9
1969,12,1,0,NULO,20.5,8.5
1969,12,2,0,NULO,22.5,9
1969,12,3,0,NULO,23,13.5
1969,12,4,0,NULO,23,14
1969,12,5,1,NULO,26.5,15
1969,12,6,0,NULO,20.5,16.5
1969,12,7,0,NULO,19.5,13.5
1969,12,8,0,NULO,22.5,12
1969,12,9,0,NULO,23,12.5
1969,12,10,0,NULO,24,15
1969,12,11,6.5,NULO,22,15
1969,12,12,0,NULO,26.5,9.5
1969,12,13,0,NULO,22.9,10
1969,12,14,0,NULO,22.5,15
1969,12,15,0,NULO,22.5,15.5
1969,12,16,0,NULO,22,15.2
1969,12,17,0,NULO,22,14
1969,12,18,0,NULO,22,14.5
1969,12,19,0,NULO,22,14.5
1969,12,20,0,NULO,22,14.5
1969,12,21,0,NULO,22.5,15
1969,12,22,0,NULO,23,14
1969,12,23,0,NULO,24.5,14.5
1969,12,24,0,NULO,22,14.5
1969,12,25,0,NULO,22.5,14
1969,12,26,0,NULO,22.5,14
1969,12,27,0,NULO,24.5,13.5
1969,12,28,0,NULO,25,15
1969,12,29,4,NULO,21,15.5
1969,12,30,0.01,NULO,18,10.5
1969,12,31,1.5,NULO,15,9.5
1970,1,1,0,NULO,20,8.5
1970,1,2,0,NULO,18,9
1970,1,3,0,NULO,17,10.5
1970,1,4,0,NULO,19,9.5
1970,1,5,1,NULO,19,10
1970,1,6,3,NULO,14,10
1970,1,7,0,NULO,12,4
1970,1,8,1,NULO,16,4.5
1970,1,9,0,NULO,17.5,6
1970,1,10,0,NULO,20.5,6.5
1970,1,11,0,NULO,21,7.5
1970,1,12,0,NULO,21,12.5
1970,1,13,1,NULO,19.5,12.5
1970,1,14,0.5,NULO,20,12
1970,1,15,0,NULO,20.5,10.5
1970,1,16,0,NULO,20.5,10.5
1970,1,17,0,NULO,21,11.5
1970,1,18,0.5,NULO,20.5,12
1970,1,19,0.5,NULO,19,10
1970,1,20,0,NULO,20.7,11.5
1970,1,21,0,NULO,21.5,12
1970,1,22,0,NULO,21.5,12.5
1970,1,23,0,NULO,22.5,13
1970,1,24,0,NULO,22.5,13.5
1970,1,25,0,NULO,24,13.5
1970,1,26,0,NULO,23.5,15.5
1970,1,27,0,NULO,23,16
1970,1,28,0,NULO,24.5,16
1970,1,29,0,NULO,20.5,16
1970,1,30,0,NULO,18,10.5
1970,1,31,0,NULO,20.5,10.5
1970,2,1,0,NULO,21,11
1970,2,2,0,NULO,19.5,11.5
1970,2,3,0,NULO,19.5,11.5
1970,2,4,0,NULO,17.5,6.5
1970,2,5,0,NULO,20.5,7
1970,2,6,0,NULO,22.5,11
1970,2,7,0,NULO,23,14
1970,2,8,3,NULO,23.5,14.5
1970,2,9,1,NULO,22,14.5
1970,2,10,0,NULO,21.5,14
1970,2,11,0,NULO,21,13
1970,2,12,5,NULO,21.5,13
1970,2,13,0,NULO,21.5,14
1970,2,14,0,NULO,23.4,14
1970,2,15,0,NULO,22.5,14.5
1970,2,16,0,NULO,20,14.5
1970,2,17,0,NULO,20.5,11
1970,2,18,0,NULO,22.5,11.5
1970,2,19,17,NULO,19.5,12
1970,2,20,12.5,NULO,15.6,14.5
1970,2,21,12.5,NULO,18,8
1970,2,22,0,NULO,20.5,8.5
1970,2,23,0,NULO,21.5,8.5
1970,2,24,0,NULO,22.5,11
1970,2,25,0,NULO,22.3,14.5
1970,2,26,0,NULO,21.5,15
1970,2,27,0,NULO,22.5,14.5
1970,2,28,0,NULO,24,14.3
1970,3,1,0,NULO,24.5,15.5
1970,3,2,0,NULO,24.5,17
1970,3,3,0,NULO,25.5,17
1970,3,4,0,NULO,25,17
1970,3,5,0,NULO,25,17
1970,3,6,1,NULO,24,17
1970,3,7,0,NULO,21,16.5
1970,3,8,0,NULO,21,14
1970,3,9,0,NULO,22,13
1970,3,10,0,NULO,24,13.5
1970,3,11,3,NULO,21.1,15.5
1970,3,12,0.5,NULO,18.5,14.5
1970,3,13,0,NULO,19,10.5
1970,3,14,0,NULO,20,10.5
1970,3,15,0,NULO,21,11
1970,3,16,0,NULO,23,12.5
1970,3,17,0,NULO,24.3,14
1970,3,18,0,NULO,25,14
1970,3,19,4,NULO,25.5,14.5
1970,3,20,3,NULO,21.1,14.5
1970,3,21,1,NULO,19.5,13.5
1970,3,22,0,NULO,20.5,11
1970,3,23,0,NULO,21,12
1970,3,24,0,NULO,22,12
1970,3,25,0,NULO,23,12.5
1970,3,26,1.5,NULO,20.5,15.2
1970,3,27,0,NULO,27.5,13
1970,3,28,0,NULO,26,14.5
1970,3,29,0,NULO,23.5,17
1970,3,30,0,NULO,26,15
1970,3,31,0,NULO,25.5,15.5
1970,4,1,0,NULO,24.5,16
1970,4,2,0,NULO,24,17
1970,4,3,0,NULO,24,12.5
1970,4,4,0,NULO,25,15
1970,4,5,0,NULO,21.1,17
1970,4,6,0,NULO,23,13.5
1970,4,7,0,NULO,25,14
1970,4,8,0,NULO,25,16
1970,4,9,0,NULO,26.5,16.5
1970,4,10,0,NULO,26.5,16.5
1970,4,11,0,NULO,27.5,18.5
1970,4,12,0,NULO,27.5,18.5
1970,4,13,0,NULO,27.5,18.5
1970,4,14,0,NULO,29,18.5
1970,4,15,0,NULO,27,21
1970,4,16,0,NULO,28.5,20.5
1970,4,17,0,NULO,27,20
1970,4,18,0,NULO,28.5,20.5
1970,4,19,0,NULO,25,20
1970,4,20,0,NULO,27.5,16
1970,4,21,0,NULO,28.5,17
1970,4,22,0,NULO,27,16.5
1970,4,23,0,NULO,28,20
1970,4,24,0,NULO,28,20
1970,4,25,0,NULO,28,20
1970,4,26,0,NULO,28,20
1970,4,27,0,NULO,24.6,20.5
1970,4,28,0,NULO,28.5,21
1970,4,29,0,NULO,28.5,20.5
1970,4,30,0,NULO,30,21
1970,5,1,0,NULO,26.5,21
1970,5,2,2,NULO,21,16.5
1970,5,3,0,NULO,22.5,13.5
1970,5,4,0,NULO,23,13.5
1970,5,5,0,NULO,22.5,14.5
1970,5,6,0,NULO,23.5,14.5
1970,5,7,0,NULO,25,12.5
1970,5,8,0,NULO,27.5,15.5
1970,5,9,0,NULO,27.5,21
1970,5,10,0,NULO,28,16.5
1970,5,11,0,NULO,29.5,19.5
1970,5,12,0,NULO,28.4,16.5
1970,5,13,0,NULO,28,17
1970,5,14,5,NULO,28,17.5
1970,5,15,10.5,NULO,26,18
1970,5,16,0,NULO,26,17.5
1970,5,17,0,NULO,24.5,17.5
1970,5,18,0,NULO,26,16
1970,5,19,0,NULO,28,17
1970,5,20,0,NULO,26,17.5
1970,5,21,0,NULO,26.5,18
1970,5,22,0,NULO,28,19
1970,5,23,0,NULO,27.5,19.5
1970,5,24,0,NULO,29,19.5
1970,5,25,0,NULO,30,20
1970,5,26,0,NULO,30,20
1970,5,27,0,NULO,30,20.5
1970,5,28,0,NULO,30.5,20.5
1970,5,29,0,NULO,30.5,21
1970,5,30,0,NULO,30,21
1970,5,31,2.5,NULO,28.5,22
1970,6,1,4.5,NULO,28,21
1970,6,2,8,NULO,26,19
1970,6,3,0,NULO,27.5,19
1970,6,4,0,NULO,27,18.5
1970,6,5,0,NULO,25,19
1970,6,6,0,NULO,28,18
1970,6,7,3,NULO,28,18
1970,6,8,4,NULO,29,19.5
1970,6,9,41.5,NULO,28,20.5
1970,6,10,0,NULO,30.5,21
1970,6,11,0,NULO,30,21
1970,6,12,0,NULO,30.5,21.5
1970,6,13,0,NULO,32,21
1970,6,14,0,NULO,30,23
1970,6,15,0,NULO,29,22.5
1970,6,16,0,NULO,30,21.5
1970,6,17,0,NULO,30.5,21.5
1970,6,18,0,NULO,28,22
1970,6,19,0,NULO,29.5,21
1970,6,20,26,NULO,28,21
1970,6,21,45,NULO,27,20
1970,6,22,101,NULO,27,19.5
1970,6,23,2.5,NULO,28,19.5
1970,6,24,14.5,NULO,29.5,20
1970,6,25,85,NULO,26.1,21
1970,6,26,26,NULO,28,18.5
1970,6,27,8,NULO,28,19
1970,6,28,0,NULO,29,20.5
1970,6,29,0,NULO,29,20.5
1970,6,30,28,NULO,26,21
1970,7,1,2,NULO,27,21
1970,7,2,0,NULO,27,17.5
1970,7,3,29,NULO,27,19
1970,7,4,22.5,NULO,26.5,20
1970,7,5,0,NULO,28,19
1970,7,6,0,NULO,29.5,19
1970,7,7,0,NULO,27,21.5
1970,7,8,0,NULO,29,20.5
1970,7,9,0,NULO,27.5,21
1970,7,10,0,NULO,29,20
1970,7,11,0,NULO,28.5,20.5
1970,7,12,0,NULO,29.5,20.5
1970,7,13,0,NULO,29,21
1970,7,14,6,NULO,28,21.5
1970,7,15,28.5,NULO,27.5,21
1970,7,16,21,NULO,27,20.5
1970,7,17,2,NULO,28,20
1970,7,18,0,NULO,28,19.5
1970,7,19,0,NULO,28.5,20
1970,7,20,0,NULO,29.5,21
1970,7,21,0,NULO,27.5,22.5
1970,7,22,0,NULO,28,20.5
1970,7,23,0,NULO,28,20.5
1970,7,24,0,NULO,28.5,20.5
1970,7,25,0,NULO,28.2,21.5
1970,7,26,0,NULO,28,21
1970,7,27,6.5,NULO,27.5,20.5
1970,7,28,1,NULO,27.5,19.5
1970,7,29,0,NULO,30,19
1970,7,30,0,NULO,29.5,19
1970,7,31,7,NULO,28.5,19.5
1970,8,1,0,NULO,29.5,19.5
1970,8,2,10,NULO,28.5,20
1970,8,3,0,NULO,30.5,20.5
1970,8,4,35.5,NULO,28.5,21.5
1970,8,5,25,NULO,27.5,19.5
1970,8,6,6.5,NULO,27.5,19.5
1970,8,7,1,NULO,27,20.5
1970,8,8,0,NULO,28.5,20
1970,8,9,0,NULO,30.5,20.5
1970,8,10,0,NULO,29.5,20.5
1970,8,11,0,NULO,30,21.5
1970,8,12,0,NULO,30.5,21.5
1970,8,13,0,NULO,30.5,21.5
1970,8,14,4.5,NULO,29,21.5
1970,8,15,0.5,NULO,27,22.5
1970,8,16,8.5,NULO,28.8,19.5
1970,8,17,0.7,NULO,28,19.5
1970,8,18,0,NULO,28,19.5
1970,8,19,0,NULO,30,20.5
1970,8,20,0,NULO,31.5,20.5
1970,8,21,0,NULO,30,21
1970,8,22,0,NULO,30,21.5
1970,8,23,6.5,NULO,30.5,21.5
1970,8,24,0,NULO,28.5,22
1970,8,25,0,NULO,28.5,20.5
1970,8,26,8,NULO,27,20
1970,8,27,8,NULO,27.5,19.5
1970,8,28,8.5,NULO,28.5,20.5
1970,8,29,0,NULO,27.5,19.5
1970,8,30,15,NULO,26.5,20
1970,8,31,45,NULO,27,19.5
1970,9,1,0.5,NULO,28.5,19.5
1970,9,2,3.5,NULO,29,20.5
1970,9,3,0,NULO,28,21
1970,9,4,0,NULO,30.5,19.5
1970,9,5,0,NULO,30.5,22.5
1970,9,6,3,NULO,30,22.5
1970,9,7,0.5,NULO,27.5,21.5
1970,9,8,0,NULO,28,19.5
1970,9,9,0,NULO,27.5,20
1970,9,10,3.5,NULO,27.5,19.5
1970,9,11,0,NULO,28.5,20
1970,9,12,0,NULO,27,20.5
1970,9,13,0,NULO,29.5,20
1970,9,14,0,NULO,28.5,21
1970,9,15,0,NULO,29.5,20
1970,9,16,0,NULO,28.5,20.5
1970,9,17,23.5,NULO,26.5,20.5
1970,9,18,2.5,NULO,27.5,19
1970,9,19,0,NULO,27,19
1970,9,20,0,NULO,27,20.5
1970,9,21,0,NULO,29.5,19
1970,9,22,0,NULO,27.5,19.5
1970,9,23,43.5,NULO,27,20
1970,9,24,7,NULO,27.5,20.5
1970,9,25,85,NULO,27.5,19.5
1970,9,26,25,NULO,24.5,20.5
1970,9,27,5,NULO,20.6,15.5
1970,9,28,3,NULO,20,12.5
1970,9,29,4.5,NULO,24.5,12
1970,9,30,0,NULO,23,17
1970,10,1,0,NULO,25.5,12
1970,10,2,0,NULO,26,16.5
1970,10,3,8,NULO,25.5,17
1970,10,4,0,NULO,28,17.5
1970,10,5,0,NULO,28.5,19
1970,10,6,0,NULO,29,21
1970,10,7,0,NULO,25.5,19.5
1970,10,8,0,NULO,24.5,21
1970,10,9,0,NULO,25.5,16.5
1970,10,10,0,NULO,27,16
1970,10,11,0,NULO,27.5,17
1970,10,12,0,NULO,27,19.5
1970,10,13,0,NULO,26.5,18
1970,10,14,0,NULO,27.5,17
1970,10,15,5,NULO,25,19.5
1970,10,16,1,NULO,24.5,17.5
1970,10,17,2,NULO,24.5,16
1970,10,18,0,NULO,24,16.5
1970,10,19,0,NULO,24.5,16
1970,10,20,0,NULO,27,16
1970,10,21,0,NULO,27,17
1970,10,22,0,NULO,24.5,19.5
1970,10,23,0,NULO,28,19
1970,10,24,0,NULO,30,19.5
1970,10,25,0,NULO,28,20
1970,10,26,0,NULO,27.5,20.5
1970,10,27,2,NULO,24,20
1970,10,28,0,NULO,21.5,19
1970,10,29,0,NULO,22,13
1970,10,30,0,NULO,23,13.5
1970,10,31,0,NULO,23,14.5
1970,11,1,0,NULO,25,15
1970,11,2,5,NULO,21,17
1970,11,3,1.5,NULO,18,11
1970,11,4,0,NULO,17.5,10
1970,11,5,0,NULO,19,9
1970,11,6,0,NULO,21,9.5
1970,11,7,0,NULO,23.5,10
1970,11,8,0,NULO,23.5,10.5
1970,11,9,0,NULO,24,10.5
1970,11,10,0,NULO,25.5,16
1970,11,11,0,NULO,23.5,16.5
1970,11,12,0,NULO,25,15.5
1970,11,13,0,NULO,22,11.5
1970,11,14,0,NULO,19,14.5
1970,11,15,0,NULO,17.5,10
1970,11,16,0,NULO,19.5,9.5
1970,11,17,0,NULO,18,10.5
1970,11,18,0,NULO,19.5,9.5
1970,11,19,0,NULO,23,11
1970,11,20,0,NULO,23,12
1970,11,21,0,NULO,19,12
1970,11,22,0,NULO,24.5,12
1970,11,23,3,NULO,18,12.5
1970,11,24,0,NULO,16.5,5.5
1970,11,25,0,NULO,20.5,6.5
1970,11,26,0,NULO,22.5,10
1970,11,27,0,NULO,24,13.5
1970,11,28,0,NULO,29,20
1970,11,29,0,NULO,24.5,16.5
1970,11,30,0,NULO,25,16.5
1970,12,1,0,NULO,24.5,15.5
1970,12,2,0,NULO,23,16.5
1970,12,3,0,NULO,23,15.5
1970,12,4,0,NULO,23,15.5
1970,12,5,0,NULO,23.5,15.5
1970,12,6,0,NULO,23,15
1970,12,7,2,NULO,24.5,15.5
1970,12,8,0,NULO,22.5,16
1970,12,9,0,NULO,24.5,15
1970,12,10,0,NULO,23,16
1970,12,11,0,NULO,23.5,15.5
1970,12,12,1,NULO,20.5,16
1970,12,13,0,NULO,17,12.5
1970,12,14,0,NULO,21,9
1970,12,15,0,NULO,22.5,11
1970,12,16,0,NULO,21.5,10.5
1970,12,17,0,NULO,23.5,14
1970,12,18,0,NULO,24.5,14
1970,12,19,0,NULO,26,15.5
1970,12,20,0,NULO,25.5,16.5
1970,12,21,0,NULO,25,17
1970,12,22,0,NULO,25.5,17
1970,12,23,0,NULO,26,17.5
1970,12,24,0,NULO,24,17.5
1970,12,25,0,NULO,24.5,17.5
1970,12,26,0,NULO,24,17.5
1970,12,27,0,NULO,23.5,15
1970,12,28,0,NULO,23.5,15.5
1970,12,29,0,NULO,25.5,16
1970,12,30,0,NULO,26.5,16.5
1970,12,31,0,NULO,25.5,17
1971,1,1,0,NULO,24.4,17
1971,1,2,0,NULO,26,16.5
1971,1,3,0,NULO,25,17
1971,1,4,0,NULO,27.5,16.5
1971,1,5,0,NULO,15,9.5
1971,1,6,0,NULO,13,6.5
1971,1,7,0,NULO,12.5,5
1971,1,8,0,NULO,13,4.5
1971,1,9,0,NULO,21.5,5.5
1971,1,10,0,NULO,22.5,9.5
1971,1,11,0,NULO,23.5,14.5
1971,1,12,0,NULO,24.5,15.5
1971,1,13,0,NULO,25,15.5
1971,1,14,0,NULO,25,17
1971,1,15,0,NULO,23,17.5
1971,1,16,0,NULO,22,16
1971,1,17,0,NULO,23.5,14
1971,1,18,0,NULO,20.5,14.5
1971,1,19,0,NULO,19.5,13
1971,1,20,0,NULO,20.5,12
1971,1,21,0,NULO,22.5,12
1971,1,22,0,NULO,23,12.5
1971,1,23,0,NULO,24,15
1971,1,24,0,NULO,24.5,15
1971,1,25,0,NULO,24.5,16
1971,1,26,0,NULO,23,16.5
1971,1,27,0,NULO,24.5,17
1971,1,28,0,NULO,23,16.5
1971,1,29,0,NULO,24,16
1971,1,30,0,NULO,29.5,15.5
1971,1,31,0,NULO,26,17.5
1971,2,1,3,NULO,22,16
1971,2,2,0,NULO,22.5,14
1971,2,3,0,NULO,23,13.5
1971,2,4,0,NULO,24,15
1971,2,5,0,NULO,24,16
1971,2,6,0,NULO,25,16
1971,2,7,0,NULO,21,17
1971,2,8,0,NULO,17.5,13
1971,2,9,3,NULO,15.5,9.5
1971,2,10,1,NULO,18,7.5
1971,2,11,0,NULO,20,9
1971,2,12,0,NULO,19.5,10.8
1971,2,13,0,NULO,20,11
1971,2,14,0,NULO,21,12.5
1971,2,15,0,NULO,23,13
1971,2,16,0,NULO,23,14
1971,2,17,0,NULO,25.5,15
1971,2,18,0,NULO,23.5,16
1971,2,19,0,NULO,23.5,16
1971,2,20,0,NULO,26,16.5
1971,2,21,0,NULO,25,17
1971,2,22,0,NULO,23,17.5
1971,2,23,0,NULO,25,15
1971,2,24,0,NULO,25.5,15
1971,2,25,0,NULO,25.5,17
1971,2,26,0,NULO,24.5,17.5
1971,2,27,0,NULO,25,17
1971,2,28,0,NULO,25,17
1971,3,1,0,NULO,27,16
1971,3,2,0,NULO,23,18
1971,3,3,0,NULO,18.5,13
1971,3,4,0,NULO,19.4,10
1971,3,5,0,NULO,22,10
1971,3,6,0,NULO,23,13.5
1971,3,7,0,NULO,23.5,13.5
1971,3,8,0,NULO,21,12.5
1971,3,9,0,NULO,22,13
1971,3,10,0,NULO,25,14.5
1971,3,11,0,NULO,27,16
1971,3,12,0,NULO,26.5,19
1971,3,13,0,NULO,25.5,18.5
1971,3,14,0,NULO,27.5,18
1971,3,15,0,NULO,25,18
1971,3,16,0,NULO,26,17
1971,3,17,0,NULO,27,16
1971,3,18,0,NULO,27,19
1971,3,19,5,NULO,22,19
1971,3,20,0,NULO,21.5,12.5
1971,3,21,0,NULO,24.5,12
1971,3,22,0,NULO,21.5,14
1971,3,23,0,NULO,25,17.5
1971,3,24,0,NULO,27,17
1971,3,25,0,NULO,28,18
1971,3,26,0,NULO,27.5,20.1
1971,3,27,0,NULO,29.5,20
1971,3,28,0,NULO,28,19.5
1971,3,29,0,NULO,26,20
1971,3,30,0,NULO,25,18.5
1971,3,31,0,NULO,26.5,17
1971,4,1,0,NULO,27,18
1971,4,2,8,NULO,23,19
1971,4,3,0,NULO,25.5,15
1971,4,4,15,NULO,24.5,15.5
1971,4,5,8,NULO,22.5,16
1971,4,6,8,NULO,20,14.5
1971,4,7,4,NULO,20.5,11.5
1971,4,8,0,NULO,22,12
1971,4,9,0,NULO,24.5,12
1971,4,10,0,NULO,23,15
1971,4,11,0,NULO,24.5,13
1971,4,12,0,NULO,24.5,15.5
1971,4,13,0,NULO,24.3,16
1971,4,14,0,NULO,25,15.5
1971,4,15,0,NULO,25,16
1971,4,16,0,NULO,27.5,17
1971,4,17,0,NULO,25.5,17.5
1971,4,18,0,NULO,26.5,18
1971,4,19,0,NULO,25.5,18
1971,4,20,0,NULO,27,18.5
1971,4,21,0,NULO,27.5,19
1971,4,22,0,NULO,29.5,19.5
1971,4,23,0,NULO,27.5,20
1971,4,24,0,NULO,29.5,20
1971,4,25,0,NULO,28.5,21
1971,4,26,0,NULO,29,20
1971,4,27,0,NULO,28.5,20.5
1971,4,28,0,NULO,30,20.5
1971,4,29,0,NULO,32,22
1971,4,30,0,NULO,31,22.5
1971,5,1,0,NULO,27.5,23
1971,5,2,0,NULO,26,19
1971,5,3,0,NULO,29,19
1971,5,4,0,NULO,30,20
1971,5,5,0,NULO,30.5,22
1971,5,6,0,NULO,31,21.5
1971,5,7,0,NULO,29.5,22
1971,5,8,0,NULO,31,22
1971,5,9,0,NULO,30.5,22
1971,5,10,0,NULO,29.5,21.5
1971,5,11,0,NULO,27,21
1971,5,12,40.5,NULO,27.5,19.5
1971,5,13,0,NULO,24,20
1971,5,14,39,NULO,25.5,14.5
1971,5,15,0,NULO,26,16
1971,5,16,0,NULO,27,18
1971,5,17,0,NULO,27.4,18.5
1971,5,18,0,NULO,28,19.5
1971,5,19,0,NULO,30.5,20.5
1971,5,20,0,NULO,29.5,21.5
1971,5,21,0,NULO,29,21
1971,5,22,0,NULO,30.5,21.5
1971,5,23,0,NULO,31.5,22
1971,5,24,17.5,NULO,28,23.5
1971,5,25,27,NULO,27.5,20.5
1971,5,26,0,NULO,29.5,20
1971,5,27,0,NULO,29.5,20.5
1971,5,28,0,NULO,29.5,20.5
1971,5,29,0,NULO,31,21
1971,5,30,0,NULO,32,21
1971,5,31,0,NULO,31.5,24
1971,6,1,0,NULO,31,24
1971,6,2,0,NULO,30,23
1971,6,3,0,NULO,29.5,21.5
1971,6,4,0,NULO,29,20.5
1971,6,5,0,NULO,29.5,21.5
1971,6,6,0,NULO,29.5,22
1971,6,7,0,NULO,25,20.5
1971,6,8,0,NULO,29.5,22.5
1971,6,9,0,NULO,30.5,22
1971,6,10,0,NULO,31,22.5
1971,6,11,0,NULO,30,22.5
1971,6,12,8.5,NULO,29,23
1971,6,13,0,NULO,30,21.5
1971,6,14,0,NULO,29,21.5
1971,6,15,6,NULO,28,21
1971,6,16,4.5,NULO,29,20
1971,6,17,24.5,NULO,28,21
1971,6,18,1,NULO,27,20
1971,6,19,1.5,NULO,26.5,19.5
1971,6,20,8,NULO,26.5,19
1971,6,21,11,NULO,26,19
1971,6,22,3.5,NULO,26,18
1971,6,23,3,NULO,27.5,18.5
1971,6,24,22,NULO,27.5,19
1971,6,25,4,NULO,28,20
1971,6,26,8.5,NULO,27,19.5
1971,6,27,0.1,NULO,28.5,19
1971,6,28,3,NULO,27.8,20
1971,6,29,0,NULO,28.5,19.5
1971,6,30,38,NULO,25,19.5
1971,7,1,3,NULO,26.5,18.5
1971,7,2,0.5,NULO,26.5,18
1971,7,3,0.01,NULO,29,19
1971,7,4,0,NULO,29,19
1971,7,5,0,NULO,29,20
1971,7,6,0,NULO,28.5,20
1971,7,7,0,NULO,28.5,21
1971,7,8,9,NULO,27.5,20
1971,7,9,4.5,NULO,28,20
1971,7,10,1,NULO,28.5,20
1971,7,11,46,NULO,27.5,20
1971,7,12,19,NULO,26.5,19.5
1971,7,13,17,NULO,26.5,18
1971,7,14,23,NULO,27,19
1971,7,15,0,NULO,28,19
1971,7,16,18,NULO,26.5,19.5
1971,7,17,21,NULO,26.5,18.5
1971,7,18,4,NULO,27.5,19
1971,7,19,7.5,NULO,28,12.5
1971,7,20,2,NULO,27,19
1971,7,21,1,NULO,27.5,19
1971,7,22,0,NULO,27.5,18.5
1971,7,23,0,NULO,30,20
1971,7,24,0,NULO,30.5,21
1971,7,25,0,NULO,30.5,22
1971,7,26,0.01,NULO,29.5,23
1971,7,27,0.01,NULO,27.5,22
1971,7,28,14.5,NULO,28.5,18.5
1971,7,29,0,NULO,28.5,19
1971,7,30,0,NULO,28.5,20
1971,7,31,5,NULO,26,21
1971,8,1,0,NULO,29,19
1971,8,2,0,NULO,29,21.5
1971,8,3,0,NULO,28,21.4
1971,8,4,11,NULO,27.5,20.5
1971,8,5,2.5,NULO,28,20
1971,8,6,10,NULO,26.5,20.5
1971,8,7,22.5,NULO,27,19.5
1971,8,8,0,NULO,28,19.5
1971,8,9,0,NULO,28,19.5
1971,8,10,6.5,NULO,27.5,20
1971,8,11,0,NULO,29,19.5
1971,8,12,0,NULO,29.5,20.5
1971,8,13,0,NULO,29,21.5
1971,8,14,0,NULO,28,21
1971,8,15,0,NULO,27.5,21
1971,8,16,4,NULO,27,20
1971,8,17,0,NULO,28.5,19.5
1971,8,18,0,NULO,27.5,20
1971,8,19,0,NULO,28.5,19
1971,8,20,0,NULO,29,21
1971,8,21,0,NULO,28,21.5
1971,8,22,0,NULO,29,21
1971,8,23,0,NULO,29.5,21
1971,8,24,0,NULO,28.5,21.5
1971,8,25,19,NULO,28,20.5
1971,8,26,4.5,NULO,27.5,20.5
1971,8,27,0,NULO,27,20
1971,8,28,0,NULO,28,20
1971,8,29,3,NULO,28,20.5
1971,8,30,0,NULO,26.5,20
1971,8,31,2,NULO,32,21
1971,9,1,2.5,NULO,32.5,23
1971,9,2,0,NULO,33,17
1971,9,3,0,NULO,33,19
1971,9,4,6.5,NULO,33,17
1971,9,5,0,NULO,32,17
1971,9,6,0,NULO,31.5,17
1971,9,7,0,NULO,28,18
1971,9,8,9,NULO,27,17
1971,9,9,0,NULO,34,17.5
1971,9,10,0,NULO,34.5,17
1971,9,11,0,NULO,35,18
1971,9,12,0,NULO,34,18
1971,9,13,18,NULO,30,18
1971,9,14,4,NULO,30.5,17
1971,9,15,0,NULO,29.5,18
1971,9,16,1.3,NULO,30,17
1971,9,17,0,NULO,29.5,19
1971,9,18,0,NULO,30,17.5
1971,9,19,5,NULO,29.5,17
1971,9,20,1,NULO,28,15
1971,9,21,0,NULO,28.5,17
1971,9,22,0,NULO,29.5,18
1971,9,23,56,NULO,27,19
1971,9,24,0,NULO,29,17
1971,9,25,0,NULO,28,19
1971,9,26,0,NULO,28.5,19
1971,9,27,0,NULO,28.5,20
1971,9,28,3,NULO,27.5,18
1971,9,29,90,NULO,24,16
1971,9,30,1.3,NULO,28.5,15
1971,10,1,1.5,NULO,27.5,19.5
1971,10,2,0,NULO,29,16
1971,10,3,4.5,NULO,29,19.5
1971,10,4,4,NULO,28.5,19
1971,10,5,0,NULO,28.5,18
1971,10,6,2,NULO,27.5,19
1971,10,7,10,NULO,28,18.5
1971,10,8,0,NULO,27.5,19
1971,10,9,8,NULO,26,19
1971,10,10,11.5,NULO,27,18.5
1971,10,11,0,NULO,29,18.5
1971,10,12,0,NULO,28.5,20
1971,10,13,0,NULO,27,19.5
1971,10,14,0,NULO,29,18
1971,10,15,0,NULO,29,19.5
1971,10,16,0,NULO,30,19.5
1971,10,17,0,NULO,28.5,20
1971,10,18,0,NULO,29,19.8
1971,10,19,0,NULO,29.5,20
1971,10,20,1,NULO,26,20
1971,10,21,3,NULO,27.5,17
1971,10,22,0,NULO,28,18
1971,10,23,0,NULO,28.5,19
1971,10,24,0,NULO,29,20
1971,10,25,0,NULO,29,19.5
1971,10,26,0,NULO,28.5,19
1971,10,27,0,NULO,27.5,20
1971,10,28,0,NULO,27,18
1971,10,29,0,NULO,28.5,18
1971,10,30,0,NULO,29,19.5
1971,10,31,0,NULO,28,20
1971,11,1,0,NULO,29,20
1971,11,2,0,NULO,28,20
1971,11,3,39,NULO,24,19
1971,11,4,0,NULO,26,16
1971,11,5,0,NULO,29,17
1971,11,6,0,NULO,28,20
1971,11,7,8,NULO,27.5,19
1971,11,8,0,NULO,28,19
1971,11,9,5,NULO,24.5,19
1971,11,10,0,NULO,27.5,17
1971,11,11,0,NULO,28,18
1971,11,12,0,NULO,28,18.5
1971,11,13,0,NULO,27,19
1971,11,14,0,NULO,29.5,19
1971,11,15,0,NULO,28.5,19
1971,11,16,0,NULO,28,19
1971,11,17,0,NULO,28,19
1971,11,18,0,NULO,27,18.5
1971,11,19,0,NULO,26,17.5
1971,11,20,0,NULO,28,19
1971,11,21,0,NULO,29,19
1971,11,22,0,NULO,26,20
1971,11,23,0,NULO,25.5,18
1971,11,24,0,NULO,24.5,17.5
1971,11,25,7,NULO,26,16
1971,11,26,0.5,NULO,26.5,18
1971,11,27,0,NULO,28,17
1971,11,28,0,NULO,28,20
1971,11,29,0,NULO,27,19.5
1971,11,30,0,NULO,26,19
1971,12,1,0,NULO,25,18
1971,12,2,6,NULO,24,17
1971,12,3,0,NULO,26,15
1971,12,4,0,NULO,27,18
1971,12,5,0,NULO,25,19
1971,12,6,0,NULO,26,16.5
1971,12,7,0,NULO,27.5,17
1971,12,8,0,NULO,27,18
1971,12,9,0,NULO,26.5,19
1971,12,10,0,NULO,26,18
1971,12,11,0,NULO,28,17.5
1971,12,12,0,NULO,27,19
1971,12,13,0,NULO,27.5,19
1971,12,14,0,NULO,26,19
1971,12,15,0,NULO,25.5,18
1971,12,16,0,NULO,27,17.4
1971,12,17,0,NULO,24,18
1971,12,18,0,NULO,25,16
1971,12,19,0,NULO,25.5,17
1971,12,20,0,NULO,25.5,18.5
1971,12,21,0,NULO,25,18.5
1971,12,22,0,NULO,25.5,18
1971,12,23,25,NULO,26,18
1971,12,24,0,NULO,27,18
1971,12,25,0,NULO,27.2,19
1971,12,26,0,NULO,26.5,19.5
1971,12,27,0,NULO,26,18
1971,12,28,0,NULO,26.5,18
1971,12,29,0,NULO,26.5,18
1971,12,30,0.5,NULO,26,18
1971,12,31,0,NULO,28,18
1972,1,1,0,NULO,26.5,20
1972,1,2,0,NULO,26,18
1972,1,3,0,NULO,26,18
1972,1,4,2.5,NULO,23.4,18
1972,1,5,0,NULO,24,15
1972,1,6,0,NULO,24,16
1972,1,7,0,NULO,24.5,16
1972,1,8,0,NULO,27.5,16.5
1972,1,9,0,NULO,26,18.5
1972,1,10,0,NULO,26,17.1
1972,1,11,0,NULO,25.5,18
1972,1,12,0,NULO,26,17
1972,1,13,0,NULO,25,17
1972,1,14,9.5,NULO,21.5,17
1972,1,15,12.5,NULO,18,15
1972,1,16,3,NULO,21,15
1972,1,17,0,NULO,23,14
1972,1,18,0,NULO,22.5,15.5
1972,1,19,0,NULO,23.5,18
1972,1,20,0,NULO,24,18
1972,1,21,0,NULO,24,18
1972,1,22,0,NULO,23.5,18.5
1972,1,23,0,NULO,24,17
1972,1,24,0,NULO,24.5,18
1972,1,25,2.5,NULO,24.5,18
1972,1,26,0,NULO,24,18
1972,1,27,0,NULO,24,18
1972,1,28,0,NULO,25,18
1972,1,29,0,NULO,24,19
1972,1,30,20,NULO,20.5,19
1972,1,31,0,NULO,21,14
1972,2,1,0,NULO,21.5,15
1972,2,2,1,NULO,20,15
1972,2,3,0,NULO,21,14
1972,2,4,0,NULO,21.5,16
1972,2,5,0,NULO,22,16
1972,2,6,0.5,NULO,23,18
1972,2,7,3.5,NULO,20,18.5
1972,2,8,6,NULO,18,13.5
1972,2,9,5,NULO,19,12
1972,2,10,0,NULO,19.3,13
1972,2,11,0,NULO,19,14
1972,2,12,0,NULO,20,13.5
1972,2,13,0,NULO,20,15
1972,2,14,0,NULO,22,15.5
1972,2,15,0,NULO,22,17
1972,2,16,16.5,NULO,21.5,17
1972,2,17,0,NULO,22.5,16.5
1972,2,18,0,NULO,23,17.5
1972,2,19,1,NULO,23,19
1972,2,20,0,NULO,23,18.5
1972,2,21,0,NULO,22.5,18.5
1972,2,22,0,NULO,23,18
1972,2,23,0,NULO,24,18
1972,2,24,0,NULO,24,19.1
1972,2,25,0,NULO,23,19.5
1972,2,26,0,NULO,22,18
1972,2,27,4.5,NULO,23,17
1972,2,28,0,NULO,24,18
1972,2,29,0,NULO,23.5,19
1972,5,1,0,NULO,29.5,20
1972,5,2,0,NULO,29,21
1972,5,3,62,NULO,29.5,19.5
1972,5,4,20,NULO,29,20
1972,5,5,0,NULO,29,21
1972,5,6,0,NULO,30,21
1972,5,7,0,NULO,29.5,22.5
1972,5,8,55,NULO,30,22
1972,5,9,0,NULO,30.5,21
1972,5,10,0,NULO,30,22.5
1972,5,11,0,NULO,30,22
1972,5,12,31,NULO,29,22
1972,5,13,0,NULO,30.5,21
1972,5,14,0,NULO,30.5,22
1972,5,15,0,NULO,31,22
1972,5,16,0,NULO,30,22.5
1972,5,17,19,NULO,29,22
1972,5,18,0,NULO,29.5,20
1972,5,19,1,NULO,29.5,21
1972,5,20,0,NULO,29,22.5
1972,5,21,0,NULO,30.3,22
1972,5,22,0,NULO,30.5,22
1972,5,23,0,NULO,31,22
1972,5,24,0,NULO,31.5,23
1972,5,25,0,NULO,31,22.6
1972,5,26,0,NULO,31,22.5
1972,5,27,0,NULO,29,22
1972,5,28,58.5,NULO,29,23
1972,5,29,0,NULO,29.5,21
1972,5,30,0,NULO,29,21.6
1972,5,31,3,NULO,28,21
1972,6,1,0,NULO,29,21
1972,6,2,0,NULO,29.5,21
1972,6,3,0,NULO,30.5,22
1972,6,4,0,NULO,30.5,22
1972,6,5,47,NULO,29.5,22
1972,6,6,8,NULO,29.5,21
1972,6,7,0,NULO,29.5,21.5
1972,6,8,0,NULO,30,21.5
1972,6,9,0,NULO,30,22.5
1972,6,10,0,NULO,30,22
1972,6,11,27,NULO,29,23
1972,6,12,34,NULO,29.5,23
1972,6,13,0,NULO,29,22
1972,6,14,0,NULO,28.5,22.5
1972,6,15,30,NULO,29.5,22
1972,6,16,25.5,NULO,29,23
1972,6,17,3,NULO,30,22
1972,6,18,0,NULO,29.5,23
1972,6,19,0,NULO,30,23
1972,6,20,0,NULO,31,23
1972,6,21,0,NULO,30,24
1972,6,22,0,NULO,31,22
1972,6,23,0,NULO,30,23
1972,6,24,0,NULO,31,23.5
1972,6,25,0,NULO,31.5,24
1972,6,26,0,NULO,31,24
1972,6,27,0,NULO,31.5,24.5
1972,6,28,0,NULO,30,24
1972,6,29,2,NULO,31.5,23
1972,6,30,3.5,NULO,28.5,24
1972,7,1,0,NULO,31.5,20
1972,7,2,0,NULO,31.5,21.5
1972,7,3,0,NULO,28.5,22.5
1972,7,4,0,NULO,29,22.5
1972,7,5,0,NULO,30,22
1972,7,6,0,NULO,32,22
1972,7,7,0,NULO,31,24
1972,7,8,0,NULO,30,23
1972,7,9,0,NULO,30,23
1972,7,10,0,NULO,31,22
1972,7,11,0,NULO,31.5,25.5
1972,7,12,11,NULO,29,23
1972,7,13,3,NULO,29,22
1972,7,14,4,NULO,28,22
1972,7,15,0.5,NULO,29.5,22
1972,7,16,14,NULO,29,22
1972,7,17,15,NULO,30,21.5
1972,7,18,12,NULO,30,22
1972,7,19,0,NULO,30,24
1972,7,20,0,NULO,30,24
1972,7,21,0,NULO,30,21.5
1972,7,22,116,NULO,29.5,23
1972,7,23,72,NULO,29.5,22
1972,7,24,38.5,NULO,30,22
1972,7,25,5.5,NULO,29.5,22
1972,7,26,52,NULO,32,21.1
1972,7,27,20,NULO,29.5,22.5
1972,7,28,8,NULO,30,22
1972,7,29,4,NULO,31.5,22
1972,7,30,1,NULO,31.5,24
1972,7,31,0.5,NULO,30.5,24
1972,8,1,2.5,NULO,31,23.5
1972,8,2,0.5,NULO,30.5,22.5
1972,8,3,0,NULO,31,23
1972,8,4,3,NULO,30,23.5
1972,8,5,7.5,NULO,31,22
1972,8,6,8,NULO,31,24
1972,8,7,5,NULO,30,24
1972,8,8,0,NULO,31.5,23
1972,8,9,0,NULO,30.5,24
1972,8,10,14,NULO,30.5,24.5
1972,8,11,27,NULO,30,23.4
1972,8,12,11,NULO,30,22.5
1972,8,13,8,NULO,30.5,23
1972,8,14,2.5,NULO,30.5,24
1972,8,15,0,NULO,31.5,24
1972,8,16,0,NULO,31,24.5
1972,8,17,5,NULO,32,22.5
1972,8,18,0,NULO,29.5,24.5
1972,8,19,37,NULO,30,21.5
1972,8,20,4,NULO,30.5,24
1972,8,21,0,NULO,31.5,22
1972,8,22,0,NULO,32,24
1972,8,23,0,NULO,31.5,23.5
1972,8,24,0,NULO,32,23
1972,8,25,9,NULO,32,23
1972,8,26,0.5,NULO,31,24
1972,8,27,2,NULO,30.4,24
1972,8,28,2,NULO,31,23.5
1972,8,29,2,NULO,31.5,24.5
1972,8,30,5.5,NULO,32,24.5
1972,8,31,0,NULO,30.5,25
1972,9,1,0,NULO,31.5,23.5
1972,9,2,1.5,NULO,31,23.5
1972,9,3,0,NULO,32,24
1972,9,4,0,NULO,32,24.5
1972,9,5,0,NULO,31.5,28
1972,9,6,0,NULO,32,24
1972,9,7,0,NULO,30,24
1972,9,8,0,NULO,29.5,23
1972,9,9,0,NULO,31.5,23
1972,9,10,0.5,NULO,30.5,23.5
1972,9,11,14,NULO,31.5,22
1972,9,12,1,NULO,30,23
1972,9,13,3,NULO,30,23
1972,9,14,0,NULO,31,23
1972,9,15,0,NULO,31.5,24
1972,9,16,0,NULO,30,24
1972,9,17,1,NULO,31,24
1972,9,18,24,NULO,30,23.5
1972,9,19,5,NULO,31,23
1972,9,20,0,NULO,31.5,24
1972,9,21,0,NULO,31.5,23.5
1972,9,22,37,NULO,30,24
1972,9,23,0,NULO,31.5,23
1972,9,24,0,NULO,30,24.5
1972,9,25,0,NULO,31,23
1972,9,26,0,NULO,31,24
1972,9,27,0,NULO,31.5,24.5
1972,9,28,0,NULO,31.5,24.5
1972,9,29,0,NULO,30,24
1972,9,30,0,NULO,30,24
1972,10,1,0,NULO,31,23
1972,10,2,0,NULO,30,23.5
1972,10,3,0,NULO,30,24
1972,10,4,1.5,NULO,29.5,23
1972,10,5,0,NULO,30,22.5
1972,10,6,0,NULO,31,24
1972,10,7,0,NULO,31,24.5
1972,10,8,0,NULO,31.5,24.4
1972,10,9,0,NULO,31,25
1972,10,10,0,NULO,30,24
1972,10,11,10,NULO,30.5,23.5
1972,10,12,8,NULO,30,23
1972,10,13,22,NULO,31,22
1972,10,14,0,NULO,29,24
1972,10,15,10,NULO,30,23
1972,10,16,0,NULO,31,23.5
1972,10,17,0,NULO,31,24
1972,10,18,0,NULO,29.5,24
1972,10,19,0,NULO,30,23
1972,10,20,0,NULO,29.5,23
1972,10,21,0,NULO,30,23
1972,10,22,0,NULO,29.5,23
1972,10,23,16,NULO,30,22.5
1972,10,24,4.5,NULO,30,23
1972,10,25,0,NULO,31,23
1972,10,26,0,NULO,31,24
1972,10,27,0,NULO,30.5,24
1972,10,28,0,NULO,30,23.5
1972,10,29,0,NULO,30.4,23
1972,10,30,0,NULO,31,23.5
1972,10,31,0,NULO,31.5,23
1972,11,1,3,NULO,29.5,24
1972,11,2,0,NULO,30,22
1972,11,3,0,NULO,30.5,23
1972,11,4,0,NULO,30.5,24
1972,11,5,0,NULO,31,23
1972,11,6,0,NULO,29,24
1972,11,7,3,NULO,30.5,22
1972,11,8,0,NULO,30.5,23
1972,11,9,0,NULO,29.5,23
1972,11,10,0,NULO,29.5,22.5
1972,11,11,0,NULO,30,23
1972,11,12,0,NULO,29.5,23
1972,11,13,0,NULO,28,23
1972,11,14,0,NULO,28,22
1972,11,15,0,NULO,28.5,22
1972,11,16,0,NULO,29,22
1972,11,17,0,NULO,29,22
1972,11,18,1.5,NULO,27,22
1972,11,19,1.5,NULO,27,21
1972,11,20,1,NULO,28,21
1972,11,21,4.5,NULO,26,21.5
1972,11,22,3,NULO,25,20.5
1972,11,23,1.5,NULO,25.5,20.5
1972,11,24,0,NULO,25,21
1972,11,25,0,NULO,26,21
1972,11,26,0,NULO,28,21
1972,11,27,0,NULO,26,21.5
1972,11,28,12,NULO,26.5,21
1972,11,29,2.5,NULO,26,21.5
1972,11,30,5,NULO,27,21
1973,7,1,0.5,NULO,30,22.5
1973,7,2,2.5,NULO,29.5,24
1973,7,3,60,NULO,30,22.5
1973,7,4,0,NULO,29.5,24
1973,7,5,0,NULO,30,23
1973,7,6,0,NULO,31,23.5
1973,7,7,0,NULO,30.5,24.5
1973,7,8,0,NULO,31,24
1973,7,9,0,NULO,30,24
1973,7,10,0,NULO,30.5,23.5
1973,7,11,0,NULO,31,24.3
1973,7,12,0,NULO,31,24
1973,7,13,0,NULO,31.5,24
1973,7,14,0,NULO,31,24.5
1973,7,15,0,NULO,31,24
1973,7,16,0,NULO,31.1,24
1973,7,17,0,NULO,32,24
1973,7,18,12,NULO,30,25
1973,7,19,0,NULO,31,23.5
1973,7,20,0,NULO,30,24
1973,7,21,0,NULO,31.5,24
1973,7,22,0,NULO,29,24
1973,7,23,14,NULO,30,23
1973,7,24,3,NULO,31,23
1973,7,25,38,NULO,31,24
1973,7,26,4,NULO,31,24
1973,7,27,2,NULO,31,24
1973,7,28,0,NULO,31.5,23
1973,7,29,0,NULO,30.5,24
1973,7,30,0,NULO,31.5,24
1973,7,31,0,NULO,30,24
1976,9,1,0,NULO,26,24
1976,9,2,6,NULO,41,21
1976,9,3,14.5,NULO,35,9
1976,9,4,0,NULO,38,13
1976,9,5,0,NULO,41,14
1976,9,6,0,NULO,26.1,11
1976,9,7,0,NULO,25,23
1976,9,8,20,NULO,31,15
1976,9,9,1.5,NULO,39,5
1976,9,10,9,NULO,34,13
1976,9,11,0,NULO,38,12
1976,9,12,0,NULO,43,14
1976,9,13,1,NULO,43,13
1976,9,14,2,NULO,28,13
1976,9,15,20,NULO,36,14
1976,9,16,7,NULO,41,14
1976,9,17,0,NULO,36,11
1976,9,18,0,NULO,41,14
1976,9,19,0,NULO,44,13
1976,9,20,0,NULO,44,12
1976,9,21,17.5,NULO,36,12
1976,9,22,0,NULO,41,16
1976,9,23,0,NULO,35,11
1976,9,24,0,NULO,42,15
1976,9,25,0,NULO,36,14
1976,9,26,0,NULO,43,16
1976,9,27,2.5,NULO,34,13
1976,9,28,5.5,NULO,34,12
1976,9,29,20,NULO,41,22
1976,9,30,0,NULO,40,13
1976,10,1,6.5,NULO,41,12
1976,10,2,0,NULO,27,11
1976,10,3,0,NULO,28,23
1976,10,4,0,NULO,31,22
1976,10,5,15,NULO,33,23
1976,10,6,0,NULO,40,21
1976,10,7,20,NULO,26,12
1976,10,8,20,NULO,25,12
1976,10,9,0,NULO,21,10
1976,10,10,0,NULO,24,14
1976,10,11,0,NULO,28,14
1976,10,12,0,NULO,32,15
1976,10,13,0,NULO,40,12
1976,10,14,0,NULO,40,20
1976,10,15,0,NULO,30,20
1976,10,16,0,NULO,40,21
1976,10,17,0,NULO,29,11
1976,10,18,0,NULO,32,11
1976,10,19,6.5,NULO,30,18
1976,10,20,3.5,NULO,30,13
1976,10,21,0,NULO,21.5,13
1976,10,22,0,NULO,24,16
1976,10,23,0,NULO,28,13
1976,10,24,0,NULO,29,20
1976,10,25,0,NULO,28,21
1976,10,26,0,NULO,28,22
1976,10,27,0,NULO,30,22
1976,10,28,0,NULO,26,22
1976,10,29,0,NULO,28,18
1976,10,30,3.5,NULO,22.1,16
1976,10,31,1.5,NULO,28,16
1976,11,1,1.5,NULO,23,18
1976,11,2,0,NULO,23,12
1976,11,3,0,NULO,21,17
1976,11,4,0,NULO,23,14
1976,11,5,0,NULO,22,14
1976,11,6,0,NULO,25,15
1976,11,7,23,NULO,21,17
1976,11,8,7,NULO,18,16
1976,11,9,0,NULO,21,14
1976,11,10,0,NULO,27,15
1976,11,11,0,NULO,22.1,17
1976,11,12,16.5,NULO,27,12
1976,11,13,1.5,NULO,20,13
1976,11,14,0,NULO,12,9
1976,11,15,6,NULO,17,10
1976,11,16,8,NULO,17,11
1976,11,17,3,NULO,14.5,12
1976,11,18,0,NULO,18,11
1976,11,19,0,NULO,25,12
1976,11,20,0,NULO,20,15
1976,11,21,6,NULO,21,10
1976,11,22,10,NULO,18.5,16
1976,11,23,0,NULO,18,15
1976,11,24,0,NULO,24,12
1976,11,25,0,NULO,24,11
1976,11,26,0,NULO,28,18
1976,11,27,0,NULO,30,18
1976,11,28,4.5,NULO,21,12
1976,11,29,0,NULO,12,5
1976,11,30,0.5,NULO,11,5
1976,12,1,4,NULO,18,7
1976,12,2,5,NULO,14,10
1976,12,3,0,NULO,19,11
1976,12,4,0,NULO,19,12
1976,12,5,0,NULO,20,14
1976,12,6,0,NULO,22,14
1976,12,7,0,NULO,17,12
1976,12,8,0,NULO,18,12
1976,12,9,0,NULO,21,12
1976,12,10,0,NULO,26,13
1976,12,11,3,NULO,24,13
1976,12,12,2.5,NULO,25,16
1976,12,13,0,NULO,19.5,14
1976,12,14,0,NULO,19,14
1976,12,15,0,NULO,24,9
1976,12,16,0,NULO,22,14
1976,12,17,0,NULO,24,14
1976,12,18,0,NULO,20,16
1976,12,19,0,NULO,19,13
1976,12,20,0,NULO,20,11
1976,12,21,0,NULO,16,11
1976,12,22,0,NULO,21,12
1976,12,23,0,NULO,18.5,16
1976,12,24,6,NULO,18.8,14
1976,12,25,0,NULO,22,12
1976,12,26,0,NULO,22,14
1976,12,27,1.5,NULO,19,12
1976,12,28,0,NULO,22,11
1976,12,29,4.7,NULO,24,14
1976,12,30,2.5,NULO,20.1,16
1976,12,31,1,NULO,20,14
2000,7,6,1.8,NULO,NULO,NULO
2000,7,7,0,NULO,34,24
2000,7,8,0,NULO,34.5,23
2000,7,9,0,NULO,33,22.5
2000,7,10,0,NULO,32.5,22
2000,7,11,8.5,NULO,33,22
2000,7,12,1.5,NULO,33.5,22
2000,7,13,0,NULO,34,22
2000,7,14,0,NULO,33,23
2000,7,15,0,NULO,36,23
2000,7,16,0,NULO,35,24
2000,7,17,0,NULO,35,24.5
2000,7,18,0.5,NULO,33.5,24
2000,7,19,4.5,NULO,34,23.5
2000,7,20,0,NULO,34,21.5
2000,7,21,0,NULO,35,22
2000,7,22,0,NULO,34.5,22.5
2000,7,23,0,NULO,35.5,22
2000,7,24,1,NULO,36.5,23
2000,7,25,0,NULO,36,22
2000,7,26,9,NULO,33.5,21.5
2000,7,27,0,NULO,34.5,21.5
2000,7,28,0,NULO,35,22
2000,7,29,0,NULO,35.5,22.5
2000,7,30,3,NULO,34,23
2000,7,31,0,NULO,35,21
2000,8,1,0.9,NULO,33.5,23
2000,8,2,0,NULO,35,22.5
2000,8,3,0,NULO,34.5,22.5
2000,8,4,0,NULO,34,22
2000,8,5,0,NULO,35.5,22
2000,8,6,0,NULO,36,22.5
2000,8,7,0,NULO,35.5,23
2000,8,8,61,NULO,32,23
2000,8,9,6.1,NULO,30,22
2000,8,10,2.5,NULO,32,21
2000,8,11,0,NULO,33,20.5
2000,8,12,0,NULO,34,21.5
2000,8,13,0,NULO,33,20.5
2000,8,14,0,NULO,34,21
2000,8,15,5,NULO,31,21.5
2000,8,16,0,NULO,33,22
2000,8,17,0,NULO,33,20
2000,8,18,0,NULO,33,21.5
2000,8,19,0,NULO,34.5,22
2000,8,20,0,NULO,34,22.5
2000,8,21,5.7,NULO,34.5,22
2000,8,22,7.8,NULO,31.5,20.5
2000,8,23,0,NULO,30,21.5
2000,8,24,0,NULO,32,21
2000,8,25,0,NULO,34,21.5
2000,8,26,0,NULO,34,22.5
2000,8,27,0,NULO,35,22.5
2000,8,28,0,NULO,34.5,23
2000,8,29,0,NULO,35,22.5
2000,8,30,0,NULO,34,23
2000,8,31,0,NULO,35,22.5
2000,9,1,28.5,NULO,35,23
2000,9,2,0,NULO,33.5,23
2000,9,3,0,NULO,33,22
2000,9,4,0,5.18,33,22
2000,9,5,0,3.67,32,23
2000,9,6,0,4.85,33,21.5
2000,9,7,2,0.45,35,21
2000,9,8,0,4.72,34,21
2000,9,9,0,5.44,35,22.5
2000,9,10,0,4.92,36,22
2000,9,11,0,5.21,36,23
2000,9,12,0,7.27,26,23
2000,9,13,0,5.68,34,24
2000,9,14,0,4.39,32,23
2000,9,15,12.8,1.42,29,22
2000,9,16,24.8,NULO,31.5,22.5
2000,9,17,4.5,2.41,28,22
2000,9,18,2,1.65,27,22
2000,9,19,0,2.59,32,21.5
2000,9,20,0,5.44,31,20
2000,9,21,0,4.94,34,21
2000,9,22,0,4.51,35,24
2000,9,23,0,5.6,34,23.5
2000,9,24,0,3.05,34.5,21.5
2000,9,25,17.4,NULO,35,22
2000,9,26,0,0.96,29,19
2000,9,27,2,1.15,30,17
2000,9,28,0,3.16,31.5,17.5
2000,9,29,0,2.38,32,19
2000,9,30,0,2.95,32.5,19.5
2000,10,1,0,2.46,31.5,21
2000,10,2,0,4.55,32,18.5
2000,10,3,0,2.85,33,18.5
2000,10,4,20,0.85,28,21
2000,10,5,0,0.71,31,19
2000,10,6,0,5.02,30.5,22
2000,10,7,20,NULO,29,19
2000,10,8,13,NULO,22,14.5
2000,10,9,3,NULO,15,10
2000,10,10,1,NULO,17,10
2000,10,11,1,0.9,20,10.5
2000,10,12,0,1.21,22.5,14
2000,10,13,0,4.41,28.5,18
2000,10,14,0,3.5,29.5,19.5
2000,10,15,0,4.51,28,20
2000,10,16,0,2.57,32,20
2000,10,17,0,3.71,31.5,20
2000,10,18,0,4.54,31,21.5
2000,10,19,0,3.51,32.5,18
2000,10,20,0,4.35,31.5,19.5
2000,10,21,0,3.76,32,19
2000,10,22,0,4.05,31.5,20
2000,10,23,0,4.27,31,21
2000,10,24,0,4.19,30.5,21.5
2000,10,25,0,2.77,32,19
2000,10,26,0,2.68,30.5,20
2000,10,27,2,3.05,30,18.5
2000,10,28,0,0.35,31,17.5
2000,10,29,0,2.75,32,18.5
2000,10,30,0,4.95,31.5,16.5
2000,10,31,0,NULO,33,20.5
2000,11,1,0,2.91,29.5,19.5
2000,11,2,0,2.77,32,20.5
2000,11,3,0,2.38,30.5,21.5
2000,11,4,0,1.47,31.5,21
2000,11,5,0,2.82,29,20
2000,11,6,0,1.17,31.5,19
2000,11,7,0,1.48,33,20
2000,11,8,0,1.11,27,20
2000,11,9,0,1.91,26,15.5
2000,11,10,0,1.89,26,17
2000,11,11,0,2.67,25.5,18
2000,11,12,0,3.18,32,18.5
2000,11,13,2,0.58,28,19
2000,11,14,2.5,0.95,21,18
2000,11,15,0,0.74,22,14
2000,11,16,0,1.61,31,14
2000,11,17,1,1.05,22.5,18
2000,11,18,2.3,0.65,24,17.5
2000,11,19,1,1.84,20,13
2000,11,20,0,0.93,16,12
2000,11,21,2.5,0.89,18.5,15
2000,11,22,0,1.28,23,13
2000,11,23,0,1.67,28,17
2000,11,24,0,2.39,28,17
2000,11,25,0,1.05,23,17
2000,11,26,1,0.16,20,18
2000,11,27,4.4,0.78,26,18.5
2000,11,28,0,0.7,23,19
2000,11,29,0,1.73,28,18
2000,11,30,0,1.73,28.5,19
2000,12,1,0,13.6,29,17.5
2000,12,2,9.5,11.3,23,17
2000,12,3,5.7,10,20,12
2000,12,4,11.6,3.91,14,11
2000,12,5,0,2.7,17,11.5
2000,12,6,0,11.8,23.5,12
2000,12,7,0,1.5,21,13
2000,12,8,0,3.9,22,11
2000,12,9,0,14.8,23,12
2000,12,10,0,9.2,25,13.5
2000,12,11,0,8.8,28,14
2000,12,12,1,1.9,24.5,17
2000,12,13,0,1.9,25,14.5
2000,12,14,3,13.4,21,15.5
2000,12,15,0,12.2,22,13.5
2000,12,16,0,13.9,23.5,16.5
2000,12,17,0,9.2,29.3,15.5
2000,12,18,0,1.7,28,17
2000,12,19,0,4.7,20,14
2000,12,20,0,13.5,22.5,10
2000,12,21,0,7,24,11.5
2000,12,22,0,2.48,22.5,13.5
2000,12,23,0,5.2,24.5,10.5
2000,12,24,0,3.18,25.5,14
2000,12,25,0,2.14,24,14
2000,12,26,2.5,2.14,26,15.5
2000,12,27,0,1.5,25,11
2000,12,28,0,2.6,26,10
2000,12,29,0,1.24,24.5,9.5
2000,12,30,0,12.4,23.5,10
2000,12,31,1,7.5,21,9.5
2001,1,1,0,3.5,20,8.5
2001,1,2,0,4,19.5,8
2001,1,3,0,5,20.5,8.5
2001,1,4,0,2.5,21,9.5
2001,1,5,0,4,22.5,10
2001,1,6,0,7.5,23,10.5
2001,1,7,0,3.5,20,11
2001,1,8,8,8.5,17.5,10.5
2001,1,9,7.3,16,16,12.5
2001,1,10,0,4.6,22,12
2001,1,11,0,12.4,24,13
2001,1,12,0,10.6,26,17
2001,1,13,0,7.9,28,17.5
2001,1,14,1.5,4,28,17
2001,1,15,0,3.5,28.5,17
2001,1,16,0,10.4,20,18.5
2001,1,17,3,16.6,25,17
2001,1,18,0,3,18,13.5
2001,1,19,0,11,19,11.5
2001,1,20,0,4.5,19.5,8
2001,1,21,0,14.7,19.5,8.5
2001,1,22,0,2.13,21.5,8.5
2001,1,23,0,5.5,22,10
2001,1,24,0,1.55,21,11
2001,1,25,0,1.9,22.5,12.5
2001,1,26,0,8.5,22,12
2001,1,27,0,1.7,23.5,12.5
2001,1,28,0,2.35,28,12
2001,1,29,0,1.7,22.5,16
2001,1,30,0,2.27,28,17.5
2001,1,31,0,2.68,26,16.5
2001,2,1,5.7,2.05,24,12
2001,2,2,3.6,2.1,14,11
2001,2,3,0,2.5,23.5,9
2001,2,4,2,9,22.5,12.5
2001,2,5,3.5,2.74,21.5,13
2001,2,6,3,1.66,22,14
2001,2,7,0,2.3,21,10
2001,2,8,0,4.2,22.5,14
2001,2,9,0,4.2,24.5,16
2001,2,10,13,3.85,27,18.5
2001,2,11,1,7.5,29,17
2001,2,12,0,NULO,26,13
2001,2,13,0,2.06,28.5,17.5
2001,2,14,0,3.34,28.5,17.5
2001,2,15,0,1.7,30,19.5
2001,2,16,0.4,3.97,21.5,20
2001,2,17,0.9,3.15,22,17
2001,2,18,0,2.14,19.5,13
2001,2,19,0,2.15,24,13.5
2001,2,20,0,4.2,28,16
2001,2,21,0,3.11,28,18
2001,2,22,1,1.98,28,19.5
2001,2,23,0,2.98,30,19.5
2001,2,24,0,3.06,31,20
2001,2,25,0,1.53,33,20
2001,2,26,1.5,5.9,29.5,20
2001,2,27,0,4.66,29,20
2001,2,28,0,2.2,24.5,20
2001,3,1,0,3.18,30,21
2001,3,2,0,3.55,29.5,17.5
2001,3,3,0,6.7,25,17.5
2001,3,4,0,5.03,29,14.5
2001,3,5,0,7.05,27,14
2001,3,6,0,2.4,28,17.5
2001,3,7,0,3.95,28,17.5
2001,3,8,0,3.44,30,17.5
2001,3,9,1,1.65,29,18
2001,3,10,0,5.77,30,19
2001,3,11,0,5.9,35,18.5
2001,3,12,0,7.13,38.5,20
2001,3,13,0,6.02,34.5,19
2001,3,14,0,5.62,33,21.5
2001,3,15,0,5.21,33,22
2001,3,16,1,4.02,32.5,20.5
2001,3,17,0,3.63,33,19.5
2001,3,18,5,2.88,28,19
2001,3,19,4,0.28,22,15
2001,3,20,0,3.22,23,13.5
2001,3,21,0,3.88,28,10.5
2001,3,22,0,5.78,31,12
2001,3,23,0,3.58,30,14
2001,3,24,0,4.21,31.5,17
2001,3,25,2.8,0.39,31.5,17.5
2001,3,26,0.2,7.81,25,16.5
2001,3,27,0,2.17,28,17
2001,3,28,0,6.73,34.5,19
2001,3,29,0,NULO,35,20
2001,3,30,0,NULO,35,20
2001,3,31,0,NULO,30,20
2001,4,1,0,NULO,33,17
2001,4,2,0,NULO,35,18.5
2001,4,3,0,4.94,37,20.5
2001,4,4,0,6.02,35,23
2001,4,5,0,2.81,35,22.5
2001,4,6,0,4.07,35,21.5
2001,4,7,0,3.58,34.5,21.5
2001,4,8,0,3.55,35.5,22
2001,4,9,0,3.45,36,22
2001,4,10,0,5.35,34.5,22.5
2001,4,11,0,3.49,36.5,23
2001,4,12,0,5.68,35.5,23.5
2001,4,13,0,4.73,36,22.5
2001,4,14,0,4.89,36.5,22.5
2001,4,15,0,5.2,40,23.5
2001,4,16,0,4.72,36,22
2001,4,17,0,2.93,34.5,22
2001,4,18,3,4.9,35,21
2001,4,19,0,5.29,24.5,18
2001,4,20,0,2.44,26.5,21.5
2001,4,21,0,3.11,28.5,20.5
2001,4,22,0,1.69,35,21.5
2001,4,23,0,6.11,34,22.5
2001,4,24,0.7,3.96,31,22.5
2001,4,25,11.3,2.09,26,19.5
2001,4,26,11.3,1.19,22,19
2001,4,27,6.5,2.9,28,17.5
2001,4,28,0,3.28,29,18.5
2001,4,29,0,3.42,30,19
2001,4,30,0,3.06,32.5,19.5
2001,5,1,0,NULO,32.5,22
2001,5,2,0,2.89,33,22.5
2001,5,3,0,3.95,28,23
2001,5,4,0,4.08,34,23
2001,5,5,0,4.68,34,22
2001,5,6,1.5,3.85,34,22.5
2001,5,7,2,0.95,33.5,21.5
2001,5,8,23,0.8,32,20.5
2001,5,9,0,0.78,31.5,19.5
2001,5,10,0,3.27,32.5,19
2001,5,11,0,2.95,32.5,21
2001,5,12,37,7.57,33,20
2001,5,13,0,6.28,32.5,19.5
2001,5,14,0,3.22,32,20
2001,5,15,0,4.95,34,20.5
2001,5,16,0,3.02,35,21
2001,5,17,0,1.46,36.5,22
2001,5,18,0,1.65,37,24
2001,5,19,0,1.4,36,24.5
2001,5,20,0,3.37,37.5,24
2001,5,21,3.5,1.76,38,24
2001,5,22,12.5,6.07,38,20.5
2001,5,23,0,1.65,32,20
2001,5,24,0,3.62,34,22
2001,5,25,0,2.91,35,24
2001,5,26,0,2.78,36,23.5
2001,5,27,0,3.27,36.5,24
2001,5,28,0,3.47,36,23
2001,5,29,0,4.38,35,23.5
2001,5,30,0,8.69,35,25
2001,5,31,0,7.21,35.5,25
2001,6,1,0,5.05,35.5,24.5
2001,6,2,0,4.95,36,24
2001,6,3,0,4.9,36.5,24
2001,6,4,0,4.9,36.5,23.5
2001,6,5,0,4.45,36,25
2001,6,6,0,4.2,37,24
2001,6,7,0,2.95,38.5,25
2001,6,8,0,3.9,39,26
2001,6,9,0,5.65,39,25.5
2001,6,10,0,4.72,39,25
2001,6,11,0,4.23,38.5,24.5
2001,6,12,0,5.7,39,25.5
2001,6,13,0,5.55,38.5,25
2001,6,14,0,3.55,40,25
2001,6,15,48,7.4,37,25
2001,6,16,0,1.6,33,22
2001,6,17,0,3.17,34,20.5
2001,6,18,0,3.58,34.5,20.5
2001,6,19,4.8,1.85,34,21.5
2001,6,20,0,2.15,33,22
2001,6,21,0,4.4,32,23
2001,6,22,0,4.53,33,23
2001,6,23,0,4.89,34,22.5
2001,6,24,0,3.61,34,22
2001,6,25,0,2.87,34.5,22
2001,6,26,0,4.65,35,23
2001,6,27,39,6.34,29.5,23.5
2001,6,28,7.5,4.36,26,21.5
2001,6,29,0.9,5.74,31.5,21.5
2001,6,30,0,3.41,32.5,22
2001,7,1,0,NULO,35,21.5
2001,7,2,0,NULO,36,23.5
2001,7,3,0,NULO,35.5,22.5
2001,7,4,0,NULO,35,21.5
2001,7,5,0,NULO,35,22
2001,7,6,0,NULO,35.5,21.5
2001,7,7,0,NULO,36,21.5
2001,7,8,0,NULO,34.5,21.5
2001,7,9,8.5,NULO,35,22
2001,7,10,0,NULO,35.5,21.5
2001,7,11,0,NULO,35.5,22.5
2001,7,12,0,NULO,35.5,22.5
2001,7,13,0,NULO,24.5,22.5
2001,7,14,0,NULO,35.5,22.5
2001,7,15,0,NULO,36.5,22
2001,7,16,0,NULO,36.5,22
2001,7,17,0,NULO,35.5,22.5
2001,7,18,0,NULO,35.5,21.5
2001,7,19,0,NULO,36,21.5
2001,7,20,0,NULO,35.5,20.5
2001,7,21,0,NULO,35.5,20.5
2001,7,22,0,NULO,34.5,21.5
2001,7,23,0,NULO,35.5,21.5
2001,7,24,0,NULO,34.5,20.5
2001,7,25,0,NULO,34.5,20.5
2001,9,4,0,NULO,38,20.5
2001,9,5,0,NULO,38,22
2001,9,6,0,NULO,37,24
2001,9,7,0,3.37,37,24
2001,9,8,0,0.84,37,22
2001,9,9,0,NULO,32,21.5
2001,9,15,0,NULO,30.5,22
2001,9,16,32.7,NULO,30.5,22
2001,9,17,3.5,0.72,30.9,18
2001,9,18,0,3.7,31,18.5
2001,9,19,0,NULO,33,23
2001,9,20,18,NULO,NULO,NULO
2001,10,1,0,NULO,24,19
2001,10,7,0,NULO,33.5,21
2001,10,8,0,NULO,33.5,21
2001,10,9,0,NULO,34.5,21
2001,10,10,0,NULO,29,17
2001,10,11,14,NULO,32,17
2001,10,12,18,NULO,34,17
2001,10,13,6,NULO,31,18
2001,10,14,1,NULO,32,22
2001,10,15,3,NULO,32.5,22
2001,10,16,2,NULO,30.5,23
2001,10,17,2.6,NULO,30.5,23
2001,10,18,0,NULO,32.6,23
2001,10,19,0,NULO,33.2,23.5
2001,10,20,0,NULO,34,19
2001,10,21,0,NULO,29,15
2001,10,22,41.5,NULO,NULO,NULO
2001,10,24,0,NULO,30,23
2001,10,25,0.5,NULO,30,21
2001,10,26,3.5,NULO,26,19
2001,10,27,2,NULO,NULO,NULO
2001,11,22,NULO,1.8,NULO,NULO
2001,11,23,0,2.5,33,10
2001,11,24,0,2,33,12
2001,11,25,0,1,35,11.5
2001,11,26,0,NULO,34,16
2001,11,27,3,NULO,32,14
2001,11,28,10,NULO,24,12
2001,11,29,6,NULO,24.5,16
2001,12,2,0,NULO,29,16.5
2001,12,3,0,NULO,29,12
2001,12,4,0,NULO,20,16
2001,12,12,0,NULO,29.5,19
2001,12,13,0,NULO,29.5,15
2002,2,1,1.5,13,19,10
2002,2,2,1,10,18.5,11.5
2002,2,3,0,8,21,12
2002,2,4,0,11,22,12.5
2002,2,5,0,8.5,24,11.5
2002,2,6,1,6,21,15.5
2002,2,7,0,17,18,12
2002,2,8,0,0.7,19,12
2002,2,9,1.5,1.6,18.5,8.5
2002,2,10,2,16.1,18,8.5
2002,2,11,0,3.8,18.5,8
2002,2,12,0,8.2,19,9
2002,2,13,1.5,3.5,17,12.5
2002,2,14,0,3.6,21,10.5
2002,2,15,0,2.1,29,10.5
2002,2,16,1,2.14,22,11.5
2002,2,17,0,8.6,21.5,14.5
2002,2,18,0,4.3,28.5,14
2002,2,19,0,1.26,32,15
2002,2,20,0,2.55,27.5,17.5
2002,2,21,0,3.75,31,16
2002,2,22,0,4.4,22,17
2002,2,23,0,4.88,27,13
2002,2,24,0,3.73,29,8.5
2002,2,25,0,4.27,32,10.5
2002,2,26,3.5,4.89,23,13
2002,2,27,0,3.3,18,8.5
2002,2,28,0,4,14.5,6.5
2002,3,1,0,3.71,31.5,10.5
2002,3,2,0,1.8,38,13
2002,3,3,0,2.85,24,11.5
2002,3,4,0,0.92,15,7.5
2002,3,5,0,3.67,22.5,8.5
2002,3,6,0,4.39,26,11.5
2002,3,7,0,3.94,30,17
2002,3,8,0,3.65,31,17.5
2002,3,9,1.5,3.17,29,19.5
2002,3,10,0.5,2.09,21,15
2002,3,11,0,2.24,28.5,14
2002,3,12,0,2.88,29,15.5
2002,3,13,0,4.87,33,13
2002,3,14,0,2.56,37,17.5
2002,3,15,0,6.17,40,19
2002,3,16,0,5.13,36,19
2002,3,17,0,4.88,34.5,20.5
2002,3,18,0,4.92,35,22
2002,3,19,0,4.49,35.5,21.5
2002,3,20,0,4.62,29,21.5
2002,3,21,0,5.83,28,17.5
2002,3,22,0,3.35,24,17.5
2002,3,23,0,0.93,29,15
2002,3,24,0,3.48,32,16.5
2002,3,25,0,2.78,32,17
2002,3,26,0,4.36,29.5,19.5
2002,3,27,0,4.92,28.5,16
2002,3,28,0,4.24,35,17
2002,3,29,0,5.69,35.5,20.5
2002,3,30,0,4.87,37,19.5
2002,3,31,0,6.55,31,21.5
2002,4,1,0,NULO,28,21.5
2002,4,2,0,NULO,36,17.5
2002,4,3,4.5,NULO,28,17.5
2002,4,4,5,NULO,23.5,19
2002,4,5,0,NULO,32,19.5
2002,4,6,3,NULO,32.5,19.5
2002,4,7,0,NULO,37,20
2002,4,8,0,NULO,38.5,20
2002,4,9,2,NULO,34,20
2002,4,10,0,NULO,32.5,21
2002,4,11,0,NULO,34,19.5
2002,4,12,0,NULO,36.5,20.5
2002,4,13,0,NULO,35,20.5
2002,4,14,0,NULO,36,22
2002,4,15,0,NULO,35,22.5
2002,4,16,0,NULO,35.5,22
2002,4,17,0,NULO,36,22.5
2002,4,18,0,NULO,35.5,22
2002,4,19,2,NULO,34,20.5
2002,4,20,0,NULO,36,22
2002,4,21,0,NULO,36.5,22
2002,4,22,0,NULO,36,22.5
2002,4,23,0,0.2,36,21.5
2002,4,24,0,NULO,37.5,22
2002,4,25,0,NULO,35,22
2002,4,26,0,NULO,36,23
2002,4,27,0,NULO,38,22
2002,4,28,40.2,NULO,37.5,22
2002,4,29,0,NULO,38,23.5
2002,4,30,0,NULO,31,23.5
2002,5,1,0,NULO,40.5,22.5
2002,5,2,0,NULO,44,23
2002,5,3,0,NULO,41.5,25
2002,5,4,0,NULO,39.5,23
2002,5,5,0,NULO,40,23.5
2002,5,6,0,NULO,38,24
2002,5,7,0,NULO,38.5,24
2002,5,8,0,NULO,38,23.5
2002,5,9,0,NULO,38.5,24
2002,5,10,0,NULO,38,24
2002,5,11,0,NULO,38.5,23.5
2002,5,12,0,NULO,39,24
2002,5,13,0,NULO,37.5,24
2002,5,14,5.5,NULO,28,21
2002,5,15,0,NULO,36,20
2002,5,16,0,NULO,39,22.5
2002,5,17,22.5,NULO,37.5,24.5
2002,5,18,1,NULO,30,20.5
2002,5,19,0,NULO,32,21
2002,5,20,0,NULO,31,21
2002,5,21,0,NULO,31.5,22
2002,5,22,0,NULO,32,21
2002,5,23,0,NULO,30.5,22
2002,5,24,0,NULO,32.5,20
2002,5,25,0,NULO,35.5,22
2002,5,26,0,NULO,37.5,22
2002,5,27,0,NULO,35.5,20.5
2002,5,28,0,NULO,34.5,21.5
2002,5,29,0,NULO,33.5,22.5
2002,5,30,0,NULO,39,24
2002,5,31,0,NULO,38,22.5
2002,6,1,0,NULO,37,23
2002,6,2,0,NULO,36.5,21.5
2002,6,3,0,NULO,36,22.5
2002,6,4,0,NULO,37.5,25
2002,6,5,26.5,NULO,32.5,25
2002,6,6,3,NULO,31,23.5
2002,6,7,0,NULO,31.5,23
2002,6,8,12.5,NULO,33,23
2002,6,9,14,NULO,37,23
2002,6,10,0,NULO,36.5,24
2002,6,11,5,NULO,33.5,24.5
2002,6,12,0.7,NULO,34,25
2002,6,13,0,NULO,36,25
2002,6,14,0,NULO,35.5,24.5
2002,6,15,0,NULO,35,23.5
2002,6,16,0,NULO,38,23.5
2002,6,17,0,NULO,37,24.5
2002,6,18,0.6,NULO,37.5,25
2002,6,19,21.4,NULO,37.5,26
2002,6,20,13,NULO,34,24
2002,6,21,1.6,NULO,28,22
2002,6,22,0,NULO,34,22.5
2002,6,23,0,NULO,34.5,22
2002,6,24,0,NULO,34,22
2002,6,25,0,NULO,35,23.5
2002,6,26,0,NULO,35.5,25
2002,6,27,0,NULO,35,24.5
2002,6,28,0,NULO,35,24
2002,6,29,15,NULO,36,24
2002,6,30,0,NULO,41.5,23.5
2002,7,1,0,NULO,33,24
2002,7,2,0,NULO,36,25
2002,7,3,0,NULO,35,24
2002,7,4,0,NULO,35.5,25.5
2002,7,5,0,NULO,33.5,24
2002,7,6,0,NULO,32.5,24.5
2002,7,7,1,NULO,34.5,23.5
2002,7,8,3.5,NULO,34,23
2002,7,9,0,NULO,34.5,22.5
2002,7,10,0,NULO,33.5,23
2002,7,11,0,NULO,34,23.5
2002,7,12,3,NULO,33,23
2002,7,13,0,NULO,34,23.5
2002,7,14,11.7,NULO,33,23
2002,7,15,0,NULO,32,23.5
2002,7,16,1.8,NULO,30.5,23
2002,7,17,5.3,NULO,30,24
2002,7,18,0,NULO,32,22.5
2002,7,19,0,NULO,32.5,22.5
2002,7,20,0,NULO,33.5,22
2002,7,21,3.5,NULO,30.5,22
2002,7,22,3,NULO,29.5,21.5
2002,7,23,2.5,NULO,30,22
2002,7,24,0,NULO,30.5,21.5
2002,7,25,0,NULO,34,22
2002,7,26,0,NULO,34.5,23
2002,7,27,0,NULO,34,23.5
2002,7,28,0,NULO,36,23.5
2002,7,29,0,NULO,35.5,24
2002,7,30,2.5,NULO,36,24.5
2002,7,31,4.5,NULO,32.5,24
2002,8,1,0,3.5,33.5,24
2002,8,2,0,4.2,35,24
2002,8,3,0,4.2,34,24
2002,8,4,0,2.8,34,24
2002,8,5,0,3.7,34,24
2002,8,6,0,2.91,37,23.5
2002,8,7,0,2.44,37,23.5
2002,8,8,0,3.52,36.5,24
2002,8,9,0,4.21,37.5,23.5
2002,8,10,0,3.71,37,23
2002,8,11,0,4.36,36,23.5
2002,8,12,0,2.95,35.5,24
2002,8,13,0,4.68,37,23.5
2002,8,14,0,3.92,36.5,24
2002,8,15,10,1.45,35,23.5
2002,8,16,0,3.58,34.5,23.5
2002,8,17,9.5,2,28,23
2002,8,18,9.5,0.7,35,23
2002,8,19,2,2.35,33.5,23
2002,8,20,0,2.76,36,24
2002,8,21,0,5.98,36.5,23.5
2002,8,22,0,6.23,35,24
2002,8,23,3,4.75,34.5,23.5
2002,8,24,9.5,1,35,22.5
2002,8,25,0.3,2.1,32,23
2002,8,26,0,5.85,36.5,23
2002,8,27,0,4.65,37,23
2002,8,28,0,4.37,38.5,23
2002,8,29,3,5.98,32.5,23.5
2002,8,30,21,1,38,20.5
2002,8,31,0,3.71,30,20.5
2002,9,1,0,NULO,39,20
2002,9,2,0,2.9,36,20
2002,9,3,0,3,35.5,16
2002,9,4,0,5,34,20
2002,9,5,0,5.1,31,24
2002,9,6,0,3.6,32.5,22
2002,9,7,0,4.5,32,23
2002,9,8,0,5,38,22
2002,9,9,0,3.1,36,25
2002,9,10,9.5,3.3,35,25
2002,9,11,7,NULO,31,25
2002,9,12,56.5,NULO,29,23
2002,9,13,1.5,NULO,34,23.5
2002,9,14,0,1.7,33,22
2002,9,15,1.7,1,32,23
2002,9,16,2.3,1,33.5,23.5
2002,9,17,0,0.7,31,21.5
2002,9,18,3,2,31,23
2002,9,19,60,NULO,35,24.5
2002,9,20,10.4,NULO,26.5,22
2002,9,21,0,NULO,29,21
2002,9,22,0,10.2,32,20.5
2002,9,23,5.1,4.05,32,19.5
2002,9,24,0,NULO,30.5,20
2002,9,25,0,0.5,31,23
2002,9,26,0,2.8,31,21.5
2002,9,27,0,1.4,32,21.5
2002,9,28,0,2.9,29,22
2002,9,29,0,1.5,31.5,19
2002,9,30,0,3.3,38.5,19.5
2002,10,1,0,3.5,33.5,21.5
2002,10,2,0,4.15,34,22
2002,10,3,0,3.04,34,22.5
2002,10,4,0,9.44,35,22
2002,10,5,13.7,NULO,30,22
2002,10,6,0,2.95,32,21
2002,10,7,0,4.15,32,22
2002,10,8,5,NULO,32.5,21.5
2002,10,9,0,2.88,34,22.5
2002,10,10,2,3.13,30.5,23
2002,10,11,0,2.46,31,23
2002,10,12,0,2.85,32,21
2002,10,13,22,7.4,30,22.5
2002,10,14,0,1.4,23.5,20
2002,10,15,1.7,3.05,22.5,20.5
2002,10,16,0,3.75,24,18.5
2002,10,17,0,4.25,28,19.5
2002,10,18,0,3.83,29,21.5
2002,10,19,0,2.92,33,21
2002,10,20,0,3.8,33,22.5
2002,10,21,0,5.34,32.5,22.5
2002,10,22,0,2.66,28,22.5
2002,10,23,0,4.94,33,23
2002,10,24,0,3.51,32,22
2002,10,25,0,4.4,30.5,23.5
2002,10,26,0.5,4.19,32.5,23
2002,10,27,0,3.26,27,22
2002,10,28,0,2.19,28,22
2002,10,29,0,3.52,33,23
2002,10,30,15.5,NULO,37,22
2002,10,31,0,NULO,27,23
2002,11,1,0,NULO,27,20
2002,11,2,3,NULO,25,22
2002,11,3,0,NULO,25,20
2002,11,4,3.7,NULO,27,21
2002,11,5,2.2,NULO,23,21
2002,11,6,0,NULO,27,17
2002,11,7,0,NULO,25,14
2002,11,8,0,NULO,25,15
2002,11,9,0,NULO,26,21
2002,11,10,0,NULO,26,20
2002,11,11,0,NULO,27,20
2002,11,12,0,NULO,26,20
2002,11,13,0,NULO,26,20
2002,11,14,0,NULO,26,22
2002,11,15,3.7,NULO,29,24
2002,11,16,0,NULO,25,23
2002,11,17,0,NULO,23,20
2002,11,18,0,NULO,21,16
2002,11,19,0,NULO,21,15
2002,11,20,0,NULO,21,12
2002,11,21,0,NULO,20.5,11
2002,11,22,0,NULO,22,12
2002,11,23,0,NULO,21,10
2002,11,24,0,NULO,22,11
2002,11,25,0,NULO,21,12
2002,11,26,2.5,NULO,27.5,12
2002,11,27,3,NULO,17,9.5
2002,11,28,6.5,NULO,19,10
2002,11,29,0,NULO,15,10
2002,11,30,1.5,NULO,25,11
2003,2,1,0,NULO,27.5,8.7
2003,2,2,0,NULO,29.5,9
2003,2,3,0,NULO,31,11
2003,2,4,2,NULO,21.5,17.5
2003,2,5,0,NULO,27.5,16
2003,2,6,0,NULO,23.5,18
2003,2,7,0,NULO,26.8,17
2003,2,8,0,NULO,20.5,14
2003,2,9,0,NULO,27,11.5
2003,2,10,0,NULO,20.5,12.5
2003,2,11,0,NULO,27.5,16.5
2003,2,12,0,NULO,28,12.5
2003,2,13,0,NULO,20,17
2003,2,14,0,NULO,20,19
2003,2,15,0,NULO,20,16.5
2003,2,16,0,NULO,27,16.5
2003,2,17,0,NULO,24,16
2003,2,18,0,NULO,25.5,16.5
2003,2,19,0,NULO,30.5,17.5
2003,2,20,0,NULO,30,18.5
2003,2,21,0,NULO,35,19.5
2003,2,22,0,NULO,35,15
2003,2,23,0,NULO,35,14
2003,2,24,0,NULO,28,14
2003,2,25,1.5,NULO,21,12
2003,2,26,0,NULO,27.5,10
2003,2,27,2.3,NULO,21.5,12.5
2003,2,28,0,NULO,21.5,14
2003,3,1,0,NULO,30.5,19
2003,3,2,1.5,4.83,32.5,18.5
2003,3,3,0,5.01,33,19.5
2003,3,4,0,3.92,31.5,17
2003,3,5,0,4.22,35,18
2003,3,6,0,5.38,25.5,20
2003,3,7,0,4.63,27,18.5
2003,3,8,2.5,1.89,31,18
2003,3,9,0,0.95,41,20.5
2003,3,10,0,1.38,32.5,19.5
2003,3,11,0,1.88,29,20
2003,3,12,0,6.19,32,21.5
2003,3,13,0,6.05,34.5,21
2003,3,14,0,2.88,34,21
2003,3,15,1.5,4.7,30.5,22.5
2003,3,16,0,4.91,38,22.5
2003,3,17,0,4.91,42,20.5
2003,3,18,0,3.86,38.5,19.5
2003,3,19,0,4.09,33,21
2003,3,20,0,3.91,34.5,20.5
2003,3,21,0,2.95,28.5,20.5
2003,3,22,0,4.13,32.5,21.5
2003,3,23,0,4.31,32.5,21
2003,3,24,0,5.04,34,20.5
2003,3,25,0,6.89,35.5,20.5
2003,3,26,0,6.23,33.5,17.5
2003,3,27,0,7.1,33.5,17.5
2003,3,28,0,7.25,33.5,17
2003,3,29,0,7.88,22.5,18
2003,3,30,0,6.9,22,14
2003,3,31,0,6.9,27.5,11.5
2003,4,1,0,3.88,28,13
2003,4,2,0,3.4,30,16
2003,4,3,0,3.07,35.5,18
2003,4,4,0,4.13,33.5,20.5
2003,4,5,0,4.9,41.5,21.5
2003,4,6,0,4.78,41.5,22
2003,4,7,1.7,1.07,37,23
2003,4,8,2,2.9,28,22.5
2003,4,9,0,3.15,24,19.5
2003,4,10,0,3.9,29,15
2003,4,11,0,4.45,31,14
2003,4,12,0,4.1,34,16
2003,4,13,0,4.85,33.5,17.5
2003,4,14,0,5.65,33,17
2003,4,15,0,4.5,33,17.5
2003,4,16,0,4.1,33,21
2003,4,17,0,4.9,34.5,21.5
2003,4,18,0,4.9,33.5,22
2003,4,19,0,1.02,34.5,22
2003,4,20,0,5.3,34,22.5
2003,4,21,0,5.74,33.5,22.5
2003,4,22,0,5.06,34.5,22.5
2003,4,23,0,5.25,35,21.5
2003,4,24,0,3.6,33.5,22.5
2003,4,25,0,6.35,32,21.5
2003,4,26,0,4.8,38.5,22.5
2003,4,27,0,6.55,39,23
2003,4,28,0,3.29,38,23
2003,4,29,0,5.31,37.5,23
2003,4,30,0,5.31,27.5,24.5
2003,5,2,0,2.9,38.5,24.5
2003,5,3,0,3.5,41,25.5
2003,5,4,0,3.1,42.5,25.5
2003,5,5,0,9.93,43,25
2003,5,6,0,9.89,47.5,26
2003,5,7,0,6.76,44,25
2003,5,8,0,9.22,41,25.5
2003,5,9,0,7.06,42.5,25
2003,5,10,0,7.92,42,25
2003,5,11,0,7.88,42.5,25
2003,5,12,0,7.6,28,25
2003,5,13,0,9.16,38,23
2003,5,14,0,11.13,39,22
2003,5,15,0,9.41,41.5,23.5
2003,5,16,0,11.61,41.5,24.5
2003,5,17,0,6.49,40.5,24.5
2003,5,18,0,9.58,41.5,24
2003,5,19,0,8.67,40.5,24.5
2003,5,20,0,9.95,34.5,25
2003,5,21,0,9.42,37.5,25
2003,5,22,0,7.93,38.5,25
2003,5,23,0,10.05,37.5,25.5
2003,5,24,0,8.48,39.5,23.5
2003,5,25,0,9.22,39.5,24
2003,5,26,5.5,7.65,37.5,24.5
2003,5,27,0,6.05,34.5,21.5
2003,5,28,0,6.01,35,22
2003,5,29,0,8.2,33.5,23
2003,5,30,0,7.09,37.5,22.5
2003,5,31,0,8.1,38.5,23.5
2004,5,1,46.5,3.5,33.5,24.5
2004,5,2,0,4.73,34.5,20
2004,5,3,0,7.2,21,16
2004,5,4,0,8.65,27.5,16
2004,5,5,0,0.69,29,16
2004,5,6,0,0.26,29.5,18
2004,5,7,0,8.35,32,19
2004,5,8,0,8.25,33,19
2004,5,9,0,7,31.5,22
2004,5,10,0,3.67,32,20
2004,5,11,0,4.48,33,22
2004,5,12,0,0.6,34,23
2004,5,13,0,0.45,35,25
2004,5,14,2.5,0.59,35,25
2004,5,15,3.5,0.63,29,21
2004,5,16,0,0.35,27.5,19
2004,5,17,0,NULO,31,22
2004,5,18,0,0.28,33,24
2004,5,19,0,1.95,35,22
2004,5,20,0,5.85,33,22
2004,5,21,0,0.63,32,23
2004,5,22,0,3.12,33,23
2004,5,23,0,9.78,32,22
2004,5,24,0,0.67,34,23
2004,5,25,0,4.25,34,24
2004,5,26,0,6.05,34,24
2004,5,27,0,7.05,34,24
2004,5,28,0,6.62,36,25
2004,5,29,0,6.61,38,26
2004,5,30,0,9.25,41,25
2004,5,31,0,8.29,38,27
2004,6,1,1.5,1.3,29,25
2004,6,2,20.5,9.05,31,24
2004,6,3,45.5,4.55,31,21
2004,6,4,0,7,28,20
2004,6,5,2,5.15,31,21.5
2004,6,6,8,2.85,31,19.5
2004,6,7,0.5,1.2,29.5,19.5
2004,6,8,1.5,2.2,31.5,23
2004,6,9,0,5.45,33,24
2004,6,10,0,4.05,33,25
2004,6,11,0,7,34,24
2004,6,12,0,5.1,33,24.5
2004,6,13,0,5.19,34,23.5
2004,6,14,0,5,34,24.5
2004,6,15,0,3.75,34.5,24
2004,6,16,1.5,3.25,35,24
2004,6,17,0.5,1.9,36,23.5
2004,6,18,7.3,5.4,32.5,22.5
2004,6,19,0,3.4,33,21
2004,6,20,0.4,8.5,33.5,22.5
2004,6,21,0,6.2,33.5,23.5
2004,6,22,65.3,6.95,34,25
2004,6,23,0,1.6,30.5,23
2004,6,24,0,3.5,32.5,23.5
2004,6,25,0,6.25,34.5,24.5
2004,6,26,0,4.05,32.5,24
2004,6,27,0,3.7,31.5,23
2004,6,28,0,3.2,32.5,22
2004,6,29,2,5.5,32.5,21.5
2004,6,30,0,4.6,34,23.5
2004,8,1,0,NULO,34,20.5
2004,8,2,54.5,NULO,39.5,20
2004,8,3,0,NULO,34,22
2004,8,4,0,NULO,34.5,20
2004,8,5,0,NULO,36,23
2004,8,6,0,NULO,34.5,25
2004,8,7,0,NULO,36,25
2004,8,8,0,NULO,35,25
2004,8,9,0,NULO,37,24.5
2004,8,10,0,NULO,37,24
2004,8,11,0,NULO,36,23
2004,8,12,0.5,NULO,34.5,24
2004,8,13,0,NULO,34,20.5
2004,8,14,0.5,NULO,33.5,21.5
2004,8,15,0,NULO,33,22.5
2004,8,16,0,NULO,33,21
2004,8,17,5,NULO,33,22
2004,8,18,0,NULO,34,21.5
2004,8,19,0,NULO,35,22.5
2004,8,20,0,NULO,34,24
2004,8,21,0,NULO,36,24
2004,8,22,0,NULO,36.5,24
2004,8,23,0,NULO,36.5,24
2004,8,24,0,NULO,37,24
2004,8,25,0,NULO,36,25
2004,8,26,0,NULO,35,23
2004,8,27,0,NULO,36,23
2004,8,28,0,NULO,36,23
2004,8,29,0,NULO,35,24
2004,8,30,26.5,NULO,36,23
2004,8,31,13,NULO,36,23
2004,9,1,0,3.3,32,22.5
2004,9,2,0,1.9,31,21
2004,9,3,0,2.1,31,20.5
2004,9,4,0,6.75,31.5,22.2
2004,9,5,0,9.05,32,21.5
2004,9,6,0,4.1,32,20
2004,9,7,0,4.1,32,21
2004,9,8,0,7.81,31,22
2004,9,9,0,4.69,32,23
2004,9,10,0,3.8,34,27
2004,9,11,0,6.75,33,26
2004,9,12,0,3.75,33,26
2004,9,13,2.3,0.28,31,25
2004,9,14,0,0.12,29.5,21
2004,9,15,0.2,0.25,32,22
2004,9,16,0,0.29,32,22
2004,9,17,0,0.15,31,22
2004,9,18,0,0.62,31,21
2004,9,19,0,0.43,33.5,22
2004,9,20,11.3,0.66,29,23
2004,9,21,0,0.36,31.5,23
2004,9,22,0,0.54,33,21
2004,9,23,0,4.49,34,22
2004,9,24,0,4.11,33,22
2004,9,25,0,5.4,33.5,22
2004,9,26,0,5.35,33.5,22.5
2004,9,27,9,4.1,31,22.5
2004,9,28,10.5,0.6,30.5,22
2004,9,29,0,0.18,27.5,22
2004,9,30,0,4.6,32.5,22
2004,10,1,0,NULO,30,21.5
2004,10,2,0,NULO,32,21
2004,10,3,11.5,NULO,28.5,22
2004,10,4,21.5,NULO,32.5,22
2004,10,5,7,NULO,25.5,21.5
2004,10,6,0.5,NULO,28,21
2004,10,7,1,NULO,31.5,22
2004,10,8,25.5,NULO,31,22
2004,10,9,0,NULO,33,22
2004,10,10,0,4.84,32,21
2004,10,11,0,4.75,32,20.5
2004,10,12,0,2.85,30.5,21
2004,10,13,0,3.78,32.5,21
2004,10,14,8,2.89,30,22
2004,10,15,1,2.2,30,18
2004,10,16,0,3.81,32,18.5
2004,10,17,0,3.9,34,19
2004,10,18,0,4.4,32.5,21
2004,10,19,0,4.45,34.5,22
2004,10,20,0,4.45,34,23
2004,10,21,0,NULO,35,24
2004,10,22,0,4.75,35,24
2004,10,23,0,4.45,31.5,23
2004,10,24,0,4.4,34,23
2004,10,25,0,3.5,33,23
2004,10,26,0,3.7,32.5,23
2004,10,27,0,4,32.5,22.5
2004,10,28,0,4.2,33,23
2004,10,29,0,4.4,33,23
2004,10,30,0,4.4,33.5,23
2004,10,31,0,3.95,32.5,22
2004,11,1,0,2.35,34,23.5
2004,11,2,0,6.1,26.5,23.5
2004,11,3,0,2.55,24,13.5
2004,11,4,0,3,23,17
2004,11,5,0,3.05,23,17
2004,11,6,0,5.95,30,18
2004,11,7,0,4.6,30,19
2004,11,8,0,4.95,30,15
2004,11,9,0,2.95,30.5,17
2004,11,10,0,3.1,30.5,16.5
2004,11,11,0,5,30.5,18.5
2004,11,12,0,5.45,30,18.5
2004,11,13,0,3.15,30,18.5
2004,11,14,22.5,6.65,24,19.5
2004,11,15,0,0.5,23.5,18.5
2004,11,16,0,3.5,29,19
2004,11,17,0,3.15,30.5,18
2004,11,18,0,3.37,30.5,20
2004,11,19,0,2.98,30.5,20
2004,11,20,0,2.61,31,20
2004,11,21,0,2.91,31,21
2004,11,22,0,4.3,31,22
2004,11,23,0,3.18,32,19.5
2004,11,24,0,5.7,27,18.5
2004,11,25,0,2.4,25.5,19
2004,11,26,0,2.97,31,17.5
2004,11,27,0,3.03,31,18.5
2004,11,28,0,2.6,30,20
2004,11,29,0,3.35,30,21
2004,11,30,2.5,4.45,27.5,21
2004,12,1,0,NULO,20.5,13
2004,12,2,0,NULO,21,14
2004,12,3,0,NULO,22.5,14.5
2004,12,4,0,NULO,25,17.5
2004,12,5,0,NULO,28.5,16
2004,12,6,0,NULO,30,17.5
2004,12,7,0,NULO,27,19
2004,12,8,0,NULO,30,19
2004,12,9,0,NULO,28.5,20
2004,12,10,0,NULO,27.5,19
2004,12,11,0,NULO,28,17.5
2004,12,12,0,NULO,29,18
2004,12,13,0,NULO,28,18
2004,12,14,0,NULO,19,14
2004,12,15,3,NULO,15,11
2004,12,16,0.8,NULO,16,11
2004,12,17,0,NULO,21,11
2004,12,18,0,NULO,16,12
2004,12,19,0.5,NULO,19.5,13
2004,12,20,0,NULO,21,12.5
2004,12,21,0,NULO,27,13.5
2004,12,22,0,NULO,28,12.5
2004,12,23,0,NULO,24.5,11
2004,12,24,0,NULO,17,11
2004,12,25,0,NULO,13,7
2004,12,26,0,NULO,21,8
2004,12,27,0,NULO,23,10
2004,12,28,0,NULO,26,13
2004,12,29,0,NULO,27,11
2004,12,30,0,NULO,25,14
2004,12,31,0,NULO,23,14
2005,1,1,0,3.15,29,17
2005,1,2,0,2.4,29,16
2005,1,3,2.5,4.25,30,16
2005,1,4,0,0.3,27,20.5
2005,1,5,0,3.25,30,19
2005,1,6,0,2.25,29,19
2005,1,7,0,2.05,30,17.5
2005,1,8,0,1.45,23,19
2005,1,9,0,0.9,28,18
2005,1,10,0,0.6,29.5,17
2005,1,11,0,2.55,27,15.5
2005,1,12,0,2.15,31,17
2005,1,13,0,6.4,28,18
2005,1,14,0,3.25,23,15
2005,1,15,0,4.27,22,11
2005,1,16,0,4.03,21,14
2005,1,17,0,1.95,19,13
2005,1,18,0.5,0.95,21,13
2005,1,19,0,2,22,15
2005,1,20,0,2.98,26,12
2005,1,21,0,2.57,21,14
2005,1,22,2.5,2.4,25,16
2005,1,23,12,1.6,18,16
2005,1,24,0.5,0.85,19,11.5
2005,1,25,0,4.35,26.5,11
2005,1,26,0,2.6,29.5,15.5
2005,1,27,0,1.95,27,16.5
2005,1,28,0,3.2,29,19
2005,1,29,0,2.95,29,18
2005,1,30,0,2.55,30,17
2005,1,31,3,4.65,27,18
2005,2,1,NULO,0.95,23,15
2005,2,2,NULO,2.4,22,17
2005,2,3,NULO,2.7,16,15
2005,2,4,NULO,NULO,17,13
2005,2,5,NULO,1.5,24.5,13
2005,2,6,NULO,1.5,26.5,13
2005,2,7,NULO,4.52,27.5,16
2005,2,8,NULO,1.28,28.5,14
2005,2,9,NULO,1.2,27,13.5
2005,2,10,NULO,1.1,27,17
2005,2,11,NULO,1.2,27,16
2005,2,12,NULO,0.85,28,16
2005,2,13,NULO,2.9,27,15
2005,2,14,NULO,2.35,19.5,16
2005,2,15,NULO,5.6,NULO,NULO
2005,2,16,NULO,11.8,24.5,8
2005,2,17,NULO,2.18,23.5,8.5
2005,2,18,NULO,3.27,23,8.5
2005,2,19,NULO,4.45,26.5,7.5
2005,2,20,NULO,2.25,30.5,12.5
2005,2,21,NULO,3.86,25.5,15
2005,2,22,NULO,1.49,28,15
2005,2,23,NULO,4.81,29.5,15
2005,2,24,NULO,4.39,32.5,16.5
2005,2,25,NULO,3.5,32.5,16.5
2005,2,26,NULO,5,19.5,15
2005,2,27,NULO,5.55,30,16.5
2005,2,28,NULO,4.45,31,18.5
2005,3,1,0,2,26,11
2005,3,2,0,3.3,28,15
2005,3,3,0,4.7,28,18
2005,3,4,0,2.79,28,18.5
2005,3,5,NULO,2,NULO,NULO
2005,3,6,0,3.43,NULO,NULO
2005,3,7,1.5,6,33.5,18
2005,3,8,12.5,0.7,22,18
2005,3,9,0,2.05,23.5,15
2005,3,10,0,4.65,26.5,14
2005,3,11,0,7.83,26.5,16
2005,3,12,NULO,1.2,NULO,NULO
2005,3,13,0,5.35,NULO,NULO
2005,3,14,0,5.55,34.5,16
2005,3,15,1,0.95,25,20
2005,3,16,7.5,2.35,23.5,21
2005,3,17,0,3.1,21.5,11
2005,3,18,0,3.11,NULO,NULO
2005,3,19,NULO,5.3,NULO,NULO
2005,3,20,NULO,3.9,NULO,NULO
2005,3,21,NULO,3.9,NULO,NULO
2005,3,22,NULO,5.3,NULO,NULO
2005,3,23,NULO,2.3,NULO,NULO
2005,3,24,NULO,4.15,NULO,NULO
2005,3,25,NULO,2.02,NULO,NULO
2005,3,26,NULO,1.4,NULO,NULO
2005,3,27,NULO,2.83,NULO,NULO
2005,3,28,0,9.5,NULO,NULO
2005,3,29,0,3,34,30
2005,3,30,0,3,33,30
2005,3,31,NULO,6.65,NULO,NULO
2005,4,1,0,NULO,40,28
2005,4,2,8.5,NULO,41,25
2005,4,3,0,NULO,39,24
2005,4,4,0,NULO,43,28
2005,4,5,0,NULO,43,28
2005,4,6,0,NULO,41,24
2005,4,7,0,NULO,38,22
2005,4,8,0,NULO,35,18
2005,4,9,0,NULO,43.1,20
2005,4,10,0,NULO,42.3,16
2005,4,11,0,NULO,32.5,14
2005,4,12,0,NULO,32,18.5
2005,4,13,0,NULO,33.5,19
2005,4,14,0,NULO,32.5,18.5
2005,4,15,0,NULO,32,17
2005,4,16,0,NULO,33,17
2005,4,17,0,NULO,32,18
2005,4,18,0,NULO,33,17
2005,4,19,0,NULO,33,21
2005,4,20,0,NULO,31.5,22
2005,4,21,0,NULO,32,22
2005,4,22,0,NULO,35,23
2005,4,23,0,NULO,37,20
2005,4,24,0,NULO,36,22
2005,4,25,0,NULO,38,22
2005,4,26,0,NULO,37,20
2005,4,27,0,NULO,33,22
2005,4,28,0,NULO,33,22
2005,5,1,0,NULO,36,26
2005,5,2,0,NULO,33,27
2005,5,3,0.8,NULO,37,26
2005,5,4,0,NULO,31,25
2005,5,5,0,NULO,33,22
2005,5,6,0,NULO,38,22
2005,5,7,0,NULO,38,23
2005,5,8,0,NULO,39,23
2005,5,9,0,NULO,35,23
2005,5,10,0,NULO,36,20
2005,5,11,0,NULO,36,19
2005,5,12,0,NULO,38,20
2005,5,13,0,NULO,37,19
2005,5,14,8.3,NULO,38,18
2005,5,15,39,NULO,39,20
2005,5,16,0,NULO,30,20
2005,5,17,0,NULO,34,21
2005,5,18,0,NULO,32,22
2005,5,19,0,NULO,37,22
2005,5,20,0,NULO,37,22
2005,5,21,0,NULO,38,23
2005,5,22,0,NULO,37,23
2005,5,23,0,NULO,37,24
2005,5,24,0,NULO,37,24
2005,5,25,0,NULO,38,24
2005,5,26,0,NULO,39,25
2005,5,27,14.5,NULO,38,24
2005,5,28,0,NULO,34,20
2005,5,29,0,NULO,38,19
2005,5,30,0,NULO,40,23
2005,5,31,0,NULO,39,26
2005,6,1,0,15,38,26
2005,6,2,0,2,38,24
2005,6,3,0,2,39,23
2005,6,4,0,2.5,39,24
2005,6,5,0,2.3,40,24
2005,6,6,0,3.2,40,24
2005,6,7,0,2,41,25
2005,6,8,0,2.5,39,25
2005,6,9,0,2.5,40,24
2005,6,10,0,2.5,39,25
2005,6,11,0,15,40,25
2005,6,12,0,4.5,39,25
2005,6,13,0,3.5,38,26
2005,6,14,0,4,39,26
2005,6,15,38.5,5.9,38,25
2005,6,16,0,5.85,35,24
2005,6,17,0,5.95,37,25
2005,6,18,0,4.9,37,23
2005,6,19,2.5,3.55,38,20
2005,6,20,0,2.85,36,21
2005,6,21,70.5,NULO,30,20
2005,6,22,13.8,3,31,21
2005,6,23,2,3.65,31.5,21
2005,6,24,0,2.15,31,21.5
2005,6,25,0,1,32,21
2005,6,26,0,1,32,21
2005,6,27,3,15,33,22
2005,6,28,79.5,NULO,32,23
2005,6,29,31.5,5.5,31,23
2005,6,30,0,6.1,31,23
2005,7,1,0,5.05,30,23
2005,7,2,0,6.85,30,24
2005,7,3,0,5.6,30,24
2005,7,4,0,6.15,31,23.5
2005,7,5,0,7.55,31,22
2005,7,6,0,5.05,31.5,23
2005,7,7,0,6.25,32,23
2005,7,8,0,5.6,32,23
2005,7,9,0,4.25,33,23
2005,7,10,0,1.29,35,22
2005,7,11,0,1.26,35,23
2005,7,12,0,1.5,34,24
2005,7,13,0,0.6,34,24
2005,7,14,0,0.1,33,23
2005,7,15,0,0.1,34,24
2005,7,16,2.1,3.1,34,24
2005,7,17,0,0.1,34,25
2005,7,18,0,0.1,34,25
2005,7,19,0,0.1,34,24
2005,7,20,0,0.5,34,24
2005,7,21,0,0.1,36,24
2005,7,22,0,0.5,35,23
2005,7,23,1.6,2.6,36,22
2005,7,24,6.4,7.4,36,22
2005,7,25,0,0.1,32,21
2005,7,26,0,0.75,33,23
2005,7,27,0,1.15,34,24
2005,7,28,0,1.05,33,22
2005,7,29,0,0.5,32,22
2005,7,30,0,0.1,32,21
2005,7,31,0,0.1,33,22
2005,8,1,0,NULO,32,23
2005,8,2,0,NULO,33,24
2005,8,3,0,NULO,34,23
2005,8,4,0,NULO,34,23
2005,8,5,0,NULO,33,23
2005,8,6,0,NULO,33,23
2005,8,7,0,NULO,31,22
2005,8,8,5,NULO,33,23
2005,8,9,0,NULO,34,23
2005,8,10,0,NULO,34,23
2005,8,11,0,NULO,34,23
2005,8,12,0,NULO,35,23
2005,8,13,0,NULO,33,23
2005,8,14,0,NULO,34,24
2005,8,15,10.3,NULO,33,24
2005,8,16,0,NULO,30,22
2005,8,17,0,NULO,33,22
2005,8,18,3,NULO,34,22
2005,8,19,0,NULO,34,23
2005,8,20,20,NULO,34,23
2005,8,21,19.5,NULO,33,23
2005,8,22,58,NULO,32,22
2005,8,23,12.8,NULO,27.1,23
2005,8,24,0,NULO,31.5,22
2005,8,25,0,NULO,33,22.5
2005,8,26,0,NULO,34,23
2005,8,27,0,NULO,35,23
2005,8,28,0,NULO,36,23
2005,8,29,0,NULO,36.5,24.5
2005,8,30,0,NULO,35,24
2005,8,31,0,NULO,35,24.5
2005,9,1,11.8,1.7,32,21
2005,9,2,8.5,1.56,29.5,22.5
2005,9,3,31.9,4.46,28.5,22.5
2005,9,4,3.5,2.94,30,22.5
2005,9,5,9.5,4.09,31,23
2005,9,6,14.8,4.45,31.5,23.5
2005,9,7,11.7,9.57,28,22
2005,9,8,0,1.85,30,22
2005,9,9,0,1.58,31.5,23
2005,9,10,0,4.9,30.5,23
2005,9,11,0,7.12,24,23
2005,9,12,0,5.78,33,23
2005,9,13,0,4.63,34,22
2005,9,14,0,5.32,33.5,22
2005,9,15,8.5,4.85,33.5,24
2005,9,16,8.5,6.83,34,24
2005,9,17,0,7.37,34,23
2005,9,18,14,5.8,34,23
2005,9,19,0,4.65,34,22
2005,9,20,19.7,4.05,31,23
2005,9,21,0,6.8,31,23
2005,9,22,0,3.2,33.5,21
2005,9,23,0,7.4,35,20.5
2005,9,24,0,3.9,35,20
2005,9,25,0,2.9,37,21
2005,9,26,0,6.4,32,21
2005,9,27,13.8,6.3,30,23
2005,9,28,0,5.5,33.5,22
2005,9,29,0,0.5,33,22.5
2005,9,30,0,2.25,33,23
2005,10,1,0,6.15,33,23
2005,10,2,0,6.75,33,22.5
2005,10,3,39.5,7.55,30,22.5
2005,10,4,103.5,NULO,27,24
2005,10,5,16.5,0.2,28,23
2005,10,6,102,NULO,30.5,23
2005,10,7,20.1,7.6,30,22
2005,10,8,0,2.6,30,20
2005,10,9,0,4.74,30,20
2005,10,10,2.5,2.46,34,21
2005,10,11,57.5,NULO,29,23
2005,10,12,20.5,1.2,29,22.5
2005,10,13,0.5,3.55,30.5,22.5
2005,10,14,17.5,7.85,30,22
2005,10,15,0,8.9,30,22.5
2005,10,16,0.5,8.85,30.5,22
2005,10,17,41,NULO,28,21.5
2005,10,18,0,3.4,30.5,21
2005,10,19,0,5.3,31,20.5
2005,10,20,0,3.9,32,20.5
2005,10,21,0,3.9,31,21
2005,10,22,0,5.3,31,20
2005,10,23,0,2.3,31.5,20
2005,10,24,3,4.15,26.5,19.5
2005,10,25,2,2.02,28.5,21
2005,10,26,0,1.4,28.5,21
2005,10,27,0,2.83,29,20.5
2005,10,28,0,3.2,28,21
2005,10,29,0,0.8,27,19
2005,10,30,0,2.7,29,17
2005,10,31,7,1.2,24,19
2005,11,1,0,1,20,16
2005,11,2,0,3.7,21.5,15
2005,11,3,0,2.1,21.5,13
2005,11,4,0,1.5,29,15.5
2005,11,5,0,0.9,29,17
2005,11,6,0,5.4,29,17
2005,11,7,10.5,8.66,25.5,20
2005,11,8,0,6,29,21
2005,11,9,0,4.7,24,20
2005,11,10,0.5,2.51,28.5,21.5
2005,11,11,0,3.71,30.5,20
2005,11,12,0,4.86,31,21
2005,11,13,0,4.85,31,21
2005,11,14,0,2.37,31,20.5
2005,11,15,11.8,4.5,31,20.5
2005,11,16,0,3.05,22,16
2005,11,17,0,7.2,20,16
2005,11,18,0.5,9.3,20.5,12.5
2005,11,19,0.5,6,19.5,16.5
2005,11,20,3.8,3.2,24,17
2005,11,21,0,2.78,23,14
2005,11,22,0,3.07,27,10.5
2005,11,23,0,3.56,28,11.5
2005,11,24,0,2.52,28,11.5
2005,11,25,0,1.95,26,13.5
2005,11,26,0,2.25,27,16
2005,11,27,0,3.6,31.5,16
2005,11,28,0,5.03,32,15.5
2005,11,29,0,1.16,21.5,15.5
2005,11,30,0,2.01,19.5,15.5
2005,12,1,0.5,10.4,26.5,17.5
2005,12,2,0.8,11.3,29,18
2005,12,3,0.5,15.3,29,19
2005,12,4,2.5,3.85,31,20
2005,12,5,0,4,20,19
2005,12,6,0,13,20,15
2005,12,7,0.5,13.1,19.5,15
2005,12,8,2.5,3.09,NULO,NULO
2005,12,9,0,6,16,12
2005,12,10,0,2.7,24,8
2005,12,11,4.3,1,25,8.5
2005,12,12,0,2,21,8
2005,12,13,0,3,25,12
2005,12,14,1,3.16,27.5,16
2005,12,15,0,6.9,25,17.5
2005,12,16,0,2.05,25,13.5
2005,12,17,0,1.6,25,14
2005,12,18,0.5,2.2,25,15
2005,12,19,4.3,5.8,16,15
2005,12,20,0.5,1,20,14.5
2005,12,21,2.5,7.2,17.5,14
2005,12,22,0,3.73,22,15
2005,12,23,0,3.73,24,14.5
2005,12,24,0,3.59,27.5,12.5
2005,12,25,0,3.11,28,12
2005,12,26,0,2.5,28,12.5
2005,12,27,0,3.3,28.5,12
2005,12,28,0,2.84,24,11.5
2005,12,29,0,2.53,24,12
2005,12,30,0,4.13,24.5,12
2005,12,31,0,1.43,29,12
2006,1,1,0,2.42,30,12
2006,1,2,0,3.15,30,12
2006,1,3,0,1.67,30,12
2006,1,4,0,3.23,30,12
2006,1,5,1.8,4.92,30,12
2006,1,6,0,0.4,22,12
2006,1,7,0,2.38,24,9
2006,1,8,0,2.38,27,10
2006,1,9,0,2.75,27.5,14
2006,1,10,0,3.2,23.5,11.5
2006,1,11,0,3.3,27.5,15
2006,1,12,0,2,28,14.5
2006,1,13,0,6.03,26.5,14
2006,1,14,0,2.37,24.5,14
2006,1,15,0,0.8,27,13
2006,1,16,0,0.9,30.5,14
2006,1,17,0,0.1,23,10
2006,1,18,0,6.1,24.5,9
2006,1,19,0,3.3,27,10
2006,1,20,0,3.09,28,13
2006,1,21,0,3.08,26,15
2006,1,22,1.5,0.23,23,16
2006,1,23,3,2.05,19,15.5
2006,1,24,11.3,2.95,17,13
2006,1,25,3,1.1,15,13.5
2006,1,26,0,0.1,20,13
2006,1,27,0,0.05,24.5,13
2006,1,28,0,0.05,26,16
2006,1,29,0,2.4,28,16
2006,1,30,0,3.8,29,18
2006,1,31,0,2.99,27,14
2006,2,1,0,2.38,28,16
2006,2,2,0,4.44,31,18
2006,2,3,0,5.2,31,19
2006,2,4,0,2.66,23.5,16
2006,2,5,0,0.13,26.5,12
2006,2,6,0,10.05,29,12
2006,2,7,0,5.66,29,12
2006,2,8,0,2.54,23.5,12
2006,2,9,0,1.28,22,14
2006,2,10,0,4.09,29,16
2006,2,11,0,1.58,29,15
2006,2,12,0,1.95,15,11
2006,2,13,0,3.55,23,7.8
2006,2,14,0,2.65,27,7
2006,2,15,0,1.3,30,11
2006,2,16,0,6,30,14
2006,2,17,0,4.1,31,18
2006,2,18,11,5.34,31,13.5
2006,2,19,2.5,2.76,26,13
2006,2,20,0,2.9,26,13
2006,2,21,0,3.81,29,16
2006,2,22,0,3.8,31,16
2006,2,23,0,3.79,29,17
2006,2,24,0,3.15,29.5,20.5
2006,2,25,0,5.77,31,18.5
2006,2,26,0,3.75,31,18.5
2006,2,27,0,5.24,27,14
2006,2,28,0,3.25,30,14
2006,3,1,0,4.95,30,16
2006,3,2,0,5.94,31.5,16.5
2006,3,3,0,3.95,21,18.5
2006,3,4,0,1.1,29.5,18.5
2006,3,5,0,1.7,29.5,18
2006,3,6,0,0.5,31,13.5
2006,3,7,0,5.71,32,17.5
2006,3,8,0,6.19,32.5,20
2006,3,9,0,6.95,39,17.5
2006,3,10,0,7.15,31.5,18
2006,3,11,0,6.43,28.5,17
2006,3,12,0,5.87,35.5,18
2006,3,13,0,4.89,36,20
2006,3,14,4.5,3.47,26,21
2006,3,15,0,3.25,29,18
2006,3,16,0,4.69,33,19
2006,3,17,0,4.58,30.5,20.5
2006,3,18,0,2.97,32.5,20
2006,3,19,0,2.93,37,19
2006,3,20,0,3.92,39.5,19
2006,3,21,0,0.59,29,21
2006,3,22,0,4.06,28,20
2006,3,23,0,2.6,28,16
2006,3,24,9,1,20,11.5
2006,3,25,0,1.5,28,12
2006,3,26,0,2.5,28,13.5
2006,3,27,0,3.8,30.5,13.5
2006,3,28,0,3.3,31,17.5
2006,3,29,0,4.29,29,20
2006,3,30,0,5.62,33,20
2006,3,31,0,6.58,33,20
2006,4,1,0,5.03,30,21.5
2006,4,2,0,6.18,35,21
2006,4,3,0,0.72,33.5,21
2006,4,4,0,12.03,34,20.5
2006,4,5,0,8.15,34,19.5
2006,4,6,0,6.2,35.5,19.5
2006,4,7,0,6.97,35.5,19.5
2006,4,8,0,7.72,31,21
2006,4,9,0,7.53,30,18.5
2006,4,10,0,4.48,30,17.5
2006,4,11,0,4.44,31.5,13.5
2006,4,12,0,5.84,33,17.5
2006,4,13,0,3.62,32,18.5
2006,4,14,0,2.1,33,18
2006,4,15,0,6.65,35,19
2006,4,16,0,7.03,33,20.5
2006,4,17,0,7.51,40,20.5
2006,4,18,0,9.82,39.5,22.5
2006,4,19,0,7.53,36.5,23
2006,4,20,0,6.75,37,24.5
2006,4,21,0,4.85,34,26
2006,4,22,0,5.54,34.5,24
2006,4,23,0,5.87,36.5,23.5
2006,4,24,0,5.25,40.5,23.5
2006,4,25,1,3.9,39.5,24.5
2006,4,26,1,6.4,37.5,23.5
2006,4,27,0,7.2,35.5,24.5
2006,4,28,0,7.06,37,23.5
2006,4,29,8.5,9.94,37.5,23.5
2006,4,30,0,6.75,34,21
2006,5,1,0,7.93,36.5,20.5
2006,5,2,0,7.5,36.5,22.5
2006,5,3,0,11,36,23.5
2006,5,4,0,3.5,37.5,24
2006,5,5,0,5.76,38,24
2006,5,6,0,6.3,41.5,24
2006,5,7,0,3.4,39,26
2006,5,8,0,3.4,37,26
2006,5,9,0,10.2,40,26
2006,5,10,0,9.2,43,26
2006,5,11,11.8,4.5,35.5,25
2006,5,12,0,4.5,37,21.5
2006,5,13,0,3.8,37,22
2006,5,14,11.5,2.7,38.5,22
2006,5,15,0,5,39,18.5
2006,5,16,0,5.9,30,19
2006,5,17,0,9.7,34,19
2006,5,18,0,5.22,34,19
2006,5,19,0,8.95,35,19
2006,5,20,0,5.9,37,21.5
2006,5,21,0,4.8,37,21
2006,5,22,0,4,36,21
2006,5,23,0,10,37,21
2006,5,24,0,6.7,37,22.5
2006,5,25,0,7.7,37,23
2006,5,26,0,7.62,37.5,23
2006,5,27,0,5.98,38,24
2006,5,28,1,6.55,38,25
2006,5,29,7.5,6.13,35,23.5
2006,5,30,0,5.82,35,23.5
2006,5,31,0,7,37,23
2006,6,1,0,4.95,35,23
2006,6,2,0,9.1,26,22
2006,6,3,0,11.3,36.5,22.5
2006,6,4,14.5,4.15,36.5,22.5
2006,6,5,0,5.55,33,21.5
2006,6,6,0,7.3,36,22
2006,6,7,0,9.2,36.5,22
2006,6,8,0,6.5,36.5,21.5
2006,6,9,0,8.55,27,19.5
2006,6,10,0,7.65,37,21.5
2006,6,11,0,9.45,38.5,21
2006,6,12,0,5.6,38,19
2006,6,13,0,7.5,37.5,21.5
2006,6,14,0,9.13,38.5,22.5
2006,6,15,0,9.07,38.5,23
2006,6,16,0,7.3,38.5,24
2006,6,17,0,8.71,39.5,25.5
2006,6,18,0,7.79,39,25
2006,6,19,0,9.1,39.5,25
2006,6,20,0,7.35,38,24
2006,6,21,0,10,38,25
2006,6,22,0,7.9,37.5,25
2006,6,23,15.7,5.2,38,23.5
2006,6,24,0,4.6,38,23
2006,6,25,0,12.45,38,23
2006,6,26,0,10.35,37.5,19
2006,6,27,0,7.2,36.5,22
2006,6,28,18.3,4.85,36,23.5
2006,6,29,2.7,3,33.5,24
2006,6,30,41,0.55,28,21.5
2006,7,1,41,NULO,28,22
2006,7,2,0,3.35,33.5,22
2006,7,3,0,6.65,36,22
2006,7,4,0,NULO,37,25
2006,7,5,0,NULO,37,25
2006,7,6,0,6.27,27.5,25
2006,7,7,0,10.08,36,25
2006,7,8,0,4.84,36,25
2006,7,9,16,0.63,36,23
2006,7,10,5.4,4.85,32.5,22.5
2006,7,11,18.7,1.27,32,19
2006,7,12,14.5,3.08,33,22.5
2006,7,13,0,9.77,33,23
2006,7,14,17,4.23,33,23
2006,7,15,19.3,2.8,30,23
2006,7,16,20,9.59,32.5,22
2006,7,17,0,0.39,34,22
2006,7,18,0,6.19,35,22
2006,7,19,0,6.27,34.5,22
2006,7,20,80.8,3.69,34.5,23
2006,7,21,0.1,1.01,34.5,22.5
2006,7,22,0,1.04,34,22.5
2006,7,23,0,3.73,32.5,22
2006,7,24,35.5,NULO,33,22.5
2006,7,25,120.8,NULO,31,22.5
2006,7,26,0,2.3,35.5,25
2006,7,27,30,7.56,35.5,24.5
2006,7,28,30.5,6.57,35.5,22.5
2006,7,29,30.5,4.92,35.5,22.5
2006,7,30,0,6.75,36,22
2006,7,31,0,7,36.5,23
2006,8,1,0,5.25,34,23.5
2006,8,2,0,5.2,35.5,25
2006,8,3,3,5.45,31.5,24
2006,8,4,14,3.8,34.5,23
2006,8,5,14,8.8,35,24
2006,8,6,16.7,4.24,33,23
2006,8,7,9.4,8.46,33,23
2006,8,8,0,0.42,32.5,23
2006,8,9,0,3.14,33,21
2006,8,10,0,5.19,33,21
2006,8,11,0,5.72,35.5,22
2006,8,12,0,6,36,24
2006,8,13,0,7.73,36,24
2006,8,14,0,3.4,35,24
2006,8,15,7,6.65,35,24
2006,8,16,0,4.2,36,23
2006,8,17,0,6.75,37,25
2006,8,18,0,6.97,37,24.5
2006,8,19,0,4.76,35,22.5
2006,8,20,4.8,3.02,35,23.5
2006,8,21,1.5,4.85,35,23.5
2006,8,22,0,5.2,35.5,22
2006,8,23,0,5.75,36.5,23
2006,8,24,0,7.33,36.5,23.5
2006,8,25,0,6.35,35.5,24
2006,8,26,0,5.35,27,25
2006,8,27,0,3.87,36,25.5
2006,8,28,0,5.35,34.5,22.5
2006,8,29,0,7.6,36.5,20.5
2006,8,30,7.5,4.75,36.5,22
2006,8,31,0,4.95,37.5,22.5
2006,9,1,0,5.92,29.5,22.5
2006,9,2,15.8,11.28,37,22.5
2006,9,3,17.8,NULO,37,23
2006,9,4,1.8,4.9,34,23
2006,9,5,0,3.91,35,23.5
2006,9,6,0,7.62,35,23.5
2006,9,7,0,3.41,35,23
2006,9,8,0,5.83,35.5,22.5
2006,9,9,0,5.68,36,23.5
2006,9,10,0,3.55,36.5,24
2006,9,11,0,5.51,35.5,24.5
2006,9,12,0,4.68,35.5,24.5
2006,9,13,1,4.98,34,23.5
2006,9,14,0,3.89,33.5,22.5
2006,9,15,0,3.95,37,24
2006,9,16,0,7.71,38,25
2006,9,17,0,7.83,38,25
2006,9,18,0,6.97,38.5,26
2006,9,19,27,5.21,34.5,22.5
2006,9,20,1,6.03,33,23.5
2006,9,21,0,1,36,22.5
2006,9,22,0,9.8,37.5,24
2006,9,23,0,4.6,39,25.5
2006,9,24,60,NULO,39,21
2006,9,25,6.8,1.7,27,21
2006,9,26,0,2.4,24,20.5
2006,9,27,0,4.96,33,21.5
2006,9,28,0,5.63,35,22
2006,9,29,0,4.61,33.5,23.5
2006,9,30,0,5.05,34.5,21.5
2006,10,1,0,4.55,34.5,21
2006,10,2,0,4.09,34.5,21.5
2006,10,3,0,3.96,32.5,21.5
2006,10,4,8.7,4.05,31.5,21.5
2006,10,5,16.5,1.35,32,20.5
2006,10,6,16.6,1.83,29,20
2006,10,7,8.5,6.89,30,20
2006,10,8,0,0.73,32.5,20
2006,10,9,0,4.34,33,20.5
2006,10,10,0,4.97,35,22
2006,10,11,0,6.74,35,22
2006,10,12,0,4.85,35.5,24
2006,10,13,17,1.5,33.5,24.5
2006,10,14,6,1.75,33,23.5
2006,10,15,1,1.05,33.5,24
2006,10,16,0,1.15,36.5,23.5
2006,10,17,0,1.25,36.5,24
2006,10,18,0,1.7,36,24.5
2006,10,19,1,2.52,35,21
2006,10,20,0,0.58,31,19
2006,10,21,0,1.45,29,19
2006,10,22,15.2,4.25,29,18
2006,10,23,0,0.47,27,17
2006,10,24,0,1.53,27,17
2006,10,25,0,3.52,33.5,18
2006,10,26,0,1.68,33,22.5
2006,10,27,12.5,8.7,32,22
2006,10,28,0,2.8,32,22
2006,10,29,0,2.71,30,22
2006,10,30,0,3.94,31,21
2006,10,31,0,NULO,31,17
2006,11,1,0,1.8,33,18
2006,11,2,7.8,2.8,33,19
2006,11,3,0,0.9,33,16
2006,11,4,15.5,0.5,29,17
2006,11,5,0,0.5,30,15
2006,11,6,0,0.1,30,15
2006,11,7,0,1.67,28,17
2006,11,8,0,1.23,27,20
2006,11,9,0,2.65,33,21
2006,11,10,NULO,0.2,33,20
2006,11,11,35.5,6.55,34,20
2006,11,12,0,8.1,33,16
2006,11,13,0,7.9,32,13
2006,11,14,0,2.5,32,17
2006,11,15,0,4.3,30,16
2006,11,16,0,3.95,21,15
2006,11,17,5,8.15,20,10.5
2006,11,18,10,7.65,19.5,12
2006,11,19,1.5,6.85,21,11.5
2006,11,20,0,6.1,20,11
2006,11,21,0,7.05,24,14
2006,11,22,0,3.75,25,11
2006,11,23,0,2.6,33.6,11
2006,11,24,0,4.1,23.5,12.5
2006,11,25,0,2.8,24.5,13.5
2006,11,26,0,1.8,30.5,14.5
2006,11,27,0,1.55,28.5,16
2006,11,28,0,1.85,30.5,18.5
2006,11,29,0,1.05,30.5,19
2006,11,30,0,1.9,31,18.5
2006,12,1,0,0.95,21.5,15
2006,12,2,0,1.55,18,11
2006,12,3,30,2.5,16,10
2006,12,4,0,1.85,18,7
2006,12,5,0,2.65,21,8
2006,12,6,0,2.75,27.5,12
2006,12,7,30,2.4,27,16
2006,12,8,38.5,NULO,26,13
2006,12,9,0,3.43,24,12
2006,12,10,0,NULO,23,12
2006,12,11,0,NULO,27,10
2006,12,12,1.5,NULO,23,14
2006,12,13,0,NULO,22.5,17.5
2006,12,14,0,NULO,25.5,18.5
2006,12,15,0,NULO,29,19.5
2006,12,16,0,NULO,28.5,19.5
2006,12,17,0,NULO,27,20
2006,12,18,0,NULO,28.5,17
2006,12,19,0,NULO,26,19.5
2006,12,20,0,NULO,27,19.5
2006,12,21,0,NULO,29.5,19.5
2006,12,22,1.3,NULO,21.5,18.5
2006,12,23,0,NULO,22,15
2006,12,24,0,NULO,21.5,12
2006,12,25,0,NULO,24,11.5
2006,12,26,0,NULO,24,11
2006,12,27,0,NULO,24,15
2006,12,28,0,NULO,24.5,10.5
2006,12,29,0,NULO,24,12.5
2006,12,30,0,NULO,23,8.5
2006,12,31,4.5,NULO,23,12.5
2007,1,1,0,1.79,23,14.5
2007,1,2,0,1.49,23.5,15
2007,1,3,0,0.91,26.5,15.5
2007,1,4,0,0.46,27,15.5
2007,1,5,0,0.7,27.5,15.5
2007,1,6,3.5,2.78,28.5,15.5
2007,1,7,3.5,1.28,28.5,11.5
2007,1,8,0,2.74,19.5,13.5
2007,1,9,0,2.02,21,9.5
2007,1,10,0,2.08,23.5,9.5
2007,1,11,0,2.65,20,11.5
2007,1,12,0,2.87,22.5,16
2007,1,13,0,2.28,28.5,13
2007,1,14,0,2.07,28.5,15
2007,1,15,3.2,3.98,26.5,10.5
2007,1,16,1,1.05,21.5,8.5
2007,1,17,0,1.4,13.5,6
2007,1,18,1,1.05,19,7
2007,1,19,0,0.6,15,11
2007,1,20,0,0.57,21.5,12.5
2007,1,21,0,0.96,21.5,13
2007,1,22,0,1.43,21.5,13
2007,1,23,4.5,2.48,17,12.5
2007,1,24,0,0.24,15,8.5
2007,1,25,2.5,0.25,12.5,8.5
2007,1,26,6,5.86,13.5,10.5
2007,1,27,0,1.37,21.5,11.5
2007,1,28,0,1.03,18.5,11.5
2007,1,29,0,1.85,21,11.5
2007,1,30,0,3.06,24,13.5
2007,1,31,0,1.19,18.5,13
2007,2,1,0,NULO,23,15
2007,2,2,14,NULO,22,16
2007,2,3,20.5,NULO,18,15
2007,2,4,67,NULO,17,13
2007,2,5,0,NULO,24.5,13
2007,2,6,0,NULO,26.5,13
2007,2,7,0,NULO,27.5,16
2007,2,8,0,NULO,28.5,14
2007,2,9,0,NULO,27,13.5
2007,2,10,0,NULO,27,17.5
2007,2,11,0,NULO,27,16
2007,2,12,0,NULO,28,16
2007,2,13,0,NULO,27,15
2007,2,14,3.5,NULO,19.5,11
2007,2,15,5.5,NULO,18,11.5
2007,2,16,0,NULO,24.5,8
2007,2,17,0,NULO,23.5,8.5
2007,2,18,0,NULO,23,8.5
2007,2,19,0,NULO,26.5,7.5
2007,2,20,0,NULO,30.5,12
2007,2,21,0,NULO,25.5,15
2007,2,22,0,NULO,28,15
2007,2,23,0,NULO,29.5,15
2007,2,24,0,NULO,32.5,16.5
2007,2,25,0,NULO,32.5,16.5
2007,2,26,0,NULO,19.5,15
2007,2,27,0,NULO,30,16.5
2007,2,28,0,NULO,31,18.5
2007,3,1,0,11.55,27.5,14.5
2007,3,2,0,2.2,27.5,14.5
2007,3,3,0,1.85,33.5,15
2007,3,4,0,3.7,33.5,15
2007,3,5,0,3.25,21,11
2007,3,6,0,1.6,23.5,12
2007,3,7,0,4.65,22.5,12.5
2007,3,8,0,10.15,26.5,12.5
2007,3,9,0,0.8,27,13
2007,3,10,0,5.4,28.5,14
2007,3,11,0,3.3,29,14.5
2007,3,12,5.4,9.45,29,15
2007,3,13,0,4.05,29,19
2007,3,14,0,1.95,31,20
2007,3,15,0,3.75,33,20
2007,3,16,0,3.9,33.5,20.5
2007,3,17,0,3.45,29,20
2007,3,18,0,2.95,29.5,17.5
2007,3,19,0,2.25,30,17.5
2007,3,20,0,0.5,29.5,18
2007,3,21,0,4.9,30.5,18.5
2007,3,22,0,3.15,30.5,19.5
2007,3,23,0,1.75,31,19.5
2007,3,24,0,2.35,30.5,19.5
2007,3,25,0,2.15,30.5,19.5
2007,3,26,0,3.95,28.5,19.5
2007,3,27,0,3.05,32,21
2007,3,28,0,2.9,32,21.4
2007,3,29,0,3.18,31,21.5
2007,3,30,0,3.92,32,22.5
2007,3,31,0,2.8,31,21.5
2007,4,1,9.5,2.5,31,21
2007,4,2,0,1.05,29.5,21
2007,4,3,0,2.9,29,21
2007,4,4,0,1.3,30,21
2007,4,5,34.5,6.51,31.5,18
2007,4,6,0,1.94,31.5,18
2007,4,7,0,2.9,31.5,19.5
2007,4,8,0,2.05,30.5,19.5
2007,4,9,0,2.85,24.5,20
2007,4,10,0,1.8,36.5,21
2007,4,11,0,0.8,30.5,21
2007,4,12,0,1.8,32,19
2007,4,13,0,4.95,34.5,18
2007,4,14,0,1.95,35,17
2007,4,15,0,3.25,37,19
2007,4,16,0,4.1,27.5,15
2007,4,17,0,3.6,28.5,18
2007,4,18,0,3.35,33,18
2007,4,19,0,3.2,31,18
2007,4,20,0,2.8,30.5,20
2007,4,21,0,2.3,30.5,22
2007,4,22,0,4.8,33.5,21
2007,4,23,0,2.4,33.5,21
2007,4,24,0,2.5,33,22
2007,4,25,0,2.45,33,22.5
2007,4,26,0,2.2,34,22.5
2007,4,27,0,2.8,39.5,23
2007,4,28,0,2.5,34.5,22
2007,4,29,0,1.55,34,22.5
2007,4,30,0,2.75,34,23
2007,5,1,0,2.3,33.5,22.5
2007,5,2,0,4.05,34,22.5
2007,5,3,0,0.95,34.5,22
2007,5,4,0,2.95,35,22.5
2007,5,5,0,2.25,35,23.5
2007,5,6,0,3.1,36,24
2007,5,7,0,1.75,39.5,24.5
2007,5,8,0,2.15,36,24.5
2007,5,9,0,1.9,35.5,24.5
2007,5,10,0,3.05,34,23.5
2007,5,11,0,3.3,34,22.5
2007,5,12,0,2.15,34.5,21.5
2007,5,13,0,2.4,34,21.5
2007,5,14,0,2.2,34.5,22
2007,5,15,0,3.05,33,22
2007,5,16,0,1.9,33,22.5
2007,5,17,0,2.15,33,22.5
2007,5,18,0,1.3,31.5,22.5
2007,5,19,0,1.45,33,21
2007,5,20,0,4.64,34.5,21
2007,5,21,0,3.43,36,21
2007,5,22,0,1.6,36.5,18.5
2007,5,23,38.5,NULO,30,20
2007,5,24,0,1.65,35.5,19
2007,5,25,9.2,NULO,35.5,19
2007,5,26,0,4.33,33,19.5
2007,5,27,0,3.12,33.5,19.5
2007,5,28,0,2.47,35,19
2007,5,29,0,2.15,35.5,20
2007,5,30,0,2.93,36,22
2007,5,31,0,6.92,36,22
2007,6,1,0,0.6,35.5,25
2007,6,2,0,4.87,36,21.5
2007,6,3,0,3.63,36,22
2007,6,4,0,1.67,30.5,22.5
2007,6,5,0,2.22,37,24
2007,6,6,0,4.86,37.5,24
2007,6,7,0,3.13,34,25.5
2007,6,8,0,3.97,36.5,24
2007,6,9,0,4.1,37,25
2007,6,10,0,3.6,35.5,25
2007,6,11,0,4.42,35,22.5
2007,6,12,0,3.88,35.5,22.5
2007,6,13,0,1.45,36,21.5
2007,6,14,0,6.1,35.5,21.5
2007,6,15,0,4.25,35.5,21.5
2007,6,16,0,2.75,36,21.5
2007,6,17,0,5.2,35,22
2007,6,18,0,2.07,36.5,21.5
2007,6,19,0,3.9,37,21.5
2007,6,20,1.2,1.33,37,25
2007,6,21,8.4,7.1,34.5,24
2007,6,22,0,3.27,34.5,25
2007,6,23,0,3.03,35,23
2007,6,24,0,0.1,35,23
2007,6,25,6.7,3.68,35,23
2007,6,26,3.7,0.86,33.5,23.5
2007,6,27,0,0.65,34.5,23
2007,6,28,0,3.3,35,23
2007,6,29,0,2.87,36,23.5
2007,6,30,0,0.55,36,24
2007,7,1,0,2.93,31.5,23
2007,7,2,0,4.15,33.5,24
2007,7,3,0,3.15,33.5,24
2007,7,4,0,2.95,37,24.5
2007,7,5,0,3.95,37,23.5
2007,7,6,0,2.85,35.5,23.5
2007,7,7,0,3.05,38.5,24
2007,7,8,7.7,4.82,37,24
2007,7,9,0,3.08,36,23.7
2007,7,10,0,3.95,36.5,23.5
2007,7,11,3.2,5.25,35,23.5
2007,7,12,0,7.75,34,22
2007,7,13,0,9.92,36.5,23
2007,7,14,0,8.19,32,23.5
2007,7,15,0,3.99,36.5,23.5
2007,7,16,0,4.95,36.5,23.5
2007,7,17,0,4.97,36.5,22.1
2007,7,18,0,1.98,36.5,20.5
2007,7,19,0,3.06,37,20.5
2007,7,20,0,3.64,37,21.5
2007,7,21,0,2.35,37.5,21
2007,7,22,0.5,4.45,36,21
2007,7,23,0,1.02,36,22
2007,7,24,0,0.77,37,20
2007,7,25,0,6.41,37,20.5
2007,7,26,6.2,11.88,36.5,20
2007,7,27,0,0.27,37,20
2007,7,28,0,1.36,36,20
2007,7,29,0,4.59,36,24.5
2007,7,30,0,3.81,36,25
2007,7,31,0,NULO,36,24
2007,8,1,0,NULO,36,20
2007,8,2,0,NULO,38,24
2007,8,3,0,NULO,36,24
2007,8,4,0,NULO,36,24
2007,8,5,0,NULO,36,21
2007,8,6,0,NULO,37,21
2007,8,7,0,NULO,37,22
2007,8,8,0,NULO,36,22
2007,8,9,0,NULO,36,22
2007,8,10,20.5,NULO,36,21
2007,8,11,0,NULO,36,22
2007,8,12,0,NULO,37,22
2007,8,13,0,NULO,37,21
2007,8,14,0,NULO,36,21
2007,8,15,0,NULO,36,24
2007,8,16,0,NULO,36,24
2007,8,17,9.5,NULO,35.5,24
2007,8,18,0.4,NULO,35,24
2007,8,19,0,NULO,35,24.5
2007,8,20,0,NULO,35.5,24.5
2007,8,21,5.5,NULO,33,24
2007,8,22,21.5,NULO,33,24
2007,8,23,15,NULO,30,23
2007,8,24,20.5,NULO,30,23
2007,8,25,0,NULO,30,21.5
2007,8,26,28.5,NULO,30,20
2007,8,27,39,NULO,29,20.5
2007,8,28,29.5,NULO,27,20
2007,8,29,92.5,NULO,27,18
2007,8,30,15.5,NULO,25,14
2007,8,31,28.5,NULO,25,16
2007,9,1,59.5,NULO,24,17
2007,9,2,66,NULO,24,17
2007,9,3,2.5,NULO,24,17
2007,9,4,16,NULO,28,17
2007,9,5,1.2,NULO,30,17
2007,9,6,0,NULO,31,18
2007,9,7,0,NULO,31,21
2007,9,8,13,NULO,30,21
2007,9,9,10.5,NULO,30,21
2007,9,10,9.3,NULO,31,22
2007,9,11,48.2,NULO,32,20
2007,9,12,0,NULO,33,21
2007,9,13,0,NULO,33,22
2007,9,14,10.3,NULO,33,22
2007,9,15,9.5,NULO,33,22
2007,9,16,4.5,NULO,33,22
2007,9,17,0,NULO,32,22
2007,9,18,0,NULO,34,22.5
2007,9,19,0,NULO,32,23
2007,9,20,0,NULO,30,22
2007,9,21,0,NULO,33.5,22
2007,9,22,0,NULO,33.5,22.5
2007,9,23,0,NULO,34,22.5
2007,9,24,0,NULO,32,22
2007,9,25,5.5,NULO,33,21
2007,9,26,13.8,NULO,33,23
2007,9,27,19.5,NULO,33,22
2007,9,28,8.3,NULO,28,22
2007,9,29,0,NULO,36.5,23
2007,9,30,3.5,NULO,30,22
2007,10,1,0,2.65,31,22
2007,10,2,0,1.2,32,21
2007,10,3,0,5.75,32,21
2007,10,4,0,8.95,32.5,23
2007,10,5,0,3.64,32.5,21.5
2007,10,6,0,4.31,32,22
2007,10,7,18.5,2.35,31,22
2007,10,8,10.6,NULO,31,21
2007,10,9,0,NULO,31,21
2007,10,10,54.5,NULO,30,21
2007,10,11,0,7.75,31,21
2007,10,12,3,0.25,31,21
2007,10,13,0,7.52,31.5,20.5
2007,10,14,0,0.48,32,21
2007,10,15,0,4.1,32,21
2007,10,16,0,2.35,32,21
2007,10,17,0,4.25,32,21
2007,10,18,0,2.1,33,23
2007,10,19,5,3.58,32,23
2007,10,20,0,2.15,32.5,22
2007,10,21,0,7.72,32,21
2007,10,22,70,NULO,32,17
2007,10,23,0,3.15,23,13
2007,10,24,0,9.55,29,11.5
2007,10,25,0,1.3,29,13
2007,10,26,0,1.82,NULO,NULO
2007,10,27,1.3,4.24,29,17.5
2007,10,28,1,3.27,29,17.5
2007,10,29,0,4.9,28.5,17
2007,10,30,0,3.06,26.5,16.5
2007,10,31,0,3.81,28.5,13.5
2007,11,1,0,0.36,23,13
2007,11,2,0,5.45,24,14.5
2007,11,3,0,3.95,26.5,15
2007,11,4,0,4.3,30,16.5
2007,11,5,10.2,0.15,31.5,19
2007,11,6,0,3.85,31,19.5
2007,11,7,0,4.2,30,19.5
2007,11,8,0,3.78,30,17
2007,11,9,0,2.18,30,16
2007,11,10,0,4.84,30,11.5
2007,11,11,0,2.5,30,14
2007,11,12,3.7,1.75,30,14
2007,11,13,0,0.6,30,14
2007,11,14,0,0.5,30,14
2007,11,15,82.5,NULO,30,14
2007,11,16,0,1.8,28,14
2007,11,17,0,0.75,27,14
2007,11,18,0,2.1,28,15
2007,11,19,0,3.1,29.5,15
2007,11,20,0,6.65,30,16.5
2007,11,21,0,1.9,30,16
2007,11,22,4.5,2.77,25,12.5
2007,11,23,0,0.48,23.5,12.5
2007,11,24,0,0.55,23,12.5
2007,11,25,3.8,3.88,23.5,12.5
2007,11,26,2.2,1.27,19,12.5
2007,11,27,7.5,0.3,24,13
2007,11,28,0,1.6,24,16
2007,11,29,0,2.1,25.5,16
2007,11,30,0,1.3,30,20
2007,12,1,0,1.5,26,19
2007,12,2,1.5,2.26,30,17
2007,12,3,2,2.09,24,19
2007,12,4,0,3.1,25,15
2007,12,5,0,2.3,27.5,14
2007,12,6,0,2.72,28.5,13.5
2007,12,7,0,1.03,28.5,17.5
2007,12,8,0,0.75,29,18.5
2007,12,9,0,0.7,30.5,19
2007,12,10,7.5,5.73,27.5,20.5
2007,12,11,0,1.59,29,21.5
2007,12,12,0,1.58,28.5,21
2007,12,13,0,2.05,29,21.5
2007,12,14,0,0.1,29,17.5
2007,12,15,0,4.8,29,16.5
2007,12,16,0,6.86,29.5,15
2007,12,17,0,2.34,29.5,13
2007,12,18,0,1.8,29.5,13
2007,12,19,0,2.4,29.5,13
2007,12,20,0,0.53,29,13
2007,12,21,0,5.07,29,13
2007,12,22,0,3.64,30.5,13
2007,12,23,0,3.76,30,16.5
2007,12,24,0,1.3,30,13
2007,12,25,0,2.2,30,12.5
2007,12,26,0,2.3,30,13
2007,12,27,0,3.05,25.5,13
2007,12,28,0,2.75,24,10
2007,12,29,0,3.8,24,14.5
2007,12,30,0,4.4,24,15
2007,12,31,0,2,27,16
2008,1,1,0,NULO,22,15
2008,1,2,0,2.39,16.5,10.5
2008,1,3,0,2.36,16.5,8.5
2008,1,4,0,3,19.5,8.5
2008,1,5,0,4.57,24.5,8.5
2008,1,6,0,3.46,26.5,13
2008,1,7,0,1.67,27,13
2008,1,8,0,4.05,28.5,13
2008,1,9,0,1.53,30,17
2008,1,10,0,3.06,28.5,18.5
2008,1,11,0,3.7,28.5,18.5
2008,1,12,0,3.11,28.5,16.5
2008,1,13,0,1.6,28.5,16
2008,1,14,0,2.2,28.5,15
2008,1,15,0,1.3,24.5,14.5
2008,1,16,0,0.64,24.5,15
2008,1,17,3.5,1.21,21,15
2008,1,18,0,1.55,18.5,15
2008,1,19,0,0.9,15.5,10.5
2008,1,20,0,0.25,15,10
2008,1,21,0,2.59,23,11
2008,1,22,0,3.26,26,13
2008,1,23,0,1.25,27,15
2008,1,24,2,2.65,22.5,18.5
2008,1,25,0.5,1.7,20.5,14
2008,1,26,0,0.1,20.5,14
2008,1,27,0,0.1,27.5,14.5
2008,1,28,0,0.8,27,14.5
2008,1,29,0,4.6,33.5,16
2008,1,30,0,0.7,26.5,18
2008,1,31,0,4.3,31,13.5
2008,2,1,0,NULO,22,12
2008,2,2,0,2.55,24,14
2008,2,3,0,2.27,27,16
2008,2,4,0,1.98,20.8,16
2008,2,5,0,1.3,30,16
2008,2,6,0,3.5,30,14
2008,2,7,0,1.7,30,13
2008,2,8,0,1.8,32,13
2008,2,9,0,1.23,32,14
2008,2,10,0,3.45,32,12
2008,2,11,4.2,5.88,33,11
2008,2,12,3.2,4.94,31,9
2008,2,13,0,2.2,31.5,13
2008,2,14,0,2.1,31,15
2008,2,15,0,2.1,30,15
2008,2,16,0,1.75,30,14
2008,2,17,0,2.1,30,14
2008,2,18,21.5,3.22,31,13
2008,2,19,0,0.63,31,12
2008,2,20,0,2.25,31,12
2008,2,21,0,2.3,31,14
2008,2,22,0,0.35,31,15
2008,2,23,0,2.75,32,16
2008,2,24,0,0.6,33,16
2008,2,25,0,2.15,32,16
2008,2,26,0,4.05,31,16
2008,2,27,0,1.8,31,14
2008,2,28,0,4.95,31,13
2008,2,29,0,1.94,31,13
2008,3,1,0,2.18,31.5,14
2008,3,2,0,1.95,33,14
2008,3,3,0,1.82,33.5,14
2008,3,4,0,2.15,33,14
2008,3,5,0,3.01,33,14
2008,3,6,0,2.77,34,14
2008,3,7,0,2.6,33,15
2008,3,8,0,2.48,32,15
2008,3,9,0,3.24,32,15.5
2008,3,10,0,2,32,15.5
2008,3,11,0,1.03,33,15
2008,3,12,0,1.96,33,14
2008,3,13,0,4.04,34,14
2008,3,14,0,1.05,34,14
2008,3,15,0,1.96,32,14
2008,3,16,0,1.89,32,16
2008,3,17,0,2.75,32,16
2008,3,18,0,0.6,30,16
2008,3,19,0,2.13,31,16
2008,3,20,0,1.67,31,16
2008,3,21,0,4.32,32.5,15
2008,3,22,0,3.81,22.5,13
2008,3,23,0,5.28,32.5,14
2008,3,24,0,2.29,33,14
2008,3,25,0,1.8,33,15
2008,3,26,0,2.9,33,14
2008,3,27,0,0.86,31.5,13
2008,3,28,0,4.09,34.5,14
2008,3,29,0,3.07,33,18
2008,3,30,0,2.08,30,18.5
2008,3,31,0,0.7,33,19.5
2008,4,1,5,0.9,33,21
2008,4,2,7,1.1,33.5,20
2008,4,3,0,12.2,33.5,21
2008,4,4,0,0.95,31,22
2008,4,5,0,3.6,34,23
2008,4,6,0,2.35,35,24
2008,4,7,0,1.1,34,24
2008,4,8,0,2.7,34,22
2008,4,9,0,2.2,33,22
2008,4,10,0,3.9,33,23
2008,4,11,0,2.8,34,24
2008,4,12,0,3.25,35,24
2008,4,13,0,1.6,35,24
2008,4,14,0,4.2,38,24
2008,4,15,0,2.75,38,25
2008,4,16,0,3.25,35,22.5
2008,4,17,0,1.1,29,22
2008,4,18,0,1.1,38,23
2008,4,19,0,4.45,35,23
2008,4,20,15,1.45,37,20
2008,4,21,10,0.1,36,21
2008,4,22,5,5,36,21
2008,4,23,0,2.9,36,20
2008,4,24,0,3.7,34,21
2008,4,25,0,2.2,36,21
2008,4,26,0,1.1,38.5,18.5
2008,4,27,0,3.9,38.5,19.5
2008,4,28,0,2.05,38.5,20.5
2008,4,29,0,2.15,39,21
2008,4,30,0,2.82,39.5,21
2008,5,1,0,1.95,37.5,20
2008,5,2,0,4.05,36.5,21
2008,5,3,0,3.97,36.5,20.5
2008,5,4,0,3.03,36.5,20
2008,5,5,0,2.95,36.5,20
2008,5,6,0,4.02,37,21
2008,5,7,0,4.23,37,21
2008,5,8,0,4.5,37,21.5
2008,5,9,0,3.65,37.5,20
2008,5,10,0,4.66,38.5,20
2008,5,11,3,4.86,40,21.5
2008,5,12,0,2.99,30.5,22.5
2008,5,13,10,4.1,40,23
2008,5,14,0,4.55,39.5,23
2008,5,15,12,8.17,42,22.5
2008,5,16,0,2.93,41.5,23
2008,5,17,0,3.03,40,23.5
2008,5,18,0,4.03,39.5,23
2008,5,19,0,3.09,39,21.5
2008,5,20,0,5.65,34,22
2008,5,21,0,3.29,40,22
2008,5,22,0,4.91,39,23
2008,5,23,7.5,10.9,38.5,23
2008,5,24,0,4.75,29,22
2008,5,25,5,6.9,39,21
2008,5,26,0,2.7,38.5,21
2008,5,27,0,4.15,38.5,20
2008,5,28,0,3.1,39,20
2008,5,29,0,3.95,39,22.5
2008,5,30,10,7.87,39,23
2008,5,31,5,7.87,39,23
2008,6,1,0,2.5,28,25
2008,6,2,0,8,36,26.5
2008,6,3,0,7.05,36,24
2008,6,4,0,5.35,36,25.5
2008,6,5,0,5.7,36,25
2008,6,6,5,0.4,37,25
2008,6,7,27,1,37,24
2008,6,8,13,3.6,32,23
2008,6,9,5,3.7,32,23
2008,6,10,6,3.3,29,23
2008,6,11,1,3.55,30,23
2008,6,12,0,6.55,33.5,22
2008,6,13,0,5.3,34,22.5
2008,6,14,10.5,2.6,34,22
2008,6,15,0,6.7,34,22
2008,6,16,0,5.82,34,22
2008,6,17,0,6.03,34,22
2008,6,18,0,6.55,35,24
2008,6,19,0,3.9,34.5,24
2008,6,20,0,4.5,35,24.5
2008,6,21,8,4.7,35,24
2008,6,22,15,6.6,35,24
2008,6,23,0,6.75,34,22
2008,6,24,0,3.55,33,22
2008,6,25,12,6.2,33,21
2008,6,26,0,3.9,31.5,21
2008,6,27,0,4.1,32,22.5
2008,6,28,6,3.7,32,22
2008,6,29,12,3.1,32,22
2008,6,30,12,1.9,32,22.5
2008,7,1,46,6,27,12
2008,7,2,0,2.6,31,20
2008,7,3,0,2.55,29,23
2008,7,4,16,5.45,29.5,23
2008,7,5,41,6,30,23
2008,7,6,13,4.1,30,23
2008,7,7,0,1.05,28,23
2008,7,8,9.5,4.15,28,24
2008,7,9,12,3,28,23.5
2008,7,10,11,1.7,30,24
2008,7,11,2,4.45,30.5,22
2008,7,12,8.5,6.45,31,22
2008,7,13,5.5,2.8,32,21.5
2008,7,14,0,0.8,32,21
2008,7,15,0,6.3,33,23
2008,7,16,0,5.8,33,23
2008,7,17,0,4.2,33,22
2008,7,18,0,5.7,33,24
2008,7,19,5,10.05,32.2,24
2008,7,20,0,3.25,32,22
2008,7,21,0,2.95,33,21
2008,7,22,0,4.75,34,20
2008,7,23,0,3.05,34,20
2008,7,24,0,2.95,36,20
2008,7,25,0,1.9,35,22
2008,7,26,0,3.7,37,22
2008,7,27,0,4.1,36,21
2008,7,28,0,3.5,37,20
2008,7,29,0,1.82,37,20
2008,7,30,0,1.98,37,21
2008,7,31,0,NULO,NULO,NULO
2008,8,1,0,3.75,36,21
2008,8,2,0,4.65,36,21
2008,8,3,0,5.8,36,22
2008,8,4,0,4.9,34,23
2008,8,5,0,4.4,34,23
2008,8,6,28.5,10.3,33,22
2008,8,7,10.5,3,32,23
2008,8,8,0,4.15,32,23
2008,8,9,0,6.25,32,23
2008,8,10,0,6.9,34,23
2008,8,11,0,5.65,35,23
2008,8,12,0,5.75,36,24
2008,8,13,0,5.65,36,24.5
2008,8,14,0,9.2,36,24
2008,8,15,0,9.15,37,24
2008,8,16,0,4.85,36,24
2008,8,17,0,5.3,35,24
2008,8,18,0.5,9.65,35.5,24
2008,8,19,46.5,2.25,32,23.5
2008,8,20,0,3.43,30.5,23
2008,8,21,30,NULO,33,23.5
2008,8,22,0,2.55,33,24
2008,8,23,0,3.55,33,24
2008,8,24,0,3.35,34,23
2008,8,25,1.5,4.15,32,23
2008,8,26,2,2.3,29,24
2008,8,27,0,4.7,33,22
2008,8,28,27.5,2.1,33,23.5
2008,8,29,10.4,1.9,28.5,23
2008,8,30,0,0.1,31,23
2008,8,31,11.5,5.55,31,22
2008,9,1,0,6.15,34,22
2008,9,2,0,7.6,36,24
2008,9,3,0,5.3,35,24
2008,9,4,0,5.65,35,23
2008,9,5,8.5,0.55,35,23
2008,9,6,15,8,34,23
2008,9,7,55,NULO,34,23
2008,9,8,2,1,26,22.5
2008,9,9,0,2.5,29,22.5
2008,9,10,0,4.25,32,23
2008,9,11,0,5.35,35,23
2008,9,12,0,2.84,35,23
2008,9,13,14.5,1.41,34,22
2008,9,14,10,4.95,34.5,22
2008,9,15,0,0.1,35,23
2008,9,16,0,1.85,35,22
2008,9,17,0,1.7,26,21
2008,9,18,0,0.6,30,20
2008,9,19,0,3.97,27,21
2008,9,20,0,4.53,27,21
2008,9,21,38,NULO,27,21
2008,9,22,11,1.9,27,21
2008,9,23,14,NULO,28,22
2008,9,24,18,NULO,26,22
2008,9,25,63,NULO,24,21
2008,9,26,0,3.75,27,19
2008,9,27,0,5.15,28,18
2008,9,28,0,4.95,28,17
2008,9,29,0,4.65,30,17
2008,9,30,0,5.05,30,18
2008,10,1,0,6,31,19
2008,10,2,0,4.15,33,19
2008,10,3,0,6.65,32,18.5
2008,10,4,0,3.4,31,18.5
2008,10,5,0,3.05,32,18.5
2008,10,6,0,2.85,33,19
2008,10,7,41,NULO,30,22
2008,10,8,0,2.1,28,22
2008,10,9,0,4.05,29,21
2008,10,10,0,3.95,31,19
2008,10,11,0,4.85,31,20
2008,10,12,0,3.95,32,21
2008,10,13,0,1.3,31,22
2008,10,14,19,5.5,29,22
2008,10,15,0,3.43,30,19
2008,10,16,41,NULO,27,21
2008,10,17,7,1,26,19
2008,10,18,0,4.7,27,19
2008,10,19,0,2.55,27,19
2008,10,20,0,5.35,27,18
2008,10,21,0,3.35,27,19
2008,10,22,0,2.9,28,19
2008,10,23,0,2.45,28,19
2008,10,24,0,4.6,31,19
2008,10,25,0,3.3,31,20
2008,10,26,0,4.65,31,20
2008,10,27,45.5,10.35,25,16
2008,10,28,0,1.75,22,13
2008,10,29,0,3.3,25,14
2008,10,30,0,3.9,25,14
2008,10,31,0,3.1,26,14
2008,11,1,0,2.95,29,17
2008,11,2,0,3.1,29,17
2008,11,3,0,2.89,30,19
2008,11,4,0,2.81,29,19
2008,11,5,0,4.19,29,17
2008,11,6,0,3.56,29,20
2008,11,7,0,3.45,30,19
2008,11,8,0,1.85,30,19
2008,11,9,0,3.95,30,19
2008,11,10,0,4.25,30,19
2008,11,11,0,3.6,30,20
2008,11,12,0,5.02,30,21
2008,11,13,0,3.23,29,21
2008,11,14,0,4.94,30.5,21
2008,11,15,0,1.88,30,21.5
2008,11,16,0,4.1,28,20
2008,11,17,0,2.99,24,16
2008,11,18,0,3.08,23,11.5
2008,11,19,0,2.97,22,14
2008,11,20,24,2.04,27,13
2008,11,21,4.5,2.32,23,17
2008,11,22,5,0.91,24,12.5
2008,11,23,0,4.2,26,16
2008,11,24,3.5,0.48,27,12
2008,11,25,5,1.92,21,14
2008,11,26,0,3.17,27,15
2008,11,27,0,3.2,29,16
2008,11,28,0,4.13,30,18.5
2008,11,29,0,3.65,30,19
2008,11,30,0,4.47,28,19
2008,12,1,0,NULO,23,14
2008,12,2,0,NULO,25,15
2008,12,3,0,NULO,27,13
2008,12,4,0,NULO,23,15
2008,12,5,0,NULO,22,15
2008,12,6,0,NULO,24,15
2008,12,7,0,NULO,25,15
2008,12,8,0,NULO,27,15
2008,12,9,0,NULO,31,15
2008,12,10,0,NULO,17,13
2008,12,11,0,NULO,21,10
2008,12,12,0,NULO,25,8
2008,12,13,0,NULO,29,9
2008,12,14,0,NULO,27,9
2008,12,15,0,NULO,29,10
2008,12,16,2.5,NULO,29,14
2008,12,17,0,NULO,28,17
2008,12,18,0,NULO,27,17
2008,12,19,0,NULO,27,17
2008,12,20,0,NULO,27,18
2008,12,21,0,NULO,25.5,18
2008,12,22,0,NULO,25.5,17
2008,12,23,0,NULO,25,16
2008,12,24,0,NULO,26,17
2008,12,25,0,NULO,26,17
2008,12,26,0,NULO,26,16
2008,12,27,0,NULO,27.5,18
2008,12,28,0,NULO,27.5,16
2008,12,29,0,NULO,28,16
2008,12,30,0,NULO,29,16
2008,12,31,0,NULO,30,16
2009,1,1,0,NULO,32,18
2009,1,2,0,NULO,32,15
2009,1,3,0,NULO,31,15
2009,1,4,0,NULO,31,17
2009,1,5,0,NULO,30,17
2009,1,6,0,NULO,30,16
2009,1,7,0,NULO,22,16
2009,1,8,0,NULO,28,17
2009,1,9,0,NULO,25,19
2009,1,10,10.5,NULO,26,17
2009,1,11,0,NULO,29,16
2009,1,12,0,NULO,21.5,12
2009,1,13,0,NULO,22,11
2009,1,14,0,NULO,24,8
2009,1,15,17,NULO,17,11
2009,1,16,12.5,NULO,21,15
2009,1,17,0,NULO,22,15
2009,1,18,0,NULO,26,11
2009,1,19,0,NULO,27,12
2009,1,20,0,NULO,27,14
2009,1,21,0,NULO,25,13
2009,1,22,0,NULO,26,13
2009,1,23,0,NULO,27.5,14
2009,1,24,0,NULO,27.5,14.5
2009,1,25,0,NULO,28,15
2009,1,26,0,NULO,28,17.5
2009,1,27,0,NULO,20.5,17
2009,1,28,0,NULO,24,16
2009,1,29,0,NULO,26,15
2009,1,30,0,NULO,27,15
2009,1,31,0,NULO,27,16
2009,2,1,0,NULO,27,13
2009,2,2,0,NULO,27,13
2009,2,3,1,NULO,24,14
2009,2,4,0,NULO,23,13
2009,2,5,0,NULO,27,12
2009,2,6,0,NULO,26.5,15
2009,2,7,0,NULO,26,15
2009,2,8,0,NULO,26,16
2009,2,9,0,NULO,26,17
2009,2,10,0,NULO,30.5,17
2009,2,11,0,NULO,22,17.5
2009,2,12,0,NULO,27,17
2009,2,13,0,NULO,20,17
2009,2,14,0,NULO,29,17.5
2009,2,15,0.5,NULO,31,17
2009,2,16,0,NULO,22.5,17.5
2009,2,17,0,NULO,29,19.5
2009,2,18,0,NULO,33,18.5
2009,2,19,8,NULO,25,16
2009,2,20,0,NULO,22,15
2009,2,21,0,NULO,28,14
2009,2,22,0,NULO,28,12
2009,2,23,0,NULO,21,11.5
2009,2,24,0,NULO,28,11.5
2009,2,25,0,NULO,30,14
2009,2,26,0,NULO,32,16
2009,2,27,0,NULO,33,17
2009,2,28,0,NULO,33,15.5
2009,3,1,0,0.68,30,11
2009,3,2,0,5.15,23,12
2009,3,3,0,4.39,23,14
2009,3,4,0,3,28,14
2009,3,5,0,6.61,28,18
2009,3,6,0,5.02,28,18
2009,3,7,0,5.15,28,18
2009,3,8,0,3.81,36,19
2009,3,9,0,4.76,37,20
2009,3,10,0,2.1,30,21
2009,3,11,0,7.14,30,23
2009,3,12,0.5,4.77,25,20
2009,3,13,2,2.53,30,18
2009,3,14,1,2.2,31,14.5
2009,3,15,1,1.1,28,13
2009,3,16,0.2,0.71,27,17
2009,3,17,8,6.39,28,16
2009,3,18,0,5.5,29,15
2009,3,19,0,5.4,30,18
2009,3,20,0,2.99,28,18
2009,3,21,0,6.99,30,14
2009,3,22,0,4.02,31,16
2009,3,23,0,1.95,34,16
2009,3,24,0,6.05,33,16.5
2009,3,25,0,7.89,35,17
2009,3,26,0,6.11,34,20
2009,3,27,0,1.7,40,17
2009,3,28,0,2.22,34,16
2009,3,29,0,1.68,30,16
2009,3,30,0,5.05,30,16
2009,3,31,0,1.9,31,18
2009,4,1,0,2.95,34,18
2009,4,2,0,3.7,40,18
2009,4,3,0,3.25,38,17
2009,4,4,0,1.85,38,21
2009,4,5,0,4.02,32,21
2009,4,6,0,2.93,36,19
2009,4,7,0,2.23,34,18
2009,4,8,0,2.82,33,14
2009,4,9,0,2.92,36,14
2009,4,10,0,3.27,37,17
2009,4,11,0,3.66,39,19
2009,4,12,0,3.5,38,21
2009,4,13,0,2.9,38,20
2009,4,14,0,3.02,36,21
2009,4,15,0,2.66,36,21.5
2009,4,16,0,3.27,36,21
2009,4,17,0,3.01,36,21
2009,4,18,0,4.04,36,20
2009,4,19,0,2.9,35,21
2009,4,20,0,3.06,37,18
2009,4,21,0,3.24,36,22
2009,4,22,0,2.6,36,20
2009,4,23,0,2.26,34,20
2009,4,24,0,2.88,34,22
2009,4,25,0,2.91,35,23
2009,4,26,0,8.2,36,23
2009,4,27,0,8.85,36,23
2009,4,28,0,6.4,36,24
2009,4,29,0,7.6,35,23
2009,4,30,0,1.3,35,20
2009,5,1,0,3.97,37,18
2009,5,2,0,2.27,38,19
2009,5,3,0,5.05,38,15
2009,5,4,0,1.86,39,19
2009,5,5,0,2.06,39,19
2009,5,6,0,1.53,39,20
2009,5,7,0,4.6,39,24
2009,5,8,0,4.25,41,24
2009,5,9,2,10.7,38,25
2009,5,10,0,7.05,37,25
2009,5,11,0,0.7,36,24
2009,5,12,0,5.15,36,24
2009,5,13,0,2.97,38,23
2009,5,14,0,3.73,40,24
2009,5,15,0,6.15,39,22
2009,5,16,8,3.5,38,22
2009,5,17,1.5,1.13,38,21
2009,5,18,1,0.22,38,21
2009,5,19,0,5.45,37,21
2009,5,20,0,3.34,36,21
2009,5,21,0,2.99,34,20
2009,5,22,0,3.84,34,22
2009,5,23,0,4.33,35,21
2009,5,24,0,4.81,36,22
2009,5,25,0,1.86,36,20
2009,5,26,0,3.99,37,20
2009,5,27,0,5.22,38,21
2009,5,28,0,4.23,38,19
2009,5,29,0,4.72,37,19
2009,5,30,18,2.85,36,20
2009,5,31,0,3.58,35,20
2009,6,1,0,NULO,39,20
2009,6,2,58,NULO,36,21
2009,6,3,0,NULO,36,21
2009,6,4,0,NULO,37,23.5
2009,6,5,0,NULO,37,23
2009,6,6,0,NULO,37,23
2009,6,7,0,NULO,37,23
2009,6,8,0,NULO,37,24
2009,6,9,0,NULO,32.6,25
2009,6,10,0,NULO,32,25.5
2009,6,11,0,NULO,38.5,27
2009,6,12,0,NULO,38,26.5
2009,6,13,0,NULO,38.8,22
2009,6,14,0,NULO,38.5,18
2009,6,15,6,NULO,36,18.5
2009,6,16,0,NULO,36,23
2009,6,17,0,NULO,36,25
2009,6,18,0,NULO,36,25
2009,6,19,0,NULO,36,25
2009,6,20,17.5,NULO,29,24
2009,6,21,35,NULO,33,24
2009,6,22,68,NULO,29,23
2009,6,23,15,NULO,34,23
2009,6,24,0,NULO,36,24
2009,6,25,0,NULO,36,24.5
2009,6,26,0,NULO,36,24
2009,6,27,0,NULO,36,24
2009,6,28,0,NULO,36,24
2009,6,29,21,NULO,36,23
2009,6,30,0,NULO,36,25
2009,7,1,0,NULO,36,22
2009,7,2,0,NULO,37,24
2009,7,3,0,NULO,38,21
2009,7,4,0,NULO,37,23
2009,7,5,0,NULO,36,24
2009,7,6,0,NULO,36,24
2009,7,7,0,NULO,38,24
2009,7,8,0,NULO,38,26
2009,7,9,2.5,NULO,37.5,25.5
2009,7,10,39.5,NULO,33,24
2009,7,11,0,NULO,37.5,23
2009,7,12,29,NULO,33,21.5
2009,7,13,0,NULO,34,21
2009,7,14,0,NULO,34.5,23.5
2009,7,15,0,NULO,36,24.5
2009,7,16,0,NULO,34,23
2009,7,17,0,NULO,35,24
2009,7,18,0,NULO,35,24
2009,7,19,0,NULO,35,23
2009,7,20,0,NULO,36,23
2009,7,21,0,NULO,37,22
2009,7,22,0,NULO,36,24
2009,7,23,0,NULO,37,21
2009,7,24,0,NULO,37,23
2009,7,25,13,NULO,37,25
2009,7,26,0,NULO,36,22
2009,7,27,0,NULO,36,22
2009,7,28,0,NULO,37,22
2009,7,29,0,NULO,37,23
2009,7,30,0,NULO,37,23
2009,7,31,0,NULO,37,25
2009,8,1,0,NULO,37,22
2009,8,2,0,NULO,37,23
2009,8,3,0,NULO,36,23
2009,8,4,0,NULO,36,23
2009,8,5,0,NULO,37,23
2009,8,6,0,NULO,37,22
2009,8,7,0,NULO,38,22
2009,8,8,0,NULO,38,22
2009,8,9,17,NULO,39,20
2009,8,10,4.3,NULO,39,20
2009,8,11,0,NULO,38,22
2009,8,12,0,NULO,39,22
2009,8,13,0,NULO,37,23
2009,8,14,0,NULO,37,23
2009,8,15,0,NULO,38,23
2009,8,16,0,NULO,38,24
2009,8,17,117.5,NULO,35,24
2009,8,18,2,NULO,30,20
2009,8,19,0,NULO,35,22
2009,8,20,0,NULO,37,23
2009,8,21,0,NULO,36,24
2009,8,22,0,NULO,36,23
2009,8,23,14.5,NULO,36,23
2009,8,24,3,NULO,36,22.5
2009,8,25,0,NULO,36,22.5
2009,8,26,0,NULO,36.5,22.5
2009,8,27,38,NULO,36.5,23.5
2009,8,28,0,NULO,36.5,23
2009,8,29,0,NULO,36,25
2009,8,30,162.3,NULO,34,24
2009,8,31,0,NULO,34,23
2009,9,1,0,11,28.5,22
2009,9,2,0,11.85,28.5,22.5
2009,9,3,21,2.95,28.5,22
2009,9,4,0,NULO,32,22
2009,9,5,0,NULO,34,22
2009,9,6,89,NULO,34,22
2009,9,7,6,1.58,34,22
2009,9,8,41.5,2.72,34,23
2009,9,9,0,4.6,36,23
2009,9,10,0,1.4,33,25
2009,9,11,0,3.55,34,23.5
2009,9,12,3,4.07,34,23
2009,9,13,0,0.8,34,23
2009,9,14,0,8.86,34,23
2009,9,15,0,4.94,35,23
2009,9,16,0,3.45,35,23
2009,9,17,0,5.15,36,23
2009,9,18,0,5.48,36,21
2009,9,19,0,3.94,35,21
2009,9,20,0,4.07,35,22
2009,9,21,0,2.91,35,21
2009,9,22,0,4.75,35,22
2009,9,23,0,3.95,34,22
2009,9,24,0,0.88,34,21
2009,9,25,0,16.12,34,21
2009,9,26,2,5,34,21
2009,9,27,15,NULO,35,20
2009,9,28,45,NULO,34,20
2009,9,29,14,1.85,36,19
2009,9,30,0,5.05,36,22
2009,10,1,0,6.48,34,22
2009,10,2,0,5.57,34,24
2009,10,3,0,4.85,34,24
2009,10,4,0,3.12,34,24
2009,10,5,0,4.18,34,25
2009,10,6,0,3.9,35,25
2009,10,7,0,4.2,35,25
2009,10,8,0,0.8,36,25
2009,10,9,0,1.85,35,25
2009,10,10,26,3.7,35,24
2009,10,11,0,5.5,35,24
2009,10,12,0,5,36,23
2009,10,13,0,5.55,37,23
2009,10,14,0,3.3,34,25
2009,10,15,0,2.9,34,23
2009,10,16,0,2.23,35,23
2009,10,17,0,3.72,35,20
2009,10,18,11.5,4,34,15.5
2009,10,19,27.5,2.2,26,14
2009,10,20,39,4.1,26,14.5
2009,10,21,0,3.48,29,19
2009,10,22,0,7.97,30,20
2009,10,23,0,5.35,31,21
2009,10,24,0,1.8,33,22
2009,10,25,0,0.7,32,21
2009,10,26,15,1,31,20
2009,10,27,11,0.55,29,16
2009,10,28,51,2.3,30,17
2009,10,29,0,5.7,23,20
2009,10,30,0,0.85,31,19.5
2009,10,31,0,2.92,33,15
2009,11,1,NULO,NULO,27,13
2009,11,2,NULO,NULO,27,16
2009,11,3,NULO,NULO,27,13
2009,11,4,NULO,NULO,26,16
2009,11,5,NULO,NULO,26,18
2009,11,6,NULO,NULO,26,13
2009,11,7,NULO,NULO,26,17
2009,11,8,NULO,NULO,28,17
2009,11,9,NULO,NULO,29,18
2009,11,10,NULO,NULO,28,18
2009,11,11,NULO,NULO,27,18
2009,11,12,NULO,NULO,27,14
2009,11,13,NULO,NULO,27,15
2009,11,14,NULO,NULO,27,16
2009,11,15,NULO,NULO,30,16
2009,11,16,NULO,NULO,20,16
2009,11,17,NULO,NULO,23,15
2009,11,18,NULO,NULO,25,16
2009,11,19,NULO,NULO,26,18
2009,11,20,NULO,NULO,27,15
2009,11,21,NULO,NULO,27,17
2009,11,22,NULO,NULO,28,16
2009,11,23,NULO,NULO,28,16
2009,11,24,NULO,NULO,25,20
2009,11,25,NULO,NULO,21,15
2009,11,26,NULO,NULO,25,13
2009,11,27,NULO,NULO,25,14
2009,11,28,NULO,NULO,27,13
2009,11,29,NULO,NULO,28,13
2009,11,30,NULO,NULO,24,13
2009,12,1,3,NULO,24,14
2009,12,2,1,NULO,23,15
2009,12,3,12,NULO,16,15
2009,12,4,3,NULO,NULO,NULO
2009,12,5,0,NULO,18,7
2009,12,6,0,NULO,23,8
2009,12,7,0,NULO,28,11
2009,12,8,0,NULO,31,18
2009,12,9,0,NULO,32,19
2009,12,10,0,NULO,32,18
2009,12,11,0,NULO,32,18
2009,12,12,0,NULO,26,18
2009,12,13,0,NULO,28,18
2009,12,14,0,NULO,28,19
2009,12,15,23,NULO,26,19
2009,12,16,10.5,NULO,NULO,NULO
2009,12,17,0,NULO,22,12
2009,12,18,0,NULO,23,12
2009,12,19,4,NULO,24,12
2009,12,20,2.5,NULO,24,13
2009,12,21,0,NULO,23,13
2009,12,22,0,NULO,23,13
2009,12,23,0,NULO,23,13
2009,12,24,4.5,NULO,20,11
2009,12,25,0,NULO,20,10
2009,12,26,4.3,NULO,20,10
2009,12,27,0,NULO,21,10
2009,12,28,0,NULO,26,11
2009,12,29,0,NULO,26,14
2009,12,30,0,NULO,26,15
2009,12,31,0,NULO,25,15
2010,1,1,0,NULO,26,15
2010,1,2,0,NULO,26,13
2010,1,3,0,NULO,25,14
2010,1,4,0,NULO,25,14
2010,1,5,0,NULO,26,13
2010,1,6,0,NULO,27,13
2010,1,7,20,NULO,23,11
2010,1,8,11.2,NULO,23,3
2010,1,9,0,NULO,11.5,3
2010,1,10,3.9,NULO,11.5,5
2010,1,11,0,NULO,14,5.5
2010,1,12,6.7,NULO,17,11
2010,1,13,0,NULO,17.5,12
2010,1,14,0,NULO,23,13.5
2010,1,15,8,NULO,24,14.5
2010,1,16,0,NULO,21,12
2010,1,17,0,NULO,21,12.5
2010,1,18,0,NULO,26,12.5
2010,1,19,0,NULO,27,13
2010,1,20,0,NULO,30.5,13.5
2010,1,21,0,NULO,33.5,14.5
2010,1,22,0,NULO,29,15
2010,1,23,0,NULO,29.5,13
2010,1,24,0,NULO,33.5,13
2010,1,25,0,NULO,24.5,12.5
2010,1,26,5.5,NULO,19,14.5
2010,1,27,0,NULO,21,17
2010,1,28,0,NULO,24.5,17.5
2010,1,29,0,NULO,21,17.5
2010,1,30,0,NULO,24.5,17.5
2010,1,31,0,NULO,24.5,17.5
2010,2,1,7.5,NULO,21,12
2010,2,2,8.5,NULO,15,12
2010,2,3,15.8,NULO,18.5,13.5
2010,2,4,20,NULO,18,14.5
2010,2,5,0,NULO,25,13.5
2010,2,6,0,NULO,24.5,14.5
2010,2,7,0,NULO,24,16
2010,2,8,0,NULO,27.5,16
2010,2,9,2.5,NULO,19,18.5
2010,2,10,0.8,NULO,16.5,10.5
2010,2,11,0,NULO,21,11
2010,2,12,0,NULO,22.5,13.5
2010,2,13,0,NULO,22.5,11.5
2010,2,14,0,NULO,21.5,11.5
2010,2,15,9.5,NULO,17,14.5
2010,2,16,2.7,NULO,17,7
2010,2,17,12.3,NULO,12,7
2010,2,18,1.5,NULO,15.5,10
2010,2,19,0,NULO,19,10.5
2010,2,20,0,NULO,25,11
2010,2,21,0,NULO,30,11
2010,2,22,0,NULO,29,12
2010,2,23,5,NULO,27,17
2010,2,24,0,NULO,17,7
2010,2,25,0,NULO,21.5,7
2010,2,26,0,NULO,22,8
2010,2,27,0,NULO,26,10
2010,2,28,0,NULO,26,14
2010,3,1,NULO,NULO,27.5,15
2010,3,2,NULO,NULO,20,13.5
2010,3,3,NULO,NULO,20,14
2010,3,4,NULO,NULO,22,13
2010,3,5,NULO,NULO,25,13
2010,3,6,NULO,NULO,27,17
2010,3,7,NULO,NULO,27,17
2010,3,8,NULO,NULO,26,17.5
2010,3,9,NULO,NULO,31,19
2010,3,10,NULO,NULO,32.5,19
2010,3,11,NULO,NULO,35,18
2010,3,12,NULO,NULO,35,19.5
2010,3,13,NULO,NULO,34,19
2010,3,14,NULO,NULO,29,17
2010,3,15,NULO,NULO,28,11
2010,3,16,NULO,NULO,21,19.5
2010,3,17,NULO,NULO,24,14
2010,3,18,NULO,NULO,28,11
2010,3,19,NULO,NULO,25,13
2010,3,20,NULO,NULO,29,17
2010,3,21,NULO,NULO,20,13
2010,3,22,NULO,NULO,27.5,9
2010,3,23,NULO,NULO,29,14
2010,3,24,NULO,NULO,29,13.5
2010,3,25,NULO,NULO,27,17.5
2010,3,26,NULO,NULO,29,15
2010,3,27,NULO,NULO,29,15
2010,3,28,NULO,NULO,33,15
2010,3,29,NULO,NULO,27.5,15.5
2010,3,30,NULO,NULO,28,15.5
2010,3,31,NULO,NULO,29,17
2010,4,1,NULO,NULO,34,17
2010,4,2,NULO,NULO,34,17
2010,4,3,NULO,NULO,35,15
2010,4,4,NULO,NULO,35,14
2010,4,5,NULO,NULO,34,18
2010,4,6,NULO,NULO,34,18
2010,4,7,NULO,NULO,35,17
2010,4,8,NULO,NULO,23,17
2010,4,9,NULO,NULO,27,18
2010,4,10,NULO,NULO,30,15
2010,4,11,NULO,NULO,32,15
2010,4,12,NULO,NULO,27,16
2010,4,13,NULO,NULO,27,20
2010,4,14,NULO,NULO,28,20
2010,4,15,NULO,NULO,24.5,20
2010,4,16,NULO,NULO,26,20.5
2010,4,17,NULO,NULO,29,19
2010,4,18,NULO,NULO,29,17
2010,4,19,NULO,NULO,27.5,14.5
2010,4,20,NULO,NULO,29,20.5
2010,4,21,NULO,NULO,31,21
2010,4,22,NULO,NULO,31,21.5
2010,4,23,NULO,NULO,32,22
2010,4,24,NULO,NULO,35,22.5
2010,4,25,NULO,NULO,37,20
2010,4,26,NULO,NULO,31.5,17
2010,4,27,NULO,NULO,31,17.5
2010,4,28,NULO,NULO,26,19.5
2010,4,29,NULO,NULO,33,21
2010,4,30,NULO,NULO,35,19
2010,5,1,NULO,NULO,36,22
2010,5,2,NULO,NULO,39,23
2010,5,3,NULO,NULO,33.5,20
2010,5,4,NULO,NULO,33.5,20.5
2010,5,5,NULO,NULO,34,18
2010,5,6,NULO,NULO,35,20
2010,5,7,NULO,NULO,35,21
2010,5,8,NULO,NULO,35,23
2010,5,9,NULO,NULO,35,23
2010,5,10,NULO,NULO,35,22
2010,5,11,NULO,NULO,36,22
2010,5,12,NULO,NULO,34,23
2010,5,13,NULO,NULO,34,24
2010,5,14,NULO,NULO,33,24
2010,5,15,NULO,NULO,33,22
2010,5,16,NULO,NULO,34,22
2010,5,17,NULO,NULO,34.5,21.5
2010,5,18,NULO,NULO,34,23
2010,5,19,NULO,NULO,36,22.5
2010,5,20,NULO,NULO,35.5,24
2010,5,21,NULO,NULO,36,24.5
2010,5,22,NULO,NULO,36,23.5
2010,5,23,NULO,NULO,36,23
2010,5,24,NULO,NULO,35,24
2010,5,25,NULO,NULO,34,25
2010,5,26,NULO,NULO,34,24.5
2010,5,27,NULO,NULO,34,22
2010,5,28,NULO,NULO,34,22
2010,5,29,NULO,NULO,35,22
2010,5,30,NULO,NULO,35,22
2010,5,31,NULO,NULO,36,22
2010,6,1,0,NULO,36,24
2010,6,2,0,NULO,37,25
2010,6,3,0,NULO,39,26
2010,6,4,3.5,NULO,39,26
2010,6,5,0,NULO,39,22
2010,6,6,0,NULO,37,22
2010,6,7,82.5,NULO,26,22
2010,6,8,0,NULO,36,21.5
2010,6,9,0,NULO,37,21.5
2010,6,10,0,NULO,37,25
2010,6,11,0,NULO,37,26
2010,6,12,2,NULO,37,25.5
2010,6,13,0,NULO,36.5,25
2010,6,14,0,NULO,35,24.5
2010,6,15,8,NULO,34,23
2010,6,16,33.8,NULO,28,24
2010,6,17,1,NULO,30,23
2010,6,18,0,NULO,34,23
2010,6,19,0,NULO,35,23
2010,6,20,0,NULO,35,23
2010,6,21,0,NULO,34,23
2010,6,22,0,NULO,34,24
2010,6,23,0,NULO,34,23
2010,6,24,8.5,NULO,31,23
2010,6,25,0,NULO,33,23
2010,6,26,0,NULO,34,23
2010,6,27,0,NULO,36,24
2010,6,28,0,NULO,36,24
2010,6,29,2,NULO,34,25
2010,6,30,1,NULO,30,25
2010,7,1,0,NULO,36,25
2010,7,2,0,NULO,35,26
2010,7,3,0,NULO,35,23
2010,7,4,0,NULO,35,24
2010,7,5,43.5,NULO,37,24
2010,7,6,20,NULO,33,22.5
2010,7,7,2.5,NULO,30,23
2010,7,8,13.5,NULO,32,22
2010,7,9,19.5,NULO,32,22
2010,7,10,7.5,NULO,31,23
2010,7,11,0,NULO,31,22
2010,7,12,0,NULO,33,21
2010,7,13,0,NULO,34,23
2010,7,14,37.5,NULO,32,24
2010,7,15,0,NULO,32,22.5
2010,7,16,0,NULO,34,23
2010,7,17,0,NULO,34,22
2010,7,18,1,NULO,33,22
2010,7,19,0,NULO,33,23
2010,7,20,12.8,NULO,30,24
2010,7,21,25.5,NULO,31,23
2010,7,22,102.5,NULO,26,23
2010,7,23,68,NULO,26,23
2010,7,24,40.5,NULO,26,23
2010,7,25,23,NULO,26,23
2010,7,26,4.3,NULO,26,23
2010,7,27,0,NULO,27,23
2010,7,28,29,NULO,34,23
2010,7,29,5,NULO,31,24
2010,7,30,6.7,NULO,27.3,23
2010,7,31,0,NULO,31,23
2010,8,1,NULO,NULO,31,24
2010,8,2,NULO,NULO,34,24
2010,8,3,NULO,NULO,34,22.5
2010,8,4,NULO,NULO,33,23
2010,8,5,NULO,NULO,34,23
2010,8,6,NULO,NULO,33.5,23
2010,8,7,NULO,NULO,34,23.5
2010,8,8,NULO,NULO,35,24
2010,8,9,NULO,NULO,34,24
2010,8,10,NULO,NULO,35,24
2010,8,11,NULO,NULO,35,24
2010,8,12,NULO,NULO,34,22
2010,8,13,NULO,NULO,34,24
2010,8,14,NULO,NULO,34,24
2010,8,15,NULO,NULO,34,23
2010,8,16,NULO,NULO,30,23
2010,8,17,NULO,NULO,32,23
2010,8,18,NULO,NULO,32,24
2010,8,19,NULO,NULO,33,23
2010,8,20,NULO,NULO,33,23
2010,8,21,NULO,NULO,32,23.5
2010,8,22,NULO,NULO,32.5,23
2010,8,23,NULO,NULO,33,22.5
2010,8,24,NULO,NULO,29.5,23
2010,8,25,NULO,NULO,34,23.5
2010,8,26,NULO,NULO,34,24
2010,8,27,NULO,NULO,34,24
2010,8,28,NULO,NULO,34,22
2010,8,29,NULO,NULO,34,22
2010,8,30,NULO,NULO,31,22.5
2010,8,31,NULO,NULO,31,23
2010,9,1,0,NULO,33,22
2010,9,2,0,NULO,33,23
2010,9,3,67.8,NULO,33,23
2010,9,4,27.8,NULO,28,23
2010,9,5,41,NULO,26,23
2010,9,6,0,NULO,32,22
2010,9,7,0,NULO,32,23
2010,9,8,0,NULO,33,24
2010,9,9,0,NULO,33,25
2010,9,10,0,NULO,34.5,25
2010,9,11,0,NULO,33,24.5
2010,9,12,0,NULO,33,23
2010,9,13,0,NULO,34,22
2010,9,14,0,NULO,34,23
2010,9,15,0,NULO,34,23
2010,9,16,34,NULO,34,23
2010,9,17,11.4,NULO,28,23
2010,9,18,0,NULO,28,23
2010,9,19,19.5,NULO,29,23
2010,9,20,1,NULO,30,23
2010,9,21,0,NULO,32,24
2010,9,22,0,NULO,32,23
2010,9,23,42,NULO,30,22
2010,9,24,7,NULO,30,22
2010,9,25,3,NULO,28,22
2010,9,26,25.5,NULO,29,22
2010,9,27,3,NULO,29,24
2010,9,28,0,NULO,29,24
2010,9,29,0,NULO,32,17
2010,9,30,0,NULO,32,18
2010,10,1,NULO,NULO,32,18
2010,10,2,NULO,NULO,32,20
2010,10,3,NULO,NULO,29,17
2010,10,4,NULO,NULO,23,18
2010,10,5,NULO,NULO,29,18
2010,10,6,NULO,NULO,26,18
2010,10,7,NULO,NULO,27,18
2010,10,8,NULO,NULO,29,16
2010,10,9,NULO,NULO,30,17
2010,10,10,NULO,NULO,30,20
2010,10,11,NULO,NULO,32,21
2010,10,12,NULO,NULO,31,21
2010,10,13,NULO,NULO,30,21
2010,10,14,NULO,NULO,29,20
2010,10,15,NULO,NULO,29,17
2010,10,16,NULO,NULO,29,17
2010,10,17,NULO,NULO,31,17
2010,10,18,NULO,NULO,31,17
2010,10,19,NULO,NULO,31,19
2010,10,20,NULO,NULO,32,19
2010,10,21,NULO,NULO,32,20
2010,10,22,NULO,NULO,30,21
2010,10,23,NULO,NULO,32,22
2010,10,24,NULO,NULO,32,21
2010,10,25,NULO,NULO,33,20
2010,10,26,NULO,NULO,33,19
2010,10,27,NULO,NULO,33,19
2010,10,28,NULO,NULO,32,23
2010,10,29,NULO,NULO,29,16
2010,10,30,NULO,NULO,28,15
2010,10,31,NULO,NULO,31,15
2010,11,1,NULO,NULO,32,20
2010,11,2,NULO,NULO,28,22
2010,11,3,NULO,NULO,28,20
2010,11,4,NULO,NULO,27,15
2010,11,5,NULO,NULO,25,10
2010,11,6,NULO,NULO,25,9
2010,11,7,NULO,NULO,25,10
2010,11,8,NULO,NULO,27,12
2010,11,9,NULO,NULO,28,13
2010,11,10,NULO,NULO,28,14
2010,11,11,NULO,NULO,30,14
2010,11,12,NULO,NULO,29,15
2010,11,13,NULO,NULO,28,17
2010,11,14,NULO,NULO,27,18
2010,11,15,NULO,NULO,32,19
2010,11,16,NULO,NULO,29,20
2010,11,17,NULO,NULO,28,19
2010,11,18,NULO,NULO,24,19
2010,11,19,NULO,NULO,23,17
2010,11,20,NULO,NULO,28,17
2010,11,21,NULO,NULO,29,19
2010,11,22,NULO,NULO,30,20
2010,11,23,NULO,NULO,29,20
2010,11,24,NULO,NULO,30,21
2010,11,25,NULO,NULO,31,19
2010,11,26,NULO,NULO,22,18
2010,11,27,NULO,NULO,21,14
2010,11,28,NULO,NULO,26,15
2010,11,29,NULO,NULO,32,15
2010,11,30,NULO,NULO,21,17
2010,12,1,NULO,NULO,24,12
2010,12,2,NULO,NULO,24,12
2010,12,3,NULO,NULO,27,12
2010,12,4,NULO,NULO,29,14
2010,12,5,NULO,NULO,25,15
2010,12,6,NULO,NULO,18,15
2010,12,7,NULO,NULO,26,13
2010,12,8,NULO,NULO,26,15
2010,12,9,NULO,NULO,24,10
2010,12,10,NULO,NULO,27,11
2010,12,11,NULO,NULO,28,10
2010,12,12,NULO,NULO,21,13.5
2010,12,13,NULO,NULO,21,13
2010,12,14,NULO,NULO,25,10
2010,12,15,NULO,NULO,27,10
2010,12,16,NULO,NULO,29,12
2010,12,17,NULO,NULO,26,15
2010,12,18,NULO,NULO,26,17
2010,12,19,NULO,NULO,26,15
2010,12,20,NULO,NULO,28,14
2010,12,21,NULO,NULO,28,16
2010,12,22,NULO,NULO,28,16.5
2010,12,23,NULO,NULO,27,17.5
2010,12,24,NULO,NULO,27,8
2010,12,25,NULO,NULO,27,8
2010,12,26,NULO,NULO,18,13
2010,12,27,NULO,NULO,19,12
2010,12,28,NULO,NULO,25,12
2010,12,29,NULO,NULO,32,15
2010,12,30,NULO,NULO,32,13
2010,12,31,NULO,NULO,32,13
2011,1,1,0,NULO,35,13
2011,1,2,0,NULO,35,14
2011,1,3,0,NULO,30,15
2011,1,4,0,NULO,28,16
2011,1,5,0,NULO,30,16
2011,1,6,0,NULO,28,18
2011,1,7,0,NULO,29,18
2011,1,8,0,NULO,26,17.5
2011,1,9,0,NULO,29,17.5
2011,1,10,0,NULO,28.5,17
2011,1,11,12.5,NULO,24,18.5
2011,1,12,8,NULO,11.5,9
2011,1,13,5,NULO,13,9
2011,1,14,0,NULO,21,10
2011,1,15,2,NULO,25,12
2011,1,16,0,NULO,25,15
2011,1,17,0,NULO,28,15
2011,1,18,0,NULO,26,16
2011,1,19,0,NULO,26,13.5
2011,1,20,0,NULO,31.5,14
2011,1,21,0,NULO,20,13.5
2011,1,22,0,NULO,25,13
2011,1,23,0,NULO,27,13
2011,1,24,0,NULO,26,14
2011,1,25,0,NULO,20,17
2011,1,26,2,NULO,20,15
2011,1,27,4,NULO,28,15
2011,1,28,0,NULO,21,15
2011,1,29,0,NULO,28,16
2011,1,30,0,NULO,28,16
2011,1,31,0,NULO,29,17
2011,2,1,0,NULO,32,16
2011,2,2,1,NULO,NULO,NULO
2011,2,3,1,NULO,16,3.5
2011,2,4,0,NULO,8,2
2011,2,5,0,NULO,18,2
2011,2,6,0,NULO,27,6
2011,2,7,0,NULO,22,8
2011,2,8,0,NULO,24,8
2011,2,9,0,NULO,30,10
2011,2,10,0,NULO,12,8
2011,2,11,4,NULO,14,7
2011,2,12,5,NULO,18,8
2011,2,13,0,NULO,21,9
2011,2,14,0,NULO,27,11
2011,2,15,0,NULO,28,13
2011,2,16,0,NULO,29,14
2011,2,17,0,NULO,28,17
2011,2,18,0,NULO,29,18
2011,2,19,0,NULO,30,19
2011,2,20,0,NULO,30,19
2011,2,21,0,NULO,32,18
2011,2,22,0,NULO,30,18
2011,2,23,0,NULO,31,20
2011,2,24,0,NULO,32.5,21
2011,2,25,0,NULO,32.5,21
2011,2,26,0,NULO,30.5,21
2011,2,27,0,NULO,33.5,21.5
2011,2,28,0,NULO,29,21.5
2011,3,1,0,NULO,30,12
2011,3,2,0,NULO,30,12
2011,3,3,0,NULO,30,11
2011,3,4,0,NULO,31,11
2011,3,5,0,NULO,29,10
2011,3,6,0,NULO,26,17
2011,3,7,0,NULO,35,14
2011,3,8,0,NULO,37,16
2011,3,9,0,NULO,34,16
2011,3,10,0,NULO,27,18
2011,3,11,0,NULO,29,11
2011,3,12,0,NULO,31,13
2011,3,13,0,NULO,32,14
2011,3,14,0.5,NULO,31.5,14
2011,3,15,0,NULO,31,20.5
2011,3,16,0,NULO,31,20
2011,3,17,0,NULO,31,20
2011,3,18,0,NULO,31,19
2011,3,19,0,NULO,31,20
2011,3,20,0,NULO,31,20
2011,3,21,0,NULO,32,20
2011,3,22,0,NULO,32,19
2011,3,23,0,NULO,33,19
2011,3,24,0,NULO,33,21
2011,3,25,0,NULO,35,21
2011,3,26,0,NULO,35,22
2011,3,27,0,NULO,34,22
2011,3,28,0,NULO,34,22
2011,3,29,0,NULO,35,22
2011,3,30,0,NULO,33,23
2011,3,31,0,NULO,33,21
2011,4,1,0,NULO,35,22
2011,4,2,0,NULO,35,23
2011,4,3,0,NULO,35,23
2011,4,4,0,NULO,43,23
2011,4,5,0,NULO,30,21
2011,4,6,0,NULO,37,16
2011,4,7,0,NULO,37,19
2011,4,8,0,NULO,37,19
2011,4,9,0,NULO,38,22
2011,4,10,0,NULO,38,22
2011,4,11,0,NULO,37,22
2011,4,12,0,NULO,37,19
2011,4,13,0,NULO,36,18
2011,4,14,0,NULO,37,17
2011,4,15,0,NULO,38,20
2011,4,16,41.5,NULO,36,20
2011,4,17,0,NULO,36,22
2011,4,18,0,NULO,39,21
2011,4,19,0,NULO,39,23
2011,4,20,0,NULO,39,24
2011,4,21,0,NULO,38,24
2011,4,22,0,NULO,37,24
2011,4,23,0,NULO,37,23
2011,4,24,0,NULO,36,23
2011,4,25,0,NULO,43,23
2011,4,26,0,NULO,43,21
2011,4,27,0,NULO,47,21
2011,4,28,0,NULO,46,21
2011,4,29,0,NULO,47,22
2011,4,30,0,NULO,47,22
2011,5,1,0,NULO,39,22
2011,5,2,0,NULO,34,22
2011,5,3,0,NULO,26,19
2011,5,4,0,NULO,30,16
2011,5,5,0,NULO,33,19
2011,5,6,0,NULO,34,21
2011,5,7,0,NULO,36,22
2011,5,8,0,NULO,37,22
2011,5,9,0,NULO,38,22
2011,5,10,0,NULO,38,22
2011,5,11,0,NULO,38,24
2011,5,12,0,NULO,38,26
2011,5,13,1,NULO,38,26
2011,5,14,0,NULO,37,24
2011,5,15,0,NULO,37,23
2011,5,16,3.8,NULO,31,23
2011,5,17,0,NULO,35,22
2011,5,18,0,NULO,39,22
2011,5,19,0,NULO,44,23
2011,5,20,0,NULO,44,25
2011,5,21,0,NULO,39,25
2011,5,22,0,NULO,36,24
2011,5,23,0,NULO,38,25
2011,5,24,0,NULO,40,24
2011,5,25,0,NULO,39,24
2011,5,26,0,NULO,37,25
2011,5,27,0,NULO,39,25
2011,5,28,0,NULO,40,24
2011,5,29,0,NULO,40,25
2011,5,30,0,NULO,39,25
2011,5,31,10.8,NULO,38,26
2011,6,1,0,NULO,34,22
2011,6,2,0,NULO,36,22
2011,6,3,0,NULO,36,22
2011,6,4,0,NULO,36,22
2011,6,5,21,NULO,37,22
2011,6,6,0,NULO,36,21
2011,6,7,0,NULO,37,22
2011,6,8,0,NULO,38,22
2011,6,9,0,NULO,38,22
2011,6,10,0,NULO,38,23
2011,6,11,0,NULO,37,25
2011,6,12,0,NULO,37,24
2011,6,13,0,NULO,38,24
2011,6,14,0,NULO,38,24
2011,6,15,0,NULO,37,25
2011,6,16,0,NULO,38,25
2011,6,17,0,NULO,38,26
2011,6,18,0,NULO,39,25
2011,6,19,0,NULO,39,24
2011,6,20,0,NULO,40,24
2011,6,21,0,NULO,40,24
2011,6,22,0,NULO,39,25
2011,6,23,10.5,NULO,41,23
2011,6,24,16.5,NULO,38,23
2011,6,25,30,NULO,35,23
2011,6,26,0,NULO,33,23
2011,6,27,36.5,NULO,35,23
2011,6,28,64,NULO,35,23
2011,6,29,179.5,NULO,27,23
2011,6,30,41,NULO,26,22
2011,7,1,61.5,NULO,29,22
2011,7,2,18.6,NULO,27,22
2011,7,3,2,NULO,28,21
2011,7,4,0,NULO,32,21
2011,7,5,0,NULO,33,22
2011,7,6,0,NULO,34,23
2011,7,7,0,NULO,34,22
2011,7,8,0,NULO,33,23
2011,7,9,0,NULO,34,24
2011,7,10,0,NULO,34,24
2011,7,11,0,NULO,33,24
2011,7,12,9,NULO,33,23
2011,7,13,10.5,NULO,30,22
2011,7,14,9,NULO,31,23
2011,7,15,0,NULO,32,22
2011,7,16,19,NULO,31,23
2011,7,17,60,NULO,31,22
2011,7,18,24,NULO,31,22
2011,7,19,0,NULO,32,22
2011,7,20,0,NULO,33,22
2011,7,21,0,NULO,35,22
2011,7,22,0,NULO,34,23
2011,7,23,0,NULO,34,23
2011,7,24,0,NULO,32.5,23
2011,7,25,0,NULO,34,22.5
2011,7,26,0,NULO,35,23
2011,7,27,0,NULO,34,24
2011,7,28,2.5,NULO,34,25
2011,7,29,0.5,NULO,32,24
2011,7,30,0.5,NULO,32,22
2011,7,31,29.5,NULO,29,23
2011,8,1,0,NULO,29,23
2011,8,2,0,NULO,33,22
2011,8,3,0,NULO,33,23
2011,8,4,0,NULO,33,22.5
2011,8,5,0,NULO,33,22.5
2011,8,6,0,NULO,34,23
2011,8,7,0,NULO,34,24
2011,8,8,0,NULO,34,24
2011,8,9,0,NULO,35,25
2011,8,10,0,NULO,36,26
2011,8,11,0,NULO,36,27
2011,8,12,0,NULO,36,26
2011,8,13,2,NULO,35,26
2011,8,14,0.5,NULO,34,23
2011,8,15,0,NULO,34,22
2011,8,16,0,NULO,34,22
2011,8,17,0,NULO,34,22
2011,8,18,0,NULO,36,23
2011,8,19,0,NULO,34,23
2011,8,20,0,NULO,34,23
2011,8,21,19.4,NULO,34,23
2011,8,22,12,NULO,28,23
2011,8,23,0,NULO,33,23
2011,8,24,0,NULO,35,23
2011,8,25,0,NULO,35,23
2011,8,26,0,NULO,35,24
2011,8,27,0,NULO,35,24
2011,8,28,0,NULO,35,24
2011,8,29,0,NULO,35,24
2011,8,30,0,NULO,34,24
2011,8,31,0,NULO,33,22
2011,9,1,0,NULO,31,24
2011,9,2,0,NULO,35,23
2011,9,3,0,NULO,36,24
2011,9,4,0.1,NULO,36,24
2011,9,5,38,NULO,35,25
2011,9,6,0,NULO,31,22
2011,9,7,0,NULO,32,20
2011,9,8,0,NULO,32,21
2011,9,9,0,NULO,33,18
2011,9,10,7.5,NULO,32,19
2011,9,11,16,NULO,34,20
2011,9,12,0,NULO,32,20
2011,9,13,0,NULO,34,22
2011,9,14,0,NULO,34,23
2011,9,15,0,NULO,34,23
2011,9,16,0,NULO,34,22
2011,9,17,0,NULO,34,22
2011,9,18,0,NULO,34,21
2011,9,19,0,NULO,33,21
2011,9,20,0,NULO,34,22
2011,9,21,0,NULO,33,22
2011,9,22,0,NULO,34,23
2011,9,23,0,NULO,34,23
2011,9,24,0,NULO,33.5,23
2011,9,25,0,NULO,34,23
2011,9,26,0,NULO,35,22
2011,9,27,0,NULO,35,23
2011,9,28,0,NULO,35,23
2011,9,29,0,NULO,35,23
2011,9,30,13,NULO,35,23
2011,10,1,10,NULO,NULO,NULO
2011,10,2,0,NULO,30,21
2011,10,3,0,NULO,30,19
2011,10,4,0,NULO,29,19
2011,10,5,0,NULO,31,21
2011,10,6,0,NULO,32,20
2011,10,7,0,NULO,32.5,21
2011,10,8,0,NULO,33,22
2011,10,9,0,NULO,33,23
2011,10,10,0,NULO,32,24
2011,10,11,0,NULO,30,22
2011,10,12,0,NULO,30,20
2011,10,13,41,NULO,33,21
2011,10,14,1,NULO,33,23
2011,10,15,0,NULO,33,15
2011,10,16,0,NULO,31,20
2011,10,17,0,NULO,31,19
2011,10,18,0,NULO,32.5,19
2011,10,19,0,NULO,35,19.5
2011,10,20,0,NULO,30,17
2011,10,21,0,NULO,32,13
2011,10,22,0,NULO,32,17
2011,10,23,0,NULO,31,17
2011,10,24,0,NULO,31,17
2011,10,25,0,NULO,31,17
2011,10,26,0,NULO,31,17
2011,10,27,0,NULO,31,17
2011,10,28,0,NULO,32,17
2011,10,29,0,NULO,24,18
2011,10,30,0,NULO,28,18
2011,10,31,0,NULO,29,14
2011,11,1,0,NULO,31,18
2011,11,2,25,NULO,19,17
2011,11,3,0,NULO,23,17
2011,11,4,0,NULO,27,16
2011,11,5,0,NULO,30,17
2011,11,6,0,NULO,31,18
2011,11,7,0,NULO,31,20
2011,11,8,30.8,NULO,27,21.5
2011,11,9,0,NULO,26,22
2011,11,10,0,NULO,27,11
2011,11,11,0,NULO,29,12
2011,11,12,0,NULO,29,15
2011,11,13,0,NULO,33,17
2011,11,14,0,NULO,30,20
2011,11,15,10.5,NULO,26,21
2011,11,16,0,NULO,29,22
2011,11,17,0,NULO,30,19
2011,11,18,0,NULO,30,19
2011,11,19,0,NULO,30,19
2011,11,20,0,NULO,28,17
2011,11,21,0,NULO,27,17
2011,11,22,0,NULO,28,17
2011,11,23,19,NULO,28,16
2011,11,24,0,NULO,28,18
2011,11,25,0,NULO,23,6
2011,11,26,0,NULO,23,6
2011,11,27,0,NULO,26,6
2011,11,28,0,NULO,27,11
2011,11,29,0,NULO,29,12
2011,11,30,0,NULO,29,15
2011,12,1,0,NULO,27,11
2011,12,2,0,NULO,26,12
2011,12,3,0,NULO,27,14
2011,12,4,0,NULO,29,16
2011,12,5,0,NULO,27,17
2011,12,6,3.5,NULO,15,14
2011,12,7,0,NULO,14,9
2011,12,8,0,NULO,21,9
2011,12,9,0,NULO,22,12
2011,12,10,0.5,NULO,22.5,16
2011,12,11,0,NULO,22.5,13.5
2011,12,12,0,NULO,25,13.5
2011,12,13,2,NULO,28,17
2011,12,14,0,NULO,28.5,19
2011,12,15,0,NULO,28.5,19.5
2011,12,16,5.5,NULO,25,20
2011,12,17,1,NULO,26,15
2011,12,18,0,NULO,27,15
2011,12,19,0,NULO,27,16
2011,12,20,0,NULO,28,15
2011,12,21,0,NULO,25,17
2011,12,22,0,NULO,25,16
2011,12,23,0,NULO,23,17
2011,12,24,1,NULO,21,17
2011,12,25,0,NULO,21,10
2011,12,26,0,NULO,24,10
2011,12,27,0,NULO,23,12
2011,12,28,0,NULO,26,10
2011,12,29,0,NULO,27.5,11
2011,12,30,0,NULO,28,11.5
2011,12,31,0,NULO,28.5,15
2012,1,1,0,NULO,20.5,17.5
2012,1,2,0,NULO,18,13.5
2012,1,3,0,NULO,22,12
2012,1,4,0,NULO,24,11.5
2012,1,5,6.5,NULO,20,14
2012,1,6,0,NULO,24,16
2012,1,7,0,NULO,27,15
2012,1,8,0,NULO,30,15.5
2012,1,9,0,NULO,20,16.5
2012,1,10,0,NULO,28,15.5
2012,1,11,0,NULO,23,13
2012,1,12,0,NULO,16,11
2012,1,13,10,NULO,16.5,11
2012,1,14,12,NULO,16.5,12
2012,1,15,0,NULO,21.5,14.5
2012,1,16,0,NULO,27,16
2012,1,17,0,NULO,30,17
2012,1,18,0,NULO,26,18
2012,1,19,0,NULO,28,18.5
2012,1,20,0,NULO,29,18.5
2012,1,21,0,NULO,29,18
2012,1,22,0,NULO,30,18
2012,1,23,0,NULO,26.5,18
2012,1,24,0,NULO,28.5,17.5
2012,1,25,0,NULO,31,19
2012,1,26,0,NULO,26,19
2012,1,27,0,NULO,27,14
2012,1,28,0,NULO,29,14
2012,1,29,28,NULO,29,15.5
2012,1,30,0,NULO,20,15.5
2012,1,31,0,NULO,20,15
2012,2,1,0,NULO,26.5,17.5
2012,2,2,0,NULO,27,17.5
2012,2,3,0,NULO,29,19
2012,2,4,0,NULO,29,20
2012,2,5,14.5,NULO,28.5,15
2012,2,6,0,NULO,17,16
2012,2,7,2.5,NULO,22.5,13.5
2012,2,8,10.3,NULO,17,14
2012,2,9,3.5,NULO,17,12.5
2012,2,10,1.5,NULO,28,13
2012,2,11,27,NULO,17,14
2012,2,12,0,NULO,15,13
2012,2,13,0,NULO,24,12
2012,2,14,7,NULO,29,14
2012,2,15,0,NULO,29,16
2012,2,16,2,NULO,29,21
2012,2,17,0,NULO,29,20
2012,2,18,0,NULO,26,19
2012,2,19,0,NULO,26,17
2012,2,20,0,NULO,27,15
2012,2,21,0,NULO,28,17
2012,2,22,0,NULO,30,18
2012,2,23,0,NULO,31,18
2012,2,24,6.5,NULO,32,20
2012,2,25,0,NULO,27,12
2012,2,26,0,NULO,27,12
2012,2,27,0,NULO,29,12
2012,2,28,0,NULO,28.5,16
2012,3,1,0,NULO,32,20
2012,3,2,0,NULO,34,21
2012,3,3,0,NULO,34,19
2012,3,4,0,NULO,35,19
2012,3,5,0,NULO,26,15
2012,3,6,0,NULO,25,14
2012,3,7,0,NULO,30,16
2012,3,8,0,NULO,30,16
2012,3,9,3,NULO,27,19
2012,3,10,0,NULO,25,12
2012,3,11,4,NULO,25,14
2012,3,12,0,NULO,29,14
2012,3,13,0,NULO,31,14
2012,3,14,0,NULO,31,20
2012,3,15,0,NULO,31,20
2012,3,16,0,NULO,31,18
2012,3,17,0,NULO,31,19
2012,3,18,0,NULO,31,19
2012,3,19,0,NULO,33,20
2012,3,20,0,NULO,37,22
2012,3,21,0,NULO,27,19
2012,3,22,0,NULO,29,18
2012,3,23,0,NULO,31,18
2012,3,24,0,NULO,34,18
2012,3,25,0,NULO,33,17
2012,3,26,0,NULO,33,17
2012,3,27,0,NULO,33,21
2012,3,28,0,NULO,32,21
2012,3,29,0,NULO,33,21
2012,3,30,0,NULO,34,22
2012,3,31,5,NULO,35,22
2012,4,1,0,NULO,35,21
2012,4,2,0,NULO,37.5,21
2012,4,3,0,NULO,37,19.5
2012,4,4,0,NULO,37,20
2012,4,5,0,NULO,37,20
2012,4,6,1.5,NULO,38,20
2012,4,7,0,NULO,39,20
2012,4,8,22.5,NULO,39,21
2012,4,9,5.5,NULO,32,20
2012,4,10,0,NULO,32,21
2012,4,11,0,NULO,32,21
2012,4,12,0,NULO,33,21
2012,4,13,0,NULO,33,21
2012,4,14,0,NULO,37,21
2012,4,15,0,NULO,37,22
2012,4,16,12.5,NULO,34,23
2012,4,17,0,NULO,28,20
2012,4,18,0,NULO,34,20
2012,4,19,0,NULO,34,20
2012,4,20,2,NULO,36,21
2012,4,21,0,NULO,38,21
2012,4,22,0,NULO,39,19
2012,4,23,0,NULO,33,17
2012,4,24,0,NULO,33,19
2012,4,25,0,NULO,36,19
2012,4,26,0,NULO,36,20
2012,4,27,0,NULO,36,19
2012,4,28,0,NULO,35,19
2012,4,29,0,NULO,35,20
2012,4,30,0,NULO,35,21
2012,5,1,0,NULO,34,23
2012,5,2,0,NULO,35,23
2012,5,3,0,NULO,37,24
2012,5,4,0,NULO,38,24
2012,5,5,0,NULO,39,24
2012,5,6,0,NULO,40,23
2012,5,7,0,NULO,38,23
2012,5,8,53.5,NULO,35,25
2012,5,9,0,NULO,31,23
2012,5,10,0,NULO,34,23
2012,5,11,0,NULO,34,22
2012,5,12,90.5,NULO,36,20
2012,5,13,0,NULO,34,20
2012,5,14,0,NULO,34,20
2012,5,15,0,NULO,33,20
2012,5,16,0,NULO,31,20
2012,5,17,0,NULO,32,21
2012,5,18,0,NULO,33,21
2012,5,19,0,NULO,34,21
2012,5,20,0,NULO,34,21
2012,5,21,11,NULO,30,21
2012,5,22,0,NULO,33,19
2012,5,23,0,NULO,35,21
2012,5,24,0,NULO,36,22
2012,5,25,0,NULO,37,23
2012,5,26,0,NULO,37,23
2012,5,27,0,NULO,37,24
2012,5,28,0,NULO,35,24
2012,5,29,0,NULO,36,24
2012,5,30,0,NULO,36,24
2012,5,31,0,NULO,36,24
2012,6,1,0,NULO,36,24
2012,6,2,0,NULO,36,21
2012,6,3,0,NULO,36,21
2012,6,4,0,NULO,36,20
2012,6,5,23,NULO,34,24
2012,6,6,0,NULO,33,20
2012,6,7,0,NULO,34,22
2012,6,8,0,NULO,37,22
2012,6,9,0,NULO,37,23
2012,6,10,0,NULO,38,24
2012,6,11,0,NULO,37,24
2012,6,12,0,NULO,35,25
2012,6,13,0,NULO,35,23
2012,6,14,0,NULO,35,24
2012,6,15,20,NULO,35,24
2012,6,16,0,NULO,35,22
2012,6,17,0,NULO,35,22
2012,6,18,0,NULO,35,22
2012,6,19,26,NULO,29,22
2012,6,20,0,NULO,27,21
2012,6,21,13.5,NULO,30,22
2012,6,22,2.5,NULO,29,22
2012,6,23,0,NULO,35,22
2012,6,24,0,NULO,35,22
2012,6,25,0,NULO,35,22
2012,6,26,0,NULO,35,22
2012,6,27,0,NULO,34,22
2012,6,28,0,NULO,35,24
2012,6,29,0,NULO,37,25
2012,6,30,0,NULO,37,25
2012,7,1,3.5,NULO,37,24
2012,7,2,21,NULO,31,24
2012,7,3,5,NULO,32,21
2012,7,4,0,NULO,33,22
2012,7,5,0,NULO,33,23
2012,7,6,0,NULO,34,23
2012,7,7,0,NULO,34,22
2012,7,8,0,NULO,34,21
2012,7,9,0,NULO,34,21
2012,7,10,0,NULO,34,22
2012,7,11,0,NULO,35,22
2012,7,12,10.5,NULO,33,23
2012,7,13,49.5,NULO,30,23
2012,7,14,18,NULO,29,22
2012,7,15,22.5,NULO,29,22
2012,7,16,2.5,NULO,30,22
2012,7,17,2.5,NULO,32,22
2012,7,18,18,NULO,31,21
2012,7,19,24,NULO,31,22
2012,7,20,0,NULO,32,22
2012,7,21,0,NULO,33,22
2012,7,22,20.5,NULO,33,21
2012,7,23,0.5,NULO,32,23
2012,7,24,10.5,NULO,32,22
2012,7,25,0,NULO,32,22
2012,7,26,0,NULO,32,22
2012,7,27,0,NULO,32,22
2012,7,28,16.5,NULO,32,22
2012,7,29,3.5,NULO,32,22
2012,7,30,0,NULO,33,22
2012,7,31,0,NULO,33,22
2012,8,1,0,NULO,NULO,NULO
2012,8,2,0,NULO,NULO,NULO
2012,8,3,0,NULO,NULO,NULO
2012,8,4,0,NULO,NULO,NULO
2012,8,5,0,NULO,NULO,NULO
2012,8,6,0,NULO,NULO,NULO
2012,8,7,0,NULO,NULO,NULO
2012,8,8,0,NULO,NULO,NULO
2012,8,9,0,NULO,NULO,NULO
2012,8,10,0,NULO,NULO,NULO
2012,8,11,0,NULO,NULO,NULO
2012,8,12,0,NULO,NULO,NULO
2012,8,13,2,NULO,NULO,NULO
2012,8,14,0.5,NULO,NULO,NULO
2012,8,15,0,NULO,NULO,NULO
2012,8,16,0,NULO,NULO,NULO
2012,8,17,0,NULO,NULO,NULO
2012,8,18,0,NULO,NULO,NULO
2012,8,19,0,NULO,NULO,NULO
2012,8,20,9,NULO,NULO,NULO
2012,8,21,19.5,NULO,NULO,NULO
2012,8,22,12,NULO,NULO,NULO
2012,8,23,0,NULO,NULO,NULO
2012,8,24,0,NULO,NULO,NULO
2012,8,25,0,NULO,NULO,NULO
2012,8,26,0,NULO,NULO,NULO
2012,8,27,0,NULO,NULO,NULO
2012,8,28,0,NULO,NULO,NULO
2012,8,29,0,NULO,NULO,NULO
2012,8,30,0,NULO,NULO,NULO
2012,8,31,0,NULO,NULO,NULO
2012,9,1,2,NULO,35,23
2012,9,2,2,NULO,35,23
2012,9,3,0,NULO,35,23
2012,9,4,0,NULO,35,24
2012,9,5,0,NULO,34,24
2012,9,6,0,NULO,34,25
2012,9,7,0,NULO,34,23
2012,9,8,0,NULO,35,23
2012,9,9,0,NULO,35,22
2012,9,10,0,NULO,33,22
2012,9,11,6.5,NULO,33,23
2012,9,12,0,NULO,28,23
2012,9,13,5.5,NULO,30,23
2012,9,14,51,NULO,28,21
2012,9,15,0,NULO,32,21
2012,9,16,0,NULO,34,21
2012,9,17,0,NULO,34,21
2012,9,18,0,NULO,32,21
2012,9,19,0,NULO,32,21
2012,9,20,0,NULO,32,20
2012,9,21,0,NULO,31,20
2012,9,22,0,NULO,31,21
2012,9,23,13,NULO,31,21
2012,9,24,0,NULO,28,22
2012,9,25,0,NULO,29,22
2012,9,26,0,NULO,33,21
2012,9,27,0,NULO,32,22
2012,9,28,0,NULO,31,23
2012,9,29,0,NULO,30,23
2012,9,30,23.5,NULO,34,24
2012,10,1,0,NULO,29,21
2012,10,2,0,NULO,33,21
2012,10,3,0,NULO,34,20
2012,10,4,0,NULO,33,20
2012,10,5,0,NULO,33,19
2012,10,6,0,NULO,32,17
2012,10,7,27.5,NULO,32,20
2012,10,8,0,NULO,29,20
2012,10,9,0,NULO,31,21
2012,10,10,0,NULO,32,21
2012,10,11,0,NULO,33,22
2012,10,12,0,NULO,33,22
2012,10,13,0,NULO,33,22
2012,10,14,0,NULO,33,22
2012,10,15,0,NULO,30,22
2012,10,16,0,NULO,32,20
2012,10,17,0,NULO,33,21
2012,10,18,0,NULO,35,21
2012,10,19,0,NULO,35,22
2012,10,20,0,NULO,34,22
2012,10,21,0,NULO,34,21
2012,10,22,0,NULO,33,21
2012,10,23,0,NULO,32,21
2012,10,24,0,NULO,33,21
2012,10,25,0,NULO,33,21
2012,10,26,0,NULO,33,20
2012,10,27,0,NULO,33,19
2012,10,28,9,NULO,33,17
2012,10,29,2.5,NULO,33,16
2012,10,30,0,NULO,33,18
2012,10,31,0,NULO,33,19
2012,11,1,0,NULO,30,19
2012,11,2,0,NULO,31,19
2012,11,3,0,NULO,29,19
2012,11,4,20.5,NULO,29,19
2012,11,5,0,NULO,30,19
2012,11,6,0,NULO,31,19
2012,11,7,0,NULO,30,19
2012,11,8,0,NULO,29,17
2012,11,9,0,NULO,31,17
2012,11,10,0,NULO,31,18
2012,11,11,0,NULO,31,18
2012,11,12,10.5,NULO,21,18
2012,11,13,18.5,NULO,17,12
2012,11,14,10,NULO,18,14
2012,11,15,0,NULO,20,15
2012,11,16,8.5,NULO,25,17
2012,11,17,14,NULO,24,18
2012,11,18,0,NULO,24,17
2012,11,19,0,NULO,26,17
2012,11,20,0,NULO,28,17
2012,11,21,3,NULO,26,17
2012,11,22,0,NULO,25,19
2012,11,23,0,NULO,26,19
2012,11,24,0,NULO,27,18
2012,11,25,0,NULO,28,16
2012,11,26,0,NULO,28,16
2012,11,27,0,NULO,27,16
2012,11,28,1.5,NULO,20,18
2012,11,29,0,NULO,20,18
2012,11,30,0,NULO,20,19
2012,12,1,0,NULO,23,17
2012,12,2,0,NULO,24,17
2012,12,3,0,NULO,28,17
2012,12,4,0,NULO,29,19
2012,12,5,0,NULO,29,19
2012,12,6,0,NULO,29,17
2012,12,7,0,NULO,30,19
2012,12,8,0,NULO,30,19
2012,12,9,0,NULO,30,18
2012,12,10,0,NULO,31,18
2012,12,11,1.5,NULO,16,13
2012,12,12,7,NULO,15,11
2012,12,13,1,NULO,19,12
2012,12,14,0,NULO,22,15
2012,12,15,0,NULO,28,17
2012,12,16,0,NULO,30,17
2012,12,17,0,NULO,26,17.5
2012,12,18,0,NULO,29,18
2012,12,19,0,NULO,30,19
2012,12,20,8.5,NULO,21,18
2012,12,21,0,NULO,19,18
2012,12,22,0,NULO,25,11
2012,12,23,0,NULO,30,14
2012,12,24,0,NULO,31,16
2012,12,25,0,NULO,33,15
2012,12,26,0,NULO,33,13
2012,12,27,0,NULO,33,13
2012,12,28,0,NULO,32,13
2012,12,29,1.5,NULO,32,13
2012,12,30,0,NULO,32,13
2012,12,31,0,NULO,29,13
2013,1,1,1.5,NULO,19,10
2013,1,2,3.5,NULO,18,10
2013,1,3,4.5,NULO,18,10
2013,1,4,0,NULO,18,10
2013,1,5,0,NULO,16,11
2013,1,6,1,NULO,16,11
2013,1,7,0,NULO,21,11
2013,1,8,0,NULO,25,13
2013,1,9,0,NULO,29,15
2013,1,10,0,NULO,26,17
2013,1,11,0,NULO,28,18
2013,1,12,0,NULO,30,18
2013,1,13,1,NULO,30,18
2013,1,14,0,NULO,21,15
2013,1,15,4,NULO,24,15
2013,1,16,0,NULO,14,9
2013,1,17,0,NULO,20,9
2013,1,18,0,NULO,23,9
2013,1,19,0,NULO,24,9
2013,1,20,0,NULO,25,9
2013,1,21,0,NULO,23,9
2013,1,22,0,NULO,26,16
2013,1,23,0,NULO,26,17
2013,1,24,0,NULO,28,16
2013,1,25,0,NULO,28,16
2013,1,26,0,NULO,28,16
2013,1,27,0,NULO,28,16
2013,1,28,0,NULO,30,16
2013,1,29,0,NULO,32,16
2013,1,30,0,NULO,33,15
2013,1,31,0,NULO,22,15
2013,2,1,0,NULO,26,16
2013,2,2,0,NULO,28,16
2013,2,3,8,NULO,28,16
2013,2,4,0,NULO,28,15
2013,2,5,8,NULO,30,15
2013,2,6,0,NULO,30,15
2013,2,7,0,NULO,32,18
2013,2,8,0,NULO,32,20
2013,2,9,0,NULO,33,20
2013,2,10,0,NULO,34,20
2013,2,11,0,NULO,32,20
2013,2,12,0,NULO,36,21
2013,2,13,0,NULO,36,21
2013,2,14,0,NULO,36,16
2013,2,15,9.5,NULO,30,16
2013,2,16,0,NULO,25,16
2013,2,17,0,NULO,21,16
2013,2,18,0,NULO,29,13
2013,2,19,0,NULO,28,16
2013,2,20,0,NULO,28,18
2013,2,21,0,NULO,30,18
2013,2,22,0,NULO,32,18
2013,2,23,0,NULO,34,19
2013,2,24,0,NULO,34,19
2013,2,25,0,NULO,32,19
2013,2,26,0,NULO,23,18
2013,2,27,0,NULO,29,17
2013,2,28,0,NULO,29,17
2013,3,1,0,NULO,21,13
2013,3,2,0,NULO,30,12
2013,3,3,0,NULO,30,12
2013,3,4,0,NULO,34,11
2013,3,5,0,NULO,34,10
2013,3,6,0,NULO,34,10
2013,3,7,0,NULO,34,14
2013,3,8,0,NULO,29,19
2013,3,9,0,NULO,31,20
2013,3,10,0,NULO,32,19
2013,3,11,0,NULO,23,18
2013,3,12,0,NULO,27,13
2013,3,13,0,NULO,27,14
2013,3,14,0,NULO,28,15
2013,3,15,0,NULO,39,15
2013,3,16,0,NULO,39,15
2013,3,17,0,NULO,40,16
2013,3,18,0,NULO,40,16
2013,3,19,0,NULO,41,15
2013,3,20,0,NULO,26,15
2013,3,21,0,NULO,42,21
2013,3,22,0,NULO,42,19
2013,3,23,0,NULO,44,19
2013,3,24,0,NULO,40,18
2013,3,25,0,NULO,36,18
2013,3,26,13.5,NULO,35,20
2013,3,27,5.5,NULO,30,19
2013,3,28,0,NULO,25,18
2013,3,29,0,NULO,26,17
2013,3,30,0,NULO,25,17
2013,3,31,0,NULO,25,18
2013,4,1,2,NULO,33,16
2013,4,2,0,NULO,31,19
2013,4,3,0,NULO,30,21
2013,4,4,0,NULO,30,20
2013,4,5,0,NULO,31,19
2013,4,6,0,NULO,31,19
2013,4,7,0,NULO,32,19
2013,4,8,0,NULO,37,17
2013,4,9,0,NULO,39,21
2013,4,10,0,NULO,42,22
2013,4,11,0,NULO,28,22
2013,4,12,0,NULO,38,20
2013,4,13,0,NULO,39,20
2013,4,14,0,NULO,39,20
2013,4,15,0,NULO,36,20
2013,4,16,0,NULO,35,22
2013,4,17,0,NULO,42,22
2013,4,18,0,NULO,24,20
2013,4,19,0,NULO,28,14
2013,4,20,0,NULO,30,14
2013,4,21,0,NULO,32,14
2013,4,22,0,NULO,32,15
2013,4,23,0,NULO,34,15
2013,4,24,0,NULO,31,22
2013,4,25,0,NULO,24,17
2013,4,26,0,NULO,32,17
2013,4,27,0,NULO,29,20
2013,4,28,0,NULO,34,20
2013,4,29,0,NULO,32,22
2013,4,30,0,NULO,34,23
2013,5,1,0,NULO,38,22
2013,5,2,15,NULO,34,22
2013,5,3,0,NULO,19,17
2013,5,4,0,NULO,30,16
2013,5,5,0,NULO,31,15
2013,5,6,0,NULO,33,15
2013,5,7,0,NULO,33,21
2013,5,8,0,NULO,39,22
2013,5,9,0,NULO,39,23
2013,5,10,0,NULO,39,23
2013,5,11,7.5,NULO,33,23
2013,5,12,12.5,NULO,33,18
2013,5,13,8.5,NULO,32,18
2013,5,14,7,NULO,32,18
2013,5,15,0,NULO,33,18
2013,5,16,0,NULO,35,18
2013,5,17,0,NULO,36,23
2013,5,18,0,NULO,37,24
2013,5,19,0,NULO,37,23
2013,5,20,0,NULO,37,23
2013,5,21,0,NULO,37,23
2013,5,22,0,NULO,34,25
2013,5,23,0,NULO,36,25
2013,5,24,8.5,NULO,36,25
2013,5,25,18.5,NULO,36,22
2013,5,26,0,NULO,36,22
2013,5,27,0,NULO,32,22
2013,5,28,0,NULO,30,22
2013,5,29,0,NULO,32,24
2013,5,30,0,NULO,35,24
2013,5,31,0,NULO,37,24
2013,6,1,0,NULO,38,24
2013,6,2,0,NULO,38,24
2013,6,3,0,NULO,33,24
2013,6,4,0,NULO,37,23
2013,6,5,0,NULO,38,25
2013,6,6,0,NULO,37,25
2013,6,7,0,NULO,37,25
2013,6,8,0,NULO,37,25
2013,6,9,0,NULO,37,24
2013,6,10,1,NULO,36,24
2013,6,11,3,NULO,36,23
2013,6,12,0,NULO,34,24
2013,6,13,0,NULO,36,24
2013,6,14,0,NULO,36,25
2013,6,15,0,NULO,37,25
2013,6,16,0,NULO,38,25
2013,6,17,0,NULO,36,24
2013,6,18,0,NULO,37,24
2013,6,19,39.5,NULO,31,23
2013,6,20,79.5,NULO,27,23
2013,6,21,7.5,NULO,27,22
2013,6,22,2,NULO,33,22
2013,6,23,0,NULO,33,22
2013,6,24,0,NULO,33,22
2013,6,25,NULO,NULO,NULO,NULO
2013,7,1,1.5,NULO,31,23
2013,7,2,0,NULO,30,23
2013,7,3,0,NULO,30,23
2013,7,4,0,NULO,35,23
2013,7,5,12.5,NULO,33,23
2013,7,6,0.3,NULO,32,23
2013,7,7,20.5,NULO,32,22
2013,7,8,7,NULO,29,22
2013,7,9,0,NULO,32,23
2013,7,10,1.5,NULO,33,23
2013,7,11,0,NULO,33,22
2013,7,12,0,NULO,34,22
2013,7,13,0,NULO,34,22
2013,7,14,0,NULO,34,21
2013,7,15,0,NULO,34,21
2013,7,16,0,NULO,34,23
2013,7,17,1.5,NULO,34,23
2013,7,18,0,NULO,34,23
2013,7,19,0,NULO,34,23
2013,7,20,0,NULO,34,23
2013,7,21,0,NULO,34,22
2013,7,22,0,NULO,35,22
2013,7,23,0,NULO,35,24
2013,7,24,0,NULO,35,24
2013,7,25,0,NULO,35,24
2013,7,26,0,NULO,36,24
2013,7,27,0,NULO,36,24
2013,7,28,0,NULO,36,23
2013,7,29,0,NULO,36,23
2013,7,30,0,NULO,36,23
2013,7,31,0,NULO,36,24
2013,8,1,0,NULO,36,24
2013,8,2,0,NULO,36,24
2013,8,3,0,NULO,36,24
2013,8,4,0,NULO,37,24
2013,8,5,0,NULO,37,24
2013,8,6,0,NULO,36,24
2013,8,7,0,NULO,36,24
2013,8,8,0,NULO,37,24
2013,8,9,0,NULO,37,23
2013,8,10,3.5,NULO,37,23
2013,8,11,11.5,NULO,37,23
2013,8,12,4.5,NULO,32,23
2013,8,13,0,NULO,34,23
2013,8,14,0,NULO,37,22
2013,8,15,0,NULO,36,23
2013,8,16,0,NULO,36,23
2013,8,17,0,NULO,37,23
2013,8,18,0,NULO,37,23
2013,8,19,0,NULO,35,22
2013,8,20,1,NULO,34,22
2013,8,21,16.5,NULO,32,22
2013,8,22,9.5,NULO,33,22
2013,8,23,9.5,NULO,32,23
2013,8,24,16.5,NULO,33,23
2013,8,25,41,NULO,34,23
2013,8,26,40.5,NULO,28,23
2013,8,27,9,NULO,28,23
2013,8,28,11.5,NULO,31,22
2013,8,29,2,NULO,32,22
2013,8,30,0,NULO,34,22
2013,8,31,0,NULO,34,23
2013,9,1,0,NULO,35,24
2013,9,2,0,NULO,32,25
2013,9,3,0,NULO,31,24
2013,9,4,10,NULO,33,22
2013,9,5,3.5,NULO,32,22.5
2013,9,6,11.5,NULO,27,23
2013,9,7,0,NULO,30,23
2013,9,8,4,NULO,30,22
2013,9,9,0,NULO,31,22
2013,9,10,0.5,NULO,32,23
2013,9,11,7.5,NULO,30,23
2013,9,12,55.5,NULO,29,23
2013,9,13,19.5,NULO,30,23
2013,9,14,43,NULO,30,23
2013,9,15,0,NULO,30,23
2013,9,16,1.5,NULO,31,23
2013,9,17,46,NULO,29,23
2013,9,18,8,NULO,30,22
2013,9,19,0,NULO,32,23
2013,9,20,1.5,NULO,32,23
2013,9,21,37,NULO,32,24
2013,9,22,0,NULO,31,25
2013,9,23,0,NULO,34,26
2013,9,24,0,NULO,33,23
2013,9,25,0,NULO,32,22
2013,9,26,10.5,NULO,32,23
2013,9,27,0,NULO,31,24
2013,9,28,0,NULO,34,24
2013,9,29,0,NULO,34,24
2013,9,30,0,NULO,34,24
2013,10,1,0,NULO,34,24
2013,10,2,0,NULO,34,24
2013,10,3,0,NULO,34,22.5
2013,10,4,0,NULO,34,23
2013,10,5,0,NULO,34,24
2013,10,6,12,NULO,34,24
2013,10,7,0,NULO,NULO,NULO
2013,10,8,0,NULO,29,16
2013,10,9,0,NULO,33,17
2013,10,10,0,NULO,32,18
2013,10,11,0,NULO,32,20
2013,10,12,0,NULO,33,23
2013,10,13,0,NULO,33,22
2013,10,14,0,NULO,33,23
2013,10,15,0,NULO,33,22
2013,10,16,35.5,NULO,32,22
2013,10,17,0,NULO,32,22
2013,10,18,0,NULO,32,22
2013,10,19,69.5,NULO,27,22
2013,10,20,59,NULO,30,19
2013,10,21,1,NULO,30,20
2013,10,22,0,NULO,30,20
2013,10,23,0,NULO,30,20
2013,10,24,0,NULO,28,20
2013,10,25,3.5,NULO,26,18
2013,10,26,24.5,NULO,26,19
2013,10,27,0,NULO,27,19
2013,10,28,0,NULO,31,19
2013,10,29,0,NULO,31,19
2013,10,30,0,NULO,32,22
2013,10,31,0,NULO,32,23
2013,11,1,0,NULO,31,23
2013,11,2,12.5,NULO,31,15
2013,11,3,0,NULO,32,14
2013,11,4,0,NULO,28,14
2013,11,5,0,NULO,29,19
2013,11,6,16,NULO,30,20
2013,11,7,16,NULO,NULO,NULO
2013,11,8,0,NULO,19,13
2013,11,9,0,NULO,22,15
2013,11,10,0,NULO,24,17
2013,11,11,1.5,NULO,26,19
2013,11,12,40.5,NULO,NULO,NULO
2013,11,13,22.5,NULO,22,10
2013,11,14,0,NULO,23,10
2013,11,15,0,NULO,28,12
2013,11,16,0,NULO,31,17
2013,11,17,0,NULO,31,20
2013,11,18,0,NULO,31,21
2013,11,19,0,NULO,29,21
2013,11,20,0,NULO,30,21
2013,11,21,0,NULO,30,22
2013,11,22,0,NULO,30,23
2013,11,23,31.5,NULO,30,10
2013,11,24,0,NULO,30,10
2013,11,25,2,NULO,24,10.5
2013,11,26,0,NULO,19,10.5
2013,11,27,0,NULO,20,9
2013,11,28,0,NULO,20,7
2013,11,29,0,NULO,25,7
2013,11,30,0,NULO,27,7
2013,12,1,0,NULO,27,9
2013,12,2,0,NULO,27,9
2013,12,3,0,NULO,29,15
2013,12,4,0,NULO,32,18
2013,12,5,0,NULO,31,20
2013,12,6,2.5,NULO,25,21
2013,12,7,0,NULO,25,10
2013,12,8,0,NULO,25,12
2013,12,9,4,NULO,24,12
2013,12,10,5,NULO,15,14
2013,12,11,17.5,NULO,19,12
2013,12,12,13,NULO,16,13
2013,12,13,0,NULO,25,14
2013,12,14,0,NULO,25,16
2013,12,15,0,NULO,25,7
2013,12,16,0,NULO,24,8
2013,12,17,0,NULO,24,11
2013,12,18,0,NULO,24,11
2013,12,19,0,NULO,27,15
2013,12,20,0,NULO,28,16
2013,12,21,0,NULO,31,16
2013,12,22,0,NULO,31,18
2013,12,23,0,NULO,20,16
2013,12,24,0,NULO,20,14
2013,12,25,15.5,NULO,20,11
2013,12,26,27,NULO,20,12
2013,12,27,13.5,NULO,21,12
2013,12,28,0,NULO,21,12
2013,12,29,0,NULO,22,12.5
2013,12,30,11.5,NULO,22,12.5
2013,12,31,4.5,NULO,22,12
2018,1,1,0,NULO,25,6
2018,1,2,0,NULO,25,6
2018,1,3,0,NULO,25,7
2018,1,4,4,NULO,29,7
2018,1,5,0,NULO,29,7
2018,1,6,0,NULO,29,7
2018,1,7,0,NULO,29,7
2018,1,8,0,NULO,30,7
2018,1,9,0,NULO,31,10
2018,1,10,0,NULO,31,12
2018,1,11,0,NULO,32,12
2018,1,12,0,NULO,30,12
2018,1,13,0,NULO,30,12
2018,1,14,0,NULO,29,12
2018,1,15,0,NULO,28,12
2018,1,16,5,NULO,23,10
2018,1,17,0,NULO,23,3
2018,1,18,3,NULO,23,4
2018,1,19,0,NULO,23,4
2018,1,20,0,NULO,24,12
2018,1,21,0,NULO,27,12
2018,1,22,0,NULO,27,12
2018,1,23,0,NULO,20,12
2018,1,24,8,NULO,20,11
2018,1,25,0,NULO,25,11
2018,1,26,0,NULO,25,13
2018,1,27,0,NULO,28,13
2018,1,28,58.5,NULO,28,15
2018,1,29,0,NULO,22,15
2018,1,30,2,NULO,22,9
2018,1,31,0,NULO,28,9
2018,2,1,0,NULO,28,13
2018,2,2,0,NULO,28,13
2018,2,3,0,NULO,29,14
2018,2,4,0,NULO,30,14
2018,2,5,0,NULO,30,15
2018,2,6,0,NULO,28,15
2018,2,7,6,NULO,28,19
2018,2,8,0,NULO,30,14
2018,2,9,0,NULO,30,14
2018,2,10,0,NULO,30,14
2018,2,11,1,NULO,30,12
2018,2,12,0,NULO,29,12
2018,2,13,0,NULO,29,12
2018,2,14,0,NULO,30,13
2018,2,15,0,NULO,30,14
2018,2,16,0,NULO,30,15
2018,2,17,0,NULO,30,15
2018,2,18,0,NULO,30,15
2018,2,19,0,NULO,30,16
2018,2,20,0,NULO,30,13
2018,2,21,0,NULO,30,13
2018,2,22,0,NULO,30,12
2018,2,23,0,NULO,30,12
2018,2,24,0,NULO,32,18
2018,2,25,0,NULO,32,20
2018,2,26,0,NULO,32,20
2018,2,27,0,NULO,32,21
2018,2,28,0,NULO,32,21
2018,3,1,0,NULO,30,21
2018,3,2,0,NULO,31,21
2018,3,3,0,NULO,31,20
2018,3,4,0,NULO,31,17
2018,3,5,0,NULO,32,17
2018,3,6,0,NULO,32,17
2018,3,7,22,NULO,32,15
2018,3,8,0,NULO,33,15
2018,3,9,0,NULO,33,19
2018,3,10,0,NULO,32,19
2018,3,11,0,NULO,33,18
2018,3,12,0,NULO,33,18
2018,3,13,3,NULO,33,15
2018,3,14,0,NULO,33,15
2018,3,15,0,NULO,32,18
2018,3,16,0,NULO,32,18
2018,3,17,0,NULO,32,19
2018,3,18,0,NULO,32,18
2018,3,19,0,NULO,31,19
2018,3,20,0,NULO,31,15
2018,3,21,1,NULO,31,15
2018,3,22,0,NULO,32,15
2018,3,23,0,NULO,32,17
2018,3,24,0,NULO,32,17
2018,3,25,0,NULO,32,17
2018,3,26,0,NULO,32,17
2018,3,27,0,NULO,33,19
2018,3,28,0,NULO,33,19
2018,3,29,0,NULO,33,20
2018,3,30,0,NULO,33,20
2018,3,31,0,NULO,33,20
2018,4,1,0,NULO,33,20
2018,4,2,0,NULO,33,20
2018,4,3,0,NULO,33,20
2018,4,4,0,NULO,36,20
2018,4,5,0,NULO,36,21
2018,4,6,0,NULO,38,21
2018,4,7,0,NULO,41,21
2018,4,8,0,NULO,41,25
2018,4,9,0,NULO,41,25
2018,4,10,83.5,NULO,32,25
2018,4,11,0,NULO,32,16
2018,4,12,0,NULO,32,16
2018,4,13,0,NULO,32,19
2018,4,14,0,NULO,33,19
2018,4,15,0,NULO,33,20
2018,4,16,0,NULO,34,19
2018,4,17,0,NULO,34,19
2018,4,18,0,NULO,34,18
2018,4,19,0,NULO,34,18
2018,4,20,0,NULO,36,18
2018,4,21,0,NULO,36,16
2018,4,22,3.5,NULO,36,16
2018,4,23,1,NULO,36,16
2018,4,24,10.5,NULO,36,16
2018,4,25,0,NULO,36,16
2018,4,26,0,NULO,36,16
2018,4,27,12.5,NULO,36,16
2018,4,28,8.5,NULO,36,16
2018,4,29,0,NULO,36,16
2018,4,30,0,NULO,36,16
2018,5,1,0,NULO,36,16
2018,5,2,0,NULO,36,16
2018,5,3,0,NULO,36,16
2018,5,4,0,NULO,36,16
2018,5,5,0,NULO,36,16
2018,5,6,0,NULO,36,15
2018,5,7,0,NULO,36,15
2018,5,8,0,NULO,36,15
2018,5,9,0,NULO,36,15
2018,5,10,0,NULO,36,15
2018,5,11,0,NULO,36,15
2018,5,12,0,NULO,36,16
2018,5,13,0,NULO,37,16
2018,5,14,0,NULO,37,16
2018,5,15,0,NULO,37,16
2018,5,16,0,NULO,37,15
2018,5,17,0,NULO,38,15
2018,5,18,0,NULO,38,15
2018,5,19,0,NULO,38,15
2018,5,20,0,NULO,38,15
2018,5,21,22,NULO,38,14
2018,5,22,0,NULO,32,14
2018,5,23,0,NULO,34,14
2018,5,24,0,NULO,34,15
2018,5,25,0,NULO,35,15
2018,5,26,0,NULO,36,16
2018,5,27,0,NULO,36,16
2018,5,28,0,NULO,38,16
2018,5,29,0,NULO,38,16
2018,5,30,0,NULO,38,16
2018,5,31,0,NULO,38,16
2018,6,1,0,NULO,39,19
2018,6,2,0,NULO,39,19
2018,6,3,0,NULO,39,19
2018,6,4,0,NULO,39,19
2018,6,5,0,NULO,39,19
2018,6,6,0,NULO,39,18
2018,6,7,0,NULO,38,18
2018,6,8,0,NULO,38,18
2018,6,9,0,NULO,38,17
2018,6,10,0,NULO,38,17
2018,6,11,11,NULO,37,19
2018,6,12,49,NULO,37,19
2018,6,13,5,NULO,34,22
2018,6,14,0,NULO,28,22
2018,6,15,0,NULO,28,21
2018,6,16,0,NULO,28,21
2018,6,17,0,NULO,30,21
2018,6,18,0,NULO,34,20
2018,6,19,0,NULO,34,20
2018,6,20,0,NULO,35,20
2018,6,21,26,NULO,36,22
2018,6,22,0,NULO,36,22
2018,6,23,0,NULO,36,22
2018,6,24,0,NULO,36,21
2018,6,25,0,NULO,36,21
2018,6,26,59,NULO,36,22
2018,6,27,10,NULO,36,22
2018,6,28,0,NULO,36,22
2018,6,29,0,NULO,36,23
2018,6,30,0,NULO,36,23
2018,7,1,0,NULO,NULO,NULO
2018,7,2,0,NULO,23,20
2018,7,3,0,NULO,36,22
2018,7,4,0,NULO,36,23
2018,7,5,0,NULO,35,23
2018,7,6,0,NULO,34,22
2018,7,7,6.5,NULO,30,22
2018,7,8,11,NULO,32,22
2018,7,9,6,NULO,32,21
2018,7,10,8.5,NULO,36,21
2018,7,11,0,NULO,36,21
2018,7,12,0,NULO,36,21
2018,7,13,0,NULO,36,21
2018,7,14,0,NULO,36,21
2018,7,15,0,NULO,36,21
2018,7,16,0,NULO,36,21
2018,7,17,0,NULO,36,22
2018,7,18,19,NULO,36,22
2018,7,19,0,NULO,38,22
2018,7,20,0,NULO,38,22
2018,7,21,0,NULO,38,22
2018,7,22,0,NULO,38,22
2018,7,23,0,NULO,38,22
2018,7,24,0,NULO,38,22
2018,7,25,0,NULO,38,22
2018,7,26,0,NULO,38,22
2018,7,27,0,NULO,38,22
2018,7,28,0,NULO,38,22
2018,7,29,0,NULO,38,22
2018,7,30,0,NULO,38,22
2018,7,31,0,NULO,38,22
2018,8,1,0,NULO,38,22
2018,8,2,30,NULO,38,22
2018,8,3,10,NULO,29,22
2018,8,4,11,NULO,29,22
2018,8,5,9,NULO,29,22
2018,8,6,56,NULO,30,22
2018,8,7,0,NULO,33,21
2018,8,8,0,NULO,38,21
2018,8,9,0,NULO,34,21
2018,8,10,0,NULO,34,21
2018,8,11,0,NULO,34,21
2018,8,12,0,NULO,36,21
2018,8,13,0,NULO,36,21
2018,8,14,0,NULO,36,21
2018,8,15,0,NULO,36,21
2018,8,16,0,NULO,36,21
2018,8,17,0,NULO,36,21
2018,8,18,0,NULO,37,21
2018,8,19,0,NULO,37,21
2018,8,20,0,NULO,37,21
2018,8,21,0,NULO,37,21
2018,8,22,8.5,NULO,36,22
2018,8,23,0,NULO,36,22
2018,8,24,0,NULO,36,22
2018,8,25,0,NULO,36,22
2018,8,26,0,NULO,38,22
2018,8,27,0,NULO,38,22
2018,8,28,0,NULO,38,22
2018,8,29,0,NULO,38,22
2018,8,30,0,NULO,38,22
2018,8,31,0,NULO,38,22
2018,9,1,0,NULO,38,22
2018,9,2,0,NULO,38,22
2018,9,3,0,NULO,38,22
2018,9,4,0,NULO,36,21
2018,9,5,21,NULO,36,21
2018,9,6,0,NULO,36,21
2018,9,7,0,NULO,36,21
2018,9,8,0,NULO,36,22
2018,9,9,0,NULO,38,22
2018,9,10,0,NULO,38,22
2018,9,11,0,NULO,38,22
2018,9,12,0,NULO,38,22
2018,9,13,32,NULO,38,22
2018,9,14,0,NULO,38,22
2018,9,15,0,NULO,38,22
2018,9,16,11,NULO,38,22
2018,9,17,0,NULO,36,22
2018,9,18,0,NULO,35,23
2018,9,19,0,NULO,36,23
2018,9,20,20,NULO,36,23
2018,9,21,0,NULO,38,22
2018,9,22,20,NULO,38,22
2018,9,23,9,NULO,38,22
2018,9,24,0,NULO,38,22
2018,9,25,6.5,NULO,37,22
2018,9,26,5,NULO,37,22
2018,9,27,8,NULO,37,20
2018,9,28,0,NULO,36,20
2018,9,29,0,NULO,36,20
2018,9,30,0,NULO,36,20
2018,10,1,9.5,NULO,38,21
2018,10,2,9,NULO,38,21
2018,10,3,0,NULO,38,21
2018,10,4,1,NULO,38,20
2018,10,5,0,NULO,38,21
2018,10,6,0,NULO,38,21
2018,10,7,0,NULO,38,21
2018,10,8,0,NULO,38,21
2018,10,9,2.5,NULO,38,21
2018,10,10,0,NULO,38,21
2018,10,11,0,NULO,38,21
2018,10,12,0,NULO,38,21
2018,10,13,0,NULO,38,21
2018,10,14,0,NULO,35,21
2018,10,15,19.5,NULO,35,19
2018,10,16,4.5,NULO,35,13.5
2018,10,17,10.5,NULO,30,13.5
2018,10,18,23,NULO,30,14
2018,10,19,3.5,NULO,26,14
2018,10,20,10,NULO,24,15
2018,10,21,30,NULO,24,15
2018,10,22,0,NULO,24,15
2018,10,23,0,NULO,24,15
2018,10,24,9,NULO,24,15
2018,10,25,11,NULO,24,15
2018,10,26,13,NULO,24,15
2018,10,27,10,NULO,24,15
2018,10,28,0,NULO,24,15
2018,10,29,0,NULO,24,15
2018,10,30,0,NULO,24,15
2018,10,31,0,NULO,24,15
2018,11,1,14,NULO,24,20
2018,11,2,16,NULO,24,20
2018,11,3,0,NULO,24,20
2018,11,4,0,NULO,28,20
2018,11,5,0,NULO,28,20
2018,11,6,0,NULO,30,20
2018,11,7,0,NULO,30,20
2018,11,8,0,NULO,30,20
2018,11,9,0,NULO,31,20
2018,11,10,0,NULO,31,20
2018,11,11,0,NULO,32,15
2018,11,12,0,NULO,32,15
2018,11,13,11,NULO,20,7
2018,11,14,0,NULO,20,7
2018,11,15,0,NULO,20,7
2018,11,16,0,NULO,20,10
2018,11,17,0,NULO,20,10
2018,11,18,0,NULO,26,10
2018,11,19,0,NULO,26,10
2018,11,20,0,NULO,20,8
2018,11,21,0,NULO,28,5
2018,11,22,5,NULO,28,5
2018,11,23,0,NULO,30,5
2018,11,24,0,NULO,31,16
2018,11,25,0,NULO,31,16
2018,11,26,0,NULO,23,16
2018,11,27,0,NULO,20,16
2018,11,28,4.5,NULO,21,13
2018,11,29,0,NULO,28,13
2018,11,30,0,NULO,30,17
2018,12,1,0,NULO,31,14
2018,12,2,0,NULO,30,18
2018,12,3,0,NULO,30,16
2018,12,4,0,NULO,30,16
2018,12,5,0,NULO,30,17
2018,12,6,7,NULO,34,17
2018,12,7,0,NULO,34,17
2018,12,8,0,NULO,35,16
2018,12,9,0,NULO,35,16
2018,12,10,0,NULO,33,15
2018,12,11,0,NULO,33,15
2018,12,12,0,NULO,33,10
2018,12,13,0,NULO,33,10
2018,12,14,0,NULO,32,10
2018,12,15,0,NULO,32,12
2018,12,16,0,NULO,33,12
2018,12,17,0,NULO,33,12
2018,12,18,0,NULO,33,9
2018,12,19,0,NULO,33,9
2018,12,20,5,NULO,33,9
2018,12,21,0,NULO,33,9
2018,12,22,0,NULO,30,9
2018,12,23,0,NULO,30,10
2018,12,24,0,NULO,30,10
2018,12,25,0,NULO,28,10
2018,12,26,0,NULO,28,10
2018,12,27,0,NULO,28,10
2018,12,28,0,NULO,28,10
2018,12,29,0,NULO,28,10
2018,12,30,0,NULO,28,15
2018,12,31,0,NULO,28,15
2019,1,1,0,NULO,28,15
2019,1,2,0,NULO,28,14
2019,1,3,5,NULO,28,14
2019,1,4,5,NULO,28,14
2019,1,5,0,NULO,28,12
2019,1,6,0,NULO,28,12
2019,1,7,0,NULO,28,12
2019,1,8,2,NULO,28,12
2019,1,9,0,NULO,28,10
2019,1,10,0,NULO,28,10
2019,1,11,0,NULO,27,10
2019,1,12,0,NULO,27,10
2019,1,13,19,NULO,27,7
2019,1,14,1,NULO,20,7
2019,1,15,0,NULO,21,15
2019,1,16,0,NULO,22,17
2019,1,17,0,NULO,27,17
2019,1,18,0,NULO,27,19
2019,1,19,0,NULO,27,16
2019,1,20,0,NULO,27,10
2019,1,21,0,NULO,27,8
2019,1,22,0,NULO,27,8
2019,1,23,0,NULO,27,8
2019,1,24,0,NULO,26,8
2019,1,25,0,NULO,25,10
2019,1,26,0,NULO,25,10
2019,1,27,17.5,NULO,25,12
2019,1,28,0,NULO,25,12
2019,1,29,0,NULO,25,12
2019,1,30,0,NULO,26,13
2019,1,31,0,NULO,26,13
2019,2,1,0,NULO,31,19
2019,2,2,0,NULO,31,19
2019,2,3,0,NULO,30,19
2019,2,4,0,NULO,30,19
2019,2,5,0,NULO,31,17
2019,2,6,0,NULO,31,17
2019,2,7,4,NULO,31,17
2019,2,8,5,NULO,31,16
2019,2,9,0,NULO,31,16
2019,2,10,0,NULO,31,16
2019,2,11,0,NULO,28,16
2019,2,12,0,NULO,29,17
2019,2,13,0,NULO,29,14
2019,2,14,0,NULO,29,12
2019,2,15,0,NULO,32,12
2019,2,16,0,NULO,38,15
2019,2,17,0,NULO,38,16
2019,2,18,0,NULO,38,17
2019,2,19,0,NULO,28,12
2019,2,20,0,NULO,28,12
2019,2,21,0,NULO,28,16
2019,2,22,0,NULO,28,16
2019,2,23,5,NULO,28,16
2019,2,24,5,NULO,28,16
2019,2,25,0,NULO,28,16
2019,2,26,0,NULO,28,16
2019,2,27,0,NULO,28,17
2019,2,28,0,NULO,28,17
2019,3,1,0,NULO,35,17
2019,3,2,0,NULO,35,17
2019,3,3,0,NULO,34,17
2019,3,4,0,NULO,20,15
2019,3,5,10.5,NULO,18,8
2019,3,6,0,NULO,25,8
2019,3,7,0,NULO,25,10
2019,3,8,0,NULO,28,10
2019,3,9,0,NULO,30,11
2019,3,10,0,NULO,30,12
2019,3,11,0,NULO,33,12
2019,3,12,0,NULO,33,15
2019,3,13,0,NULO,38,15
2019,3,14,0,NULO,38,14
2019,3,15,0,NULO,32,14
2019,3,16,0,NULO,30,12
2019,3,17,8.5,NULO,30,12
2019,3,18,5,NULO,30,12
2019,3,19,0,NULO,30,14
2019,3,20,0,NULO,30,14
2019,3,21,0,NULO,30,18
2019,3,22,0,NULO,30,18
2019,3,23,0,NULO,30,18
2019,3,24,0,NULO,30,18
2019,3,25,0,NULO,30,19
2019,3,26,0,NULO,30,19
2019,3,27,0,NULO,30,19
2019,3,28,3,NULO,30,17
2019,3,29,0,NULO,30,16
2019,3,30,0,NULO,30,18
2019,3,31,0,NULO,30,18
2019,4,1,0,NULO,30,18
2019,4,2,0,NULO,30,18
2019,4,3,0,NULO,30,18
2019,4,4,0,NULO,30,18
2019,4,5,0,NULO,30,17
2019,4,6,0,NULO,32,17
2019,4,7,0,NULO,34,18
2019,4,8,0,NULO,34,18
2019,4,9,0,NULO,34,18
2019,4,10,0,NULO,36,18
2019,4,11,0,NULO,36,19
2019,4,12,0,NULO,38,19
2019,4,13,0,NULO,38,18
2019,4,14,0,NULO,36,17
2019,4,15,0,NULO,36,18
2019,4,16,0,NULO,34,17
2019,4,17,0,NULO,34,17
2019,4,18,0,NULO,34,16
2019,4,19,0,NULO,34,16
2019,4,20,0,NULO,41,16
2019,4,21,0,NULO,41,15
2019,4,22,0,NULO,41,15
2019,4,23,0,NULO,40,15
2019,4,24,0,NULO,40,18
2019,4,25,0,NULO,40,18
2019,4,26,0,NULO,38,16
2019,4,27,0,NULO,38,16
2019,4,28,0,NULO,38,16
2019,4,29,0,NULO,38,18
2019,4,30,0,NULO,38,18
2019,5,1,0,NULO,38,18
2019,5,2,0,NULO,38,18
2019,5,3,0,NULO,40,18
2019,5,4,0,NULO,41,17
2019,5,5,0,NULO,41,17
2019,5,6,0,NULO,42,17
2019,5,7,0,NULO,42,17
2019,5,8,0,NULO,41,17
2019,5,9,0,NULO,41,17
2019,5,10,0,NULO,41,17
2019,5,11,0,NULO,41,16
2019,5,12,0,NULO,41,16
2019,5,13,0,NULO,40,18
2019,5,14,0,NULO,40,18
2019,5,15,5,NULO,38,18
2019,5,16,0,NULO,37,18
2019,5,17,0,NULO,40,20
2019,5,18,0,NULO,41,25
2019,5,19,0,NULO,41,25
2019,5,20,0,NULO,41,25
2019,5,21,22,NULO,41,25
2019,5,22,0,NULO,42,25
2019,5,23,0,NULO,42,25
2019,5,24,0,NULO,41,25
2019,5,25,0,NULO,41,25
2019,5,26,0,NULO,41,24
2019,5,27,0,NULO,41,22
2019,5,28,0,NULO,41,22
2019,5,29,16.5,NULO,42,23
2019,5,30,5,NULO,41,20
2019,5,31,0,NULO,41,20
2019,6,1,0,NULO,40,20
2019,6,2,0,NULO,40,20
2019,6,3,0,NULO,40,21
2019,6,4,0,NULO,40,22
2019,6,5,0,NULO,40,22
2019,6,6,0,NULO,41,22
2019,6,7,0,NULO,41,21
2019,6,8,0,NULO,41,21
2019,6,9,7.5,NULO,41,21
2019,6,10,0,NULO,41,22
2019,6,11,0,NULO,41,21
2019,6,12,29,NULO,36,21
2019,6,13,5,NULO,36,21
2019,6,14,0,NULO,36,21
2019,6,15,0,NULO,36,22
2019,6,16,0,NULO,36,22
2019,6,17,0,NULO,37,22
2019,6,18,0,NULO,37,22
2019,6,19,0,NULO,37,23
2019,6,20,0,NULO,38,23
2019,6,21,0,NULO,38,23
2019,6,22,0,NULO,38,24
2019,6,23,0,NULO,38,24
2019,6,24,0,NULO,38,24
2019,6,25,12,NULO,34,24
2019,6,26,9.5,NULO,34,23
2019,6,27,8,NULO,34,23
2019,6,28,0,NULO,34,21
2019,6,29,0,NULO,34,21
2019,6,30,0,NULO,34,21
2019,7,1,0,NULO,36,20
2019,7,2,0,NULO,36,20
2019,7,3,0,NULO,36,20
2019,7,4,0,NULO,36,21
2019,7,5,0,NULO,36,21
2019,7,6,0,NULO,36,22
2019,7,7,0,NULO,36,21
2019,7,8,0,NULO,36,22
2019,7,9,0,NULO,36,22
2019,7,10,0,NULO,37,22
2019,7,11,0,NULO,37,22
2019,7,12,0,NULO,37,22
2019,7,13,0,NULO,37,21
2019,7,14,11,NULO,37,21
2019,7,15,0,NULO,36,20
2019,7,16,0,NULO,36,20
2019,7,17,0,NULO,36,20
2019,7,18,0,NULO,36,20
2019,7,19,0,NULO,37,20
2019,7,20,0,NULO,37,22
2019,7,21,0,NULO,37,22
2019,7,22,0,NULO,37,22
2019,7,23,0,NULO,37,22
2019,7,24,0.5,NULO,37,22
2019,7,25,14,NULO,37,22
2019,7,26,68,NULO,38,22
2019,7,27,0,NULO,36,22
2019,7,28,11.5,NULO,34,22
2019,7,29,0,NULO,35,22
2019,7,30,0,NULO,35,22
2019,7,31,0,NULO,35,22
2019,8,1,0,NULO,35,22
2019,8,2,0,NULO,35,22
2019,8,3,0,NULO,36,22
2019,8,4,0,NULO,36,22
2019,8,5,0,NULO,37,22
2019,8,6,0,NULO,37,21
2019,8,7,0,NULO,37,21
2019,8,8,0,NULO,37,21
2019,8,9,0,NULO,38,21
2019,8,10,0,NULO,38,23
2019,8,11,0,NULO,38,23
2019,8,12,0,NULO,38,23
2019,8,13,0,NULO,38,23
2019,8,14,0,NULO,40,23
2019,8,15,0,NULO,40,23
2019,8,16,0,NULO,40,22
2019,8,17,0,NULO,38,22
2019,8,18,0,NULO,38,22
2019,8,19,0,NULO,38,22
2019,8,20,0,NULO,38,22
2019,8,21,0,NULO,38,22
2019,8,22,0,NULO,38,22
2019,8,23,0,NULO,38,22
2019,8,24,0,NULO,40,22
2019,8,25,0,NULO,40,23
2019,8,26,0,NULO,40,23
2019,8,27,0,NULO,40,23
2019,8,28,0,NULO,42,23
2019,8,29,0,NULO,42,23
2019,8,30,0,NULO,42,23
2019,8,31,0,NULO,42,23
2019,9,1,0,NULO,40,20
2019,9,2,0,NULO,40,20
2019,9,3,0,NULO,40,20
2019,9,4,0,NULO,40,19
2019,9,5,0,NULO,40,19
2019,9,6,21.5,NULO,40,19
2019,9,7,0,NULO,38,19
2019,9,8,0,NULO,38,19
2019,9,9,0,NULO,40,21
2019,9,10,0,NULO,40,21
2019,9,11,0,NULO,40,21
2019,9,12,0,NULO,40,21
2019,9,13,35,NULO,40,21
2019,9,14,0,NULO,40,21
2019,9,15,0,NULO,40,21
2019,9,16,0,NULO,38,21
2019,9,17,0,NULO,38,21
2019,9,18,0,NULO,38,21
2019,9,19,0,NULO,38,21
2019,9,20,0,NULO,38,21
2019,9,21,0,NULO,37,21
2019,9,22,0,NULO,37,21
2019,9,23,0,NULO,37,21
2019,9,24,0,NULO,37,21
2019,9,25,0,NULO,36,20
2019,9,26,0,NULO,36,20
2019,9,27,0,NULO,36,20
2019,9,28,46.5,NULO,36,20
2019,9,29,0,NULO,36,20
2019,9,30,0,NULO,36,20
2019,10,1,0,NULO,36,20
2019,10,2,0,NULO,36,20
2019,10,3,0,NULO,36,20
2019,10,4,0,NULO,36,20
2019,10,5,0,NULO,36,20
2019,10,6,0,NULO,36,20
2019,10,7,0,NULO,36,20
2019,10,8,27.5,NULO,36,20
2019,10,9,0,NULO,36,20
2019,10,10,0,NULO,36,20
2019,10,11,0,NULO,36,21
2019,10,12,0,NULO,37,21
2019,10,13,0,NULO,37,20
2019,10,14,0,NULO,37,20
2019,10,15,0,NULO,37,16
2019,10,16,72.5,NULO,38,16
2019,10,17,0,NULO,38,16
2019,10,18,0,NULO,38,17
2019,10,19,0,NULO,38,17
2019,10,20,0,NULO,38,17
2019,10,21,24,NULO,38,17
2019,10,22,0,NULO,38,17
2019,10,23,0,NULO,38,17
2019,10,24,0,NULO,38,18
2019,10,25,0,NULO,38,18
2019,10,26,0,NULO,38,18
2019,10,27,0,NULO,38,19
2019,10,28,0,NULO,38,19
2019,10,29,0,NULO,38,19
2019,10,30,22.5,NULO,38,18
2019,10,31,0,NULO,38,18
2019,11,1,0,NULO,38,18
2019,11,2,0,NULO,36,18
2019,11,3,0,NULO,25,18
2019,11,4,0,NULO,20,18
2019,11,5,0,NULO,18,16
2019,11,6,0,NULO,18,16
2019,11,7,0,NULO,18,16
2019,11,8,0,NULO,18,13
2019,11,9,0,NULO,18,13
2019,11,10,9.5,NULO,18,13
2019,11,11,8.5,NULO,18,9
2019,11,12,0,NULO,20,9
2019,11,13,0,NULO,22,10
2019,11,14,0,NULO,25,10
2019,11,15,0,NULO,25,12
2019,11,16,0,NULO,28,14
2019,11,17,0,NULO,28,14
2019,11,18,0,NULO,30,10
2019,11,19,0,NULO,30,9
2019,11,20,0,NULO,30,9
2019,11,21,0,NULO,30,12
2019,11,22,0,NULO,30,12
2019,11,23,0,NULO,30,16
2019,11,24,0,NULO,30,16
2019,11,25,0,NULO,30,16
2019,11,26,0,NULO,30,17
2019,11,27,0,NULO,30,17
2019,11,28,0,NULO,30,19
2019,11,29,0,NULO,30,19
2019,11,30,0,NULO,30,17
2019,12,1,0,NULO,30,17
2019,12,2,0,NULO,31,17
2019,12,3,0,NULO,31,17
2019,12,4,0,NULO,31,17
2019,12,5,0,NULO,31,18
2019,12,6,0,NULO,31,18
2019,12,7,0,NULO,32,18
2019,12,8,0,NULO,30,18
2019,12,9,0,NULO,30,15
2019,12,10,0,NULO,30,15
2019,12,11,0,NULO,30,15
2019,12,12,0,NULO,30,15
2019,12,13,0,NULO,30,15
2019,12,14,0,NULO,30,17
2019,12,15,0,NULO,30,16
2019,12,16,0,NULO,30,16
2019,12,17,0,NULO,19,16
2019,12,18,0,NULO,19,11
2019,12,19,0,NULO,19,11
2019,12,20,0,NULO,20,11
2019,12,21,0,NULO,20,11
2019,12,22,17.5,NULO,20,15
2019,12,23,0,NULO,20,14
2019,12,24,0,NULO,25,14
2019,12,25,0,NULO,25,16
2019,12,26,0,NULO,25,16
2019,12,27,0,NULO,25,16
2019,12,28,16,NULO,22,16
2019,12,29,0,NULO,25,16
2019,12,30,0,NULO,25,16
2019,12,31,NULO,NULO,25,16
2020,1,1,0,NULO,26,10
2020,1,2,0,NULO,26,15
2020,1,3,0,NULO,26,15
2020,1,4,0,NULO,27,15
2020,1,5,0,NULO,27,19
2020,1,6,0,NULO,26,18
2020,1,7,0,NULO,25,16
2020,1,8,0,NULO,25,16
2020,1,9,0,NULO,22,16
2020,1,10,0,NULO,29,9
2020,1,11,0,NULO,29,13
2020,1,12,0,NULO,29,13
2020,1,13,0,NULO,27,19
2020,1,14,0,NULO,27,19
2020,1,15,0,NULO,27,19
2020,1,16,0,NULO,27,19
2020,1,17,0,NULO,27,19
2020,1,18,18,NULO,27,19
2020,1,19,58,NULO,27,12
2020,1,20,0,NULO,27,12
2020,1,21,0,NULO,27,12
2020,1,22,18,NULO,27,11
2020,1,23,0,NULO,27,11
2020,1,24,0,NULO,30,11
2020,1,25,0,NULO,30,17
2020,1,26,0,NULO,31,17
2020,1,27,0,NULO,31,17
2020,1,28,0,NULO,30,17
2020,1,29,0,NULO,29,17
2020,1,30,0,NULO,28,16
2020,1,31,0,NULO,27,16
2020,2,1,0,NULO,28,16
2020,2,2,0,NULO,28,16
2020,2,3,0,NULO,28,14
2020,2,4,0,NULO,29,14
2020,2,5,0,NULO,29,14
2020,2,6,0,NULO,29,13
2020,2,7,0,NULO,30,13
2020,2,8,0,NULO,31,13
2020,2,9,0,NULO,31,13
2020,2,10,0,NULO,31,13
2020,2,11,0,NULO,31,15
2020,2,12,2,NULO,31,15
2020,2,13,0,NULO,30,15
2020,2,14,0,NULO,29,16
2020,2,15,0,NULO,29,16
2020,2,16,0,NULO,29,16
2020,2,17,0,NULO,30,16
2020,2,18,0,NULO,31,15
2020,2,19,4,NULO,31,15
2020,2,20,6,NULO,31,12
2020,2,21,0,NULO,31,12
2020,2,22,0,NULO,33,12
2020,2,23,0,NULO,35,13
2020,2,24,0,NULO,29,13
2020,2,25,12.5,NULO,28,18
2020,2,26,0,NULO,20,12
2020,2,27,0,NULO,22,12
2020,2,28,0,NULO,26,12
2020,2,29,NULO,NULO,NULO,NULO
2020,3,1,0,NULO,29,15
2020,3,2,0,NULO,29,15
2020,3,3,0,NULO,37,15
2020,3,4,0,NULO,38,18
2020,3,5,0,NULO,34,18
2020,3,6,0,NULO,36,18
2020,3,7,0,NULO,27,16
2020,3,8,0,NULO,27,13
2020,3,9,0,NULO,28,13
2020,3,10,0,NULO,32,20
2020,3,11,0,NULO,32,19
2020,3,12,0,NULO,32,19
2020,3,13,0,NULO,32,20
2020,3,14,0,NULO,33,21
2020,3,15,0,NULO,33,21
2020,3,16,0,NULO,33,22
2020,3,17,0,NULO,33,22
2020,3,18,0,NULO,34,21
2020,3,19,0,NULO,34,21
2020,3,20,0,NULO,36,21
2020,3,21,0,NULO,36,20
2020,3,22,0,NULO,36,20
2020,3,23,0,NULO,36,20
2020,3,24,0,NULO,37,20
2020,3,25,0,NULO,37,21
2020,3,26,0,NULO,37,21
2020,3,27,0,NULO,37,21
2020,3,28,0,NULO,39,21
2020,3,29,0,NULO,39,21
2020,3,30,0,NULO,40,20
2020,3,31,0,NULO,40,20
2020,4,1,0,NULO,40,20
2020,4,2,NULO,NULO,NULO,NULO
2020,4,4,0,NULO,NULO,NULO
2020,4,5,NULO,NULO,NULO,NULO
2020,4,7,0,NULO,NULO,NULO
2020,4,8,NULO,NULO,NULO,NULO
2020,4,11,0,NULO,NULO,NULO
2020,4,12,0,NULO,41,20
2020,4,13,0,NULO,41,20
2020,4,14,0,NULO,40,20
2020,4,15,0,NULO,40,17
2020,4,16,0,NULO,40,17
2020,4,17,0,NULO,40,17
2020,4,18,NULO,NULO,NULO,NULO
2020,4,24,0,NULO,NULO,NULO
2020,4,25,0,NULO,40,20
2020,4,26,0,NULO,38,20
2020,4,27,0,NULO,38,20
2020,4,28,0,NULO,38,20
2020,4,29,0,NULO,38,20
2020,4,30,NULO,NULO,NULO,NULO
2020,5,1,0,NULO,38,20
2020,5,2,0,NULO,38,20
2020,5,3,0,NULO,38,20
2020,5,4,0,NULO,38,20
2020,5,5,0,NULO,38,20
2020,5,6,0,NULO,38,20
2020,5,7,0,NULO,38,20
2020,5,8,4.5,NULO,38,20
2020,5,9,0,NULO,38,21
2020,5,10,0,NULO,38,21
2020,5,11,0.5,NULO,38,21
2020,5,12,0,NULO,38,21
2020,5,13,0,NULO,36,21
2020,5,14,0,NULO,36,21
2020,5,15,0,NULO,38,21
2020,5,16,0,NULO,38,21
2020,5,17,0,NULO,38,21
2020,5,18,0,NULO,40,21
2020,5,19,0,NULO,40,21
2020,5,20,31.5,NULO,40,21
2020,5,21,0,NULO,40,21
2020,5,22,0,NULO,40,21
2020,5,23,0,NULO,38,21
2020,5,24,0,NULO,38,21
2020,5,25,15,NULO,38,21
2020,5,26,18.5,NULO,37,21
2020,5,27,0,NULO,37,21
2020,5,28,25,NULO,37,21
2020,5,29,0,NULO,37,21
2020,5,30,0,NULO,36,21
2020,5,31,0,NULO,36,21
2020,6,1,0,NULO,34,20
2020,6,2,0,NULO,34,20
2020,6,3,0,NULO,34,21
2020,6,4,0,NULO,34,21
2020,6,5,0,NULO,35,20
2020,6,6,0,NULO,37,20
2020,6,7,0,NULO,42,20
2020,6,8,0,NULO,42,20
2020,6,9,51,NULO,38,20
2020,6,10,0,NULO,38,20
2020,6,11,95,NULO,38,20
2020,6,12,0,NULO,38,20
2020,6,13,0,NULO,36,20
2020,6,14,0,NULO,36,20
2020,6,15,0,NULO,36,20
2020,6,16,0,NULO,36,20
2020,6,17,0,NULO,36,20
2020,6,18,0,NULO,36,20
2020,6,19,0,NULO,36,20
2020,6,20,0,NULO,36,20
2020,6,21,0,NULO,36,20
2020,6,22,0,NULO,35,20
2020,6,23,0,NULO,35,20
2020,6,24,20,NULO,35,20
2020,6,25,5.5,NULO,35,20
2020,6,26,0,NULO,35,20
2020,6,27,0,NULO,35,22
2020,6,28,0,NULO,35,23
2020,6,29,0,NULO,35,23
2020,6,30,0,NULO,35,23
2020,7,1,0,NULO,35,23
2020,7,2,0,NULO,35,23
2020,7,3,0,NULO,35,23
2020,7,4,0,NULO,35,23
2020,7,5,0,NULO,35,23
2020,7,6,0,NULO,36,23
2020,7,7,0,NULO,36,23
2020,7,8,0,NULO,36,23
2020,7,9,0,NULO,36,23
2020,7,10,0,NULO,36,23
2020,7,11,0,NULO,36,23
2020,7,12,0,NULO,36,23
2020,7,13,0,NULO,36,21
2020,7,14,0,NULO,36,24
2020,7,15,0,NULO,36,26
2020,7,16,0,NULO,36,26
2020,7,17,0,NULO,36,26
2020,7,18,0,NULO,36,26
2020,7,19,0,NULO,37,26
2020,7,20,0,NULO,37,24
2020,7,21,0,NULO,38,24
2020,7,22,0,NULO,38,24
2020,7,23,0,NULO,38,24
2020,7,24,0,NULO,38,25
2020,7,25,0,NULO,38,27
2020,7,26,0,NULO,38,27
2020,7,27,0,NULO,38,21
2020,7,28,0,NULO,38,21
2020,7,29,26,NULO,38,21
2020,7,30,0,NULO,38,26
2020,7,31,0,NULO,35,25
2020,8,1,0,NULO,34,21
2020,8,2,0,NULO,34,21
2020,8,3,3,NULO,34,21
2020,8,4,0,NULO,34,19
2020,8,5,28,NULO,32,19
2020,8,6,14,NULO,32,15
2020,8,7,0,NULO,30,18
2020,8,8,16,NULO,30,20
2020,8,9,0,NULO,31,18
2020,8,10,0,NULO,31,19
2020,8,11,0,NULO,30,19
2020,8,12,12,NULO,30,19
2020,8,13,18,NULO,30,19
2020,8,14,2,NULO,30,19
2020,8,15,0,NULO,30,19
2020,8,16,0,NULO,32,19
2020,8,17,0,NULO,34,20
2020,8,18,0,NULO,34,22
2020,8,19,0,NULO,34,22
2020,8,20,0,NULO,34,22
2020,8,21,0,NULO,34,22
2020,8,22,0,NULO,34,22
2020,8,23,0,NULO,32,22
2020,8,24,0,NULO,32,22
2020,8,25,8.5,NULO,33,21
2020,8,26,16.5,NULO,33,20
2020,8,27,0,NULO,33,20
2020,8,28,0,NULO,33,18
2020,8,29,0,NULO,37,21
2020,8,30,0,NULO,37,21
2020,8,31,0,NULO,37,23
2020,9,1,0,NULO,37,23
2020,9,2,0,NULO,37,20
2020,9,3,0,NULO,37,22
2020,9,4,17,NULO,37,22
2020,9,5,27,NULO,37,22
2020,9,6,128.5,NULO,37,22
2020,9,7,0,NULO,34,22
2020,9,8,15,NULO,34,21
2020,9,9,30.5,NULO,29,21
2020,9,10,23.5,NULO,34,21
2020,9,11,0,NULO,34,21
2020,9,12,0,NULO,34,21
2020,9,13,17.5,NULO,34,21
2020,9,14,0,NULO,34,20
2020,9,15,0,NULO,34,0
2020,9,16,22,NULO,34,20
2020,9,17,0,NULO,34,20
2020,9,18,0.5,NULO,35,20
2020,9,19,0,NULO,35,20
2020,9,20,0,NULO,35,20
2020,9,21,0,NULO,35,20
2020,9,22,0,NULO,37,20
2020,9,23,0,NULO,33,20
2020,9,24,0,NULO,33,20
2020,9,25,0,NULO,36,20
2020,9,26,0,NULO,36,20
2020,9,27,0,NULO,38,20
2020,9,28,101.5,NULO,35,20
2020,9,29,0,NULO,35,20
2020,9,30,0,NULO,36,17
2020,10,1,0,NULO,36,14
2020,10,2,0,NULO,36,14
2020,10,3,0,NULO,36,14
2020,10,4,0,NULO,36,14
2020,10,5,0,NULO,36,14
2020,10,6,0,NULO,36,14
2020,10,7,0,NULO,36,14
2020,10,8,0,NULO,36,14
2020,10,9,0,NULO,36,14
2020,10,10,0,NULO,36,14
2020,10,11,0,NULO,36,14
2020,10,12,0,NULO,36,14
2020,10,13,0,NULO,36,16
2020,10,14,0,NULO,36,16
2020,10,15,0,NULO,36,16
2020,10,16,0,NULO,36,16
2020,10,17,0,NULO,35,17
2020,10,18,0,NULO,35,17
2020,10,19,0,NULO,35,18
2020,10,20,0,NULO,34,18
2020,10,21,0,NULO,34,18
2020,10,22,57.5,NULO,34,18
2020,10,23,0,NULO,34,19
2020,10,24,0,NULO,34,19
2020,10,25,0,NULO,34,19
2020,10,26,0,NULO,34,19
2020,10,27,0,NULO,34,19
2020,10,28,0,NULO,34,19
2020,10,29,0,NULO,34,19
2020,10,30,0,NULO,34,19
2020,10,31,0,NULO,34,19
2020,11,1,0,NULO,34,20
2020,11,2,0,NULO,34,20
2020,11,3,0,NULO,34,20
2020,11,4,0,NULO,34,17
2020,11,5,0,NULO,34,19
2020,11,6,0,NULO,34,19
2020,11,7,0,NULO,34,19
2020,11,8,0,NULO,34,19
2020,11,9,0,NULO,34,19
2020,11,10,0,NULO,34,19
2020,11,11,0,NULO,34,19
2020,11,12,0,NULO,33,19
2020,11,13,0,NULO,33,19
2020,11,14,0,NULO,33,19
2020,11,15,0,NULO,30,19
2020,11,16,0,NULO,30,19
2020,11,17,0,NULO,28,18
2020,11,18,0,NULO,28,18
2020,11,19,0,NULO,28,17
2020,11,20,0,NULO,NULO,NULO
2020,11,21,0,NULO,30,17
2020,11,22,57.5,NULO,32,17
2020,11,23,0,NULO,30,17
2020,11,24,0,NULO,30,17
2020,11,25,0,NULO,30,16
2020,11,26,0,NULO,30,16
2020,11,27,0,NULO,30,17
2020,11,28,0,NULO,29,16
2020,11,29,0,NULO,29,16
2020,11,30,0,NULO,34,16
2020,12,1,0,NULO,NULO,NULO
2020,12,2,0,NULO,21,10
2020,12,3,0,NULO,24,10
2020,12,4,0,NULO,24,10
2020,12,5,0,NULO,26,10
2020,12,6,0,NULO,26,10
2020,12,7,0,NULO,26,10
2020,12,8,0,NULO,27,11
2020,12,9,0,NULO,27,11
2020,12,10,0,NULO,27,11
2020,12,11,0,NULO,26,11
2020,12,12,0,NULO,24,11
2020,12,13,0,NULO,22,11
2020,12,14,0,NULO,22,11
2020,12,15,0,NULO,24,11
2020,12,16,0,NULO,25,12
2020,12,17,0,NULO,25,12
2020,12,18,0,NULO,25,14
2020,12,19,0,NULO,25,15
2020,12,20,0,NULO,25,15
2020,12,21,0,NULO,22,15
2020,12,22,0,NULO,20,15
2020,12,23,0,NULO,20,15
2020,12,24,0,NULO,20,10
2020,12,25,0,NULO,22,10
2020,12,26,0,NULO,26,12
2020,12,27,0,NULO,26,15
2020,12,28,0,NULO,26,12
2020,12,29,0,NULO,26,11
2020,12,30,0,NULO,26,11
2020,12,31,0,NULO,34,10
2021,1,1,0,NULO,NULO,NULO
2021,1,2,0,NULO,28,9
2021,1,3,0,NULO,28,9
2021,1,4,0,NULO,26,9
2021,1,5,0,NULO,26,9
2021,1,6,0,NULO,22,9
2021,1,7,0,NULO,22,9
2021,1,8,0,NULO,22,10
2021,1,9,0,NULO,20,10
2021,1,10,3,NULO,17,10
2021,1,11,3,NULO,17,9
2021,1,12,0,NULO,17,9
2021,1,13,0,NULO,17,12
2021,1,14,10,NULO,19,12
2021,1,15,0,NULO,29,13
2021,1,16,0,NULO,29,14
2021,1,17,0,NULO,29,14
2021,1,18,0,NULO,29,14
2021,1,19,0,NULO,29,14
2021,1,20,0.5,NULO,29,14
2021,1,21,0,NULO,29,19
2021,1,22,0,NULO,29,19
2021,1,23,0,NULO,29,19
2021,1,24,0,NULO,29,19
2021,1,25,0,NULO,30,19
2021,1,26,0,NULO,34,19
2021,1,27,0,NULO,31,19
2021,1,28,0,NULO,31,19
2021,1,29,0,NULO,31,19
2021,1,30,0,NULO,30,19
2021,1,31,0,NULO,27,19
2021,2,1,0,NULO,NULO,NULO
2021,2,2,0,NULO,27,19
2021,2,3,0,NULO,27,19
2021,2,4,0,NULO,26,19
2021,2,5,0,NULO,26,18
2021,2,6,0,NULO,26,18
2021,2,7,0,NULO,26,18
2021,2,8,0,NULO,26,18
2021,2,9,0,NULO,25,18
2021,2,10,0,NULO,25,17
2021,2,11,0,NULO,25,17
2021,2,12,0,NULO,25,17
2021,2,13,0,NULO,NULO,NULO
2021,2,14,0,NULO,10,8
2021,2,15,2,NULO,17,6
2021,2,16,4,NULO,19,6
2021,2,17,3,NULO,19,5
2021,2,18,0.5,NULO,19,12
2021,2,19,0,NULO,29,14
2021,2,20,0,NULO,29,15
2021,2,21,0,NULO,29,16
2021,2,22,0,NULO,29,16
2021,2,23,0,NULO,29,18
2021,2,24,0,NULO,29,18
2021,2,25,0,NULO,29,18
2021,2,26,0,NULO,29,19
2021,2,27,0,NULO,29,19
2021,2,28,0,NULO,29,19
2021,3,1,0,NULO,32,19
2021,3,2,0,NULO,32,19
2021,3,3,0,NULO,35,19
2021,3,4,0,NULO,39,19
2021,3,5,0,NULO,36,19
2021,3,6,0,NULO,36,19
2021,3,7,0,NULO,37,19
2021,3,8,0,NULO,37,19
2021,3,9,0,NULO,38,19
2021,3,10,0,NULO,38,19
2021,3,11,0,NULO,38,19
2021,3,12,0,NULO,38,19
2021,3,13,0,NULO,38,19
2021,3,14,0,NULO,38,19
2021,3,15,0,NULO,38,20
2021,3,16,0,NULO,38,20
2021,3,17,0,NULO,37,20
2021,3,18,0,NULO,37,20
2021,3,19,0,NULO,37,20
2021,3,20,0,NULO,37,20
2021,3,21,0,NULO,37,20
2021,3,22,0,NULO,36,20
2021,3,23,0,NULO,36,20
2021,3,24,0,NULO,35,20
2021,3,25,0,NULO,35,18
2021,3,26,0,NULO,35,18
2021,3,27,0,NULO,35,18
2021,3,28,0,NULO,33,18
2021,3,29,2,NULO,30,18
2021,3,30,10,NULO,30,12
2021,3,31,NULO,NULO,30,10
2021,4,1,0,NULO,32,10
2021,4,2,0,NULO,32,10
2021,4,3,0,NULO,32,10
2021,4,4,0,NULO,32,13
2021,4,5,0,NULO,34,14
2021,4,6,0,NULO,34,15
2021,4,7,0,NULO,34,15
2021,4,8,0,NULO,34,15
2021,4,9,0,NULO,34,16
2021,4,10,0,NULO,34,16
2021,4,11,0,NULO,37,18
2021,4,12,0,NULO,37,18
2021,4,13,0,NULO,37,18
2021,4,14,0,NULO,38,18
2021,4,15,0,NULO,38,18
2021,4,16,0,NULO,38,19
2021,4,17,0,NULO,38,19
2021,4,18,0,NULO,38,19
2021,4,19,0,NULO,38,19
2021,4,20,0,NULO,38,19
2021,4,21,0,NULO,38,19
2021,4,22,0,NULO,38,19
2021,4,23,0,NULO,38,19
2021,4,24,0,NULO,38,19
2021,4,25,0,NULO,38,19
2021,4,26,0,NULO,38,20
2021,4,27,0,NULO,38,20
2021,4,28,0,NULO,38,20
2021,4,29,0,NULO,38,20
2021,4,30,0,NULO,38,20
2021,5,1,0,NULO,38,20
2021,5,2,0,NULO,38,20
2021,5,3,0,NULO,38,20
2021,5,4,0,NULO,38,20
2021,5,5,0,NULO,38,20
2021,5,6,0,NULO,38,20
2021,5,7,0,NULO,38,20
2021,5,8,0,NULO,38,20
2021,5,9,0,NULO,36,20
2021,5,10,6.5,NULO,36,18
2021,5,11,9.5,NULO,32,16
2021,5,12,5.5,NULO,32,16
2021,5,13,0,NULO,34,16
2021,5,14,0,NULO,34,16
2021,5,15,0,NULO,34,18
2021,5,16,0,NULO,34,18
2021,5,17,0,NULO,34,18
2021,5,18,10,NULO,32,18
2021,5,19,127.5,NULO,30,18
2021,5,20,0,NULO,32,18
2021,5,21,0,NULO,32,18
2021,5,22,0,NULO,35,19
2021,5,23,0,NULO,35,20
2021,5,24,0,NULO,38,20
2021,5,25,0,NULO,38,20
2021,5,26,0,NULO,38,20
2021,5,27,0,NULO,38,20
2021,5,28,0,NULO,38,20
2021,5,29,0,NULO,38,20
2021,5,30,0,NULO,38,20
2021,5,31,0,NULO,38,20
2021,6,1,0,NULO,32,22
2021,6,2,0,NULO,32,22
2021,6,3,0,NULO,32,22
2021,6,4,0,NULO,30,22
2021,6,5,0,NULO,30,22
2021,6,6,23,NULO,30,19
2021,6,7,0,NULO,28,18
2021,6,8,0,NULO,28,18
2021,6,9,0,NULO,28,19
2021,6,10,0,NULO,31,19
2021,6,11,0,NULO,31,20
2021,6,12,37,NULO,30,18
2021,6,13,64,NULO,28,18
2021,6,14,0,NULO,28,18
2021,6,15,0,NULO,28,18
2021,6,16,0,NULO,30,19
2021,6,17,0,NULO,31,20
2021,6,18,0,NULO,32,20
2021,6,19,0,NULO,32,20
2021,6,20,0,NULO,32,20
2021,6,21,0,NULO,32,20
2021,6,22,0,NULO,32,20
2021,6,23,0,NULO,32,20
2021,6,24,0,NULO,32,20
2021,6,25,0,NULO,32,20
2021,6,26,0,NULO,30,20
2021,6,27,0,NULO,30,20
2021,6,28,0,NULO,28,20
2021,6,29,27.5,NULO,28,18
2021,6,30,0,NULO,28,18
2021,7,1,0,NULO,33,19
2021,7,2,0,NULO,33,19
2021,7,3,0,NULO,34,19
2021,7,4,0,NULO,34,19
2021,7,5,0,NULO,34,19
2021,7,6,6,NULO,32,19
2021,7,7,21,NULO,32,19
2021,7,8,18,NULO,32,19
2021,7,9,12,NULO,32,19
2021,7,10,0,NULO,31,19
2021,7,11,0,NULO,30,20
2021,7,12,0,NULO,30,20
2021,7,13,0,NULO,30,20
2021,7,14,0,NULO,30,21
2021,7,15,0,NULO,30,21
2021,7,16,0,NULO,30,21
2021,7,17,0,NULO,30,21
2021,7,18,0,NULO,30,22
2021,7,19,0,NULO,30,22
2021,7,20,0,NULO,30,22
2021,7,21,0,NULO,30,22
2021,7,22,NULO,NULO,NULO,NULO
2021,8,1,0,NULO,32,22
2021,8,2,0,NULO,32,22
2021,8,3,0,NULO,32,20
2021,8,4,0,NULO,32,20
2021,8,5,0,NULO,30,20
2021,8,6,0,NULO,30,20
2021,8,7,0,NULO,30,20
2021,8,8,0,NULO,30,20
2021,8,9,0,NULO,30,20
2021,8,10,0,NULO,30,20
2021,8,11,0,NULO,30,20
2021,8,12,11,NULO,30,20
2021,8,13,9,NULO,30,20
2021,8,14,2.5,NULO,30,20
2021,8,15,0,NULO,30,20
2021,8,16,0,NULO,30,20
2021,8,17,0,NULO,30,20
2021,8,18,0,NULO,28,20
2021,8,19,16.5,NULO,28,19
2021,8,20,28,NULO,28,18
2021,8,21,78.5,NULO,28,18
2021,8,22,15.5,NULO,28,18
2021,8,23,13,NULO,28,15
2021,8,24,0,NULO,28,15
2021,8,25,0,NULO,28,16
2021,8,26,0,NULO,30,18
2021,8,27,0,NULO,30,18
2021,8,28,0,NULO,32,20
2021,8,29,0,NULO,32,20
2021,8,30,0,NULO,32,20
2021,8,31,NULO,NULO,NULO,NULO
2021,9,1,0,NULO,32,20
2021,9,2,0,NULO,32,20
2021,9,3,0,NULO,32,20
2021,9,4,0,NULO,32,20
2021,9,5,0,NULO,32,20
2021,9,6,0,NULO,32,20
2021,9,7,0,NULO,32,20
2021,9,8,0,NULO,30,20
2021,9,9,18,NULO,28,19
2021,9,10,38,NULO,28,19
2021,9,11,22.5,NULO,28,19
2021,9,12,0,NULO,28,18
2021,9,13,0,NULO,29,18
2021,9,14,0,NULO,29,20
2021,9,15,0,NULO,29,20
2021,9,16,0,NULO,30,20
2021,9,17,0,NULO,30,20
2021,9,18,0,NULO,30,20
2021,9,19,0,NULO,30,20
2021,9,20,0,NULO,32,20
2021,9,21,0,NULO,32,20
2021,9,22,0,NULO,32,20
2021,9,23,0,NULO,32,20
2021,9,24,0,NULO,32,20
2021,9,25,0,NULO,32,20
2021,9,26,0,NULO,32,20
2021,9,27,0,NULO,32,20
2021,9,28,0,NULO,32,20
2021,9,29,19.5,NULO,32,20
2021,9,30,0,NULO,32,20
2021,10,1,0,NULO,34,18
2021,10,2,0,NULO,34,19
2021,10,3,0,NULO,35,20
2021,10,4,0,NULO,35,20
2021,10,5,0,NULO,35,20
2021,10,6,0,NULO,35,20
2021,10,7,0,NULO,35,20
2021,10,8,0,NULO,35,20
2021,10,9,0,NULO,35,20
2021,10,10,0,NULO,35,20
2021,10,11,0,NULO,35,20
2021,10,12,0,NULO,35,20
2021,10,13,0,NULO,35,20
2021,10,14,0,NULO,35,20
2021,10,15,0,NULO,35,20
2021,10,16,7,NULO,35,19
2021,10,17,8,NULO,35,19
2021,10,18,10,NULO,35,19
2021,10,19,0,NULO,35,19
2021,10,20,0,NULO,34,19
2021,10,21,0,NULO,34,19
2021,10,22,0,NULO,34,19
2021,10,23,0,NULO,34,19
2021,10,24,0,NULO,32,19
2021,10,25,0,NULO,32,19
2021,10,26,0,NULO,32,19
2021,10,27,0,NULO,32,19
2021,10,28,0,NULO,32,19
2021,10,29,0,NULO,32,19
2021,10,30,0,NULO,32,19
2021,10,31,0,NULO,32,19
2021,11,1,0,NULO,32,18
2021,11,2,0,NULO,32,19
2021,11,3,0,NULO,32,19
2021,11,4,0,NULO,32,19
2021,11,5,0,NULO,32,19
2021,11,6,0,NULO,32,19
2021,11,7,0,NULO,33,19
2021,11,8,0,NULO,33,19
2021,11,9,11,NULO,35,19
2021,11,10,8,NULO,33,17
2021,11,11,2,NULO,33,17
2021,11,12,0,NULO,32,17
2021,11,13,0,NULO,32,18
2021,11,14,0,NULO,32,18
2021,11,15,0,NULO,32,18
2021,11,16,0,NULO,32,18
2021,11,17,0,NULO,32,18
2021,11,18,0,NULO,32,18
2021,11,19,0,NULO,32,18
2021,11,20,0,NULO,32,18
2021,11,21,0,NULO,32,18
2021,11,22,0,NULO,32,18
2021,11,23,0,NULO,32,18
2021,11,24,0,NULO,32,18
2021,11,25,0,NULO,32,18
2021,11,26,0,NULO,32,18
2021,11,27,0,NULO,32,18
2021,11,28,0,NULO,32,18
2021,11,29,0,NULO,32,18
2021,11,30,0,NULO,32,18
2021,12,1,NULO,NULO,32,18
2021,12,2,NULO,NULO,32,18
2021,12,3,NULO,NULO,32,18
2021,12,4,NULO,NULO,32,18
2021,12,5,NULO,NULO,35,19
2021,12,6,NULO,NULO,35,19
2021,12,7,NULO,NULO,35,19
2021,12,8,NULO,NULO,35,19
2021,12,9,NULO,NULO,35,19
2021,12,10,NULO,NULO,35,19
2021,12,11,NULO,NULO,35,19
2021,12,12,NULO,NULO,33,19
2021,12,13,NULO,NULO,33,18
2021,12,14,NULO,NULO,30,18
2021,12,15,NULO,NULO,30,16
2021,12,16,NULO,NULO,30,16
2021,12,17,NULO,NULO,28,16
2021,12,18,NULO,NULO,28,15
2021,12,19,NULO,NULO,28,15
2021,12,20,NULO,NULO,28,15
2021,12,21,NULO,NULO,30,16
2021,12,22,NULO,NULO,30,17
2021,12,23,NULO,NULO,30,17
2021,12,24,NULO,NULO,30,18
2021,12,25,NULO,NULO,31,18
2021,12,26,NULO,NULO,31,18
2021,12,27,NULO,NULO,31,18
2021,12,28,NULO,NULO,32,18
2021,12,29,NULO,NULO,32,18
2021,12,30,NULO,NULO,32,18
2021,12,31,NULO,NULO,30,18
2022,1,1,0,NULO,34,15
2022,1,2,0,NULO,34,18
2022,1,3,0,NULO,34,17
2022,1,4,0,NULO,34,15
2022,1,5,0,NULO,30,17
2022,1,6,0,NULO,30,16
2022,1,7,0,NULO,30,17
2022,1,8,0,NULO,28,17
2022,1,9,0,NULO,18,16
2022,1,10,9,NULO,16,12
2022,1,11,3,NULO,18,12
2022,1,12,0,NULO,18,12
2022,1,13,0,NULO,19,12
2022,1,14,0,NULO,19,16
2022,1,15,0,NULO,19,15
2022,1,16,0,NULO,19,15
2022,1,17,0,NULO,19,15
2022,1,18,0,NULO,17,15
2022,1,19,0,NULO,12,6
2022,1,20,0,NULO,12,6
2022,1,21,0,NULO,12,6
2022,1,22,1,NULO,12,6
2022,1,23,2,NULO,18,6
2022,1,24,2,NULO,18,6
2022,1,25,0,NULO,28,7
2022,1,26,3,NULO,28,9
2022,1,27,0,NULO,28,10
2022,1,28,17,NULO,25,10
2022,1,29,0,NULO,25,12
2022,1,30,0,NULO,28,12
2022,1,31,0,NULO,28,16
2022,2,1,0,NULO,32,17
2022,2,2,0,NULO,32,18
2022,2,3,0,NULO,32,19
2022,2,4,0,NULO,32,19
2022,2,5,0,NULO,32,19
2022,2,6,0,NULO,32,19
2022,2,7,0,NULO,30,19
2022,2,8,0,NULO,31,19
2022,2,9,0,NULO,31,20
2022,2,10,0,NULO,31,20
2022,2,11,0,NULO,31,20
2022,2,12,0,NULO,31,20
2022,2,13,0,NULO,30,20
2022,2,14,0,NULO,30,20
2022,2,15,0,NULO,30,20
2022,2,16,0,NULO,30,20
2022,2,17,0,NULO,32,19
2022,2,18,0,NULO,32,18
2022,2,19,0,NULO,32,18
2022,2,20,0,NULO,30,18
2022,2,21,4,NULO,30,18
2022,2,22,5.5,NULO,29,18
2022,2,23,7,NULO,29,18
2022,2,24,0,NULO,28,18
2022,2,25,0,NULO,28,18
2022,2,26,0,NULO,28,18
2022,2,27,0,NULO,28,18
2022,2,28,NULO,NULO,30,18
2022,3,1,0,NULO,33,19
2022,3,2,0,NULO,33,19
2022,3,3,0,NULO,33,19
2022,3,4,0,NULO,34,19
2022,3,5,0,NULO,34,19
2022,3,6,0,NULO,34,19
2022,3,7,0,NULO,34,19
2022,3,8,0,NULO,34,19
2022,3,9,0,NULO,34,19
2022,3,10,0,NULO,34,19
2022,3,11,0,NULO,34,19
2022,3,12,0,NULO,34,19
2022,3,13,0,NULO,34,19
2022,3,14,0,NULO,36,19
2022,3,15,0,NULO,36,19
2022,3,16,0,NULO,36,19
2022,3,17,0,NULO,36,19
2022,3,18,0,NULO,37,19
2022,3,19,0,NULO,37,19
2022,3,20,0,NULO,38,20
2022,3,21,0,NULO,38,20
2022,3,22,0,NULO,38,20
2022,3,23,0,NULO,38,20
2022,3,24,0,NULO,38,20
2022,3,25,0,NULO,36,20
2022,3,26,0,NULO,36,20
2022,3,27,0,NULO,38,20
2022,3,28,0,NULO,38,20
2022,3,29,0,NULO,38,20
2022,3,30,0,NULO,38,20
2022,3,31,0,NULO,38,20
2022,4,1,0,NULO,40,18
2022,4,2,0,NULO,40,18
2022,4,3,0,NULO,40,18
2022,4,4,0,NULO,42,18
2022,4,5,0,NULO,43,18
2022,4,6,0,NULO,43,18
2022,4,7,0,NULO,40,18
2022,4,8,0,NULO,40,18
2022,4,9,0,NULO,40,18
2022,4,10,0,NULO,41,19
2022,4,11,0,NULO,39,19
2022,4,12,0,NULO,39,19
2022,4,13,0,NULO,39,19
2022,4,14,0,NULO,38,19
2022,4,15,0,NULO,38,19
2022,4,16,0,NULO,38,19
2022,4,17,0,NULO,39,19
2022,4,18,0,NULO,39,19
2022,4,19,0,NULO,39,19
2022,4,20,0,NULO,39,19
2022,4,21,0,NULO,39,19
2022,4,22,0,NULO,40,19
2022,4,23,0,NULO,40,19
2022,4,24,0,NULO,38,20
2022,4,25,9,NULO,36,19
2022,4,26,18,NULO,36,18
2022,4,27,0,NULO,37,18
2022,4,28,0,NULO,37,18
2022,4,29,0,NULO,37,18
2022,4,30,0,NULO,37,18
2022,5,1,0,NULO,40,19
2022,5,2,0,NULO,40,20
2022,5,3,0,NULO,40,21
2022,5,4,0,NULO,42,20
2022,5,5,0,NULO,42,20
2022,5,6,0,NULO,42,20
2022,5,7,0,NULO,42,20
2022,5,8,0,NULO,42,20
2022,5,9,0,NULO,42,21
2022,5,10,0,NULO,43,21
2022,5,11,0,NULO,44,20
2022,5,12,0,NULO,43,20
2022,5,13,0,NULO,43,19
2022,5,14,0,NULO,43,19
2022,5,15,0,NULO,42,19
2022,5,16,0,NULO,42,20
2022,5,17,0,NULO,42,21
2022,5,18,0,NULO,42,22
2022,5,19,0,NULO,42,22
2022,5,20,0,NULO,43,22
2022,5,21,0,NULO,43,20
2022,5,22,0,NULO,40,22
2022,5,23,0,NULO,40,23
2022,5,24,0,NULO,35,23
2022,5,25,0,NULO,35,23
2022,5,26,0,NULO,38,23
2022,5,27,0,NULO,38,23
2022,5,28,0,NULO,40,23
2022,5,29,0,NULO,40,23
2022,5,30,0,NULO,40,23
2022,5,31,0,NULO,40,23
2022,6,1,0,NULO,40,23
2022,6,2,0,NULO,40,23
2022,6,3,0,NULO,40,23
2022,6,4,0,NULO,40,22
2022,6,5,0,NULO,40,22
2022,6,6,0,NULO,40,22
2022,6,7,0,NULO,38,22
2022,6,8,0,NULO,38,22
2022,6,9,0,NULO,38,22
2022,6,10,0,NULO,38,22
2022,6,11,0,NULO,38,21
2022,6,12,6.5,NULO,38,21
2022,6,13,11,NULO,35,20
2022,6,14,9.5,NULO,35,20
2022,6,15,7,NULO,33,20
2022,6,16,16,NULO,33,20
2022,6,17,0,NULO,33,20
2022,6,18,35,NULO,33,20
2022,6,19,12,NULO,33,17
2022,6,20,41,NULO,32,17
2022,6,21,21,NULO,30,16
2022,6,22,19,NULO,29,16
2022,6,23,0,NULO,29,16
2022,6,24,4,NULO,29,16
2022,6,25,0,NULO,29,18
2022,6,26,0,NULO,29,18
2022,6,27,0,NULO,30,18
2022,6,28,0,NULO,30,18
2022,6,29,0,NULO,30,18
2022,6,30,0,NULO,30,19
2022,7,1,0,NULO,33,18
2022,7,2,0,NULO,33,18
2022,7,3,0,NULO,35,18
2022,7,4,17,NULO,35,18
2022,7,5,0,NULO,35,19
2022,7,6,0,NULO,38,19
2022,7,7,0,NULO,38,19
2022,7,8,0,NULO,36,19
2022,7,9,0,NULO,36,19
2022,7,10,0,NULO,36,19
2022,7,11,0,NULO,36,19
2022,7,12,0,NULO,36,18
2022,7,13,0,NULO,36,18
2022,7,14,0,NULO,37,18
2022,7,15,0,NULO,37,18
2022,7,16,0,NULO,37,18
2022,7,17,0,NULO,38,18
2022,7,18,0,NULO,38,18
2022,7,19,6,NULO,38,18
2022,7,20,10.5,NULO,36,18
2022,7,21,0,NULO,36,18
2022,7,22,0,NULO,34,18
2022,7,23,0,NULO,34,18
2022,7,24,0,NULO,34,18
2022,7,25,14,NULO,34,18
2022,7,26,7,NULO,34,19
2022,7,27,0,NULO,36,19
2022,7,28,0,NULO,36,19
2022,7,29,0,NULO,36,19
2022,7,30,0,NULO,36,19
2022,7,31,0,NULO,36,19
2022,8,1,0,NULO,30,18
2022,8,2,0,NULO,30,18
2022,8,3,0,NULO,36,18
2022,8,4,0,NULO,36,19
2022,8,5,0,NULO,36,19
2022,8,6,0,NULO,36,19
2022,8,7,0,NULO,36,19
2022,8,8,0,NULO,35,19
2022,8,9,0,NULO,35,18
2022,8,10,0,NULO,35,18
2022,8,11,0,NULO,33,18
2022,8,12,0,NULO,33,18
2022,8,13,0,NULO,34,18
2022,8,14,0,NULO,34,19
2022,8,15,0,NULO,34,19
2022,8,16,0,NULO,34,19
2022,8,17,0,NULO,34,19
2022,8,18,0,NULO,35,19
2022,8,19,0,NULO,35,19
2022,8,20,0,NULO,35,19
2022,8,21,0,NULO,35,19
2022,8,22,0,NULO,35,19
2022,8,23,0,NULO,33,19
2022,8,24,0,NULO,32,20
2022,8,25,0.5,NULO,32,20
2022,8,26,7,NULO,32,18
2022,8,27,0,NULO,32,18
2022,8,28,8,NULO,30,18
2022,8,29,3,NULO,30,18
2022,8,30,0,NULO,30,18
2022,8,31,0,NULO,30,18
2022,9,1,12,NULO,30,18
2022,9,2,10,NULO,30,18
2022,9,3,15,NULO,30,18
2022,9,4,0,NULO,30,18
2022,9,5,13,NULO,30,18
2022,9,6,17,NULO,30,18
2022,9,7,0,NULO,30,18
2022,9,8,10.5,NULO,31,18
2022,9,9,0,NULO,31,17
2022,9,10,0,NULO,31,17
2022,9,11,22.5,NULO,31,17
2022,9,12,6.5,NULO,31,17
2022,9,13,7.5,NULO,31,17
2022,9,14,18,NULO,31,16
2022,9,15,20,NULO,31,16
2022,9,16,18,NULO,31,16
2022,9,17,15,NULO,31,16
2022,9,18,12,NULO,31,16
2022,9,19,13,NULO,32,17
2022,9,20,15,NULO,32,17
2022,9,21,0,NULO,32,17
2022,9,22,0,NULO,32,16
2022,9,23,0,NULO,32,16
2022,9,24,0,NULO,32,16
2022,9,25,0,NULO,30,15
2022,9,26,5.5,NULO,30,15
2022,9,27,10,NULO,29,15
2022,9,28,9.5,NULO,29,15
2022,9,29,11,NULO,29,16
2022,9,30,0,NULO,28,16
2022,10,1,0,NULO,NULO,NULO
2022,10,2,0,NULO,29,16
2022,10,3,0,NULO,29,16
2022,10,4,0,NULO,29,16
2022,10,5,0,NULO,29,16
2022,10,6,12,NULO,29,16
2022,10,7,0,NULO,29,16
2022,10,8,0,NULO,29,17
2022,10,9,0,NULO,29,17
2022,10,10,0,NULO,29,17
2022,10,11,0,NULO,30,17
2022,10,12,0,NULO,30,17
2022,10,13,0,NULO,28,17
2022,10,14,0,NULO,28,16
2022,10,15,0,NULO,28,16
2022,10,16,9.5,NULO,26,16
2022,10,17,5,NULO,26,15
2022,10,18,10.5,NULO,27,15
2022,10,19,0,NULO,27,15
2022,10,20,10.5,NULO,29,16
2022,10,21,10,NULO,29,16
2022,10,22,0,NULO,30,17
2022,10,23,0,NULO,30,17
2022,10,24,0,NULO,30,17
2022,10,25,0,NULO,30,18
2022,10,26,0,NULO,30,18
2022,10,27,0,NULO,30,18
2022,10,28,0,NULO,30,18
2022,10,29,0,NULO,31,18
2022,10,30,0,NULO,31,18
2022,10,31,0,NULO,31,18
2022,11,1,3,NULO,NULO,NULO
2022,11,2,0,NULO,30,17
2022,11,3,0,NULO,29,17
2022,11,4,0,NULO,29,17
2022,11,5,0,NULO,29,16
2022,11,6,0,NULO,29,16
2022,11,7,0,NULO,29,18
2022,11,8,0,NULO,29,18
2022,11,9,0,NULO,28,18
2022,11,10,5,NULO,28,18
2022,11,11,3.5,NULO,28,18
2022,11,12,5,NULO,27,18
2022,11,13,3,NULO,27,16
2022,11,14,11.5,NULO,27,16
2022,11,15,9,NULO,27,15
2022,11,16,0,NULO,29,15
2022,11,17,0,NULO,29,18
2022,11,18,0,NULO,29,18
2022,11,19,0,NULO,29,18
2022,11,20,0,NULO,30,18
2022,11,21,0,NULO,30,18
2022,11,22,0,NULO,30,18
2022,11,23,0,NULO,30,18
2022,11,24,0,NULO,30,18
2022,11,25,0,NULO,30,18
2022,11,26,0,NULO,31,18
2022,11,27,0,NULO,31,19
2022,11,28,0,NULO,32,19
2022,11,29,0,NULO,32,19
2022,11,30,14.5,NULO,30,19
2022,12,1,4,NULO,28,18
2022,12,2,0,NULO,28,18
2022,12,3,0,NULO,28,18
2022,12,4,0,NULO,28,18
2022,12,5,0,NULO,28,18
2022,12,6,0,NULO,28,18
2022,12,7,0,NULO,28,18
2022,12,8,0,NULO,28,18
2022,12,9,0,NULO,28,18
2022,12,10,0,NULO,28,18
2022,12,11,0,NULO,27,18
2022,12,12,0,NULO,27,18
2022,12,13,0,NULO,27,18
2022,12,14,0,NULO,27,18
2022,12,15,0,NULO,27,18
2022,12,16,0,NULO,27,18
2022,12,17,0,NULO,27,18
2022,12,18,0,NULO,27,18
2022,12,19,0,NULO,27,18
2022,12,20,0,NULO,25,17
2022,12,21,0,NULO,19,17
2022,12,22,0,NULO,19,17
2022,12,23,1.5,NULO,12,8
2022,12,24,1,NULO,12,4
2022,12,25,0,NULO,14,6
2022,12,26,0,NULO,23,8
2022,12,27,0,NULO,23,10
2022,12,28,0,NULO,27,16
2022,12,29,0,NULO,27,17
2022,12,30,0,NULO,27,17
2022,12,31,0,NULO,27,17
2023,1,1,0,NULO,30,17
2023,1,2,0,NULO,30,17
2023,1,3,0,NULO,30,17
2023,1,4,0,NULO,30,17
2023,1,5,0,NULO,30,17
2023,1,6,0,NULO,30,17
2023,1,7,0,NULO,30,17
2023,1,8,0,NULO,32,17
2023,1,9,0,NULO,32,17
2023,1,10,0,NULO,32,17
2023,1,11,0,NULO,32,17
2023,1,12,0,NULO,35,16
2023,2,1,4,NULO,34,16
2023,2,2,3,NULO,33,16
2023,2,3,NULO,NULO,36,16
2023,2,4,0,NULO,36,18
2023,2,5,0,NULO,36,18
2023,2,6,0,NULO,34,19
2023,2,7,0,NULO,33,18
2023,2,8,0,NULO,33,16
2023,2,9,0,NULO,33,16
2023,2,10,0,NULO,33,18
2023,2,11,0,NULO,33,18
2023,2,12,0,NULO,31,18
2023,2,13,0,NULO,31,18
2023,2,14,0,NULO,31,17
2023,2,15,0,NULO,31,16
2023,2,16,0,NULO,31,18
2023,2,17,0,NULO,31,19
2023,2,18,0,NULO,32,17
2023,2,19,0,NULO,33,21
2023,2,20,0,NULO,34,21
2023,2,21,0,NULO,40,21
2023,2,22,0,NULO,36,21
2023,2,23,0,NULO,34,21
2023,2,24,0,NULO,32,20
2023,2,25,0,NULO,32,18
2023,2,26,0,NULO,32,17
2023,2,27,0,NULO,31,20
2023,2,28,0,NULO,31,18
2023,3,1,0,NULO,32,20
2023,3,2,0,NULO,31,19
2023,3,3,0,NULO,31,20
2023,3,4,0,NULO,31,20
2023,3,5,0,NULO,33,20
2023,3,6,0,NULO,35,20
2023,3,7,0,NULO,35,20
2023,3,8,0,NULO,38,20
2023,3,9,0,NULO,38,20
2023,3,10,0,NULO,38,20
2023,3,11,0,NULO,38,20
2023,3,12,0,NULO,34,20
2023,3,13,0,NULO,32,20
2023,3,14,2,NULO,30,20
2023,3,15,2,NULO,30,19
2023,3,16,0,NULO,28,18
2023,3,17,0,NULO,20,18
2023,3,18,0,NULO,28,18
2023,3,19,0,NULO,25,14
2023,3,20,0,NULO,26,11
2023,3,21,0,NULO,28,16
2023,3,22,0,NULO,32,17
2023,3,23,0,NULO,32,18
2023,3,24,0,NULO,32,18
2023,3,25,0,NULO,38,18
2023,3,26,0,NULO,36,18
2023,3,27,0,NULO,30,18
2023,3,28,0,NULO,34,18
2023,3,29,0,NULO,33,16
2023,3,30,0,NULO,38,19
2023,3,31,0,NULO,38,19
2023,4,1,0,NULO,NULO,NULO
2023,4,2,0,NULO,28,18
2023,4,3,0,NULO,28,18
2023,4,4,0,NULO,27,18
2023,4,5,12.5,NULO,27,18
2023,4,6,7,NULO,23,18
2023,4,7,0,NULO,25,18
2023,4,8,0,NULO,25,18
2023,4,9,6,NULO,26,18
2023,4,10,18.5,NULO,26,20
2023,4,11,0,NULO,28,19
2023,4,12,0,NULO,30,18
2023,4,13,0,NULO,30,20
2023,4,14,0,NULO,30,20
2023,4,15,0,NULO,32,20
2023,4,16,44,NULO,30,18
2023,4,17,0,NULO,32,18
2023,4,18,0,NULO,34,18
2023,4,19,0,NULO,34,18
2023,4,20,0,NULO,34,18
2023,4,21,0,NULO,33,18
2023,4,22,0,NULO,32,18
2023,4,23,43,NULO,32,18
2023,4,24,0,NULO,34,18
2023,4,25,0,NULO,34,18
2023,4,26,0,NULO,34,18
2023,4,27,0,NULO,35,18
2023,4,28,0,NULO,35,19
2023,4,29,0,NULO,35,19
2023,4,30,0,NULO,36,19
2023,5,1,15,NULO,36,19
2023,5,2,10,NULO,36,18
2023,5,3,0,NULO,36,18
2023,5,4,0,NULO,36,18
2023,5,5,0,NULO,36,18
2023,5,6,0,NULO,36,18
2023,5,7,0,NULO,35,18
2023,5,8,35,NULO,35,18
2023,5,9,0,NULO,35,18
2023,5,10,0,NULO,36,19
2023,5,11,0,NULO,36,19
2023,5,12,0,NULO,36,19
2023,5,13,0,NULO,36,19
2023,5,14,78,NULO,37,19
2023,5,15,0,NULO,34,19
2023,5,16,0,NULO,34,18
2023,5,17,0,NULO,34,18
2023,5,18,9,NULO,32,18
2023,5,19,0,NULO,35,17
2023,5,20,0,NULO,36,19
2023,5,21,0,NULO,36,19
2023,5,22,0,NULO,36,19
2023,5,23,0,NULO,36,19
2023,5,24,0,NULO,36,19
2023,5,25,0,NULO,36,19
2023,5,26,0,NULO,36,19
2023,5,27,14,NULO,35,19
2023,5,28,0,NULO,34,18
2023,5,29,0,NULO,34,18
2023,5,30,0,NULO,34,18
2023,5,31,0,NULO,34,18
2023,6,1,0,NULO,37,19
2023,6,2,0,NULO,37,19
2023,6,3,0,NULO,37,19
2023,6,4,67,NULO,38,19
2023,6,5,0,NULO,38,20
2023,6,6,0,NULO,38,20
2023,6,7,0,NULO,38,20
2023,6,8,0,NULO,38,20
2023,6,9,0,NULO,38,20
2023,6,10,0,NULO,39,22
2023,6,11,0,NULO,41,22
2023,6,12,0,NULO,42,22
2023,6,13,0,NULO,43,22
2023,6,14,0,NULO,46,22
2023,6,15,0,NULO,46,22
2023,6,16,0,NULO,46,23
2023,6,17,0,NULO,46,21
2023,6,18,0,NULO,46,21
2023,6,19,0,NULO,46,21
2023,6,20,8,NULO,44,23
2023,6,21,0,NULO,44,20
2023,6,22,0,NULO,44,20
2023,6,23,5.5,NULO,44,20
2023,6,24,0,NULO,43,20
2023,6,25,13,NULO,40,19
2023,6,26,0,NULO,40,19
2023,6,27,0,NULO,40,19
2023,6,28,0,NULO,34,18
2023,6,29,0,NULO,34,18
2023,6,30,0,NULO,34,18
2023,7,1,0,NULO,37,18
2023,7,2,0,NULO,37,18
2023,7,3,0,NULO,37,18
2023,7,4,0,NULO,37,18
2023,7,5,0,NULO,36,18
2023,7,6,0,NULO,36,18
2023,7,7,0,NULO,36,19
2023,7,8,0,NULO,36,19
2023,7,9,0,NULO,37,19
2023,7,10,0,NULO,37,19
2023,7,11,0,NULO,37,19
2023,7,12,0,NULO,37,19
2023,7,13,0,NULO,37,20
2023,7,14,0,NULO,37,20
2023,7,15,0,NULO,37,20
2023,7,16,0,NULO,36,20
2023,7,17,0,NULO,36,21
2023,7,18,0,NULO,36,21
2023,7,19,0,NULO,36,19
2023,7,20,0,NULO,36,19
2023,7,21,0,NULO,36,19
2023,7,22,0,NULO,36,19
2023,7,23,0,NULO,37,19
2023,7,24,0,NULO,37,19
2023,7,25,0,NULO,37,19
2023,7,26,0,NULO,38,19
2023,7,27,0,NULO,38,19
2023,7,28,0,NULO,38,19
2023,7,29,0,NULO,38,19
2023,7,30,0,NULO,38,19
2023,7,31,0,NULO,38,19
2023,8,1,0,NULO,38,18
2023,8,2,0,NULO,38,19
2023,8,3,0,NULO,38,19
2023,8,4,0,NULO,38,20
2023,8,5,0,NULO,38,20
2023,8,6,0,NULO,38,20
2023,8,7,0,NULO,38,20
2023,8,8,0,NULO,38,18
2023,8,9,0,NULO,40,18
2023,8,10,0,NULO,40,18
2023,8,11,0,NULO,40,18
2023,8,12,0,NULO,38,18
2023,8,13,0,NULO,36,18
2023,8,14,0,NULO,32,18
2023,8,15,58,NULO,32,17
2023,8,16,0,NULO,32,16
2023,8,17,0,NULO,32,16
2023,8,18,0,NULO,34,16
2023,8,19,0,NULO,34,16
2023,8,20,0,NULO,36,18
2023,8,21,0,NULO,36,18
2023,8,22,7.5,NULO,36,18
2023,8,23,0,NULO,36,19
2023,8,24,0,NULO,38,18
2023,8,25,0,NULO,38,18
2023,8,26,0,NULO,38,18
2023,8,27,0,NULO,38,20
2023,8,28,0,NULO,38,20
2023,8,29,0,NULO,40,20
2023,8,30,0,NULO,40,20
2023,9,1,0,NULO,38,20
2023,9,2,0,NULO,38,21
2023,9,3,0,NULO,38,21
2023,9,4,0,NULO,38,21
2023,9,5,0,NULO,38,21
2023,9,6,0,NULO,38,21
2023,9,7,0,NULO,38,21
2023,9,8,0,NULO,38,21
2023,9,9,0,NULO,38,21
2023,9,10,0,NULO,37,21
2023,9,11,0,NULO,37,20
2023,9,12,0,NULO,37,20
2023,9,13,0,NULO,37,20
2023,9,14,0,NULO,37,20
2023,9,15,0,NULO,37,20
2023,9,16,0,NULO,37,20
2023,9,17,0,NULO,37,20
2023,9,18,0,NULO,37,20
2023,9,19,0,NULO,37,20
2023,9,20,0,NULO,38,20
2023,9,21,0,NULO,38,20
2023,9,22,0,NULO,38,20
2023,9,23,0,NULO,38,20
2023,9,24,0,NULO,38,20
2023,9,25,0,NULO,38,21
2023,9,26,0,NULO,38,21
2023,9,27,0,NULO,38,21
2023,9,28,0,NULO,38,20
2023,9,29,0,NULO,38,22
2023,9,30,0,NULO,38,22
2023,10,1,0,NULO,38,22
2023,10,2,0,NULO,37,22
2023,10,3,0,NULO,37,22
2023,10,4,0,NULO,35,22
2023,10,5,11,NULO,28,22
2023,10,6,22,NULO,28,18
2023,10,7,43,NULO,28,18
2023,10,8,7,NULO,28,18
2023,10,9,0,NULO,28,18
2023,10,10,0,NULO,28,18
2023,10,11,0,NULO,28,17
2023,10,12,0,NULO,28,17
2023,10,13,0,NULO,28,17
2023,10,14,15,NULO,27,17
2023,10,15,15,NULO,26,16
2023,10,16,0,NULO,26,16
2023,10,17,0,NULO,26,16
2023,10,18,0,NULO,26,16
2023,10,19,0,NULO,26,16
2023,10,20,0,NULO,26,16
2023,10,21,0,NULO,26,16
2023,10,22,0,NULO,26,16
2023,10,23,0,NULO,26,16
2023,10,24,0,NULO,26,16
2023,10,25,0,NULO,26,16
2023,10,26,3.5,NULO,23,16
2023,10,27,4.5,NULO,23,15
2023,10,28,6,NULO,24,15
2023,10,29,0,NULO,26,15
2023,10,30,0,NULO,26,15
2023,10,31,0,NULO,26,15
2023,11,1,0,NULO,NULO,NULO
2023,11,2,0,NULO,27,17
2023,11,3,0,NULO,26,17
2023,11,4,0,NULO,28,17
2023,11,5,0,NULO,28,17
2023,11,6,0,NULO,28,17
2023,11,7,0,NULO,28,17
2023,11,8,0,NULO,28,17
2023,11,9,8,NULO,26,17
2023,11,10,5,NULO,26,15
2023,11,11,0,NULO,26,15
2023,11,12,0,NULO,27,16
2023,11,13,0,NULO,27,16
2023,11,14,0,NULO,27,17
2023,11,15,0,NULO,28,17
2023,11,16,0,NULO,28,17
2023,11,17,0,NULO,28,17
2023,11,18,0,NULO,28,17
2023,11,19,0,NULO,28,16
2023,11,20,0,NULO,28,16
2023,11,21,5,NULO,28,16
2023,11,22,9,NULO,28,15
2023,11,23,12,NULO,28,15
2023,11,24,18,NULO,26,15
2023,11,25,15,NULO,26,15
2023,11,26,5,NULO,26,15
2023,11,27,7,NULO,25,15
2023,11,28,0,NULO,26,15
2023,11,29,0,NULO,26,16
2023,11,30,0,NULO,26,17
2023,12,1,0,NULO,26,18
2023,12,2,0,NULO,26,18
2023,12,3,3,NULO,20,17
2023,12,4,3,NULO,18,17
2023,12,5,5,NULO,18,16
2023,12,6,7,NULO,18,13
2023,12,7,2,NULO,18,13
2023,12,8,11,NULO,18,13
2023,12,9,0,NULO,17,13
2023,12,10,0,NULO,17,13
2023,12,11,3,NULO,19,13
2023,12,12,0,NULO,19,13
2023,12,13,6,NULO,19,15
2023,12,14,2,NULO,20,15
2023,12,15,0,NULO,20,15
2023,12,16,0,NULO,20,15
2023,12,17,0,NULO,20,15
2023,12,18,3,NULO,17,15
2023,12,19,2,NULO,18,15
2023,12,20,2,NULO,18,15
2023,12,21,0,NULO,18,15
2023,12,22,0,NULO,18,15
2023,12,23,0,NULO,18,15
2023,12,24,0,NULO,18,14
2023,12,25,0,NULO,18,14
2023,12,26,2,NULO,18,14
2023,12,27,5,NULO,18,14
2023,12,28,3,NULO,22,14
2023,12,29,2,NULO,22,14
2023,12,30,0,NULO,22,14
2023,12,31,0,NULO,22,14
