year,mes,dia,pcp_mm,evap_mm,TMAX_C,TMIN_C
1972,2,23,0,4.47,32.5,16
1972,2,24,0,4.65,32.5,13.5
1972,2,25,0,4.37,33.5,14.5
1972,2,26,0,2.21,33.5,15
1972,2,27,0,3.85,31,18.5
1972,2,28,0,2.55,29,19.5
1972,2,29,0,3.28,32,20
1972,3,1,0,6.2,27.5,19
1972,3,2,0,4.5,25.5,17.5
1972,3,3,0,4.2,28,11.5
1972,3,4,0,4.7,33,14
1972,3,5,0,4.3,28.5,17
1972,3,6,0,2.5,28,18.5
1972,3,7,0,4.1,31.5,17
1972,3,8,50,10.9,32,18.5
1972,3,9,0,2.2,25.5,17.5
1972,3,10,0,1.8,26,15.5
1972,3,11,4,2.7,27,17.5
1972,3,12,0,3.8,22,18.5
1972,3,13,0,3.2,27.5,18
1972,3,14,0,5,29,19
1972,3,15,0,5.2,32.5,16.5
1972,3,16,0,5.6,29,19.5
1972,3,17,0,3.3,29,16
1972,3,18,0,5.2,32.5,18.5
1972,3,19,0,4.1,29.5,20
1972,3,20,0,3.7,31.5,19.5
1972,3,21,0,5.9,32,20.5
1972,3,22,13,1.7,28,21.5
1972,3,23,0,3.9,31,19.5
1972,3,24,0,6.3,32.5,21
1972,3,25,0,4.2,33.5,20.5
1972,3,26,0,4.9,36.5,22
1972,3,27,0,4.3,26.5,20
1972,3,28,0,5.4,30.5,22
1972,3,29,0,7.3,31.5,21.5
1972,3,30,0,4.4,28.5,18.5
1972,3,31,0,3.8,23,18.5
1972,4,1,0,2.7,26,16.5
1972,4,2,0,2.5,29,13
1972,4,3,0,5.7,32,18
1972,4,4,0,4.7,31,20
1972,4,5,0,4.1,33.5,18
1972,4,6,0,6.3,33.5,18.5
1972,4,7,0,4.9,33.5,18
1972,4,8,0,3.3,33,20
1972,4,9,0,4.3,32.5,23
1972,4,10,0,5,32.5,21
1972,4,11,0,4.6,33.5,21
1972,4,12,0,6.5,34,20
1972,4,13,0,5.1,34,19
1972,4,14,0,4.7,36,22.5
1972,4,15,0,6.2,37,23
1972,4,16,0,3.1,32,26.5
1972,4,17,0,4.4,36.5,24
1972,4,18,0,3.8,35.5,22
1972,4,19,0,5.6,35,21.5
1972,4,20,0,6.8,34.5,20.5
1972,4,21,0,7.4,34,20.5
1972,4,22,0,2.8,34,21
1972,4,23,0,4.2,28.5,22
1972,4,24,0,4.3,33,23
1972,4,25,0,6.1,33,21
1972,4,26,0,4.5,34.5,22
1972,4,27,0,3.5,34.5,20
1972,4,28,0,4.9,33.5,21
1972,4,29,0,4.7,35.5,23.5
1972,4,30,0,4.4,32.5,22.5
1972,5,1,0,5.5,32.5,20.5
1972,5,2,6,5.4,33.5,23
1972,5,3,19.5,6,27,23
1972,5,4,10.5,2.7,25.5,20
1972,5,5,0,0.3,27.5,21.8
1972,5,6,0,3.3,31.5,23
1972,5,7,0,6.1,34,23
1972,5,8,0,3.4,32.5,24.5
1972,5,9,0,5,32,22
1972,5,10,0,3.5,34.5,23
1972,5,11,0,6.2,34,25
1972,5,12,27,7,35,24.5
1972,5,13,0,4.4,31,21
1972,5,14,0,3.5,32,22.5
1972,5,15,0,3.3,30,24
1972,5,16,0,4.9,32.5,23.5
1972,5,17,17.5,7.7,33.5,23
1972,5,18,0,4.8,32,19.5
1972,5,19,0,5.3,30,21.5
1972,5,20,0,5,32,22
1972,5,21,0,6.9,32,20
1972,5,22,0,6.2,33,17.5
1972,5,23,0,5.5,32.5,19.5
1972,5,24,0,3.3,33,23
1972,5,25,0,6.1,34.5,24.5
1972,5,26,0,4.7,30,25.5
1972,5,27,0,5.5,32.5,19.5
1972,5,28,0,2.9,33,22.5
1972,5,29,0,3.9,31,19.5
1972,5,30,17,2.3,33,20
1972,5,31,11,3.4,30,20.5
1972,6,1,0,3.5,31,20.5
1972,6,2,0,4.9,32,20.5
1972,6,3,0,4,31.5,21
1972,6,4,0,3.4,31.5,21
1972,6,5,13.5,4.9,30.5,22
1972,6,6,36,6,27,21.5
1972,6,7,0,3.8,30,21
1972,6,8,8.5,4.1,31,23
1972,6,9,10,6.6,33.5,23.5
1972,6,10,22,4.4,32.5,24.5
1972,6,11,64,4.9,27.5,23
1972,6,12,12,3.9,29,22.5
1972,6,13,0,7.6,31.5,22.5
1972,6,14,0,6.1,32,23.5
1972,6,15,0,2.8,31,23
1972,6,16,14.5,6.5,31,23.5
1972,6,17,2.5,5.7,30.5,22.5
1972,6,18,0,3.3,32,20.5
1972,6,19,0,6.5,33,22.5
1972,6,20,0,7.2,33.5,20.5
1972,6,21,0,5.2,34.5,21.5
1972,6,22,0,5.5,34.5,22.5
1972,6,23,0,7.4,35.5,24
1972,6,24,0,6.2,34.5,23
1972,6,25,0,4.8,35.5,23
1972,6,26,0,6.3,35.5,23
1972,6,27,0,4.9,35,24.5
1972,6,28,0,5.7,34.5,24.5
1972,6,29,14,8.2,33,23
1972,6,30,2,3.9,31.5,21
1972,7,1,8,5.2,32.5,22
1972,7,2,26,11.6,33,22.5
1972,7,3,0,4,30.5,22
1972,7,4,4.5,1.5,31,22
1972,7,5,0,4.1,31.5,22
1972,7,6,0,6.1,31.5,21
1972,7,7,0,6.4,32,21
1972,7,8,5,5.5,31,21
1972,7,9,0,6.9,32,20.5
1972,7,10,12,5,32,21
1972,7,11,14.5,6.2,32,21
1972,7,12,20,3.9,25.5,21.5
1972,7,13,37.5,2.5,28.5,21.5
1972,7,14,0,1.5,26,21.5
1972,7,15,4,0.8,31,22
1972,7,16,5,3.7,31.5,23
1972,7,17,40,2.9,31.5,22
1972,7,18,22,3.9,28,22
1972,7,19,0,1.8,31.5,21
1972,7,20,0,5,32,22
1972,7,21,41.5,4.5,28,23.5
1972,7,22,45,4,28,22
1972,7,23,34.5,6.1,28,22
1972,7,24,18.5,4.4,28.5,22
1972,7,25,8,2,25,21.5
1972,7,26,52,3.8,30,22
1972,7,27,46,3.7,31,22.5
1972,7,28,14.5,2.5,30,21
1972,7,29,9,2,31,21
1972,7,30,0,2.9,31.5,21.5
1972,7,31,0,4.1,30,22.5
1972,8,1,0,3.2,31,20
1972,8,2,0,4.2,30.5,20.5
1972,8,3,0,2.7,31,22
1972,8,4,2.5,7.8,31.5,21.5
1972,8,5,31,7.7,31.5,22.5
1972,8,6,0,3.4,32,22
1972,8,7,0,5.9,32,20
1972,8,8,0,3.6,31.5,21.5
1972,8,9,0,2.8,32,22
1972,8,10,0,3.7,31.5,23
1972,8,11,13.5,5.7,32,21
1972,8,12,2.5,3.7,31.5,22
1972,8,13,0,1.3,30,21.5
1972,8,14,0,5.6,32,21.5
1972,8,15,0,4.7,32,21.5
1972,8,16,0,5.4,31.5,21
1972,8,17,0,4.2,33.5,21.5
1972,8,18,0,5.8,33.5,22
1972,8,19,1.5,0.7,29,22.5
1972,8,20,0,5.4,31.5,21.5
1972,8,21,0,5,32,21.5
1972,8,22,0,3.9,33.5,21
1972,8,23,0,6.2,32.5,21.5
1972,8,24,0,7.1,31.5,21
1972,8,25,6.5,3.9,34,21.5
1972,8,26,7,2,31,22
1972,8,27,0,5,33,23
1972,8,28,3.5,3.8,32.5,22.5
1972,8,29,0,4.4,33,22
1972,8,30,0,3.5,33,22.5
1972,8,31,0,3.7,35,21.5
1972,9,1,0,2.9,34.5,21.5
1972,9,2,0,4.1,35,22
1972,9,3,0,4.6,34.5,21.5
1972,9,4,0,3.5,35,21
1972,9,5,0,3.9,35,21
1972,9,6,0,5.6,35,21.5
1972,9,7,0,3.7,33.5,22
1972,9,8,0,3,33.5,23
1972,9,9,6.5,3.2,37,23.5
1972,9,10,13,5,32,22
1972,9,11,13.5,5,32,22
1972,9,12,15,5.2,31.5,22
1972,9,13,17.5,4.5,32,22
1972,9,14,5,4,31,22
1972,9,15,0,4.9,33,21.5
1972,9,16,0,2.3,33.5,22
1972,9,17,1,4.3,33.5,22
1972,9,18,33,3.5,31.5,21.5
1972,9,19,1.5,2.4,31,22
1972,9,20,0,2.4,35,22
1972,9,21,15,2.8,33,21.5
1972,9,22,0,2.5,32,21.5
1972,9,23,0,3.1,31.5,22
1972,9,24,0,3.6,31.5,23
1972,9,25,12.5,3.6,31.5,22
1972,9,26,0,2.6,33.5,22
1972,9,27,24.5,1.8,31,23
1972,9,28,11.5,1.4,32,22
1972,9,29,0,3,32,21.5
1972,9,30,0,3,33,21
1972,10,1,0,3.7,29.5,20.5
1972,10,2,0,3.7,31.5,18.5
1972,10,3,2.5,2.8,30,19.5
1972,10,4,0,2.6,31,20
1972,10,5,1.5,3.6,31,20.5
1972,10,6,0,4.9,31,21
1972,10,7,4.5,1,30,20.5
1972,10,8,0,2.2,29,21.5
1972,10,9,0,3,33,18.5
1972,10,10,5.5,3.1,33,20.5
1972,10,11,19,4,30.5,21
1972,10,12,113.5,1.1,27,22
1972,10,13,0,1.8,29.5,21.5
1972,10,14,0,4.1,30.5,19
1972,10,15,1.5,1.9,27.5,20
1972,10,16,0,3.3,30,21
1972,10,17,0,3.2,32,20
1972,10,18,2.5,3,32.5,20
1972,10,19,7,3.1,29,20
1972,10,20,0,2.4,30.5,20
1972,10,21,0,1.3,31.5,19.5
1972,10,22,34,3,32,23
1972,10,23,30,2,26,22
1972,10,24,0,1.8,32,20
1972,10,25,0,3.1,29.5,22
1972,10,26,0,2.7,31,20
1972,10,27,0,2.3,29.5,21.5
1972,10,28,0,1.5,33,22.5
1972,10,29,0,3.7,33,24
1972,10,30,0,4.5,33,21
1972,10,31,0,4,33,23
1972,11,1,0,2.3,27.5,23
1972,11,2,0,1.9,30,18.5
1972,11,3,2.5,0.9,32,20.5
1972,11,4,0,1.9,27.5,19
1972,11,5,0,5.4,30,20
1972,11,6,0,4.5,32.5,20.5
1972,11,7,0,3,30,21
1972,11,8,0,2.1,29.5,14
1972,11,9,0,4.9,31,15
1972,11,10,0,1.6,28.5,20
1972,11,11,0,2.1,30,20.5
1972,11,12,0,2.8,32,21
1972,11,13,0,3.8,32,22
1972,11,14,0,4.5,25.5,16
1972,11,15,0,1.2,22,16
1972,11,16,0,0.9,30,18.5
1972,11,17,0,2,30,19
1972,11,18,0,3.1,25.5,19
1972,11,19,18.5,3.5,33,16.5
1972,11,20,0,1.4,20,16
1972,11,21,2,0.4,24,16.5
1972,11,22,8,3.7,20.5,11
1972,11,23,4,0.5,26,12
1972,11,24,0,0.2,25,9
1972,11,25,0,2.8,25.5,15
1972,11,26,0,1.5,23,13.5
1972,11,27,0,1.6,29,11.5
1972,11,28,0,2.7,25,18.5
1972,11,29,6,2.4,20.5,11
1972,11,30,0,1,17,14
1972,12,1,0,2.8,29,23
1972,12,2,0,3,22,18
1972,12,3,0,2.3,29.5,13
1972,12,4,0,1.8,30,18
1972,12,5,0,2.6,31,20
1972,12,6,2.5,2.4,27,19.5
1972,12,7,0,1.3,22.5,12.5
1972,12,8,0,1.8,28,13.5
1972,12,9,0,0.4,30.5,16.5
1972,12,10,0,1.9,30,20
1972,12,11,1,1.5,18,16
1972,12,12,0,2.4,28.5,15
1972,12,13,0,0.9,22.5,11.5
1972,12,14,3.5,2.8,28,13
1972,12,15,0,1,17,13
1972,12,16,0,1.7,18,8
1972,12,17,3,1.2,17,9
1972,12,18,0,0.7,25,9
1972,12,19,0,3.1,26,12
1972,12,20,15,3.2,29,13.5
1972,12,21,0,2.1,24,14.5
1972,12,22,0,1.3,24,7.5
1972,12,23,0,1.3,22.5,7.5
1972,12,24,0,0.9,18.5,10.5
1972,12,25,2,4.1,25.5,15
1972,12,26,2,2.2,23,14.5
1972,12,27,0,1.7,26,8
1972,12,28,0,2.3,21,13
1972,12,29,0,0.2,26,10
1972,12,30,0,2.6,30.5,14
1972,12,31,0,2.2,24,16
1973,1,1,0,1.2,24,17
1973,1,2,0,2.35,24,13.5
1973,1,3,2,1.99,23,14
1973,1,4,1.5,1.51,17.5,15
1973,1,5,1,2.5,17.5,16.5
1973,1,6,0,1.65,25.5,14
1973,1,7,23.5,2.11,21.5,15.5
1973,1,8,0,6.69,28.5,12
1973,1,9,0,5.55,19.5,9
1973,1,10,10.5,3.37,13.5,8
1973,1,11,6.5,1.73,12.5,8
1973,1,12,1.5,1.89,13.5,6
1973,1,13,1,1.64,12,1.5
1973,1,14,0,2.44,15,6
1973,1,15,0,1.61,27,10
1973,1,16,0,1.06,19.5,10
1973,1,17,0,2.6,22.5,13
1973,1,18,0,1.22,29.5,12
1973,1,19,0,1.12,27,13
1973,1,20,0,2.52,29,12.5
1973,1,21,0,1.11,26.5,13
1973,1,22,0,1.39,23,9
1973,1,23,0,1.88,18,9
1973,1,24,0,1.74,28,13
1973,1,25,0,1.51,23,9
1973,1,26,0,2.35,18,9
1973,1,27,0,0.9,26.5,10
1973,1,28,0,1.9,22.5,6
1973,1,29,0,2.17,16,2.5
1973,1,30,0,2.11,18.5,3.5
1973,1,31,0,2.08,18,8
1973,2,1,0,1.3,26.5,9.5
1973,2,2,0,3.3,22.5,5
1973,2,3,0,3.1,28,7
1973,2,4,0,1.5,27,11.5
1973,2,5,0,3.4,27,10
1973,2,6,0,1.7,28,13
1973,2,7,0,1.9,27,16.5
1973,2,8,0,1,26,14
1973,2,9,0,2.9,11,3
1973,2,10,0,2.5,16,4
1973,2,11,0,3.4,28.5,9
1973,2,12,0.6,0.9,19.5,9
1973,2,13,0,2.8,30.5,10.5
1973,2,14,0,4.5,26,12
1973,2,15,18,1.2,27,15
1973,2,16,16.5,0.2,15,12.5
1973,2,17,1,1.8,19,12.5
1973,2,18,0,1.5,16,10.5
1973,2,19,1.5,0.8,19.5,11.5
1973,2,20,2,2.4,18,13
1973,2,21,0,3,24,11
1973,2,22,0,2.6,16.5,11
1973,2,23,0,2.1,22.5,13.5
1973,2,24,0,0.1,24.5,14
1973,2,25,2,2,22,11
1973,2,26,1,0.6,24.5,17
1973,2,27,0,1.3,19.5,11
1973,2,28,0,2,23,14
1973,3,1,0,2,27.5,17
1973,3,2,0,1.8,28.5,11
1973,3,3,0,1.4,31,17
1973,3,4,0,2.1,29,19
1973,3,5,0,2.7,31,20
1973,3,6,0,0.3,30.5,21
1973,3,7,0,2.7,34.5,15
1973,3,8,0,1.7,28,17
1973,3,9,0,3.4,22,16.5
1973,3,10,0,2.3,30.5,17.5
1973,3,11,0,1.9,25,19
1973,3,12,0,2.7,34.5,11
1973,3,13,0,2,29,17
1973,3,14,0,1.8,27.5,20
1973,3,15,0,1.2,32,11
1973,3,16,0,2,25,17
1973,3,17,0,1.5,23,11
1973,3,18,0,1.6,28,14
1973,3,19,0,2,36.5,19
1973,3,20,0,1.4,31,13
1973,3,21,0,2.5,31.5,19.5
1973,3,22,0,3,31,19
1973,3,23,0,2,27.5,21
1973,3,24,0,1.1,34.5,11
1973,3,25,0,0.8,25.5,17
1973,3,26,0,1.5,25.5,15.5
1973,3,27,0,2.6,30,11.5
1973,3,28,0,0.5,34,14
1973,3,29,0,0.7,30.5,17.5
1973,3,30,0,1.2,28.5,18
1973,3,31,0,1.9,34,18.5
1973,4,1,0,4.7,31,19
1973,4,2,0,6.2,35,20
1973,4,3,0,3.2,35,21.5
1973,4,4,0,4.3,23,18.5
1973,4,5,0,3.2,23.5,15.5
1973,4,6,0,6.2,30.5,14
1973,4,7,0,8.8,26,14
1973,4,8,0,5.4,33.5,13
1973,4,9,0,2.8,31,18.5
1973,4,10,0,4.1,22.5,12.5
1973,4,11,0,6.3,24.5,14
1973,4,12,0,4.1,29,16.5
1973,4,13,0,4.5,29,19.5
1973,4,14,0,5.5,32.5,21.5
1973,4,15,0,2.8,33.5,21
1973,4,16,0,4.8,36,21.5
1973,4,17,0,4.4,33.5,24
1973,4,18,0,4.7,35.5,22
1973,4,19,0,0.9,34.5,21.5
1973,4,20,0,1.6,33.5,20.5
1973,4,21,0,3,34,23
1973,4,22,0,4.2,33,22
1973,4,23,0,2.3,33.5,21
1973,4,24,0,2.9,31,21
1973,4,25,0,3.2,35.5,18
1973,4,26,0,3.5,39,22.5
1973,4,27,0,3.2,34.5,20.5
1973,4,28,0,1.1,33.5,21
1973,4,29,0,3.1,29.5,20
1973,4,30,0,2.4,34,19.5
1973,6,1,0,4,32,24.5
1973,6,2,0,4.9,27.5,23
1973,6,3,0,4,28,19
1973,6,4,0,3.4,36,19
1973,6,5,0,5.4,34,25
1973,6,6,0,2.9,35,24
1973,6,7,0,3,37,24.5
1973,6,8,0,4.1,34.5,23
1973,6,9,0,2.2,27,19
1973,6,10,0,3,28,20
1973,6,11,0,3.4,28,18.5
1973,6,12,0,3.9,32,16.5
1973,6,13,0,3,33,22
1973,6,14,0,4.4,33.5,20.5
1973,6,15,0,2.9,34.5,21.5
1973,6,16,0,2.1,35.5,24
1973,6,17,0,2,34.5,23
1973,6,18,0,1.3,35.5,23
1973,6,19,0,3.5,35,24.5
1973,6,20,14.5,8.4,38,23
1973,6,21,22,5.4,32.5,22
1973,6,22,12,1.1,38,23
1973,6,23,18,3.5,31,21
1973,6,24,35,5.9,33.5,23
1973,6,25,11,2.9,31,24.5
1973,6,26,14,2,33,22.5
1973,6,27,8,0.9,32.5,21
1973,6,28,0,1,31,23
1973,6,29,0,1.3,32,20.5
1973,6,30,0,2.1,33,21
1974,2,2,0,NULO,NULO,NULO
1974,2,3,0,2.3,26,14
1974,2,4,5,0.9,27,15
1974,2,5,0,2.3,24.5,12
1974,2,6,0,1.7,30,13
1974,2,7,0,4.4,25,15
1974,2,8,0,2.7,15,12.5
1974,2,9,0,2.3,14,8.5
1974,2,10,0,NULO,23.5,3
1974,2,11,0,NULO,26,6
1974,2,12,0,NULO,27,9
1974,2,13,0,NULO,27.5,10
1974,2,14,NULO,NULO,NULO,NULO
1974,2,15,0,NULO,NULO,NULO
1974,2,16,5.5,NULO,29,16.5
1974,2,17,0,NULO,26,16
1974,2,18,0,NULO,32,16.5
1974,2,19,0,NULO,21.5,17.5
1974,2,20,0,NULO,29,12.5
1974,2,21,0,NULO,25,15.5
1974,2,22,NULO,NULO,NULO,NULO
1974,2,26,0,NULO,NULO,NULO
1974,2,27,0,2.2,25,11
1974,2,28,0,4.3,28,13
1974,3,1,0,4.7,29,14
1974,3,2,0,5.6,28,12.5
1974,3,3,0,4.3,30.5,15
1974,3,4,0,4.1,30,16
1974,3,5,0,4.2,29.5,18
1974,3,6,0,3.1,31.5,14
1974,3,7,0,5.8,30,12
1974,3,8,0,4.8,30,17.5
1974,3,9,0,4.4,30.5,19
1974,3,10,1.5,3.5,32,20
1974,3,11,0,3.7,31,22
1974,3,12,33.5,NULO,30,20
1974,3,13,0,4.7,26.5,18
1974,3,14,0,3.6,27,16.5
1974,3,15,10.5,2.4,29,16
1974,3,16,0,4.9,28.5,17.5
1974,3,17,0,4.7,26.5,19
1974,3,18,0,4.5,32,18
1974,3,19,0,3.9,34,19.5
1974,3,20,0,5.6,35.5,20.5
1974,3,21,0,4.6,28.5,18.5
1974,3,22,0,1,25,15.5
1974,3,23,0,5,31.5,15.5
1974,3,24,0,4.3,30.5,21
1974,3,25,0,3.3,19,13
1974,3,26,1.5,2.3,28.5,11.5
1974,3,27,0,2.1,27.5,11.5
1974,3,28,0,5.4,33,18.5
1974,3,29,0,1.7,33,21
1974,3,30,0,0.6,32.5,20
1974,3,31,0,4.3,34,21.5
1974,4,1,0,7,41,17
1974,4,2,0,5.4,38.5,17.5
1974,4,3,0,10,42,21
1974,4,4,0,9.9,31,19.5
1974,4,5,0,3.9,27.5,17.5
1974,4,6,0,4.6,27,12.5
1974,4,7,0,6.2,30,13
1974,4,8,0,4.9,30.5,17.5
1974,4,9,0,1.2,27,19
1974,4,10,0,5.3,31,22
1974,4,11,0,4,33,22
1974,4,12,0,6.4,36,19
1974,4,13,0,5.1,35,21
1974,4,14,5,4,31,21
1974,4,15,6,5,27,16.5
1974,4,16,0,1,23,16
1974,4,17,0,2.7,28,16.5
1974,4,18,0,2.8,31,18
1974,4,19,0,3.2,32,20.5
1974,4,20,0,3.8,33,17
1974,4,21,0,3.6,33,15
1974,4,22,0,5.1,34,19
1974,4,23,0,5.2,32.5,21
1974,4,24,0,5.8,31,20
1974,4,25,0,4.3,31,15.5
1974,4,26,0,4.3,32,19
1974,4,27,0,6.8,31,19
1974,4,28,0,7.5,33,19
1974,4,29,0,6.6,32,16
1974,4,30,0,3.5,31,21
1974,5,1,0,4.3,32,23
1974,5,2,0,5.1,34,23.5
1974,5,3,0,7.3,35,22.5
1974,5,4,0,3.2,33.5,23.5
1974,5,5,0,2.3,33,23.5
1974,5,6,7,4.3,27,21.5
1974,5,7,0,2.1,30.5,21.5
1974,5,8,0,4.5,32.5,21
1974,5,9,0,6.2,34,22.5
1974,5,10,0,6.2,37,21
1974,5,11,0,8.3,44,20.5
1974,5,12,0,4.2,33.5,23.5
1974,5,13,0,2.7,36,22.5
1974,5,14,0,7.4,32,21
1974,5,15,0,4.4,37,24.5
1974,5,16,0,7.3,36,25.5
1974,5,17,0,5.6,34,26
1974,5,18,0,6.8,34.5,24.5
1974,5,19,6.5,7.8,33,21.5
1974,5,20,0,4.9,34,20
1974,5,21,0,9,35,20.5
1974,5,22,0,6,36,21
1974,5,23,0,5.5,35,22
1974,5,24,2.5,6.9,35,21
1974,5,25,0,3.7,34.5,22
1974,5,26,0,3.6,33.5,22
1974,5,27,0,3,34.5,22.5
1974,5,28,0,7.5,35.5,20.5
1974,5,29,0,4.9,36,22
1974,5,30,0,6.4,35.5,24.5
1974,5,31,0,6.3,36,24
1974,6,1,60,3.7,36,25
1974,6,2,0,3.9,32,22
1974,6,3,0,7.9,34,21.5
1974,6,4,0,5.4,35,22
1974,6,5,0,6.5,35.5,22.5
1974,6,6,0,5.7,37,24
1974,6,7,0,10.3,42,21.5
1974,6,8,0,9.3,39.5,23.5
1974,6,9,0,7.1,35,24
1974,6,10,34.5,3.9,33,26
1974,6,11,0,5.3,33.5,21.5
1974,6,12,0,2,32.5,20.5
1974,6,13,0,7.8,34,22.5
1974,6,14,55.5,6.1,28,21.5
1974,6,15,8.5,3.6,28,22
1974,6,16,5,2.5,29,21.5
1974,6,17,0,7.2,31,20
1974,6,18,30.5,5.5,31,21
1974,6,19,10.5,5.5,30.5,22
1974,6,20,60.5,4.6,27,21.5
1974,6,21,27.5,NULO,26,21
1974,6,22,25.5,NULO,30,20.5
1974,6,23,0,5.6,30,20
1974,6,24,0,5.3,33.5,21.5
1974,6,25,0,3.3,30,22.5
1974,6,26,0,6.3,29,21
1974,6,27,0,3.8,31,18.5
1974,6,28,0,3.2,29,19
1974,6,29,0,6.5,32,19
1974,6,30,0,2.3,32.5,21
1974,7,1,20.5,0.7,30,22.5
1974,7,2,17.5,1.8,27.5,21
1974,7,3,58,NULO,32,22
1974,7,4,190.5,NULO,29,21
1974,7,5,0,3.3,28,22
1974,7,6,0,2.5,29,21.5
1974,7,7,0,4.4,31.5,20.5
1974,7,8,0,3.5,29,20.5
1974,7,9,0,2.8,29.5,21.5
1974,7,10,0,7.1,31,20.5
1974,7,11,60,2.9,30,21
1974,7,12,6.5,3.9,27.5,22
1974,7,13,20.5,1.8,26,22
1974,7,14,0,3.4,24,20.5
1974,7,15,0,7.5,30,19.5
1974,7,16,0,5.4,31,20.5
1974,7,17,20.5,1.9,30,21.5
1974,7,18,15.5,2.8,28,22
1974,7,19,0,3.6,31,21
1974,7,20,0,4.5,31.5,21
1974,7,21,0,7.2,33,20
1974,7,22,0,5.2,32.5,20.5
1974,7,23,0,5.3,30,21
1974,7,24,0,2.6,33,20
1974,7,25,0,5,32.5,21
1974,7,26,0,7.4,33,22
1974,7,27,0,4.8,32,22
1974,7,28,0,4,33,21
1974,7,29,0,7.5,33,21
1974,7,30,14.5,7.5,33,23
1974,7,31,0,1.6,31,23
1974,8,1,0,1.1,31.5,23.5
1974,8,2,8,6.4,33.5,22.5
1974,8,3,0,2.3,32,23
1974,8,4,26.5,4.5,30,22
1974,8,5,0,4.5,31.5,22.5
1974,8,6,0,5,32.5,22
1974,8,7,5,2.7,32,23
1974,8,8,0,5.4,33,23.5
1974,8,9,0,5.4,33.5,22.5
1974,8,10,0,5.3,33,22.5
1974,8,11,0,6.4,33,23
1974,8,12,0,4.3,32,21.5
1974,8,13,0,3.6,33.5,20.5
1974,8,14,0,4.2,30.5,22
1974,8,15,0,5.8,32,22
1974,8,16,0,6.1,34.5,22
1974,8,17,0,1.5,35,22
1974,8,18,7.5,3.4,29,22.5
1974,8,19,0,2.1,29,21
1974,8,20,0,5.1,33,23
1974,8,21,0,6.8,33,21.5
1974,8,22,0,5.2,33,22
1974,8,23,0,5.4,33,21
1974,8,24,0,2,33.5,20
1974,8,25,0,6.4,34,20.5
1974,8,26,0,5.4,33,21
1974,8,27,0,4.9,34,22.5
1974,8,28,0,4.8,34,23
1974,8,29,0,5.1,34,22.5
1974,8,30,15.5,5.4,33,24
1974,8,31,21,2.2,32,24
1974,9,1,0,1.4,32,21
1974,9,2,0,4.6,30,22
1974,9,3,40.5,6.4,34,21
1974,9,4,40.5,5.5,32.5,21.5
1974,9,5,0,2.4,33,20.5
1974,9,6,0,4.8,29,17
1974,9,7,0,4,30,16
1974,9,8,0,4.8,31,17
1974,9,9,0,5.6,32,18
1974,9,10,0,2.3,34,19
1974,9,11,0,1,31,20
1974,9,12,0,3.7,32,21
1974,9,13,6,3.9,34,24
1974,9,14,34,5.1,33,22
1974,9,15,4,4,29,21.5
1974,9,16,0,3.9,29,22
1974,9,17,8,2.9,32,20
1974,9,18,0,1.9,32,22
1974,9,19,15,4.2,31,21
1974,9,20,31,5.1,31.5,22.5
1974,9,21,190.5,NULO,31,23
1974,9,22,15.5,4.9,29,22
1974,9,23,0,2.8,28.5,23.5
1974,9,24,0,2.4,32,23.5
1974,9,25,0,4.2,30.5,22.5
1974,9,26,0,3.4,32,21
1974,9,27,0,4.6,29,21
1974,9,28,6,4.4,33,23.5
1974,9,29,50.5,3.3,32,23
1974,9,30,0,1.1,24,19
1974,10,1,0,4.85,28,19.5
1974,10,2,4.5,2.35,26,18.5
1974,10,3,0,1.92,27,20
1974,10,4,0,1.53,28,19
1974,10,5,0,2.87,26,17
1974,10,6,0,0.6,25,18.5
1974,10,7,0,3.13,24.5,19.9
1974,10,8,0,3.65,30,20
1974,10,9,0,5.29,30,19
1974,10,10,0,3.83,30,19.5
1974,10,11,0,4.75,28.5,17
1974,10,12,0,4.01,30,19
1974,10,13,0,2.15,33,20
1974,10,14,0,2.12,28,19
1974,10,15,8,1.06,26,20.9
1974,10,16,0,5.39,25,16
1974,10,17,0,3.27,27,16.5
1974,10,18,0,2.8,28,16
1974,10,19,0,0.94,27,16
1974,10,20,0,3.81,28.5,12
1974,10,21,0,3.62,28,18
1974,10,22,27,7.31,27.5,21
1974,10,23,14,1.1,27,20
1974,10,24,3,0.96,26,20
1974,10,25,0,2.71,29,19.5
1974,10,26,0,4.4,27,21
1974,10,27,1.5,3.64,30,18.5
1974,10,28,0,2.49,31.5,19
1974,10,29,0,3.46,31,21
1974,10,30,0,4.22,31.5,23
1974,10,31,0,3.14,31.5,21
1974,11,1,2,3.72,32,23
1974,11,2,0,1.55,31,21
1974,11,3,0,4.62,32,19.5
1974,11,4,0,4.71,32.5,20
1974,11,5,0,2.04,23,20
1974,11,6,2.6,1.48,22,17
1974,11,7,0,1.08,21,17
1974,11,8,0,0.91,21,17.5
1974,11,9,0,0.95,26,17
1974,11,10,6.3,2.1,31,14
1974,11,11,0,4.47,25,19
1974,11,12,0,3.46,25,13.5
1974,11,13,0,2.77,26,10.5
1974,11,14,0,3.78,29,11
1974,11,15,0,0.62,29,9
1974,11,16,0,3.5,29,14.5
1974,11,17,0,1.82,26,17
1974,11,18,0,1.58,29,19
1974,11,19,0,2.22,30.5,17.5
1974,11,20,1.5,3.33,29,18
1974,11,21,3,1.5,24,19
1974,11,22,0,0.87,29,16
1974,11,23,0,3.93,30,19
1974,11,24,0,2.61,28,19.5
1974,11,25,0,2.76,22,15
1974,11,26,0,2.93,21,5
1974,11,27,0,2.82,24,14
1974,11,28,0,2.07,24,11
1974,11,29,0,3.71,28,12
1974,11,30,0,1.35,14,13
1974,12,1,0,0.8,16,10
1974,12,2,0,0.6,16,11
1974,12,3,7.5,1.6,19,11
1974,12,4,0,1.7,23,12
1974,12,5,0,0.1,27,14
1974,12,6,0,3.6,26,15
1974,12,7,0,2,25,16
1974,12,8,17.5,2.8,18,15
1974,12,9,13,1.4,13.6,13
1974,12,10,0,2,23.5,12
1974,12,11,0,1.1,20,13
1974,12,12,0,2.9,28,10
1974,12,13,0,1.4,29,14
1974,12,14,0,1.5,30,17.5
1974,12,15,0,5.2,23.5,16
1974,12,16,0,1.1,23,15
1974,12,17,0,1.3,21,14
1974,12,18,0,2,27,14
1974,12,19,0,0.5,24,14
1974,12,20,0,1.3,25,15
1974,12,21,0,1.3,21,15
1974,12,22,0,1.4,27,14
1974,12,23,0,3.1,29,14.5
1974,12,24,0,2,30,17
1974,12,25,0,0.7,22,20
1974,12,26,5,1.7,16.5,11
1974,12,27,0,0.7,18,12
1974,12,28,0,2.5,22,9.5
1974,12,29,0,0.9,27,11.5
1974,12,30,0,0.7,29,16
1974,12,31,0,1,29,17
1975,1,1,0,0.7,28,17
1975,1,2,0,0.9,27,16
1975,1,3,0,3.4,18,15
1975,1,4,0,3.5,19,12.5
1975,1,5,0,0.6,25,11
1975,1,6,0,1.2,21,13
1975,1,7,0,1.8,28,12.5
1975,1,8,0,1.9,27,15.5
1975,1,9,0,1.8,30,16
1975,1,10,0,3.6,26,15.5
1975,1,11,0,2.9,29,11.5
1975,1,12,0,2.2,27,15
1975,1,13,0,2,15,9
1975,1,14,0,1.2,21,1
1975,1,15,0,2.6,24,4
1975,1,16,0,1.6,25,6
1975,1,17,0,0.8,24,10
1975,1,18,0,1.5,27,15
1975,1,19,4,0.9,25.5,16
1975,1,20,6,0.4,21,10
1975,1,21,4,0.1,17.5,9
1975,1,22,0,1.5,19,9
1975,1,23,0,1,18,9
1975,1,24,0,2.1,27,13
1975,1,25,0,2.4,27.5,15
1975,1,26,0,1.9,25.5,12
1975,1,27,0,1.5,24,11
1975,1,28,0,4,31,10
1975,1,29,0,3.2,29,11
1975,1,30,0,1.1,29,19
1975,1,31,0,3.5,30,20
1975,2,1,0,3.7,29,19
1975,2,2,0,2,29,18
1975,2,3,0,1.3,30,19
1975,2,4,0,2.4,26,18
1975,2,5,0,2.2,27,17.5
1975,2,6,0,2.2,24,18
1975,2,7,0,1.6,18,10.5
1975,2,8,0,0.9,27,12
1975,2,9,0,4.7,28,14
1975,2,10,0,6.5,28,14
1975,2,11,0,1.9,30,15
1975,2,12,0,3.4,27,13
1975,2,13,0,2.2,24,9
1975,2,14,0,4.5,29,11
1975,2,15,0,5.4,33,12
1975,2,16,0,1.3,30,14
1975,2,17,0,3.5,31,16
1975,2,18,0,4.9,22.1,16
1975,2,19,0,4.7,23,16.5
1975,2,20,0,5.2,27,15
1975,2,21,0,2,31,13
1975,2,22,0,7,34,16
1975,2,23,0,5.8,20,13
1975,2,24,0,4.8,23.5,5
1975,2,25,0,3.5,29.5,4
1975,2,26,0,2.5,27.5,6
1975,2,27,0,5.6,27,12
1975,2,28,0,2.8,33,17
1975,3,1,0,7.3,31,16
1975,3,2,0,3.1,32,15
1975,3,3,0,1.5,29,16
1975,3,4,0,1,29,18
1975,3,5,0,2.1,24,15
1975,3,6,0,0.9,31,15
1975,3,7,0,5.9,33,16
1975,3,8,0,2.6,30,17
1975,3,9,0,7.5,31,19
1975,3,10,0,2.1,33,18
1975,3,11,0,3.9,34,19
1975,3,12,0,6.9,33,20
1975,3,13,0,6.6,27.5,19
1975,3,14,0,3.9,26,12
1975,3,15,0,5.2,26,14
1975,3,16,5,1.4,25,15
1975,3,17,0,6.6,30,17.5
1975,3,18,0,5.7,34,19
1975,3,19,0,3.7,33,19
1975,3,20,0,4.4,33,19
1975,3,21,0,6,32.5,20
1975,3,22,0,4.6,34,11
1975,3,23,0,9.3,33.5,18
1975,3,24,0,6.1,33,19
1975,3,25,0,4.5,30,20
1975,3,26,0,4.5,33,20
1975,3,27,0,3.9,34,21
1975,3,28,0,6.5,40,21
1975,3,29,0,6.6,27,20
1975,3,30,0,4.6,15,13
1975,3,31,0,1.6,27,9
1975,4,1,0,2.8,31,15
1975,4,2,0,8,35,20
1975,4,3,0,4.7,23.5,18
1975,4,4,0,5.6,29.5,12
1975,4,5,11,2.7,30,14
1975,4,6,0,4.2,28,21
1975,4,7,0,5.5,33,21.5
1975,4,8,0,6.3,33,22
1975,4,9,0,8.3,30,21
1975,4,10,0,6.8,33,22
1975,4,11,0,4.6,28,22
1975,4,12,0,1.4,23,21
1975,4,13,0,2.1,35,20.5
1975,4,14,0,6,33,21
1975,4,15,0,7.6,29,20
1975,4,16,0,2.5,32,21
1975,4,17,0,7.1,34,20
1975,4,18,0,6.8,39,18
1975,4,19,0,5.6,31,23
1975,4,20,0,5.1,32,16
1975,4,21,0,4.2,28,19
1975,4,22,0,6.7,33.5,21
1975,4,23,0,6.6,35,20
1975,4,24,0,9.9,34.5,20
1975,4,25,0,7.2,35,21
1975,4,26,0,6,34,22
1975,4,27,0,3.6,33,23
1975,4,28,0,4.9,36,22.5
1975,4,29,0,5.2,34.5,24.5
1975,4,30,0,6.5,35,23
1975,5,1,0,3.3,33,23
1975,5,2,0,5.4,33.5,22.5
1975,5,3,0,9.2,34,24
1975,5,4,0,7.2,34,22
1975,5,5,0,3.7,39,22
1975,5,6,0,6.5,40.5,22
1975,5,7,0,5.5,38,24
1975,5,8,0,5.9,36,25
1975,5,9,0,4.7,32,25
1975,5,10,0,2.5,34,24
1975,5,11,0,2,30,24
1975,5,12,0,5.3,32,23
1975,5,13,0,7.8,36,21
1975,5,14,0,3.8,35,20.5
1975,5,15,0,7.4,35,21
1975,5,16,0,8.2,33,22
1975,5,17,0,4.6,34,24
1975,5,18,0,4.8,33,25
1975,5,19,0,8.7,32,24
1975,5,20,0,3.9,36,22
1975,5,21,0,6.6,38,23
1975,5,22,0,3.5,36,24
1975,5,23,0,4.6,36,24
1975,5,24,40,10.5,35,24
1975,5,25,0,4.1,33,20
1975,5,26,3.5,2.1,31.5,22
1975,5,27,0,NULO,34,23
1975,5,28,0,NULO,33,22
1975,5,29,0,NULO,38,25
1975,5,30,28.7,NULO,40,25.5
1975,5,31,0,NULO,34.5,21
1975,6,1,0,NULO,31,26
1975,6,2,0,NULO,30,21
1975,6,3,56.8,NULO,29,22
1975,6,4,0,NULO,33,22
1975,6,5,0,6,34,23.5
1975,6,6,0,8.2,34,25
1975,6,7,14.8,6.5,34.5,23.5
1975,6,8,0,3.6,33,22
1975,6,9,0,5.5,34,22.5
1975,6,10,0,5.9,35,25
1975,6,11,50.5,10.3,34,22.5
1975,6,12,6.7,4.2,31,22.5
1975,6,13,3.2,5.2,32,22
1975,6,14,0,4.4,34,22.5
1975,6,15,0,8.2,34,22.5
1975,6,16,0,5.8,31,24
1975,6,17,0,6.3,35,22.5
1975,6,18,0,7.2,35,24
1975,6,19,0,5.9,34,23.5
1975,6,20,0,2.8,32,20
1975,6,21,5.5,1.4,33,24
1975,6,22,0,6.5,33,22.5
1975,6,23,19.4,3.7,32,23
1975,6,24,0,5.6,32,22
1975,6,25,0,4.5,33.5,21
1975,6,26,0,5.5,32.5,20
1975,6,27,4.8,5.6,32,20
1975,6,28,4,3.8,32,21
1975,6,29,0,2,32.5,22.5
1975,6,30,0,1.7,32.5,21
1975,7,1,8,3.7,33,21
1975,7,2,6.5,3.3,33,21
1975,7,3,0,8.3,32.5,21
1975,7,4,0,2.6,37,20.5
1975,7,5,8,1.7,30,21.5
1975,7,6,1.4,4.9,34,21
1975,7,7,0,5.2,33,19
1975,7,8,0,5.1,34,20.5
1975,7,9,21.6,3.2,30,21.5
1975,7,10,0,1.9,29,21
1975,7,11,0,2.1,28,20
1975,7,12,0,4.4,34,21
1975,7,13,17,8.2,32,22.5
1975,7,14,4,7.9,33,22.5
1975,7,15,0,4.7,34,23.5
1975,7,16,2,7.1,30,22
1975,7,17,1,4.6,32,21.5
1975,7,18,0,1.8,29,23
1975,7,19,0,5.3,33,22
1975,7,20,0,5,33.5,22
1975,7,21,6,2.5,33,21.5
1975,7,22,0,6.6,34,21
1975,7,23,0,6.5,34,21
1975,7,24,1,6.4,33,21
1975,7,25,9.5,7.1,33,20.5
1975,7,26,80,NULO,27.5,22.5
1975,7,27,5.6,4.9,33,21
1975,7,28,0,5,32,22
1975,7,29,0,6.1,33,21
1975,7,30,0,1.6,34,23
1975,7,31,0,7.6,33.5,21
1975,8,1,0,4.9,33.5,22
1975,8,2,0,9.2,35,21
1975,8,3,0,4.9,33,22
1975,8,4,0,6.4,33.5,22
1975,8,5,13.8,5.4,34,21
1975,8,6,68.5,2.7,29.5,20
1975,8,7,4.6,6.3,30,21
1975,8,8,4.8,6.6,31,20.5
1975,8,9,12.5,3.1,30.5,20
1975,8,10,30,4.9,31,21.5
1975,8,11,0,2.3,30,21.5
1975,8,12,9.5,4.7,32,23
1975,8,13,4.5,4.8,32,22
1975,8,14,0,3.3,32,21
1975,8,15,0,4.1,33,22.5
1975,8,16,0,5.3,33.5,22
1975,8,17,1.4,2.5,32,21
1975,8,18,0,5.2,32,22
1975,8,19,6.4,2.2,33.5,22.5
1975,8,20,17.2,6.6,31.5,22
1975,8,21,0,2.7,32,25
1975,8,22,5.5,1.9,33,24
1975,8,23,36.8,3,32.5,24.5
1975,8,24,0,1.9,30.5,21.5
1975,8,25,0,2.7,33,23
1975,8,26,9.5,5.6,34,21
1975,8,27,0,2.8,33.5,21
1975,8,28,60,6.7,32,22
1975,8,29,0,4.7,30,21
1975,8,30,0,6.1,29,22.5
1975,8,31,4,3.8,32.5,22
1975,9,1,7.6,0.9,32,21.5
1975,9,2,60,4,28.5,22.5
1975,9,3,3,1,27,20.5
1975,9,4,0,2.1,28.5,20
1975,9,5,0,2.1,32,21
1975,9,6,5,0.4,31,22
1975,9,7,70.5,2.8,25,23.5
1975,9,8,15.5,3.1,28,21
1975,9,9,120.2,1.5,27,22
1975,9,10,83,3.5,24,22
1975,9,11,20,2.5,29,22
1975,9,12,37.5,5.3,30,21.5
1975,9,13,40.5,2.1,26,21.5
1975,9,14,37.5,4.4,29,21
1975,9,15,2.4,3.9,31,22.5
1975,9,16,0,4.7,32,21
1975,9,17,0,5.2,32.5,21
1975,9,18,0,5.8,34,22
1975,9,19,0,4.1,33,23
1975,9,20,10.7,3.3,31,24
1975,9,21,3.2,3.5,31,22.5
1975,9,22,0,5,27,24
1975,9,23,0,4.3,28,17
1975,9,24,0,4.8,29,15
1975,9,25,0,6.7,29,16
1975,9,26,0,6.2,29,17
1975,9,27,0,4.2,30,16
1975,9,28,0,4.4,31,17
1975,9,29,0,4,31,19
1975,9,30,0,6.3,32,19
1975,10,1,0,2.9,31,19
1975,10,2,0,2.3,27,21.5
1975,10,3,0,2.5,24,19.5
1975,10,4,7,1.5,23,20
1975,10,5,0,3.4,22,17
1975,10,6,0,3.7,29,19
1975,10,7,0,4.5,31,18
1975,10,8,0,3,32.5,19
1975,10,9,6.8,4.3,32,20.5
1975,10,10,58.6,8,28,21.5
1975,10,11,17.2,6,25,20
1975,10,12,1,5.3,28,20
1975,10,13,0,2.6,30,20
1975,10,14,0,4.9,30.5,21
1975,10,15,0,6.5,32,21.5
1975,10,16,0,2.5,31,22
1975,10,17,0,1.2,27,23
1975,10,18,0,1,29,21
1975,10,19,0,3.1,30,19
1975,10,20,0,3.1,31,17.5
1975,10,21,0,4.1,31,17
1975,10,22,0,2.8,30,16
1975,10,23,0,3.7,31,19
1975,10,24,0,3,33,20
1975,10,25,0,5.4,33,22.5
1975,10,26,1,3.3,32,18
1975,10,27,0,1.8,27,16
1975,10,28,0,1.7,31,17
1975,10,29,9.4,1.8,29,19
1975,10,30,0,2,28,20
1975,10,31,0,1.5,29,20
1975,11,1,1.5,3.7,30,17
1975,11,2,0,2.1,31,19
1975,11,3,0,2.9,31.5,19
1975,11,4,0,2.2,30,19
1975,11,5,1.4,0.8,28,20.5
1975,11,6,0,2.6,30,18
1975,11,7,0,4.1,32,15.5
1975,11,8,0,2.9,32,18
1975,11,9,0,2.1,31.5,18
1975,11,10,0,2.7,29,18.5
1975,11,11,0,2.8,30,16.5
1975,11,12,0,7,29,17.5
1975,11,13,0,2.6,27,13.5
1975,11,14,0,2.1,25,11.5
1975,11,15,0,2,26,8
1975,11,16,0,3.8,29,10
1975,11,17,2,2.1,29,12
1975,11,18,0,1.1,29,14
1975,11,19,0,2.9,20,15
1975,11,20,13.5,4.2,25,17
1975,11,21,1.5,1.8,25.5,11
1975,11,22,0,1.5,24.5,11
1975,11,23,0,0.6,17,12.5
1975,11,24,0,1,25,10
1975,11,25,0,2,25,15
1975,11,26,0,2.1,22,15
1975,11,27,0,4.3,28,13
1975,11,28,0,1.1,29,14
1975,11,29,0,1.6,21.5,12
1975,11,30,0,4.8,31,18.5
1975,12,1,0,0.1,32,15
1975,12,2,0,2,26,16.5
1975,12,3,0,2.5,27,15.5
1975,12,4,0,2,30,16
1975,12,5,0,2.7,30,15.5
1975,12,6,0,1,30,16
1975,12,7,0,0.8,28,16.5
1975,12,8,0,3.2,26,18
1975,12,9,0,2.4,25,12.5
1975,12,10,0,2.6,24,11.5
1975,12,11,0,1.9,32,14
1975,12,12,2.4,0.8,29,13
1975,12,13,0,2.5,33,16
1975,12,14,0,2.3,29.5,17
1975,12,15,0,1.4,29,17
1975,12,16,0,3.5,25,18
1975,12,17,3.2,1,25,16.5
1975,12,18,15.5,3.8,20,14.5
1975,12,19,1,1.5,16,7
1975,12,20,0,0.5,20,7
1975,12,21,0,0.5,26,10
1975,12,22,0,2,31,9
1975,12,23,0,1.9,30,10
1975,12,24,0,4.5,27,13
1975,12,25,0,2,26,12.5
1975,12,26,0,0.8,23,11.5
1975,12,27,0,2,30,13
1975,12,28,0,0.9,29,10.5
1975,12,29,0,0.8,24,12
1975,12,30,0,3.5,23,12
1975,12,31,0,1.4,31,9.5
1976,1,1,0,1.3,31,6
1976,1,2,0,4.4,33,11
1976,1,3,0,0.9,21,13.5
1976,1,4,0,0.9,16.5,9.5
1976,1,5,0,1.7,26,10
1976,1,6,0,1.5,32,12
1976,1,7,0,4.8,31,11
1976,1,8,0,2.9,22,8
1976,1,9,0,1,23,5
1976,1,10,0,0.6,28,6
1976,1,11,0,1.9,29,11.5
1976,1,12,0,2.9,21,11
1976,1,13,0,0.4,33,9
1976,1,14,5.5,1.6,30,10
1976,1,15,0,0.8,22,12.5
1976,1,16,0,3.4,28,12
1976,1,17,0,0.8,27,11.5
1976,1,18,0,3.9,30,9
1976,1,19,0,1.6,30,8
1976,1,20,12.5,1.1,25,7
1976,1,21,2.5,1.6,18,10.5
1976,1,22,3.5,1.3,24,10
1976,1,23,0,3.3,31,9
1976,1,24,0,3.3,32,11
1976,1,25,0,1.2,32,12.5
1976,1,26,0,6.1,27,15
1976,1,27,0,1,21,9.5
1976,1,28,0,3,24,10
1976,1,29,0,1.5,28,10
1976,1,30,2,2.2,22,12
1976,1,31,0,1.8,22,14
1976,2,1,0,4.5,28,9
1976,2,2,0,6.2,26.5,5
1976,2,3,0,2.5,28,7
1976,2,4,0,1.3,32,11
1976,2,5,0,2.9,34,6
1976,2,6,0,3.5,30,16
1976,2,7,0,0.9,28,13.5
1976,2,8,0,1.3,30,14
1976,2,9,0,3,34,8
1976,2,10,0,5.7,33,14.5
1976,2,11,0,1.5,33,11
1976,2,12,0,3.8,32,15
1976,2,13,0,2.1,32.5,14.5
1976,2,14,1.5,1.5,31,11
1976,2,15,0,1.2,29.5,14.5
1976,2,16,0,3.6,30.5,17
1976,2,17,0,2.2,35,16.5
1976,2,18,0,2.4,33.5,19.5
1976,2,19,0,2.1,34,20
1976,2,20,0,3,35,19
1976,2,21,0,6,23.1,13
1976,2,22,0,6.6,22,14.5
1976,2,23,0,4.8,27,11.5
1976,2,24,0,5.1,30,5
1976,2,25,0,2,32,5
1976,2,26,0,2,33,7
1976,2,27,0,4.4,32,9
1976,2,28,0,4,35,10.5
1976,2,29,0,2.7,33.5,13
1976,3,1,0,1.38,37,15
1976,3,2,0,2.07,38,17
1976,3,3,0,2.85,35,14
1976,3,4,0,2.9,31.5,20
1976,3,5,0,2.97,37,18.5
1976,3,6,2.4,2.08,34,12
1976,3,7,0,1.79,32,19
1976,3,8,0,6.54,38,18
1976,3,9,1.5,4.72,33,17
1976,3,10,0,1.84,30,15
1976,3,11,0,2.76,34,16
1976,3,12,0,2.29,35,17.5
1976,3,13,1.5,5.99,34,20
1976,3,14,0,0.26,29,15
1976,3,15,0,2.16,35,16
1976,3,16,0,5.61,31,19
1976,3,17,0,3.2,29,14
1976,3,18,0,1.68,33,16
1976,3,19,0,3.56,38,13
1976,3,20,0,5.54,40,20.5
1976,3,21,0,0.86,37.5,21.5
1976,3,22,7.5,2.08,33.5,20.5
1976,3,23,0,5.13,33,16
1976,3,24,0,5.11,36,18
1976,3,25,0,3.77,37,14
1976,3,26,0,6.35,40,19.5
1976,3,27,0,5.34,35,20
1976,3,28,0,2.36,36,20
1976,3,29,0,7.28,40.5,21
1976,3,30,4.8,3.4,36,20
1976,3,31,0,5.05,30,14
1976,4,1,0,2.53,25,14
1976,4,2,0,6.72,30,15
1976,4,3,0,3.4,31,12.5
1976,4,4,0,1.45,32,17
1976,4,5,0,4.9,30,19.5
1976,4,6,0,2.85,31,18.5
1976,4,7,0,6.27,30,17
1976,4,8,0,4.71,31,16
1976,4,9,0,4.85,32,17
1976,4,10,0,2.31,34,15.5
1976,4,11,0,3.02,35,14
1976,4,12,0,7.01,31,18
1976,4,13,0,4.12,32,18.5
1976,4,14,0,5.65,33,20.5
1976,4,15,3,4.92,31,21
1976,4,16,0,7.56,33,21
1976,4,17,14,6.96,31,22
1976,4,18,0,4.96,31,20
1976,4,19,0,3.21,32,20
1976,4,20,0,2.3,30,21
1976,4,21,0,2.33,30,20
1976,4,22,0,2.05,29,21.5
1976,4,23,0,2.93,33,20
1976,4,24,3.2,7.3,34,22
1976,4,25,0,4.95,30,21
1976,4,26,0,8.3,33,20
1976,4,27,0,7.42,33,19
1976,4,28,0,4.83,35,22
1976,4,29,10.8,5.65,33,19.5
1976,4,30,0,2.37,29,19
1976,5,1,0,2.1,30,20
1976,5,2,0,3.95,28.5,19.5
1976,5,3,0,5.09,30,18
1976,5,4,0,3.13,33,15
1976,5,5,0,2.43,30,18
1976,5,6,0,2.56,34,21
1976,5,7,0,2.26,35,21
1976,5,8,0,2.36,30,19
1976,5,9,0,3.56,32.5,22
1976,5,10,3.7,5.91,33,20
1976,5,11,0,2.97,34,21
1976,5,12,0,8.4,29,19
1976,5,13,23.5,9.02,34,22
1976,5,14,0,6.19,34,17
1976,5,15,0,7.65,38,18
1976,5,16,0,6.63,36,23
1976,5,17,0,3.97,33,18
1976,5,18,2,4.66,34,19.5
1976,5,19,5,5.93,32,21
1976,5,20,0,3.75,33,20
1976,5,21,0,5.69,34,19
1976,5,22,0,6.62,35,21
1976,5,23,0,4.41,35,21
1976,5,24,0,4.72,34,22
1976,5,25,0,4.29,35,21
1976,5,26,0,4.53,35,24
1976,5,27,0,7.26,34,25
1976,5,28,0,3.92,37,23
1976,5,29,0,6.87,36,23.5
1976,5,30,0,6.09,38,18.5
1976,5,31,0,7.06,39,19
1976,6,1,60.5,5.2,36,25
1976,6,2,0,2.9,35,18
1976,6,3,0,6.4,39,19
1976,6,4,0,6.4,38,21
1976,6,5,0,5.4,37,22
1976,6,6,0,4.8,38,20.5
1976,6,7,0,3.5,37,21
1976,6,8,0,6.4,32.5,21
1976,6,9,0,5.4,38,20.5
1976,6,10,0,4.5,37,21
1976,6,11,0,7.4,40,21.5
1976,6,12,0,4,38,23.5
1976,6,13,0,4.3,38,22
1976,6,14,0,5.2,36,21
1976,6,15,0,5.2,35,19
1976,6,16,3.5,8.5,34,21
1976,6,17,0,4.9,35,24
1976,6,18,0,5.8,35,24
1976,6,19,4.2,7.7,36,23
1976,6,20,0,6.5,31,22
1976,6,21,0,6.3,33,24
1976,6,22,0,4.7,36,20.5
1976,6,23,0,8.4,35,20
1976,6,24,0,5.8,35,22
1976,6,25,25.6,5.2,31,23
1976,6,26,6.5,3.1,35,23
1976,6,27,4.3,3.9,31,23
1976,6,28,40.3,3.4,29,22
1976,6,29,0,3,31,21
1976,6,30,11.6,2.6,30,20
1976,7,1,0,5.6,32,21
1976,7,2,0,3.3,31,22
1976,7,3,4.5,5.1,31,24
1976,7,4,16.5,5,31,24
1976,7,5,17.6,5.1,31,23
1976,7,6,80.8,2.1,26.5,22.5
1976,7,7,190.9,2.9,26,21.5
1976,7,8,40.5,3.7,27,21
1976,7,9,8.2,7.8,28,22.5
1976,7,10,90.5,2.8,26,22.5
1976,7,11,0,2.9,28,23
1976,7,12,80.6,5.8,30,24
1976,7,13,45.8,2.9,28,21
1976,7,14,0,1.5,28,19.5
1976,7,15,25.6,6.3,31,22
1976,7,16,2,2.4,31,22
1976,7,17,14.5,1.8,31,23
1976,7,18,0,7.6,31,22
1976,7,19,30.5,7.2,29,21
1976,7,20,4.5,6.3,30,21
1976,7,21,8.3,4.5,30,22
1976,7,22,50,5.3,29.5,21
1976,7,23,70.5,6.1,28,21.5
1976,7,24,9.7,6,30,21
1976,7,25,0,1.6,31,21
1976,7,26,0,5.3,30,19
1976,7,27,0,4.6,31,21
1976,7,28,0,2.2,30,22
1976,7,29,0,3,33,21
1976,7,30,4.5,3.4,31,21
1976,7,31,0,4.6,32,22
1976,8,1,0,3.3,33,21
1976,8,2,0,5.7,34,22
1976,8,3,9.9,6,34,22
1976,8,4,0,2.9,29,23
1976,8,5,0,6.3,34,21
1976,8,6,0,4.8,32,22
1976,8,7,4,6.4,32,22
1976,8,8,0,3.5,33,22
1976,8,9,0,4,34,21
1976,8,10,0,4.9,32,22
1976,8,11,0,7.8,33,20.5
1976,8,12,0,5.4,34,22
1976,8,13,0,5.8,34,22
1976,8,14,0,7.4,35,21
1976,8,15,19.4,7.2,35,23
1976,8,16,68,5.9,31,21
1976,8,17,10.5,6.5,27,22.5
1976,8,18,27,3.4,29.5,22.5
1976,8,19,0,1.2,27,22
1976,8,20,5.4,2,29,21
1976,8,21,1.2,3.5,29,22
1976,8,22,0,0.7,30,22.5
1976,8,23,23,6.5,30.5,23
1976,8,24,4,4.3,31.5,22
1976,8,25,0,7.1,32,22
1976,8,26,1,4.8,30.5,21.5
1976,8,27,0,1.9,31.5,23.5
1976,8,28,83,4.6,28,24
1976,8,29,0,5.3,26.5,21
1976,8,30,31,5.1,29,21.5
1976,8,31,14,5.1,30,21.5
1976,9,1,13,6.4,30,21.5
1976,9,2,10,7.5,32.5,21
1976,9,3,0,4.9,32.5,21.5
1976,9,4,0,4.8,32,20.5
1976,9,5,0,4.5,30,22
1976,9,6,0,5,33,21.5
1976,9,7,0,6.6,33,21.5
1976,9,8,18,6.4,32.5,22.5
1976,9,9,20,6,30,21.5
1976,9,10,0,3.1,31,22.5
1976,9,11,0,5.2,31,22
1976,9,12,0,3.1,33.5,21.5
1976,9,13,20,7.1,33,22
1976,9,14,29.5,5,31.5,22
1976,9,15,0,5.9,30.5,22
1976,9,16,0,2.6,28.5,21
1976,9,17,25,3.2,31.5,22.5
1976,9,18,1.3,4.1,32.5,22
1976,9,19,0,4.9,31.5,22.5
1976,9,20,0,2.5,33.5,22
1976,9,21,0,3.2,30.5,23.5
1976,9,22,0,4.9,31,23
1976,9,23,0,5.4,32.5,21
1976,9,24,0,4.4,33.5,23
1976,9,25,0,3.1,34,22.5
1976,9,26,0,5.6,34.5,23.5
1976,9,27,19,5.1,35,24.5
1976,9,28,53.5,9.2,27,23
1976,9,29,9.5,5.2,26,21.5
1976,9,30,5,1.5,27.5,21
1976,10,1,3.5,2.5,25,22
1976,10,2,0,2.2,30,20
1976,10,3,0,1.6,29,21
1976,10,4,0,6.9,33,20
1976,10,5,15.6,1.4,31,22
1976,10,6,0,3.2,27,21
1976,10,7,4,3.8,27,19.5
1976,10,8,4.5,1.1,24,11.5
1976,10,9,0,3.9,26,12.5
1976,10,10,0,3.3,25.5,13
1976,10,11,0,3.7,25.5,12
1976,10,12,0,3.8,29,14
1976,10,13,0,2.9,28,17
1976,10,14,0,3.8,29.5,18.5
1976,10,15,0,3.9,31,19
1976,10,16,0,3.9,28,20
1976,10,17,0,2.9,26,18
1976,10,18,0,4,29,16
1976,10,19,1.5,2.3,20.6,18
1976,10,20,0,3.7,18,13
1976,10,21,0,1.4,20,12
1976,10,22,0,2.3,28,17
1976,10,23,0,3.9,29,18
1976,10,24,0,2,30,18.5
1976,10,25,0,1.1,28.5,19.5
1976,10,26,0,0.7,27,21.5
1976,10,27,0,1.6,30,21
1976,10,28,0,5.2,24,22
1976,10,29,2.5,2.3,24,16
1976,10,30,0,2.6,23,15
1976,10,31,0,5.2,25,14
1976,11,1,5.5,4.2,16.5,10
1976,11,2,1.5,4.4,12,10
1976,11,3,0,2,17.5,10.5
1976,11,4,0,3.1,25,12
1976,11,5,0,3.1,27,12
1976,11,6,0,3.3,28.5,12
1976,11,7,0,5.1,16,13
1976,11,8,0,3.7,17,12
1976,11,9,0,3,21,11
1976,11,10,0,4.1,27,12
1976,11,11,8,5.7,23,13
1976,11,12,2.1,0.7,19,13
1976,11,13,0,2.7,17.5,13
1976,11,14,0,4,17,13
1976,11,15,0,2.3,18,13
1976,11,16,0,1,19,13
1976,11,17,0,1.9,20,13
1976,11,18,0,1.3,22,14
1976,11,19,0,0.3,27,16
1976,11,20,0,3.1,22,15
1976,11,21,0,1.5,21,10.5
1976,11,22,0,0.5,22,11
1976,11,23,0,1.4,23,11
1976,11,24,0,2,24,11.5
1976,11,25,0,1.2,28,12
1976,11,26,0,1.1,17,12.5
1976,11,27,0,2,12,6
1976,11,28,0,2,24,8
1976,11,29,0,1.9,26,10
1976,11,30,0,2,29,8
1976,12,1,0,1.2,21,9.5
1976,12,2,0,1.3,25,16
1976,12,3,0,2.3,23.5,15
1976,12,4,0,2.6,24.5,12
1976,12,5,0,1.4,23,12
1976,12,6,10.5,3.4,24,14
1976,12,7,11,3.5,22,15
1976,12,8,14.5,4.1,21,15
1976,12,9,0,2.1,26,15.5
1976,12,10,0,2,28,14.5
1976,12,11,0,0.9,29,12
1976,12,12,0,1.5,24.5,17
1976,12,13,3,0.7,18.5,12.5
1976,12,14,0,1,17,9
1976,12,15,9,1.2,17,12
1976,12,16,0,2,20,9.5
1976,12,17,11.5,2.3,22,14.5
1976,12,18,0,2.6,20,14.5
1976,12,19,0,0.8,23.5,11.5
1976,12,20,13,1.5,19.5,15
1976,12,21,1.5,2.3,22.5,16.5
1976,12,22,0,0.3,21,15
1976,12,23,0,1.7,20.5,11
1976,12,24,11,2.3,24,10
1976,12,25,0,1.6,25,11
1976,12,26,0,2,29,17
1976,12,27,0,3.9,28,18
1976,12,28,0,2.4,25,15
1976,12,29,0,2.3,29,15
1976,12,30,1.5,1.8,21.5,15
1976,12,31,0,3.4,24,17
1977,1,1,0,1.3,20,10
1977,1,2,0,0.9,21,14
1977,1,3,0,1.8,17.5,11
1977,1,4,0,1.2,26.5,11
1977,1,5,0,2.5,24,12
1977,1,6,0,2.1,25,14
1977,1,7,0,1.4,23,13.5
1977,1,8,0,2,27,12.5
1977,1,9,0,2.3,23,14
1977,1,10,0,2.8,10.1,10
1977,1,11,2.8,1,15.5,9
1977,1,12,0,2.7,20,9.5
1977,1,13,0,0.8,23,13.5
1977,1,14,0,2.9,23,12
1977,1,15,0,1.5,18,14.5
1977,1,16,4.5,2.3,17,14
1977,1,17,0,1.7,12,10.5
1977,1,18,0,3.4,16,9
1977,1,19,0,2,21.5,5.5
1977,1,20,0,2.4,20.5,7
1977,1,21,0,0.8,22,7
1977,1,22,0,1.3,20.5,13
1977,1,23,0,0.5,21,12.5
1977,1,24,0,2.9,18,11
1977,1,25,2.5,1.4,17,12
1977,1,26,0,3.7,27,13
1977,1,27,0,3.3,28,12
1977,1,28,0,2.3,26,13
1977,1,29,0,2,20,13.5
1977,1,30,0,3.3,24,13
1977,1,31,6,4.6,14,10.5
1977,2,1,3.5,0.4,14,9
1977,2,2,0,2,25.5,9.5
1977,2,3,0,1.3,22,12.5
1977,2,4,0,1,21,9
1977,2,5,0,1.2,20,11
1977,2,6,0,0.7,25,8.5
1977,2,7,8.4,0.7,19,9
1977,2,8,11.5,0.7,17,15
1977,2,9,0,0.3,17,13
1977,2,10,2.5,0.7,20.5,11
1977,2,11,0,2.2,24,13
1977,2,12,0,4.1,26,9
1977,2,13,0,2,22,13
1977,2,14,0,4.1,26.5,10
1977,2,15,0,7.2,23.5,11
1977,2,16,0.6,1.5,22,11
1977,2,17,0,2.3,26,11
1977,2,18,0,2.8,27,12
1977,2,19,0,1.9,28,8
1977,2,20,0,1.3,24,13
1977,2,21,0,1,25,12.5
1977,2,22,0,4,29,14
1977,2,23,0,6.2,36,15
1977,2,24,0,2.8,29,14
1977,2,25,0,4.2,30,15
1977,2,26,0,6,25,16
1977,2,27,0,5.7,22,12
1977,2,28,0,1.8,21,13
1977,3,1,0,0.3,22,12
1977,3,2,0,2.3,22,13
1977,3,3,0,5.8,31.5,17
1977,3,4,0,6,29,18
1977,3,5,0,4.5,26,10
1977,3,6,0,2,18.5,15
1977,3,7,0,2.1,22,12.5
1977,3,8,0,2.5,24,9
1977,3,9,0,4.3,26.5,10
1977,3,10,0,1.9,29,11.5
1977,3,11,0,6.3,33.5,16
1977,3,12,0,4.8,27.5,12
1977,3,13,0,4.1,29,11.5
1977,3,14,0,3.7,31,13
1977,3,15,0,3.1,30,16
1977,3,16,0,4.3,29,20
1977,3,17,0,5.2,31,17.5
1977,3,18,0,5.4,34,16.5
1977,3,19,0,6.6,33,18
1977,3,20,0,4,30.5,18
1977,3,21,0,4.7,30,18
1977,3,22,0,3.3,32,19
1977,3,23,0,2.4,25,17
1977,3,24,0,1.6,30,17
1977,3,25,0,2.7,31,18
1977,3,26,0,2.9,31.5,20
1977,3,27,0,7,33,20
1977,3,28,0,3.8,29,19.5
1977,3,29,0,9,31,18
1977,3,30,0,6.2,33,20
1977,3,31,0,2.1,23.1,21
1977,4,1,0,6.66,32,19.5
1977,4,2,0,6.88,32,21
1977,4,3,0,6.1,36.5,20
1977,4,4,0,4.78,28,19
1977,4,5,0,6.49,29,18
1977,4,6,0,4.11,27,14
1977,4,7,0,7.28,27,12
1977,4,8,0,5.15,27,12.5
1977,4,9,0,3.09,26,14
1977,4,10,0,2,29,13
1977,4,11,0,3.58,30,16
1977,4,12,0,6.45,28,17
1977,4,13,2,4.25,27,18
1977,4,14,0,1.3,28,17
1977,4,15,0,0.92,33,18
1977,4,16,0,3.08,30,22
1977,4,17,0,6,31.5,17
1977,4,18,0,8.48,28,22
1977,4,19,0,2.42,30,19
1977,4,20,0,2.15,35,21
1977,4,21,0,4.34,35,23
1977,4,22,0,4.44,31,21
1977,4,23,0,7.19,30,18.5
1977,4,24,0,4.38,30,17
1977,4,25,0,5.9,31,18
1977,4,26,0,3.21,25,19
1977,4,27,0,5.1,28,18
1977,4,28,0,3.7,29,17
1977,4,29,0,3.06,31,19
1977,4,30,0,3,33,22
1977,5,1,0,4.89,34,21
1977,5,2,0,6.94,34,22
1977,5,3,0,8.16,36,22.5
1977,5,4,0,6.93,33,19
1977,5,5,0,4.52,33,19
1977,5,6,0,4.28,33,21
1977,5,7,0,3.8,33,23
1977,5,8,0,7.91,30,24
1977,5,9,0,4.27,35,22
1977,5,10,5.5,2.33,34,21
1977,5,11,0,4.57,30,22
1977,5,12,0,4.56,31,20
1977,5,13,0,6.19,30,22
1977,5,14,0,7.35,32,22
1977,5,15,0,6.31,34,22
1977,5,16,0,5.93,33,21
1977,5,17,0,7.43,37,22
1977,5,18,0,4.75,34,24
1977,5,19,0,7.2,33,23
1977,5,20,0,8.19,34,22.5
1977,5,21,0,8,35,23
1977,5,22,60.5,4.55,33,23
1977,5,23,0,5.27,33,21
1977,5,24,0,6.08,32,22.5
1977,5,25,0,6.32,33,20
1977,5,26,0,7.08,34,22
1977,5,27,0,7.3,36,22
1977,5,28,0,4.76,34,22
1977,5,29,0,5.14,35,23
1977,5,30,0,7.15,35,22
1977,5,31,0,7.3,33,20
1977,6,1,0,6.6,34,21
1977,6,2,0,4.9,36,20
1977,6,3,0,6.5,35,20.5
1977,6,4,0,6.7,32,20
1977,6,5,0,5.9,30,21
1977,6,6,0,4.5,33,20
1977,6,7,0,6.1,33,21
1977,6,8,0,7.9,35,20
1977,6,9,0,6.6,34,20
1977,6,10,0,7.9,35,21
1977,6,11,0,8.4,37,23
1977,6,12,0,4.4,36,24
1977,6,13,0,6.8,37,24
1977,6,14,26,5.5,34.5,24
1977,6,15,20,3.2,32,24
1977,6,16,0,5.6,33,21
1977,6,17,2.3,5,33,22.5
1977,6,18,0,5.8,32,22
1977,6,19,6.5,6.8,33,21
1977,6,20,6.6,2,33,22
1977,6,21,37,3.8,25,22.5
1977,6,22,14,3.8,28,21
1977,6,23,15,5.2,30.5,22.5
1977,6,24,0,6.1,32,20
1977,6,25,0,6.7,31,22.5
1977,6,26,0,5.9,30,21.5
1977,6,27,0,4.9,33,22.5
1977,6,28,0,5.2,32,21.5
1977,6,29,0,5,30,24
1977,6,30,4.5,9.2,33,23
1977,7,1,15.5,5.7,30,23
1977,7,2,0,8.6,33,22
1977,7,3,14,9.1,31,22
1977,7,4,0,4.1,32,21
1977,7,5,0,6.8,33,22
1977,7,6,6,7.3,31,21.5
1977,7,7,5,8.7,32,22
1977,7,8,0,4.8,31.5,23
1977,7,9,0,7.7,33,21
1977,7,10,5,4.7,32,20.5
1977,7,11,0,4.2,33,23
1977,7,12,21,1.8,31.5,21
1977,7,13,9,4.8,31.5,20.5
1977,7,14,0,4.3,30,22.5
1977,7,15,0,4.6,31,20
1977,7,16,0,6.2,33,21
1977,7,17,0,7.3,33,21
1977,7,18,0,3.6,30,21
1977,7,19,0,7.6,34,22
1977,7,20,0,2.6,34,22.5
1977,7,21,3.4,4.2,34,23
1977,7,22,12.4,4.8,32,22
1977,7,23,11.8,3.2,31,21
1977,7,24,0,8.3,31,21.5
1977,7,25,0,1.5,30,22
1977,7,26,0,7.6,34,21
1977,7,27,0,4.9,33,21.5
1977,7,28,0,4.4,32,21
1977,7,29,0,7.1,34,23
1977,7,30,0,4.9,34,23
1977,7,31,0,4.7,35,22
1977,8,1,0,7.6,33,23
1977,8,2,0,7.3,36,23
1977,8,3,0,8.4,35,21.5
1977,8,4,0,6.7,35,21
1977,8,5,0,3.8,34,22
1977,8,6,0,5.5,31,22
1977,8,7,0,6.6,33,22
1977,8,8,0,7,33,22
1977,8,9,0,7.8,35,21
1977,8,10,0,4.7,35,21
1977,8,11,0,6.2,33,22
1977,8,12,0,4.2,34,22.5
1977,8,13,0,4.5,35,23
1977,8,14,20,5.2,32,24.5
1977,8,15,11,7.1,34,24
1977,8,16,0,3.3,34,21
1977,8,17,0,8.7,35,22
1977,8,18,0,6,35,22
1977,8,19,0,6.8,34,21
1977,8,20,0,6.7,34,21
1977,8,21,0,8.4,35,22
1977,8,22,0,3.8,35,23
1977,8,23,0,9.5,35,22.5
1977,8,24,0,7.8,36,21.5
1977,8,25,0,7.4,35,22
1977,8,26,0,8.7,35,22.5
1977,8,27,0,7.2,36,22
1977,8,28,15,7.2,35,23
1977,8,29,5,5.4,32,22
1977,8,30,0,6.3,32.5,23
1977,8,31,0,5.9,33,23
1977,9,1,5.5,8.6,36,23
1977,9,2,40.5,5.5,29,23.5
1977,9,3,10.5,7.2,31.5,21.5
1977,9,4,0,7.9,34,21
1977,9,5,0,6.4,33.5,22
1977,9,6,0,6.9,31.5,21
1977,9,7,0,7.1,33,20
1977,9,8,0,6.8,34.5,22.5
1977,9,9,0,5.9,33.5,22
1977,9,10,0,6.3,32,23
1977,9,11,0,3.7,33,24
1977,9,12,0,6.9,35,21
1977,9,13,0,7.5,32,22
1977,9,14,40,5.4,32.5,22
1977,9,15,0,6.3,32,18
1977,9,16,0,8.7,32,20
1977,9,17,0,5.7,32,22
1977,9,18,0,6.7,33.5,21.5
1977,9,19,0,5.8,32.5,21
1977,9,20,0,7.9,33,20
1977,9,21,0,4.3,33.5,21
1977,9,22,40.5,5.5,28,22
1977,9,23,0,7.2,33,22
1977,9,24,0,7.8,33,21
1977,9,25,0,5.6,34,22
1977,9,26,0,8.8,35,23.5
1977,9,27,0,6,33,23
1977,9,28,0,2.7,33,22.5
1977,9,29,0,6.8,34.5,22
1977,9,30,0,6.8,36,22.5
1977,10,1,0,6.29,34,22.5
1977,10,2,7.5,4.31,31.5,24
1977,10,3,12.5,6.97,31,22
1977,10,4,80,3.4,30,21.5
1977,10,5,0,4.83,30,20.5
1977,10,6,0,5.46,31,21
1977,10,7,0,5.9,33,21
1977,10,8,0,7.03,34,20
1977,10,9,0,7.14,34,21.5
1977,10,10,0,4,33,22
1977,10,11,28.5,4.36,35,21
1977,10,12,1.4,7.69,27,22
1977,10,13,0,3.8,25,11.5
1977,10,14,0,6.45,30,12
1977,10,15,0,4.35,29,22
1977,10,16,0,5.7,29,16
1977,10,17,0,4.08,28.5,16
1977,10,18,0,7.19,31,18
1977,10,19,0,3.93,28,16
1977,10,20,0,3.99,30,18
1977,10,21,0,6,30,19.5
1977,10,22,0,5.62,31,19
1977,10,23,0,3.5,30.5,21.5
1977,10,24,4.5,3.18,30,22.5
1977,10,25,20,5.47,29,21
1977,10,26,8,3.36,29,18
1977,10,27,0,5.42,30.5,20
1977,10,28,0,5.54,31,21
1977,10,29,0,3.96,31,22
1977,10,30,0,4.4,32,20
1977,10,31,0,6.55,31,21.5
1977,11,1,9.5,3,33,20.5
1977,11,2,0,4.2,26,16
1977,11,3,0,3.1,29,17
1977,11,4,0,1.8,27,15
1977,11,5,0,3.8,29,12.5
1977,11,6,0,3.6,30,13
1977,11,7,0,3.5,31,17
1977,11,8,0,2.8,31,19.5
1977,11,9,2.2,1.5,28,21.5
1977,11,10,0,2.2,19,13
1977,11,11,1.2,1,18,13.5
1977,11,12,1,0.6,18.5,13.5
1977,11,13,0,2.3,25,15
1977,11,14,0,2.4,25,14
1977,11,15,0,2.8,28,15
1977,11,16,0,1.6,31,14
1977,11,17,2.1,2.7,28.5,20
1977,11,18,0,1.4,30.5,19
1977,11,19,0,2,30,18
1977,11,20,0,3.1,30,22
1977,11,21,18,1.8,29.5,22.5
1977,11,22,0,2.1,26.5,17
1977,11,23,0,2.2,27.5,18.5
1977,11,24,0,1.9,30,19
1977,11,25,0,2.5,30,18
1977,11,26,0,2.4,28,18.5
1977,11,27,0,4.2,30,14
1977,11,28,0,5.4,28,15
1977,11,29,0,0.6,30,17
1977,11,30,0,0.9,21,15.5
1977,12,1,0,1.27,23,16
1977,12,2,0,1.03,27,18
1977,12,3,0,1,30,16
1977,12,4,0,1.1,29,18
1977,12,5,0,1.15,28,17.5
1977,12,6,0,5.04,24,17
1977,12,7,2.5,0.52,23,14
1977,12,8,0,2.6,31,14
1977,12,9,5.8,3.21,28,15
1977,12,10,2.5,1.53,13.5,11
1977,12,11,8.8,0.56,18,11.5
1977,12,12,0,0.8,24.5,12
1977,12,13,0,1.09,25,11.5
1977,12,14,0,2.63,30,15
1977,12,15,0,0.95,30,11.5
1977,12,16,0,3.43,28.5,11
1977,12,17,0,1.09,27,13
1977,12,18,0,0.67,28.5,12.5
1977,12,19,0,2.08,30,12
1977,12,20,0,4.86,26,15
1977,12,21,0,5.18,24,11.5
1977,12,22,0,5.15,23.5,10.5
1977,12,23,0,4.05,27,8
1977,12,24,0,2.89,29,9
1977,12,25,0,2.92,27,10
1977,12,26,0,3.89,22,13
1977,12,27,0,4.42,21,15
1977,12,28,0,2.06,28,13
1977,12,29,0,4.04,22,15
1977,12,30,0,0.53,19.5,19
1977,12,31,0,4,25,18
1978,1,1,1.5,1,28,17
1978,1,2,1.5,2.3,13,12
1978,1,3,0,2.9,22,7.5
1978,1,4,0,2.1,21,10
1978,1,5,0,3.6,28,12
1978,1,6,0,2.6,29,16
1978,1,7,0,1.1,30,16
1978,1,8,0,1.3,26.5,18
1978,1,9,0,2.3,22,9.5
1978,1,10,0,2.2,26,10.5
1978,1,11,0,1.4,29,12
1978,1,12,0,2.1,24,9.5
1978,1,13,0,2.2,26,12
1978,1,14,0,1.7,22.5,10
1978,1,15,0,3.4,26,13
1978,1,16,0,1.8,25,12.5
1978,1,17,0,3.2,32,11
1978,1,18,0,4.9,24,11.5
1978,1,19,0,0.6,13,11
1978,1,20,0,1.6,26,9
1978,1,21,0,2.8,19,9
1978,1,22,0,0.4,13.5,9.5
1978,1,23,0,0.9,22,10
1978,1,24,0,2,30,10.5
1978,1,25,0,3,21,13
1978,1,26,0,2.8,29,8
1978,1,27,0,1.2,23,9
1978,1,28,0,1.1,25,11
1978,1,29,1.5,0.7,22,13.5
1978,1,30,1.5,1,24,14
1978,1,31,0,1.1,25.5,15
1978,2,1,0,1,20,10
1978,2,2,7.4,0.4,13.5,12.5
1978,2,3,7.6,0.2,14,10.5
1978,2,4,8.3,0.7,13,9
1978,2,5,0,1.9,18,10
1978,2,6,0,1,17,8.5
1978,2,7,3,2.8,23,7
1978,2,8,0,1.9,21,10
1978,2,9,0,2.7,27.5,11.5
1978,2,10,0,3.5,19,10.5
1978,2,11,0,1.3,21,11
1978,2,12,0,7.2,35,14.5
1978,2,13,0,2.4,29,11
1978,2,14,4.8,1.4,21.5,13
1978,2,15,0,2.1,22.5,15
1978,2,16,0,5.2,22,16
1978,2,17,0,5.2,29,13
1978,2,18,0,1.8,13,11
1978,2,19,3.6,0.5,11,8.5
1978,2,20,0,1.2,18,8
1978,2,21,0,1.9,16,9
1978,2,22,0,2.5,18,7
1978,2,23,0,0.8,19,8
1978,2,24,0,3,26,10.5
1978,2,25,0,2.7,30,11.5
1978,2,26,0,3.6,26,13
1978,2,27,0,1.9,29.5,17
1978,2,28,0,4.9,30.5,15
1978,3,1,0,3.8,29,12
1978,3,2,0,5.3,30.5,20
1978,3,3,0,4,30,16
1978,3,4,0,1.8,14,8.5
1978,3,5,0,2.3,22,9
1978,3,6,0,2.3,29,10.5
1978,3,7,0,5.2,29,16
1978,3,8,0,3.9,20,16
1978,3,9,0,8.1,29,10
1978,3,10,0,3.9,31,7
1978,3,11,0,4.2,33.5,10
1978,3,12,0,5.3,30.5,12
1978,3,13,0,5.7,38,15
1978,3,14,0,7.1,31,15
1978,3,15,0,5.9,29,14.5
1978,3,16,0,5.2,20,15.5
1978,3,17,0,0.9,21,12.5
1978,3,18,0,4,24,12
1978,3,19,0,1.2,26,9
1978,3,20,0,3.2,27,16
1978,3,21,0,3.5,31,14
1978,3,22,0,3.1,29,16
1978,3,23,0,4.4,30,19
1978,3,24,0,3.5,32,20
1978,3,25,6.2,2,26,20.5
1978,3,26,9.3,4.2,20,16
1978,3,27,0,5.4,26,10.5
1978,3,28,0,4.7,29,11
1978,3,29,0,5.2,29,12
1978,3,30,0,2.9,27,16
1978,3,31,0,7.2,29,15
1978,4,1,0,1.8,21,16
1978,4,2,0,2.5,25,16
1978,4,3,0,2.5,26,15
1978,4,4,0,4.1,27,13
1978,4,5,0,4.7,29,17
1978,4,6,0,2.3,29,19
1978,4,7,0,1.9,28,19.5
1978,4,8,0,3.8,29,20
1978,4,9,0,3.6,25,18
1978,4,10,0,2.9,22,15.5
1978,4,11,0,3.3,25,10.5
1978,4,12,0,1.8,25,10.5
1978,4,13,0,2.9,26,13
1978,4,14,0,2,28,17
1978,4,15,0,3.3,29,15
1978,4,16,0,5,30,16
1978,4,17,0,2.7,29,15
1978,4,18,0,5,29,15
1978,4,19,0,4.1,28,15
1978,4,20,0,3.5,23.5,16
1978,4,21,0,4.6,26,11
1978,4,22,0,2.5,28,12
1978,4,23,0,4.4,30,15
1978,4,24,0,3.1,30,16
1978,4,25,0,2.5,30,17
1978,4,26,0,4.6,31,16
1978,4,27,0,3.4,30,17
1978,4,28,0,1.2,29,17.5
1978,4,29,0,3.5,31,21
1978,4,30,0,1.4,33.5,21
1978,5,1,0,5.3,34,21.5
1978,5,2,0,6,30,22
1978,5,3,0,2.6,31.5,22
1978,5,4,0,2.8,31,23.5
1978,5,5,0,4.7,31,23
1978,5,6,0,5.8,33,21.5
1978,5,7,0,5.2,37,21
1978,5,8,0,7.5,42,22
1978,5,9,0,4.8,32,23
1978,5,10,0,4.2,36.5,23.5
1978,5,11,0,5.4,36,25
1978,5,12,2.2,5.9,38.5,26
1978,5,13,0,4.9,35,23
1978,5,14,0,6.9,35,24
1978,5,15,0,4.7,38,24.5
1978,5,16,0,8,44,23.5
1978,5,17,0,7.5,35,24.5
1978,5,18,0,4.3,36,25.5
1978,5,19,51,5.4,31,24
1978,5,20,0,3,32,21.5
1978,5,21,0,7.7,35,22.5
1978,5,22,0,5.3,34,23.5
1978,5,23,0,8.8,37,24
1978,5,24,0,3.1,36,24
1978,5,25,0,2.1,36.5,26
1978,5,26,66.3,7.1,37,25
1978,5,27,0,4.7,35,22
1978,5,28,0,5.9,34.5,22
1978,5,29,0,5.9,36,24
1978,5,30,0,7,36.5,24
1978,5,31,0,5.9,36.5,25
1978,6,1,16.5,5.9,31.5,22
1978,6,2,0,5.1,33,23
1978,6,3,6,3.5,31.5,24
1978,6,4,0,3.5,30,23.5
1978,6,5,0,1.7,29.5,22
1978,6,6,0,4.9,35,21
1978,6,7,0,5.3,35,23
1978,6,8,100.7,2.9,34,22
1978,6,9,15.4,2.6,28,22
1978,6,10,0,3.9,32.5,22
1978,6,11,0,7.2,34.5,21.5
1978,6,12,0,5.5,33,22
1978,6,13,0,3.7,34,24
1978,6,14,0,5.9,33.5,23
1978,6,15,0,6.8,35,22
1978,6,16,0,4.6,41,21
1978,6,17,0,4.7,34,22
1978,6,18,10.5,5.3,31.5,21.5
1978,6,19,0,2.9,30,22
1978,6,20,5,9.3,33,21
1978,6,21,19,5.1,34,23.5
1978,6,22,0,5.7,33,22.5
1978,6,23,0,4.4,34,21
1978,6,24,2,5.4,32,23
1978,6,25,0,4,34,22.5
1978,6,26,0,2.6,33.5,21.5
1978,6,27,0,2.1,32,23
1978,6,28,0,2.9,28,22.5
1978,6,29,0,2.2,33.5,22
1978,6,30,0,1.3,33,21.5
1978,7,1,0,4.7,34,21
1978,7,2,0,1.5,32,22
1978,7,3,0,2.3,34,27
1978,7,4,0,4.9,33,23
1978,7,5,0,5.5,33.5,22.5
1978,7,6,10.5,6,32,22
1978,7,7,0,7.7,31.5,21.5
1978,7,8,0,6.4,33,20.5
1978,7,9,0,7.1,34,20.5
1978,7,10,0,4.5,35,21.5
1978,7,11,4,7.1,34,22
1978,7,12,0,5.4,35,22
1978,7,13,0,5.8,34.5,21.5
1978,7,14,0,7.6,34,21.5
1978,7,15,0,4.2,36.5,21
1978,7,16,0,7.2,35,21.5
1978,7,17,0,7.9,36.5,22.5
1978,7,18,0,8.1,35.5,21
1978,7,19,0,2.7,34,22
1978,7,20,0,7.2,35.5,22
1978,7,21,0,8.3,36,22
1978,7,22,0,6.5,33,21.5
1978,7,23,10.5,2.8,29,22.5
1978,7,24,0,3.8,32,22
1978,7,25,0,2.6,33,22
1978,7,26,0,5,34.5,21.5
1978,7,27,17,4.7,32.5,23
1978,7,28,1.5,3.2,32,23
1978,7,29,0,5.3,33.5,22
1978,7,30,0,6.2,35.5,22.5
1978,7,31,0,5.4,29.5,24
1978,8,1,3.6,2.9,33,23
1978,8,2,0,4.3,33.5,21.5
1978,8,3,0,8.1,32,20.5
1978,8,4,0,5.4,33.5,21.5
1978,8,5,3.5,5.2,34,22
1978,8,6,13.5,6.1,34.5,21.5
1978,8,7,75,5.1,26.5,22.5
1978,8,8,0,7.6,30,21.5
1978,8,9,0,6.4,32,21
1978,8,10,0,6.3,33,21
1978,8,11,0,4.1,32.5,21.5
1978,8,12,0,5.3,33,22
1978,8,13,0,3.4,33,23
1978,8,14,0,4.4,34.5,23.5
1978,8,15,0,8.2,34,22.5
1978,8,16,0,5.5,32,22
1978,8,17,0,2.2,35,21
1978,8,18,0,8.9,36,22
1978,8,19,6.5,3.7,34.5,21.5
1978,8,20,4.9,4.2,31,22.5
1978,8,21,0,6.4,30,21.5
1978,8,22,0,6.6,33,21.5
1978,8,23,0,5.1,32,22
1978,8,24,0,8.4,33,23.5
1978,8,25,0,4.7,32.5,23
1978,8,26,0,8.1,35,22
1978,8,27,0,6.3,35.5,23
1978,8,28,0,5.2,36,22.5
1978,8,29,0,7.4,34,23
1978,8,30,4,4.3,32,24.5
1978,8,31,14.5,7.4,35.5,22.5
1978,9,1,0,2.8,32,21.5
1978,9,2,0,4.7,31,22
1978,9,3,0,4.2,32,21.5
1978,9,4,0,5.3,31.5,20.5
1978,9,5,17.5,5.7,34,20
1978,9,6,3.5,1,29,21.5
1978,9,7,0,4,30,22
1978,9,8,0,4.1,33,23
1978,9,9,0,1.8,30,22.5
1978,9,10,0,2.8,31.5,23
1978,9,11,0,3,34,23
1978,9,12,0,8.6,38,23.5
1978,9,13,0,3.2,35,24.5
1978,9,14,0,5.5,36,24
1978,9,15,0,3.2,36,25
1978,9,16,0,5.3,34.5,23
1978,9,17,0,3.6,30.5,21
1978,9,18,0,6.7,34,22
1978,9,19,16.2,5,35.5,22.5
1978,9,20,30.8,3.9,29,21.5
1978,9,21,40,2,30.5,20
1978,9,22,129,2.5,25,21
1978,9,23,0,3,28,22.5
1978,9,24,29.8,4.7,31,23
1978,9,25,6,4.2,30,22
1978,9,26,2,4.3,31,21.5
1978,9,27,8.5,4.3,30,22
1978,9,28,0,3.2,26.5,21
1978,9,29,0,3.4,29,19
1978,9,30,0,5,30.5,21
1978,10,1,0,3.3,32.5,22.5
1978,10,2,0,4.5,24.5,21
1978,10,3,0,3.9,25.5,21
1978,10,4,2,4,23,18
1978,10,5,13.2,7.5,34.5,21
1978,10,6,28,3.4,30,21
1978,10,7,3.5,5.3,28,21.5
1978,10,8,39.5,2,21.6,20.5
1978,10,9,41,6.1,28,16
1978,10,10,2,7,30,20
1978,10,11,0,3.9,31,21.5
1978,10,12,3,1.3,30.5,21.5
1978,10,13,16,4.5,29.5,18.5
1978,10,14,1,3,24,18.5
1978,10,15,0,2.5,25,12.5
1978,10,16,0,2.1,27,17
1978,10,17,11,0.7,22.5,17.5
1978,10,18,0,1.9,25.5,18
1978,10,19,0,3.4,27.5,17
1978,10,20,0,3,28,17
1978,10,21,0,3.8,29,16.5
1978,10,22,NULO,NULO,NULO,NULO
1978,10,26,0,3,29.5,17.5
1978,10,27,0,2.7,26,20.5
1978,10,28,0,2.7,26,18
1978,10,29,0,2.1,24,17.5
1978,10,30,0,2.9,29,17
1978,10,31,0,3.4,29.5,20
1978,11,1,16.5,1.3,28,20.5
1978,11,2,0,2.7,26.5,20
1978,11,3,0,5.7,30.5,20.5
1978,11,4,0,3.3,31.5,19
1978,11,5,0,3.1,29,19.5
1978,11,6,0,2.6,23.5,18.5
1978,11,7,0,4.3,30.5,19
1978,11,8,0,2.5,25,16
1978,11,9,0,6.4,28,13.5
1978,11,10,0,2.4,30.5,15
1978,11,11,0,1.3,31,21.5
1978,11,12,0,2.9,30,20
1978,11,13,0,4.1,31,18.5
1978,11,14,0,3.5,30,19.5
1978,11,15,0,2.5,30,22.5
1978,11,16,20,1.3,31.5,21
1978,11,17,1.4,2.3,20,17
1978,11,18,0,3,21,16.5
1978,11,19,0,2.2,28.5,15
1978,11,20,2.6,3,26,18
1978,11,21,0,1.5,23.5,18.5
1978,11,22,0,1.4,22,19.5
1978,11,23,2.4,2.1,30,18.5
1978,11,24,0,0.6,27,17
1978,11,25,0,2.4,31,21
1978,11,26,0,2.8,22.1,20.5
1978,11,27,0.5,1.7,29.5,21
1978,11,28,1.5,0.8,28,16
1978,11,29,0,3.6,28.5,14
1978,11,30,0,2.9,27,15.5
1978,12,1,2,1,28.5,15
1978,12,2,0,0.7,29,21
1978,12,3,0,0.5,31,22
1978,12,4,0,1.6,30,17
1978,12,5,0,3.2,23.5,17
1978,12,6,0,1.7,30,15
1978,12,7,0,1.5,22.5,20
1978,12,8,0,2.9,26,19.5
1978,12,9,0,4,24.5,7.5
1978,12,10,0,4,27.5,8.5
1978,12,11,0,2,16,9.5
1978,12,12,0,1.9,15,8.5
1978,12,13,0,4,24,9.5
1978,12,14,0,4,20,11
1978,12,15,0,3,19.5,14
1978,12,16,0,3.6,20,15.5
1978,12,17,0,4.1,27,17.5
1978,12,18,0,3.2,26,14
1978,12,19,0,0.7,24,17.5
1978,12,20,0,1.5,22.5,17
1978,12,21,0,3.9,30,16
1978,12,22,0,3.1,23,14
1978,12,23,0,3.4,28.5,15.5
1978,12,24,0,5.8,26,16
1978,12,25,0,2.1,21,15
1978,12,26,0,1.9,26,15.5
1978,12,27,0,3,21.5,16
1978,12,28,0,2.1,20.5,14
1978,12,29,0,1.6,32,10
1978,12,30,0,3.5,27,14.5
1978,12,31,0,3.9,29,19
1979,1,1,0,2.7,19.5,15
1979,1,2,0,1.3,18,5
1979,1,3,0,3.4,12,4
1979,1,4,0,3,19,7
1979,1,5,0,0.9,25,11
1979,1,6,0,2.7,26.5,14.5
1979,1,7,0,2.4,19.5,15.5
1979,1,8,0,0.9,10.5,9.5
1979,1,9,0,1,19,8.5
1979,1,10,0,2.2,21,7
1979,1,11,0,2.3,20,7
1979,1,12,0,2.9,25,10
1979,1,13,0,4.3,28.5,10
1979,1,14,0,1.4,15.5,11.5
1979,1,15,0,6.4,19.5,7.5
1979,1,16,0,4.6,22.5,8
1979,1,17,0,3.3,22,9.5
1979,1,18,0,4,25.5,13.5
1979,1,19,0,3.1,24.5,16
1979,1,20,0,1.7,30,16
1979,1,21,0,2.3,18,15
1979,1,22,0,1,25.5,8
1979,1,23,0,3.9,27,9
1979,1,24,0,2.3,18.5,11
1979,1,25,0,1.5,24.5,12
1979,1,26,0,1.5,33,12.5
1979,1,27,0,2.1,22.5,13
1979,1,28,2.5,3.2,21.5,13.5
1979,1,29,0,2.2,26.5,12
1979,1,30,0,3,22.5,14
1979,1,31,0,2.8,16.5,14
1979,2,1,0,1,18.5,11
1979,2,2,0,1.8,26,11.5
1979,2,3,0,1.4,25,13
1979,2,4,0,2.8,26.5,16
1979,2,5,0,2.1,23,16.5
1979,2,6,0,1.5,18,16
1979,2,7,0,3.2,20,13.5
1979,2,8,0,1,23,12
1979,2,9,2.2,0.5,18.5,12
1979,2,10,3.4,0.7,21,11.5
1979,2,11,1,1.3,23,12.5
1979,2,12,0,1.9,25,15.5
1979,2,13,0,2.9,27,14
1979,2,14,0,4.2,27.5,12.5
1979,2,15,0,4,30,15
1979,2,16,1.5,3.1,25,16
1979,2,17,2.5,0.5,13,11
1979,2,18,0,0.7,18,7.5
1979,2,19,3.4,2.8,18.5,8
1979,2,20,0,1.4,27,10
1979,2,21,0,3.8,27,13
1979,2,22,0,2.7,29,16
1979,2,23,0,2.9,31,18.5
1979,2,24,0,4.5,32,19
1979,2,25,0,2,26.5,15
1979,2,26,0,2.9,22,14
1979,2,27,0,5.1,25.5,13.5
1979,2,28,0,3.5,28,14
1979,3,1,0,4.1,27.5,17.5
1979,3,2,0,4.2,30,17
1979,3,3,0,4.2,26.5,17.5
1979,3,4,0,5.5,25,16.5
1979,3,5,0,2.7,23.5,14
1979,3,6,0,2.6,19.5,13.5
1979,3,7,0,1.4,27.5,14
1979,3,8,0,6.2,30.5,14
1979,3,9,0,4,28,11.5
1979,3,10,0,3.2,27.5,16.5
1979,3,11,0,3.7,20.1,15
1979,3,12,4.3,2.7,23,14.5
1979,3,13,0,3.4,27,13.5
1979,3,14,0,4.3,25,17
1979,3,15,0.7,1,28.5,19
1979,3,16,0,2.3,27,19.5
1979,3,17,0,2.3,28,20.5
1979,3,18,0,3.5,29,21
1979,3,19,0,5.9,32.5,19
1979,3,20,0,5,30,19.5
1979,3,21,0,5.2,30,22
1979,3,22,0,6.1,34,23
1979,3,23,0,4.9,30,19.5
1979,3,24,0,3.7,29,19.5
1979,3,25,0,1.3,27.5,18.5
1979,3,26,0,3.2,28,17.5
1979,3,27,0,3.1,29,19
1979,3,28,0,2.1,23,22
1979,3,29,0,2.3,28,22
1979,3,30,0,2.1,30,20
1979,3,31,0,2.8,29.5,19
1979,4,1,0,3,26,23
1979,4,2,0,3.1,32,20
1979,4,3,0,3.5,31.5,22.5
1979,4,4,0,1.3,27,21.5
1979,4,5,1.8,1.9,26,19.5
1979,4,6,0,1.7,28,19
1979,4,7,0,4.2,32.5,18.5
1979,4,8,0,3,32,20.5
1979,4,9,0,5.6,33.5,19
1979,4,10,0,6.4,38.5,21
1979,4,11,0,8.2,43.5,20.5
1979,4,12,0,6,39,20
1979,4,13,0,2.8,36,19.5
1979,4,14,0,3.8,30.5,20
1979,4,15,0,4.1,32,21.5
1979,4,16,1,4.6,35,21
1979,4,17,0,5.4,33,22
1979,4,18,0,5.7,35,21.5
1979,4,19,0,5.9,38,19.5
1979,4,20,1,4.6,36.5,22.5
1979,4,21,5,4.6,29.5,21
1979,4,22,0,5.2,29,20.5
1979,4,23,0,3.8,33,19.5
1979,4,24,1,6,35,18.5
1979,4,25,0,6.1,38,17
1979,4,26,0.2,5,37.5,21
1979,4,27,0,5.8,33.5,22
1979,4,28,0,5.3,33,24
1979,4,29,0,5.2,33.5,22.5
1979,4,30,0,6.6,34.5,24
1979,5,1,0,6.6,33.5,22.5
1979,5,2,0,5.5,37.5,23
1979,5,3,0,5.7,39,24
1979,5,4,0,4.9,30,25
1979,5,5,0,4.8,25,18.5
1979,5,6,0,4.8,33.5,19.5
1979,5,7,0,3.7,36.5,18
1979,5,8,0,8.6,35,19.5
1979,5,9,0,5.6,37,22
1979,5,10,0,5.2,36,21
1979,5,11,40,9.1,39,23.5
1979,5,12,0,3.3,22.1,21
1979,5,13,0,1.9,23,18
1979,5,14,0,2.5,29,19
1979,5,15,3,4.1,30,18.5
1979,5,16,0,2.9,27.5,21
1979,5,17,0,5.8,29.5,18
1979,5,18,0,4.8,31.5,19
1979,5,19,0,5.1,34,18.5
1979,5,20,0,7,32,21
1979,5,21,0,6.4,34,22
1979,5,22,0,5.7,33.5,22
1979,5,23,0,4.9,34,24
1979,5,24,0,5.8,32,23.5
1979,5,25,0,3.4,32.5,21
1979,5,26,0,4.4,32,20.5
1979,5,27,0,6.8,34,22.5
1979,5,28,0,6.3,34.5,23
1979,5,29,0,8.4,37,24
1979,5,30,0,4.9,36,24
1979,5,31,0,5.9,35,25
1979,6,1,0,6.5,36,23.5
1979,6,2,0,5.3,35.5,23.5
1979,6,3,0,4.7,34.5,24
1979,6,4,0,5.1,32,24
1979,6,5,7.5,4.3,33,23
1979,6,6,0,3.1,31.5,24
1979,6,7,0,4.9,35,25
1979,6,8,0,5.6,35,25.5
1979,6,9,20.4,6.2,35,24.5
1979,6,10,29,6.1,32.5,21.5
1979,6,11,0,2.7,28,21
1979,6,12,0,4.8,31,22
1979,6,13,0,3.1,31,19.5
1979,6,14,0,4,33,17
1979,6,15,0,7.4,32.5,19.5
1979,6,16,0,3.7,30,19.5
1979,6,17,0,NULO,NULO,NULO
1979,6,20,0,NULO,NULO,NULO
1979,6,21,0,7.2,35,20
1979,6,22,0,7.2,36,22
1979,6,23,0,6.9,35,20.5
1979,6,24,0,5.5,33.5,23
1979,6,25,0,4.3,32.5,22
1979,6,26,0,4.2,33,21
1979,6,27,0,5.2,34.5,23.5
1979,6,28,2.4,3.8,32.5,21
1979,6,29,0,6.4,35.5,22
1979,6,30,0,5.8,35,22.5
1979,7,1,0,5,37,23.5
1979,7,2,0,6.9,36,21
1979,7,3,23.8,2.9,34.5,23
1979,7,4,0,4.3,33,23.5
1979,7,5,0,2.4,35.5,23.5
1979,7,6,0,2.9,33.5,23
1979,7,7,8.4,2.6,33,22.5
1979,7,8,2.9,4.3,31,23
1979,7,9,0,2.6,35.5,23.5
1979,7,10,33,5,36,24
1979,7,11,0,6.6,35,24
1979,7,12,2.4,6.9,34,24.5
1979,7,13,0,3.7,34.5,24
1979,7,14,0,7.5,34,24.5
1979,7,15,0,5.2,34,25
1979,7,16,2.1,3.9,32,24
1979,7,17,0,5.9,34,23
1979,7,18,0,4.4,35,22.5
1979,7,19,0,5.5,35,22
1979,7,20,0,6.2,35.5,23.5
1979,7,21,0,7.3,35,24.5
1979,7,22,0,7.3,35.5,24.5
1979,7,23,0,6.6,36.5,25.5
1979,7,24,0,9.5,37,24
1979,7,25,0,6.1,36,24
1979,7,26,0,6.5,36,23
1979,7,27,0,5.2,35,22.5
1979,7,28,3.2,7.4,35,23.5
1979,7,29,0,5.9,35,22.5
1979,7,30,0,6.1,36,22.5
1979,7,31,0,5.2,35.5,22
1979,8,1,0,5,34.5,23.5
1979,8,2,0,7.3,34.5,22.5
1979,8,3,2,2,31,22.5
1979,8,4,0,4.3,31,21
1979,8,5,15,5,27.5,23.5
1979,8,6,8.5,5.8,28,22
1979,8,7,0,3.5,33.5,21.5
1979,8,8,2.4,4.8,34,22.5
1979,8,9,1.5,4.4,33,23.5
1979,8,10,0,3.5,33,23
1979,8,11,0,6.3,34,23.5
1979,8,12,9.2,3.1,32,24
1979,8,13,8.9,4.4,29.5,24.5
1979,8,14,20.3,5,30,22.5
1979,8,15,25.2,4.2,27,20.5
1979,8,16,0,4.9,31.5,20
1979,8,17,0,3.5,32,20
1979,8,18,0,5.2,31,22
1979,8,19,0,6.7,33.5,23.5
1979,8,20,13.5,5.9,32,22.5
1979,8,21,0,5.2,33,22.5
1979,8,22,0,4.9,34.5,22.5
1979,8,23,17.8,6.5,32,24.5
1979,8,24,5.9,2.1,30.5,21.5
1979,8,25,0,3.3,29,21
1979,8,26,0,2.1,29.5,20.5
1979,8,27,0,4.5,31.5,21.5
1979,8,28,0,3,32.5,23
1979,8,29,0,3.5,32.5,23.5
1979,8,30,7.3,4.4,33,23.5
1979,8,31,0,5.2,33.5,22
1979,9,1,0,6,34.5,22
1979,9,2,0,6,35,23
1979,9,3,3.7,6.1,34.5,22.5
1979,9,4,16.8,5,33.5,23
1979,9,5,0,5.1,34,22.5
1979,9,6,10.8,3.1,31,22.5
1979,9,7,93.8,2.4,29,24
1979,9,8,60.9,4.5,27,22.5
1979,9,9,34,2.7,26,22
1979,9,10,56,4.8,26.5,22
1979,9,11,3,2,29.5,22.5
1979,9,12,0,5.4,31,22.5
1979,9,13,0,4.3,32,23.5
1979,9,14,0,4,32,23.5
1979,9,15,0,5.6,30,22.5
1979,9,16,0,5.5,28,21
1979,9,17,8.5,0.3,26.5,20
1979,9,18,4.5,0.3,24.5,18.5
1979,9,19,0,2.5,29.5,20
1979,9,20,0,2.6,32.5,21
1979,9,21,0,5.1,32,22
1979,9,22,0,2.7,31.5,22.5
1979,9,23,0,4.1,30,20.5
1979,9,24,0,5.3,31,21.5
1979,9,25,0,4,31,21
1979,9,26,0,4,30,18.5
1979,9,27,0,4.9,31.5,19.5
1979,9,28,0,5,31,19
1979,9,29,0,5.4,32.5,19.5
1979,9,30,0,3.8,32,17.5
1979,10,1,0,7.1,32.5,16.5
1979,10,2,0,4.4,33,17.5
1979,10,3,0,6.4,33,16
1979,10,4,0,8.2,31.5,19
1979,10,5,0,6.6,32.5,18
1979,10,6,0,4.3,33,18.5
1979,10,7,0,5.8,31,19.5
1979,10,8,0,3.4,32,18
1979,10,9,0,3.9,33,18
1979,10,10,0,7.2,30,19.5
1979,10,11,0,4.8,33,17
1979,10,12,0,4.8,33.5,19
1979,10,13,0,4.5,33,18
1979,10,14,0,1.8,31,20.5
1979,10,15,0,5.9,34,21
1979,10,16,0,3.2,33,20
1979,10,17,0,4,33,20
1979,10,18,0,5.6,33,20
1979,10,19,0,4.9,34,18
1979,10,20,0,4.7,34,19
1979,10,21,0,4.2,34,20.5
1979,10,22,0,7.2,33,23
1979,10,23,0,6.4,28,20.5
1979,10,24,0,5.5,28,15
1979,10,25,0,3.4,30,16
1979,10,26,0,3.8,30.5,16.5
1979,10,27,0,3.5,32.5,18.5
1979,10,28,0,4.4,31.5,20
1979,10,29,0,4.4,32,22.5
1979,10,30,0,3.7,31,23
1979,10,31,0,3.8,29,22
1979,11,1,0,2.1,28.5,15.5
1979,11,2,0,3.4,25,17
1979,11,3,0.6,4.5,20,17.5
1979,11,4,0,1.8,27,18
1979,11,5,0,1.9,29,17.5
1979,11,6,0,2.3,28.5,19.5
1979,11,7,0,0.9,24,16.5
1979,11,8,0,4.2,31,15
1979,11,9,0,3.6,30,18.5
1979,11,10,0,4.2,29,19.5
1979,11,11,0,2.6,20,16.5
1979,11,12,0,1.1,23.5,15
1979,11,13,1.5,2.1,20,19
1979,11,14,0,2.7,18.5,14
1979,11,15,1.5,4.9,21.5,15
1979,11,16,0.4,3.7,24.5,16
1979,11,17,0,3.9,26,15
1979,11,18,0,3.3,29,15
1979,11,19,2.5,1.4,29,16.5
1979,11,20,0,2,29.5,20.5
1979,11,21,20.5,4,31,20.5
1979,11,22,0,4,19,17
1979,11,23,0,0.6,16.5,9.5
1979,11,24,1,3.4,25.5,11
1979,11,25,0,2.7,24.5,10.5
1979,11,26,0,3.7,29,9
1979,11,27,0,4.4,30,13
1979,11,28,0,5.6,27.5,17.5
1979,11,29,0,4.5,17,14
1979,11,30,0,2.6,17.5,10.5
1979,12,1,2,1,17,10.5
1979,12,2,20,2.3,13.5,10.5
1979,12,3,90.2,1.8,14,10
1979,12,4,52,2,15,10.5
1979,12,5,0,4,22,11
1979,12,6,0,0.7,25,14
1979,12,7,1.5,2.9,26,10.5
1979,12,8,64,1.5,26.5,11.5
1979,12,9,6.9,2.4,22,16.5
1979,12,10,0,2.8,25,18
1979,12,11,0,2,28,17
1979,12,12,0,2.8,27.5,18.5
1979,12,13,1.8,0.9,21.5,16.5
1979,12,14,6,0.8,17,13
1979,12,15,0,1.2,15.5,11.5
1979,12,16,1.5,1.2,20,12
1979,12,17,0,1.7,15.5,14
1979,12,18,0,2.3,18,8.5
1979,12,19,0,1.6,23,9
1979,12,20,0,2,25,13
1979,12,21,0,2.3,26.5,14.5
1979,12,22,0,1,27,15
1979,12,23,0,1.6,30,16
1979,12,24,0,2,29,16.5
1979,12,25,0,4.3,25,13.5
1979,12,26,0,1.7,26,9
1979,12,27,0,1.4,24,14.5
1979,12,28,0,2,26,15
1979,12,29,3.9,3.4,20,14.5
1979,12,30,0,3,20,14.5
1979,12,31,0,1,18,14.5
1980,1,1,0,1.4,20,14
1980,1,2,0,0.7,24,14.5
1980,1,3,0,1.5,24,16
1980,1,4,0,1.7,23,7
1980,1,5,0,2.2,24,8.5
1980,1,6,0,2.6,25,11.5
1980,1,7,0,1.9,27,11
1980,1,8,0,2.9,25,13
1980,1,9,0,3.7,28,15
1980,1,10,0,1.3,27,17
1980,1,11,0,3.4,26.5,17.5
1980,1,12,0,1.3,19,17
1980,1,13,0,2.3,26.5,12.5
1980,1,14,0,3.4,28,11.5
1980,1,15,0,2.4,28,12.5
1980,1,16,0,2.5,27,16.5
1980,1,17,0,2.4,29,20
1980,1,18,0,2.5,28,19.5
1980,1,19,3.8,2.1,28,18.5
1980,1,20,0,2.7,28,19.5
1980,1,21,3.2,2.8,28,20
1980,1,22,5.8,1.8,20.1,19
1980,1,23,0,0.5,12,10
1980,1,24,0,2.2,17.5,9
1980,1,25,1.9,2.7,20.5,10
1980,1,26,0,3.5,29,12
1980,1,27,0,1.8,26.5,14.5
1980,1,28,1.9,0.7,23.5,12.5
1980,1,29,1.7,2.6,27,19
1980,1,30,0,3.7,27.5,19.5
1980,1,31,4,0.9,20,18
1980,2,1,0,0.5,10,7
1980,2,2,0,1.1,17,8
1980,2,3,0,1,18,8
1980,2,4,0,4.3,25.5,7
1980,2,5,0,3,21,9
1980,2,6,0,0.2,20,10
1980,2,7,0,2.8,26,14.5
1980,2,8,0,2.8,26.5,13
1980,2,9,0,0.8,13.5,12.5
1980,2,10,0,1.3,14,8.5
1980,2,11,0.7,1.5,16,9.5
1980,2,12,0.6,2.7,19,11.5
1980,2,13,2,1.2,25,13
1980,2,14,0,1.5,26,14
1980,2,15,0,4.2,30,11
1980,2,16,0,5.6,25.5,13
1980,2,17,0,3.9,15,10.5
1980,2,18,0,1.5,23,8.5
1980,2,19,0,1.8,27,9.5
1980,2,20,0,4.6,30,10.5
1980,2,21,0,4.9,30,16
1980,2,22,0,3.7,30.5,15
1980,2,23,0,1.3,25,17
1980,2,24,22,2,25.5,17
1980,2,25,0.2,0.1,25,19
1980,2,26,0,1.7,21.5,12.5
1980,2,27,0,2.2,20.5,13
1980,2,28,0,1.7,21,15
1980,2,29,0,4.3,31,15
1980,3,1,0,4.3,22.5,18.5
1980,3,2,0,2.7,12,8.5
1980,3,3,0,4.1,20,8
1980,3,4,0,2.6,27,9
1980,3,5,0,3.2,29,14
1980,3,6,0,3.1,29,15.5
1980,3,7,0,4.1,31,16
1980,3,8,1,1.6,27,18
1980,3,9,0,5,29,20
1980,3,10,0,1.9,28,20
1980,3,11,0,3.4,30,18
1980,3,12,0,5.9,35,18
1980,3,13,0,4.3,30,19.5
1980,3,14,0,3.4,26,14.5
1980,3,15,0,4.5,29,15.5
1980,3,16,0,3.1,31,18.5
1980,3,17,2.7,3.1,29,19
1980,3,18,0,4.7,22.5,14
1980,3,19,0,3.2,30,16
1980,3,20,0,4.8,31,16.5
1980,3,21,0,8.1,26,18
1980,3,22,0,3.6,26.5,18.5
1980,3,23,NULO,NULO,NULO,NULO
1980,3,25,0,NULO,NULO,NULO
1980,3,26,0,1.9,32,19.5
1980,3,27,0,2.9,31,18.5
1980,3,28,0,4.7,30,20
1980,3,29,0,5.1,33,21
1980,3,30,0,5.4,28,19
1980,3,31,0,3.3,29,19
1980,4,1,0,3.1,33,19
1980,4,2,0,9,35.5,21
1980,4,3,0,3.6,32,22
1980,4,4,0,2.7,27,23
1980,4,5,1.8,0.5,24,17.5
1980,4,6,0,4.6,31.5,18
1980,4,7,0,6.5,35,21
1980,4,8,16.5,10.7,28.5,22.5
1980,4,9,0,3.9,28,16.5
1980,4,10,0,5.4,31,14
1980,4,11,0,4.1,36.5,17
1980,4,12,0,9.3,40,19.5
1980,4,13,0,5.3,20.5,15
1980,4,14,0,5.5,29,14
1980,4,15,0,5.4,25,14.5
1980,4,16,0,3.7,23.5,17.5
1980,4,17,0,2.7,25.5,18
1980,4,18,0,4.6,30.5,16.5
1980,4,19,0,4.6,29,17
1980,4,20,0,5.1,28,15.5
1980,4,21,0,3.8,29,17.5
1980,4,22,0,5.7,28,16.5
1980,4,23,0,1.4,32,15
1980,4,24,0,4,35,18
1980,4,25,0,7.6,40,21
1980,4,26,0,3.2,38,17.5
1980,4,27,0,6.6,30,15
1980,4,28,0,8.2,29,16
1980,4,29,0,6,33,16.5
1980,4,30,0,4.2,34.5,18
1980,5,1,0,5.3,34,21.5
1980,5,2,0,6,30,22
1980,5,3,0,2.6,31.5,22
1980,5,4,0,2.8,31,23.5
1980,5,5,0,4.7,31,23
1980,5,6,0,5.8,33,21.5
1980,5,7,0,5.2,37,21
1980,5,8,0,7.5,42,22
1980,5,9,0,4.8,32,23
1980,5,10,0,4.2,36.5,23.5
1980,5,11,0,5.4,36,25
1980,5,12,2.2,5.9,38.5,26
1980,5,13,0,4.9,35,23
1980,5,14,0,6.9,35,24
1980,5,15,0,4.7,38,24.5
1980,5,16,0,8,44,23.5
1980,5,17,0,7.5,35,24.5
1980,5,18,0,4.3,36,25.5
1980,5,19,51,5.4,31,24
1980,5,20,0,3,32,21.5
1980,5,21,0,7.7,35,22.5
1980,5,22,0,5.3,34,23.5
1980,5,23,0,8.8,37,24
1980,5,24,0,3.1,36,24
1980,5,25,0,2.1,36.5,26
1980,5,26,66.3,7.1,37,25
1980,5,27,0,4.7,35,22
1980,5,28,0,5.9,34.5,22
1980,5,29,0,5.9,36,24
1980,5,30,0,7,36.5,24
1980,5,31,0,5.9,36.5,25
1980,6,1,0,5.8,34,22
1980,6,2,0,6.7,34,21
1980,6,3,0,7.8,34,23
1980,6,4,3.5,6.3,33,23
1980,6,5,0,6.3,35,22
1980,6,6,0,5.7,35,24.5
1980,6,7,0,7.3,36,25
1980,6,8,0,7.4,35.5,23.5
1980,6,9,0,3.9,35,22
1980,6,10,0,5.3,35,24
1980,6,11,0,6.4,34,20.5
1980,6,12,0,5,35,20
1980,6,13,0,6.6,34,21
1980,6,14,0,5.4,35,22
1980,6,15,0,7.4,36,23
1980,6,16,0,9.6,35.5,22
1980,6,17,0,8.5,35,24
1980,6,18,0,4.9,36.5,22
1980,6,19,0,6.6,34,24
1980,6,20,18,7,28,24
1980,6,21,0,4.3,33,23
1980,6,22,28.5,1.1,28.5,23
1980,6,23,0,4.8,33,22
1980,6,24,0,6.5,32,23
1980,6,25,10.5,3.6,32,22
1980,6,26,0,5.1,34,23
1980,6,27,0,5.4,34,22.5
1980,6,28,0,4.9,34,23
1980,6,29,0,8.5,35,24
1980,6,30,0,6.6,33,24
1980,7,1,0,5.5,35,22
1980,7,2,0,6.3,36,24
1980,7,3,0,6.8,35,22
1980,7,4,0,5.1,34,21
1980,7,5,0,8,35,22
1980,7,6,0,7.1,36,21
1980,7,7,0,NULO,NULO,NULO
1980,7,11,0,7.5,NULO,NULO
1980,7,12,0,4.6,37,22.5
1980,7,13,0,7.9,36.5,22
1980,7,14,4,2.8,34,23.5
1980,7,15,0,4.2,34.5,22
1980,7,16,0,7.2,36,22
1980,7,17,0,7.9,37,22
1980,7,18,0,6.3,37,22
1980,7,19,0,7.9,36,22.5
1980,7,20,0,5.1,34,24
1980,7,21,0,3,37,23
1980,7,22,0,3,37.5,23
1980,7,23,0,4.6,36,22
1980,7,24,0,5.1,37,23
1980,7,25,0,5.9,39,24
1980,7,26,0,4,34,24
1980,7,27,0,8.3,38,23
1980,7,28,0,6.9,35,23
1980,7,29,0,4.7,38,23
1980,7,30,0,8,34.5,21
1980,7,31,0,8.3,36.5,20
1980,8,1,0,7.4,36,21
1980,8,2,0,7.2,37,22.5
1980,8,3,0,7.1,35,23.5
1980,8,4,0,6.2,36,24
1980,8,5,0,6.2,37,23.5
1980,8,6,40.4,3.5,32,23
1980,8,7,0,5.2,31,22
1980,8,8,0,6,34,23
1980,8,9,0,5.4,37,23
1980,8,10,0,8.6,37,24.5
1980,8,11,10,6.7,35,25
1980,8,12,12,2.4,33,24
1980,8,13,0,3.3,33,24
1980,8,14,0,5.5,34.5,23.5
1980,8,15,0,6.7,35,22
1980,8,16,0,5.8,36,23
1980,8,17,0,2.7,32,25
1980,8,18,4,1.3,31,24
1980,8,19,0,4.2,34,24.5
1980,8,20,0,3.5,35,22.5
1980,8,21,0,4.2,33,23
1980,8,22,12.9,3.9,33.5,22
1980,8,23,0,5.2,33.5,22.5
1980,8,24,0,4,34,22
1980,8,25,4.4,4.2,35.5,22
1980,8,26,2.7,4,35,21.5
1980,8,27,0,5.8,36,22
1980,8,28,0,4.1,35,22
1980,8,29,0,5.9,35,23
1980,8,30,0,7.2,34,23
1980,8,31,2.2,3.4,33.5,22
1980,9,1,25.8,4.7,31.5,22
1980,9,2,28,5.7,30.5,21
1980,9,3,4,3,29,21
1980,9,4,1.8,3.5,28,22
1980,9,5,0,4,33,21
1980,9,6,0,4.9,34,22.5
1980,9,7,0,5.1,34,21
1980,9,8,0,3.4,32,22.5
1980,9,9,27,3.1,33,22
1980,9,10,29.5,1.7,30.5,22
1980,9,11,3,2.2,30,21.5
1980,9,12,0.1,2.3,31,21
1980,9,13,0,2.3,32,21.5
1980,9,14,2.8,1,32.5,23
1980,9,15,0,2.2,30,22
1980,9,16,0,3.3,32.5,22
1980,9,17,0,3.4,32,21
1980,9,18,0,4.6,34.5,22
1980,9,19,0.8,2.9,30,21
1980,9,20,1.3,1.9,30.5,21.5
1980,9,21,0,3.2,33,21.5
1980,9,22,0,3.4,32.5,22
1980,9,23,53,4.8,32,22.5
1980,9,24,40,2.9,30,22.5
1980,9,25,24,2.2,29,22.5
1980,9,26,14,3.9,29,23
1980,9,27,9.6,4.3,31,23
1980,9,28,1,3.5,31.5,23
1980,9,29,7.4,5.2,31.5,23
1980,9,30,0,2.8,32,23
1980,10,1,4.8,1.8,27.5,21.5
1980,10,2,0,5,30,19
1980,10,3,6.5,2.3,29,19.5
1980,10,4,0,6.7,30,21
1980,10,5,0,2.8,30,18.5
1980,10,6,0,4.4,29,18
1980,10,7,0,2.7,29,20
1980,10,8,0,4.4,28.5,18
1980,10,9,0,3,28.5,18.5
1980,10,10,0,4.4,29.5,17
1980,10,11,0,3.9,29.5,18
1980,10,12,0,3,30,20.5
1980,10,13,0,5.4,31,20.5
1980,10,14,0,4.9,32,21
1980,10,15,0,5.1,32.5,20.5
1980,10,16,0,3.8,32,22
1980,10,17,0,2.9,33,23
1980,10,18,2,3.4,33.5,24
1980,10,19,7.8,1,28.5,22
1980,10,20,8.4,1.9,20.5,18
1980,10,21,1,2.2,23,16.5
1980,10,22,0,3.8,26,17
1980,10,23,0,2.7,29,20
1980,10,24,1,1.5,28,21
1980,10,25,0,2.6,26,16.5
1980,10,26,0,1.6,30,17
1980,10,27,0,4.2,31,20
1980,10,28,8.4,4.9,33,22
1980,10,29,4.2,2.3,13.5,10
1980,10,30,0,0.8,17,10.5
1980,10,31,0,1.8,21,11
1980,11,1,0,3,25,11
1980,11,2,0,2.7,26,14.5
1980,11,3,0,1.9,29,17
1980,11,4,0,1.9,28,19
1980,11,5,0,3.3,26,18
1980,11,6,0,3.8,27,17
1980,11,7,0,1.9,29,15
1980,11,8,0,5.3,30,15
1980,11,9,0,3.1,29,16.5
1980,11,10,0,2.8,29,17
1980,11,11,0,3.2,28,17
1980,11,12,0,3.1,28,16
1980,11,13,0,1.8,29,15.5
1980,11,14,0,4.2,28,15
1980,11,15,3.2,1.7,27,12
1980,11,16,3.1,1.1,21,16.5
1980,11,17,0,1.7,20,10.5
1980,11,18,0,1.9,14,9
1980,11,19,0,0.7,17,10
1980,11,20,9.2,3.8,18,11
1980,11,21,7.8,4.2,16.5,12
1980,11,22,0,2.3,25,12
1980,11,23,2,0.9,21,13
1980,11,24,0,3,22,15.5
1980,11,25,4.7,2.4,25,16
1980,11,26,1.2,0.7,18,11
1980,11,27,0,0.4,21.5,10
1980,11,28,0,2.2,19.5,9
1980,11,29,0,1.2,23,9.5
1980,11,30,0,1.8,24,13
1980,12,1,0,0.7,24.5,13
1980,12,2,12.3,2.2,26,16
1980,12,3,0,1.4,21.5,18
1980,12,4,0,1.9,26,17.5
1980,12,5,0,1.7,25,18
1980,12,6,0,1.5,25,19
1980,12,7,0,1.7,27.5,19
1980,12,8,0,1.9,28.5,21
1980,12,9,4,1.3,25.5,21
1980,12,10,0,0.8,14,12
1980,12,11,0,1.1,19,10
1980,12,12,0,0.9,21,10.5
1980,12,13,0,2.1,25,13.5
1980,12,14,3.5,1.5,24,17
1980,12,15,0,2.5,27,15
1980,12,16,0,2.8,26,16
1980,12,17,0,1.4,26,11
1980,12,18,0,2.6,26.5,9.5
1980,12,19,5.2,2,24,10.5
1980,12,20,6,1.3,12.6,11.5
1980,12,21,6,2.1,11.5,7
1980,12,22,0,3.1,17,8
1980,12,23,0,1.6,23,10
1980,12,24,0,2.5,22.5,13
1980,12,25,0,1,18,12.5
1980,12,26,0,3.5,25,10
1980,12,27,0,1.6,24,10.5
1980,12,28,0,1.3,26,10
1980,12,29,0,1.7,25,9
1980,12,30,0,1.7,20,10.5
1980,12,31,0,3.5,23,3
1981,1,1,0,1.7,23,9
1981,1,2,0,3.1,23,8.5
1981,1,3,0,1.4,25,8.5
1981,1,4,0,1.4,24,9.5
1981,1,5,0,3.4,24.5,13.5
1981,1,6,0,1.5,26,14
1981,1,7,0,1.1,20,16.5
1981,1,8,0,2.2,24,15
1981,1,9,1,1.9,21,15
1981,1,10,19.5,1.2,19,15
1981,1,11,35.5,1.2,17,13.5
1981,1,12,15.5,1.2,16,12
1981,1,13,0,0.9,18.5,11
1981,1,14,0,1.4,21,11
1981,1,15,0,0.8,21,12
1981,1,16,20,0.4,16.5,12
1981,1,17,35,0.8,14,11.5
1981,1,18,10,0.7,11,8
1981,1,19,0,1.6,15,8.5
1981,1,20,0,1.8,19.5,9
1981,1,21,10,2.6,16,8
1981,1,22,34.5,1,12.5,11
1981,1,23,0,1.7,19,8
1981,1,24,0,2.4,23,6
1981,1,25,0,1.2,25,8
1981,1,26,0,3.8,24,9
1981,1,27,0,1.8,24.5,13
1981,1,28,0,3.6,27,15
1981,1,29,0,1.8,25.5,13
1981,1,30,0,2.4,24,13
1981,1,31,0,1.4,25,14.5
1981,2,1,0,4.4,25,16
1981,2,2,0,1.1,19,15
1981,2,3,1,1.7,18,12.5
1981,2,4,0,2.7,22,12
1981,2,5,0,1.7,25,15
1981,2,6,0,4,23,16.5
1981,2,7,0,1.2,26,13
1981,2,8,0,2.8,23,16.5
1981,2,9,0,2.6,28.5,15.5
1981,2,10,0,4.5,33,16
1981,2,11,0,2.4,13,9
1981,2,12,0,1,15,8
1981,2,13,21,2,15.5,9
1981,2,14,10.5,1.3,14,11.5
1981,2,15,0,1.2,21,11
1981,2,16,1,0.9,20,12
1981,2,17,0,2.5,25,15
1981,2,18,0,2.6,26,16
1981,2,19,0,2.6,26.5,17
1981,2,20,0,2.9,27,18
1981,2,21,0,1,28,15.5
1981,2,22,7.6,1,21.5,17
1981,2,23,0,1,23,14
1981,2,24,0,2.9,23,13
1981,2,25,0,2.5,27,14
1981,2,26,0,4.2,27,18
1981,2,27,0,2.7,27.5,17
1981,2,28,0,3.3,28,18
1981,3,1,0,4.4,28,19
1981,3,2,0,2.7,28,18
1981,3,3,0,1.3,26,18
1981,3,4,0,3.3,34,17.5
1981,3,5,0,4.6,29.5,16
1981,3,6,0,4.2,28,16
1981,3,7,1.8,2.7,27.5,17
1981,3,8,1,1.3,21,16.5
1981,3,9,0,2.7,23,17
1981,3,10,1.8,0.2,24,17
1981,3,11,2,1.5,23,18
1981,3,12,0,0.6,21,17.5
1981,3,13,0,1.4,21,15
1981,3,14,0,2.9,24,15.5
1981,3,15,0,4,30,16.5
1981,3,16,0,2.7,26.5,16
1981,3,17,0,4.4,26,16
1981,3,18,0,4.5,32,13
1981,3,19,0,3.4,24,15
1981,3,20,0,2.5,25,14
1981,3,21,0,4.3,35,14
1981,3,22,0,3.4,30,14
1981,3,23,0,2.5,25,14
1981,3,24,0,1.8,23,15
1981,3,25,0,2.6,27,16.5
1981,3,26,0,4,27.5,16
1981,3,27,0,1.7,28,16
1981,3,28,0,3.8,30,17
1981,3,29,0,2.5,31.5,18.5
1981,3,30,0,3.3,30,19
1981,3,31,0,3.8,31.5,19
1981,4,1,0,4,27.5,20
1981,4,2,0,3.7,31.5,22
1981,4,3,0,4,30.5,20
1981,4,4,0,6.9,34,20
1981,4,5,0,3.8,26.5,18
1981,4,6,0,2.9,26,18.5
1981,4,7,0,3.3,29,19.5
1981,4,8,0,2.6,30,18
1981,4,9,0,4.6,31,19.5
1981,4,10,0,4.1,30,21
1981,4,11,1.2,3.2,27,20
1981,4,12,1,2.6,28,20
1981,4,13,0,3.6,30,19.5
1981,4,14,2,1.5,26.5,19
1981,4,15,15.2,3,29,19.5
1981,4,16,43.5,3.7,29,20
1981,4,17,0.2,2,27,19.5
1981,4,18,0,4.3,29.5,19
1981,4,19,0,1.1,28,20.5
1981,4,20,0,2.4,31,20
1981,4,21,0,3.2,30,19
1981,4,22,0,3.2,29.5,22
1981,4,23,0,2.8,31,21
1981,4,24,0,4.6,28,22.5
1981,4,25,0,2.8,25.5,21
1981,4,26,0,1.2,30,21
1981,4,27,0,1.8,31.5,22.5
1981,4,28,0,2.8,32,22.5
1981,4,29,1,3.7,31.5,23
1981,4,30,0,4.9,31,23.5
1981,5,1,0,4.7,32,23
1981,5,2,1,2.6,32,23.5
1981,5,3,9,2.1,29,23
1981,5,4,0,1.9,31,22
1981,5,5,0,3,34.5,21.5
1981,5,6,0,3.2,32,20.5
1981,5,7,0,4.2,32,21
1981,5,8,0,3.6,32.5,22
1981,5,9,1,2.3,32.5,24
1981,5,10,0,3.5,29,20.5
1981,5,11,0,3.1,29,16
1981,5,12,0,4.5,32,17
1981,5,13,0,4.6,33,20.5
1981,5,14,0,4.4,33,24
1981,5,15,0,4,33,22.5
1981,5,16,0,4.2,36,23
1981,5,17,0,5.7,37,24
1981,5,18,0,5.2,36,24.5
1981,5,19,94.3,4.9,34,25
1981,5,20,0,3.2,31,20
1981,5,21,1,3.3,30.5,21
1981,5,22,2,4.1,34,23
1981,5,23,1.3,4.1,32,20
1981,5,24,0,4.3,33,21.5
1981,5,25,0,2.4,33,25
1981,5,26,0,5,35.5,25
1981,5,27,0,3.7,35,25
1981,5,28,25.7,3.1,33,26
1981,5,29,0,5,34,22
1981,5,30,12,4,34,23
1981,5,31,0,3,33,22
1981,6,1,0,5.4,33,23
1981,6,2,24,1,32,23
1981,6,3,0,1.3,30,23
1981,6,4,0,4.3,34,22
1981,6,5,0,3.7,34,23.5
1981,6,6,0,6.5,34,25
1981,6,7,0,2.1,35,24
1981,6,8,0,3.1,34,23
1981,6,9,0,3.6,34,24
1981,6,10,14,3.8,34,25
1981,6,11,0,4.3,34,23
1981,6,12,0,2.9,33,24
1981,6,13,0,4.1,33.5,22.5
1981,6,14,28,1.6,32,24
1981,6,15,18,3.4,30,23.5
1981,6,16,26,3.3,30,23.5
1981,6,17,38,2.9,29.5,23
1981,6,18,90,1.2,28,22
1981,6,19,15.4,4.5,29.5,22.5
1981,6,20,0,3.6,31,22.5
1981,6,21,0,3,32,23
1981,6,22,0,4.7,32.5,22
1981,6,23,6,3.6,32,23
1981,6,24,11,3.5,32,23.5
1981,6,25,37,1.7,27,22
1981,6,26,5.5,2.6,29.5,22
1981,6,27,0,1.7,30,22
1981,6,28,17,2.4,30,22
1981,6,29,31,4,31.5,22
1981,6,30,0,1.4,26.5,22
1981,7,1,0,2.4,29,22
1981,7,2,0,2.6,32,22
1981,7,3,0,4.8,32,22
1981,7,4,0,1.9,32,22
1981,7,5,0,1.9,31,23
1981,7,6,4.5,4.6,32,24
1981,7,7,0,0.9,28,23
1981,7,8,0,2.2,32,23.5
1981,7,9,1.1,1.6,30,22
1981,7,10,0,4.1,29.5,21.5
1981,7,11,0,5.4,30,20.5
1981,7,12,19,1.5,31,22
1981,7,13,0,5.1,32,21
1981,7,14,20,2.8,31,21
1981,7,15,6.5,3.9,31,21.5
1981,7,16,0,3.6,31,22
1981,7,17,0,2.6,31,22
1981,7,18,0,4.2,32,23
1981,7,19,0,2.3,33,23
1981,7,20,0,2.8,33.5,23
1981,7,21,0,2,33,23
1981,7,22,0,2.7,33,23
1981,7,23,0,3.5,33,22
1981,7,24,0,3.4,34,22
1981,7,25,0,5.1,33,21
1981,7,26,1.3,1,33,22
1981,7,27,6.1,1.6,31.5,22.5
1981,7,28,1.5,2.8,30,22
1981,7,29,0,1.2,31,21
1981,7,30,5.2,0.7,30,22.5
1981,7,31,1.8,2.1,31,22.5
1981,8,1,0,3.8,32,22
1981,8,2,0,3.5,32,21.5
1981,8,3,0,4.5,33.5,22
1981,8,4,0,3.3,32,22
1981,8,5,0,3.8,33,21
1981,8,6,0,3.4,33,22
1981,8,7,0,3.6,34,21
1981,8,8,NULO,NULO,NULO,NULO
1981,8,10,0,NULO,NULO,NULO
1981,8,11,0,3.4,33,22
1981,8,12,0,4.4,34.5,22
1981,8,13,0,1.7,32,22
1981,8,14,0,1.8,29,23
1981,8,15,0,3.2,33,22
1981,8,16,0,4.5,35,20
1981,8,17,0,5.6,35,22.5
1981,8,18,0,3.8,35,23
1981,8,19,0,3.6,33,23
1981,8,20,40,3.1,31,24
1981,8,21,2.6,5.6,33,22
1981,8,22,0,4.3,32,23
1981,8,23,24,2.7,32,23
1981,8,24,22,2,29,23
1981,8,25,53,1.2,28,22
1981,8,26,16,3.1,29,22
1981,8,27,160,2,27.5,22
1981,8,28,60,1.8,26,23
1981,8,29,0,3,31,22
1981,8,30,1,4.6,32,22.5
1981,8,31,0,4.3,33,23
1981,9,1,0,5.3,33.5,23.5
1981,9,2,3,5.4,35,22.5
1981,9,3,1,4.9,32,23
1981,9,4,5,1.4,27.5,22
1981,9,5,1,4.7,32,22
1981,9,6,3.6,3.2,31,22
1981,9,7,10,3.7,32.5,22
1981,9,8,0,2.6,31,22.5
1981,9,9,0,3.9,32,23
1981,9,10,0,4.3,33,22.5
1981,9,11,0,5.2,33,22
1981,9,12,0,5.1,33,22
1981,9,13,0,5.5,33,22.5
1981,9,14,0,5.7,33,23
1981,9,15,0,5.9,33.5,22
1981,9,16,53.8,6,34,22
1981,9,17,1,3.8,29,20.5
1981,9,18,0,2.9,26,19.5
1981,9,19,0,3.8,29,19
1981,9,20,0,4.1,32,20
1981,9,21,0,3.7,33,20.5
1981,9,22,0,4.6,32,22
1981,9,23,7,1.3,31,21
1981,9,24,0,5.6,30,21
1981,9,25,0,4.7,32,22
1981,9,26,0,2.9,32,21
1981,9,27,45.8,2.7,29,20
1981,9,28,60,1.8,27,22
1981,9,29,32,3.3,28,22
1981,9,30,6.2,1.4,26.5,21
1981,10,1,0,2.9,30,22
1981,10,2,0,4.5,29.5,22
1981,10,3,0,1.7,31,22
1981,10,4,0,2.9,31,22
1981,10,5,6,2.5,30,23
1981,10,6,5.2,2.6,32,22
1981,10,7,0,3.3,31,24
1981,10,8,0,2.7,32,22
1981,10,9,22.1,2.4,32,22
1981,10,10,5.2,2.7,33,24
1981,10,11,1.8,4.1,32,23
1981,10,12,0,3.2,32,23
1981,10,13,0,3.5,33,23
1981,10,14,0,1.7,32,23
1981,10,15,0,3.1,31,23.5
1981,10,16,0,2.2,32,20.5
1981,10,17,0,4.7,31,21.5
1981,10,18,0,4.3,31,19.5
1981,10,19,7.7,0.8,19.5,16.5
1981,10,20,0,4,28,16.5
1981,10,21,0,1.2,27,18
1981,10,22,0,3.1,31,20
1981,10,23,0,2.4,21,19.5
1981,10,24,0,1,23.5,14
1981,10,25,0,1.4,29,15
1981,10,26,0,4.6,25,18
1981,10,27,0,1.6,26.5,16
1981,10,28,0,2.9,28,16
1981,10,29,0,2.7,28,16
1981,10,30,0,2.2,30,19
1981,10,31,30.2,2.5,31,21
1981,11,1,0,1.8,21,16
1981,11,2,0,2.5,25,16
1981,11,3,0,2.5,26,15
1981,11,4,0,4.1,27,13
1981,11,5,0,4.7,29,17
1981,11,6,0,2.3,29,19
1981,11,7,0,1.9,28,19.5
1981,11,8,0,3.8,29,20
1981,11,9,0,3.6,25,18
1981,11,10,0,2.9,22,15.5
1981,11,11,0,3.3,25,10.5
1981,11,12,0,1.8,25,10.5
1981,11,13,0,2.9,26,13
1981,11,14,0,2,28,17
1981,11,15,0,3.3,29,15
1981,11,16,0,5,30,16
1981,11,17,0,2.7,29,15
1981,11,18,0,5,29,15
1981,11,19,0,4.1,28,15
1981,11,20,0,3.5,23.5,16
1981,11,21,0,4.6,26,11
1981,11,22,0,2.5,28,12
1981,11,23,0,4.4,30,15
1981,11,24,0,3.1,30,16
1981,11,25,0,2.5,30,17
1981,11,26,0,4.6,31,16
1981,11,27,0,3.4,30,17
1981,11,28,0,1.2,29,17.5
1981,11,29,0,3.5,31,21
1981,11,30,0,1.4,33.5,21
1981,12,1,0,3.3,28,21
1981,12,2,2.1,1.7,26,18
1981,12,3,1,0.7,25,19
1981,12,4,40,3.8,26,18
1981,12,5,0,1.8,24,16
1981,12,6,0,1.4,25,13.5
1981,12,7,0,2.1,29,15.5
1981,12,8,0,2.3,28,16
1981,12,9,0,1.7,25,15
1981,12,10,0,4.7,26,17
1981,12,11,0,0.8,29,14.5
1981,12,12,0,1.2,29,15
1981,12,13,0,2.5,28,16
1981,12,14,0,5.3,27,18
1981,12,15,0,0.7,22,14
1981,12,16,0,0.8,26,14
1981,12,17,17.5,4,29,15
1981,12,18,1,2.7,15,10
1981,12,19,0,2.4,18,9
1981,12,20,0,0.9,26,10
1981,12,21,0,1.2,27,15.5
1981,12,22,0,2.6,31,14
1981,12,23,0,5,21.5,15
1981,12,24,0,1.1,19.5,15
1981,12,25,0,2.1,21,11.5
1981,12,26,0,2.6,29,11
1981,12,27,0,2.5,31,13
1981,12,28,0,1.2,31,17.5
1981,12,29,0,3.5,25,17
1981,12,30,0,2.7,24,15
1981,12,31,0,4.6,29,15
1982,1,1,0,0.7,27,16
1982,1,2,0,1.6,27,19.5
1982,1,3,0,4.9,34,18.5
1982,1,4,0,3.2,22,15.5
1982,1,5,0,3.7,26.5,8.5
1982,1,6,0,2,29,10
1982,1,7,0,5.1,28,14
1982,1,8,0,1,12,9
1982,1,9,0,0.9,22,9.5
1982,1,10,0,3.2,25,11
1982,1,11,0,1.9,16,10.5
1982,1,12,0,1.6,25,8
1982,1,13,0,3.1,21,12
1982,1,14,0,2,17,7.5
1982,1,15,0,1.1,24,5
1982,1,16,0,3.4,25,9
1982,1,17,0,4,18,11
1982,1,18,0,2.3,28,14
1982,1,19,0,1.6,28,15.5
1982,1,20,0,3.2,30,15.5
1982,1,21,0,1.4,31,16
1982,1,22,0,2.1,30,17
1982,1,23,0,3.1,24,17
1982,1,24,0,4.3,28,14
1982,1,25,0,3.3,30,14.5
1982,1,26,0,4.1,26.5,15
1982,1,27,0,1.1,28.5,13.5
1982,1,28,0,4.5,28,14.5
1982,1,29,0,2.8,26,17
1982,1,30,0,5.6,30,16.5
1982,1,31,0,2.7,22,16
1982,2,1,0,2,24,11.5
1982,2,2,0,3.7,29,11.5
1982,2,3,0,3.4,21,12
1982,2,4,0,2.8,24,13
1982,2,5,0,3.9,25,14
1982,2,6,0,1.8,12.5,10.5
1982,2,7,0,1.2,17.5,6
1982,2,8,0,2.1,26,7
1982,2,9,0,1.4,26,12.5
1982,2,10,0,4.5,25,12
1982,2,11,0,1.6,24,13
1982,2,12,0,1.5,22,16
1982,2,13,3.2,0.7,18,16.5
1982,2,14,0,1.8,20,12
1982,2,15,0,2.8,29,12
1982,2,16,0,1.1,29,17
1982,2,17,0,2.7,28,16
1982,2,18,0,3,26.5,19
1982,2,19,0,1.5,25,20
1982,2,20,0,2.5,29,20
1982,2,21,0,1.8,23,19
1982,2,22,0,4.2,27,17
1982,2,23,0,3.4,28,15.5
1982,2,24,0,4,30,15
1982,2,25,40,4.6,29,17.5
1982,2,26,0,1.3,15,13
1982,2,27,0,4.9,16,10
1982,2,28,0,3,19,11
1982,3,1,0,0.6,20,13
1982,3,2,0,1.8,28,14
1982,3,3,0,3.6,29,10
1982,3,4,0,2.9,32,15
1982,3,5,0,5.1,30,19
1982,3,6,0,4.8,19,18
1982,3,7,0,3.1,20,10
1982,3,8,0,3.6,24,5
1982,3,9,0,2.9,26,10.5
1982,3,10,0,4.1,29,14
1982,3,11,0,3.2,30,17
1982,3,12,0,4.4,32,17
1982,3,13,0,3.8,31,18
1982,3,14,0,3.4,32.5,21
1982,3,15,0,4.4,32,21
1982,3,16,0,3.4,32,21
1982,3,17,0,2.8,32,19
1982,3,18,0,1.9,32,20.5
1982,3,19,0,2.8,32,19
1982,3,20,0,2.5,31.5,18.5
1982,3,21,0,5.6,31,21
1982,3,22,0.8,4.1,31,22
1982,3,23,0,2.2,28,19.5
1982,3,24,0,7,33,20
1982,3,25,0,5.8,31,22
1982,3,26,0,4.6,28,20.5
1982,3,27,0.5,2.9,31,18.5
1982,3,28,5.5,1.6,22.5,19
1982,3,29,0,4,29,15.5
1982,3,30,0,3.9,32,16
1982,3,31,0,3.4,31,19
1982,4,1,0,7.4,33,20.5
1982,4,2,0,6.6,35,22
1982,4,3,0,2,28,23
1982,4,4,0,3.3,34,22
1982,4,5,0,2.8,35,21
1982,4,6,0,7.3,30,22
1982,4,7,0,6.2,33,23
1982,4,8,0,7.7,38,22
1982,4,9,0,7,34,22
1982,4,10,0,7.9,33,24
1982,4,11,0,4.5,27,20
1982,4,12,0,5.9,31,18.5
1982,4,13,0,7.1,34,19
1982,4,14,0,4.9,29,19
1982,4,15,0,5.7,36,20
1982,4,16,0,7.1,37,22
1982,4,17,0,6.5,34,23
1982,4,18,0,3.2,33,24
1982,4,19,0,6.9,34,21.5
1982,4,20,0,4.6,34,22
1982,4,21,3,0.9,24,20
1982,4,22,0,2.2,23,17
1982,4,23,0,2.3,23,15
1982,4,24,1,4.7,30,16
1982,4,25,0,6.5,30.5,17
1982,4,26,2,4.1,33,20
1982,4,27,0,4.6,29,23
1982,4,28,16,6.3,30,23
1982,4,29,110,0.5,27,20
1982,4,30,0,4.5,29,19.5
1982,5,1,0,1.4,28,20
1982,5,2,0,1.7,25,21
1982,5,3,0,2.9,29,20
1982,5,4,0,3.1,31,21
1982,5,5,0,2.1,30,21
1982,5,6,0,2.3,31,22
1982,5,7,3.6,3,27,22
1982,5,8,0,3.6,28,19
1982,5,9,0,3.9,29,21
1982,5,10,0,5.8,32,20
1982,5,11,0,5.8,32,23
1982,5,12,0,5,32,24
1982,5,13,0,7.5,35,25
1982,5,14,120,3.2,33,25
1982,5,15,0,5.1,31,20
1982,5,16,70,1.1,29,23
1982,5,17,10,4.9,36,22
1982,5,18,0,3.4,29,21
1982,5,19,0,2,30,21
1982,5,20,70,2.4,29,23
1982,5,21,0,2.9,26.5,22
1982,5,22,20,3.2,27,21.5
1982,5,23,0,3.6,30,21
1982,5,24,0,3,29,23.5
1982,5,25,0,2.3,31,22
1982,5,26,0,5.4,33,23
1982,5,27,0,4.8,33,23
1982,5,28,2,2.1,33,25
1982,5,29,0,4.9,34,26
1982,5,30,0,5.4,33,25
1982,5,31,0,4.6,34,24
1982,6,1,0,5.2,33,25
1982,6,2,0,4.3,33,21
1982,6,3,0,5.6,34,22
1982,6,4,0,3.3,33,22
1982,6,5,0,5.3,34,21
1982,6,6,7,3.6,32,25
1982,6,7,0,6.7,33,24
1982,6,8,0,7,33,23
1982,6,9,7,5,34,22
1982,6,10,0,4.9,33,23.5
1982,6,11,0,5.3,33,23.5
1982,6,12,0,4.6,33,22.5
1982,6,13,0,3.5,33,24
1982,6,14,0,4.6,32.5,22
1982,6,15,0,7.8,34,23
1982,6,16,0,7.5,35,22
1982,6,17,0,5.8,34,23
1982,6,18,0,5,35,22
1982,6,19,0,5.6,36.5,23
1982,6,20,0,3.2,33,22
1982,6,21,0,8.2,35,22
1982,6,22,0,8,36,22
1982,6,23,0,8.7,36,23
1982,6,24,0,7.7,35,23
1982,6,25,0,6.8,36,21.5
1982,6,26,0,3.6,36,23
1982,6,27,0,6.4,35,23.5
1982,6,28,0,4.8,35,24
1982,6,29,50,7.7,34,23
1982,6,30,25,3,28.5,21
1982,7,1,40,3.5,34,21
1982,7,2,0,6,32,20
1982,7,3,0,5.2,33,22
1982,7,4,0,4.7,34,23
1982,7,5,0,5.8,34,22
1982,7,6,0,4.7,34,22
1982,7,7,0,4.1,33,21.5
1982,7,8,0,4.6,34,22
1982,7,9,0,5,33,21
1982,7,10,0,4.9,34,23
1982,7,11,0,5.4,35,22.5
1982,7,12,0,4.7,33,21
1982,7,13,0,4.6,34,22
1982,7,14,0,4.8,34,22
1982,7,15,0,5.2,34,22
1982,7,16,0,4.7,34,22
1982,7,17,4,4,34,22
1982,7,18,3,4.8,33,21
1982,7,19,0,3.4,33,21
1982,7,20,0,4.4,32,21
1982,7,21,0,5.9,34,21.5
1982,7,22,0,5.2,33.5,22
1982,7,23,0,6.7,36,22
1982,7,24,0,4.9,36,22
1982,7,25,0,3.6,36,23
1982,7,26,0,5.8,34,22
1982,7,27,0,4.1,35,22
1982,7,28,0,4.8,36,21
1982,7,29,0,6.5,35,21
1982,7,30,0,4.9,35,20
1982,7,31,0,5.9,36,21
1982,8,1,0,3.7,35,21
1982,8,2,0,2.8,35,22
1982,8,3,0,5,32,21
1982,8,4,0,3.8,33,22
1982,8,5,0,4.5,35,21
1982,8,6,0,4.4,35.5,23
1982,8,7,0,4.2,36,21
1982,8,8,3.1,6.5,35.5,20
1982,8,9,0,5.6,34,20.5
1982,8,10,6,5,33,21
1982,8,11,0,4.8,34,22
1982,8,12,0,4.7,33.5,22
1982,8,13,0,6.3,33.5,22
1982,8,14,0,5.5,34.5,21
1982,8,15,0,7.8,35,22
1982,8,16,0,5.3,36.5,21.5
1982,8,17,0,6.5,38,21
1982,8,18,0,4,33,23
1982,8,19,0,3.8,36,22
1982,8,20,0,6.5,35,21.5
1982,8,21,11,4.7,35.5,21
1982,8,22,5,5.3,33,22
1982,8,23,0,5.5,35,21.5
1982,8,24,0,6.1,34,21
1982,8,25,0,5.2,37,21
1982,8,26,0,4.1,36,20
1982,8,27,0,7.4,35.5,22
1982,8,28,0,6.9,35,22
1982,8,29,0,6.2,36,22
1982,8,30,0,7.9,34,21
1982,8,31,0,6.6,35,20.5
1982,9,1,0,4.7,36,24
1982,9,2,0,7.4,37,22
1982,9,3,60,6.5,37,22
1982,9,4,0,7.3,33,20
1982,9,5,0,5.3,32,22
1982,9,6,17.2,0.9,34,21
1982,9,7,0,5.2,33,20
1982,9,8,0,2.8,33,22
1982,9,9,0,3.7,32,23
1982,9,10,0,3.9,35,21
1982,9,11,0,7.4,35,24
1982,9,12,4,1.9,36,25
1982,9,13,0,1.7,30,21
1982,9,14,0,3.8,34,22
1982,9,15,0,2,34,21
1982,9,16,4,2.7,33,22
1982,9,17,0,4.2,31,21.5
1982,9,18,0,3.5,32,21
1982,9,19,0,2.5,34,21
1982,9,20,30,5.2,32,21
1982,9,21,35,2.3,28,22
1982,9,22,30,3.5,24,21
1982,9,23,0,5,30,19
1982,9,24,0,1.7,31,18
1982,9,25,0,6,30,22
1982,9,26,0,4.3,33,21
1982,9,27,0,2.5,31,19
1982,9,28,0,3.3,33,18
1982,9,29,0,5.1,34,20
1982,9,30,0,6.2,33,21
1982,10,1,20,2.9,33,22
1982,10,2,0,3.6,33,22
1982,10,3,0,4.5,32,21.5
1982,10,4,0,2.6,30,20
1982,10,5,0,3.4,34,21
1982,10,6,1.4,2,31,23.5
1982,10,7,14.3,3.6,30,22
1982,10,8,1.3,6.8,33,24
1982,10,9,18.2,5.7,34,24
1982,10,10,60.3,1.5,28,21
1982,10,11,100,2.3,27.5,20
1982,10,12,1.3,4,26,20
1982,10,13,0,1.4,21,18
1982,10,14,0,2.3,25,17
1982,10,15,0,3.7,28,19
1982,10,16,0,3.5,29,21
1982,10,17,0,3.8,30,17
1982,10,18,0,4.3,30,16
1982,10,19,0,1.8,31,18
1982,10,20,0,2.1,30,20
1982,10,21,11,1.4,31,19
1982,10,22,0,5.3,28,19
1982,10,23,0,2.9,27,18
1982,10,24,0,1.8,28,15
1982,10,25,0,2.7,26,18.5
1982,10,26,0,3.1,28,18
1982,10,27,0,2,30,18
1982,10,28,0,1.8,30,17
1982,10,29,0,2.6,31,19
1982,10,30,0,2.6,30,19
1982,10,31,0,1.8,31,19
1982,11,1,0,3.5,32,20
1982,11,2,0,4.4,32,21
1982,11,3,0,4.5,27,21
1982,11,4,0,3.4,21,13
1982,11,5,0,1.3,24,7
1982,11,6,0,0.3,28,11
1982,11,7,0,3.5,29,15
1982,11,8,0,4.2,30,14
1982,11,9,0,2,30,14
1982,11,10,0,1.9,31,15
1982,11,11,0,3.4,30,18
1982,11,12,0,3.5,28,17
1982,11,13,0,1.9,22,16
1982,11,14,9,4,31,16
1982,11,15,0,3.3,18,13
1982,11,16,0,1,26,11.5
1982,11,17,0,1.8,28,12
1982,11,18,0,1.9,30,16
1982,11,19,0,1.7,29,19
1982,11,20,0,1.8,30,18
1982,11,21,0,2.3,31,19
1982,11,22,0,1.8,30,20.5
1982,11,23,2.1,1.1,31,19
1982,11,24,0,1.3,24,17
1982,11,25,0,1.1,18,11
1982,11,26,3.2,1.1,19,10
1982,11,27,0,1.8,17,11
1982,11,28,0,2.1,24,13
1982,11,29,0,2.2,28,14
1982,11,30,0,1.3,30,18
1982,12,1,0,1.1,30,20
1982,12,2,0,2.1,30,19.5
1982,12,3,0,4.6,22,19
1982,12,4,0,2.8,23,16
1982,12,5,20,2.4,27,14
1982,12,6,4,2.6,25,15
1982,12,7,0,0.6,26,15
1982,12,8,29,1.4,26,18
1982,12,9,2,2.3,22,18
1982,12,10,0,0.8,20,14
1982,12,11,0,2.1,19,15
1982,12,12,2,1.7,13.1,12
1982,12,13,2,1.5,16,9
1982,12,14,0,1.7,20,10
1982,12,15,0,1.3,24,12
1982,12,16,0,0.7,22,12
1982,12,17,0,2,26,11
1982,12,18,0,1.9,27,10
1982,12,19,0,2.3,25,13
1982,12,20,0,2,26,12
1982,12,21,0,3.2,27,13
1982,12,22,0,2.2,28,15
1982,12,23,0,2.3,28,16
1982,12,24,0,3.2,31.5,14
1982,12,25,0,2.6,25,17
1982,12,26,0,3,19,13
1982,12,27,0,1.8,22,15
1982,12,28,2,1.1,21,15
1982,12,29,3,1.3,15,13
1982,12,30,0,1.3,15,10
1982,12,31,0,2,19.5,9
1983,1,1,0,1,17.5,11
1983,1,2,0,1.8,18,10
1983,1,3,1,1.3,17,9
1983,1,4,0,0.4,18,9
1983,1,5,4.2,0.6,18,11
1983,1,6,0,0.3,21,14
1983,1,7,0,1.2,26,15
1983,1,8,1,1.7,27,17
1983,1,9,0,2.3,23,16
1983,1,10,0,2.3,25,13
1983,1,11,0,2.4,23,14
1983,1,12,0,1.5,21,16
1983,1,13,0,1.5,21,12
1983,1,14,0,0.7,25,13
1983,1,15,2.1,1.5,19,15
1983,1,16,4.3,0.4,14.5,10
1983,1,17,0,0.5,21,10
1983,1,18,8.7,0.3,19,12
1983,1,19,0,1.1,20,14
1983,1,20,0,1.9,20,14
1983,1,21,0,1.5,21,12
1983,1,22,0,2.6,20,14
1983,1,23,0,1.7,25,11
1983,1,24,0,1.3,24,11.5
1983,1,25,0,1.2,24,10.5
1983,1,26,0,2.4,26,10.5
1983,1,27,0,1.5,21,11
1983,1,28,0,1.5,25,10
1983,1,29,0,2,28,11
1983,1,30,0,1.8,25,13
1983,1,31,0,2.4,27.5,14
1983,2,1,0,3.5,25,15
1983,2,2,5.1,2,26,14
1983,2,3,0,4.6,25,15.5
1983,2,4,0,1.1,26,17
1983,2,5,0,1.2,28,16
1983,2,6,1,1,22,17
1983,2,7,1,1.1,18,14
1983,2,8,0,1.6,22,15
1983,2,9,0,3.4,30,13
1983,2,10,4.1,2.4,30,12.5
1983,2,11,40,0.7,23,15
1983,2,12,0,2.2,22,13
1983,2,13,0,1.8,23,12.5
1983,2,14,0,2.3,24,12
1983,2,15,0,2.1,27,10
1983,2,16,0,1.8,26,11
1983,2,17,0,1.8,24,9.5
1983,2,18,0,1.6,25,11
1983,2,19,0,2.7,28.5,10
1983,2,20,0,4.1,28,14
1983,2,21,0,3.7,26,14
1983,2,22,0,3.2,26,11
1983,2,23,0,2.4,24,13
1983,2,24,0,1.6,28,14
1983,2,25,0,2.2,25,17
1983,2,26,0,4.1,25,12.5
1983,2,27,0,1.2,24,12
1983,2,28,0,3.4,28,11
1983,3,1,0,4,28,13
1983,3,2,0,2.9,28,15.5
1983,3,3,0,5.2,27.5,17.5
1983,3,4,0,8.1,39,18.5
1983,3,5,0,5.9,29,16
1983,3,6,0,3.4,29,14
1983,3,7,0,3.4,31,17
1983,3,8,0,5.4,32,15
1983,3,9,10.5,3.8,28,15
1983,3,10,0,0.9,20,16
1983,3,11,0,1.8,24,15.5
1983,3,12,0,2.5,24,16
1983,3,13,0,2.3,27,17
1983,3,14,0,3.4,31,15
1983,3,15,0,4.6,34,16
1983,3,16,0,5.5,26,16
1983,3,17,0,4.7,25,14
1983,3,18,0,3.5,28,12
1983,3,19,0,5.7,33,17
1983,3,20,0,3.6,25,17
1983,3,21,0,3,24,16.5
1983,3,22,0,1.2,26,17
1983,3,23,0,4.9,32,15
1983,3,24,0,3.6,28,17
1983,3,25,0,4,28,15
1983,3,26,0,6.7,34,18
1983,3,27,0,4.1,29,14
1983,3,28,0,4.7,28,13
1983,3,29,0,3.1,29,15
1983,3,30,2,7.8,31,18
1983,3,31,0,5.1,32.5,21
1983,4,1,0,5.8,39.5,18
1983,4,2,0,7.6,26,18
1983,4,3,0,5.3,27,12
1983,4,4,0,7.9,40,16
1983,4,5,0,7.3,38,18
1983,4,6,0,4,27,16.5
1983,4,7,0,6.4,28,18
1983,4,8,0,5.9,24,18.5
1983,4,9,0,2.3,20,15
1983,4,10,0,3,27,15
1983,4,11,0,5.9,29,15
1983,4,12,0,6.5,34,16
1983,4,13,0,4.9,40,18
1983,4,14,0,8.4,28,21
1983,4,15,0,6.6,24,16
1983,4,16,0,1.2,23,18
1983,4,17,0,3.9,27,15
1983,4,18,0,5.4,32,16
1983,4,19,0,2.9,33,17
1983,4,20,0,5.3,33,17
1983,4,21,0,5.6,33.5,19.5
1983,4,22,0,5.6,38,23
1983,4,23,0,5.3,36,20
1983,4,24,0,6.6,29,19
1983,4,25,0,6.7,30,19
1983,4,26,0,7.5,32,21
1983,4,27,0,5.4,34,20
1983,4,28,0,6.8,33,20
1983,4,29,0,6.9,32,21
1983,4,30,0,6.1,34,20
1983,5,1,0,5,36,24
1983,5,2,0,8,37,23
1983,5,3,0,8.6,36,22
1983,5,4,0,6.3,29,20
1983,5,5,0,3.9,31,20
1983,5,6,0,7.8,32,20.5
1983,5,7,0,3.7,32,22.5
1983,5,8,0,5.3,33,24.5
1983,5,9,0,5.4,32,24
1983,5,10,0,4.4,33,22
1983,5,11,0,3.8,33,23
1983,5,12,0,5.7,34,24
1983,5,13,0,5.5,34,23
1983,5,14,0,5.7,34,25
1983,5,15,0,6.4,33,22
1983,5,16,0,2.3,26,22
1983,5,17,0,5.9,29,22
1983,5,18,0,4.4,36,21
1983,5,19,0,5.4,35,25
1983,5,20,0,5.2,36,24
1983,5,21,0,5.3,34,24.5
1983,5,22,0,6.9,32,25
1983,5,23,0,5.8,33,24
1983,5,24,0,6,34,22.5
1983,5,25,60.2,5.9,33,22
1983,5,26,25.1,2.4,32.5,23
1983,5,27,80,1.6,25,21
1983,5,28,18,5.1,32,22
1983,5,29,14,6.4,30,21
1983,5,30,0,6.2,29,21
1983,5,31,0,7.3,32,20
1983,6,1,0,4.7,31,24
1983,6,2,0,5.1,34,24
1983,6,3,0,6.4,33,25
1983,6,4,0,6.5,32.5,26
1983,6,5,0,7.5,34,24
1983,6,6,0,7.5,33,24
1983,6,7,0,0.8,26,23
1983,6,8,0,3.6,31.5,22
1983,6,9,0,6.1,33,23
1983,6,10,0,5.6,33,20
1983,6,11,0,7,33,20.5
1983,6,12,0,5.8,34,20.5
1983,6,13,0,5.1,35,22
1983,6,14,0,4.4,33.5,24
1983,6,15,0,4.8,33,24
1983,6,16,0,4.4,34,24
1983,6,17,0,5.4,35,24
1983,6,18,0,5.3,36,22.5
1983,6,19,0,6.5,35,23
1983,6,20,0,5.1,34,23
1983,6,21,0,5.3,34,23
1983,6,22,0,5.2,35,23.5
1983,6,23,0,5.1,35,24
1983,6,24,0,5.3,36,23.5
1983,6,25,0,6.1,35.5,24
1983,6,26,0,6.2,38,23.5
1983,6,27,0,6.1,38,25
1983,6,28,0,6.4,36,25
1983,6,29,0,7.8,35,24
1983,6,30,10,7.2,36,24.5
1983,7,1,8,1.9,33,25
1983,7,2,3,4.7,34,24
1983,7,3,4,2.1,35,25
1983,7,4,20,2,33,23
1983,7,5,40.1,4.3,32,22
1983,7,6,2,4.5,32,21
1983,7,7,8,3.8,30,22
1983,7,8,0,4.3,30,20.5
1983,7,9,0,4.9,32,21
1983,7,10,0,5.5,32,19.5
1983,7,11,0,5.6,32,21.5
1983,7,12,1.5,0.3,31,23
1983,7,13,2,2,33,23
1983,7,14,0,5,33,23
1983,7,15,0,2.1,32,23.5
1983,7,16,11.3,4.2,32,24
1983,7,17,0,5.4,30,23
1983,7,18,40.1,4.4,32,22
1983,7,19,31,2.7,29,23
1983,7,20,20,3.8,29,22
1983,7,21,11,1.9,30,22
1983,7,22,0,3,30,21
1983,7,23,0,5.8,31,22
1983,7,24,2.5,6.2,32,23
1983,7,25,0,5.1,32,22
1983,7,26,0,3.1,33,21
1983,7,27,0,4,33,22
1983,7,28,0,2.3,31,24
1983,7,29,4.2,5,33,22
1983,7,30,0,4.7,33,22
1983,7,31,0,5.1,32,22
1983,8,1,0,6.4,33,22
1983,8,2,0,6.1,34,22
1983,8,3,0,4.4,33,23
1983,8,4,7,5.4,32,23
1983,8,5,45,1.2,27,22
1983,8,6,11,1.1,30,22
1983,8,7,0,2.6,30,22
1983,8,8,0,2.5,30,22
1983,8,9,0,5,33,21
1983,8,10,4,1.2,31,23.5
1983,8,11,3.2,4.3,31,23
1983,8,12,0,4,30,22.5
1983,8,13,0,3.6,32,22
1983,8,14,0,4.7,32,23
1983,8,15,0,4.8,32.5,23.5
1983,8,16,0,4.6,33,21.5
1983,8,17,0,4.2,32,20
1983,8,18,0,5.3,35,21
1983,8,19,0,5.6,36,22
1983,8,20,0,2.5,33,24
1983,8,21,0,6.6,33.5,22
1983,8,22,0,3.2,33,22
1983,8,23,15.2,6.4,34,21
1983,8,24,0,3.2,32,20
1983,8,25,2,1.3,31,21
1983,8,26,8.3,2.6,32.5,20
1983,8,27,0,3.9,34,23
1983,8,28,0,5,34,22
1983,8,29,0,3.7,34,23.5
1983,8,30,0,4.1,33,22
1983,8,31,0,4.9,34,22
1983,9,1,0,7.7,35,22
1983,9,2,0,6.9,34,23
1983,9,3,0,7.4,35,22
1983,9,4,0,5.7,35,22
1983,9,5,0,7.6,31,22
1983,9,6,10,6.2,34,25
1983,9,7,15,3,32,24
1983,9,8,7,1.7,29,23
1983,9,9,8.1,1.5,32,22.5
1983,9,10,5,1.1,32,23
1983,9,11,0,2.3,32,23
1983,9,12,0,2.8,31,24
1983,9,13,60,2.1,30,23
1983,9,14,0,2.1,30,22
1983,9,15,0,5.7,31.5,22
1983,9,16,0,3.9,33,21.5
1983,9,17,20,5.1,32,22
1983,9,18,0,4.1,32,22
1983,9,19,0,6.3,31,23
1983,9,20,0,0.5,34,22
1983,9,21,0,3.9,27,21.5
1983,9,22,0,3.8,26,18
1983,9,23,40.2,3.3,28,19
1983,9,24,20,1.4,26,20
1983,9,25,80,1.5,28,19
1983,9,26,2,1.5,28,21
1983,9,27,20,4.2,28.5,22
1983,9,28,1,4.1,29,25
1983,9,29,12,4.2,29,21
1983,9,30,0,3.6,30,20
1983,10,1,0,3.6,30,21
1983,10,2,0,2.6,31,22
1983,10,3,0,3.2,30,19
1983,10,4,0,2.3,32,20
1983,10,5,0,2.4,33,22
1983,10,6,0,4.2,32,21
1983,10,7,0,3.7,33,21.5
1983,10,8,0,1.9,33,20.5
1983,10,9,0,2.3,31.5,22
1983,10,10,0,3,30,21.5
1983,10,11,0,3.9,32,20
1983,10,12,0,4.6,28,19.5
1983,10,13,0,2.7,27.5,18
1983,10,14,0,1.8,30,16
1983,10,15,9.5,1.5,31,15
1983,10,16,23.4,1.2,30,20
1983,10,17,2,2.3,31,22
1983,10,18,6,1.4,30,23
1983,10,19,0,1.5,31,22
1983,10,20,0,3,31,24
1983,10,21,0,2.1,32,23
1983,10,22,7.1,1.8,26,20.5
1983,10,23,0,2.5,28,21
1983,10,24,0,2.5,31,22
1983,10,25,0,4.2,28,20
1983,10,26,0,3.6,27,17
1983,10,27,0,2.5,26,16
1983,10,28,0,0.8,28,15
1983,10,29,0,2.6,28,16
1983,10,30,4,0.7,27,18
1983,10,31,0,1.8,28,18
1983,11,1,0,3.6,30,21
1983,11,2,0,1.6,29,20
1983,11,3,0,4.4,30,19
1983,11,4,0,1.3,30,20
1983,11,5,0,4.7,31,21
1983,11,6,0,2.3,32,22
1983,11,7,0,2.5,29,19
1983,11,8,0,2.1,28,21
1983,11,9,3.1,1.8,30,22
1983,11,10,0,4.7,26,16
1983,11,11,0,2.4,26,14
1983,11,12,0,3.2,28,15
1983,11,13,0,1.9,31,15
1983,11,14,0,4.1,31,16.5
1983,11,15,0,5.2,29,20
1983,11,16,0,3,26,16
1983,11,17,0,3.1,25,17
1983,11,18,0,1.1,29,15
1983,11,19,0,2.3,31,16
1983,11,20,0,3.6,26,18
1983,11,21,0,3.8,29,16.5
1983,11,22,0,1.7,33,20
1983,11,23,0,6,26,22
1983,11,24,0,4.9,24.5,17
1983,11,25,0,2.8,25,15
1983,11,26,0,4.8,30,17
1983,11,27,0,1.9,23,17
1983,11,28,0,1,24,16.5
1983,11,29,3,0.9,23,17.5
1983,11,30,0,1.7,30,18
1983,12,1,0,3,27,19
1983,12,2,0,0.7,30,21
1983,12,3,0,3.6,31,20
1983,12,4,0,2.3,29,20
1983,12,5,0,4.3,30,19
1983,12,6,0,2.6,25,20
1983,12,7,0,2.5,24,14.5
1983,12,8,0,5.2,29,15.5
1983,12,9,0,2.6,32,18
1983,12,10,0,3.4,31,20
1983,12,11,0,1.8,29,19
1983,12,12,0,2.8,30,14.5
1983,12,13,0,3.5,27,14.5
1983,12,14,0,2.8,28,12
1983,12,15,3,1.1,24.5,14
1983,12,16,0,1.9,28.5,17.5
1983,12,17,0,2.3,19.5,14
1983,12,18,0,1,24,14
1983,12,19,0,0.3,14.5,11.5
1983,12,20,0,2.5,21,12
1983,12,21,0,2.7,30,10
1983,12,22,0,0.8,16,15
1983,12,23,2,3,26,9.5
1983,12,24,5,2.3,NULO,NULO
1983,12,25,0,2.6,11.5,-1
1983,12,26,0,1,13,0.5
1983,12,27,0,2.7,27,2
1983,12,28,0,2,35,9
1983,12,29,0,3.2,NULO,NULO
1983,12,30,0,3,12,4
1983,12,31,0,3.7,19,5
1984,1,1,0.01,1.01,23,9
1984,1,2,20,1.02,18,13
1984,1,3,6,0.9,20,15
1984,1,4,0,1.23,21,14
1984,1,5,0,0.95,25,11
1984,1,6,0,1.12,27,12
1984,1,7,0,1.24,27,12
1984,1,8,0,1.33,27,16
1984,1,9,0,1.95,27.5,16
1984,1,10,0,2.68,19,16
1984,1,11,0,2.94,16,9.5
1984,1,12,0,0.94,25,10
1984,1,13,0,1.08,20,11
1984,1,14,0,2.14,20,14
1984,1,15,0,2.42,17,12
1984,1,16,0,1.9,18,12
1984,1,17,0,2.08,21,12
1984,1,18,0,1.43,15,13
1984,1,19,1,1.12,13,9
1984,1,20,2,0.78,10,8
1984,1,21,3.4,0.98,11,5
1984,1,22,0,0.87,18,5
1984,1,23,0,1.3,23,9
1984,1,24,1,1.55,23,9
1984,1,25,7.1,1.15,18,15
1984,1,26,0,0.88,23,13
1984,1,27,0,0.87,21,12
1984,1,28,0,0.81,24,13
1984,1,29,0,0.99,25,16
1984,1,30,11.5,1.1,20,15
1984,1,31,12.4,1.08,13,10
1984,2,1,1,0.57,16,9
1984,2,2,0,2.38,23,11
1984,2,3,0,3.38,22,14
1984,2,4,0,2.92,24.5,8
1984,2,5,9,1.3,19,9
1984,2,6,0,0.75,17,12
1984,2,7,10,0.78,17,11
1984,2,8,0,1.47,22,11
1984,2,9,0,2.89,24,12
1984,2,10,0,4.65,27,14
1984,2,11,0,1.6,26,15
1984,2,12,0,1.98,25,17
1984,2,13,0,2.75,28,12
1984,2,14,0,3.25,29,14
1984,2,15,0,4.26,28,16
1984,2,16,0,1.66,27.5,16
1984,2,17,0,2.89,29,18
1984,2,18,0,2.99,27,18
1984,2,19,0,5.39,27,19
1984,2,20,2,2.23,15.5,14.5
1984,2,21,0,1.25,16,9.5
1984,2,22,0,4.32,24,11
1984,2,23,0,2.06,24,9
1984,2,24,0,2.54,23,11
1984,2,25,0,3.78,26,17
1984,2,26,0,5.08,34,18
1984,2,27,0,6.18,21,14
1984,2,28,0,4.27,21,8
1984,2,29,4,0.71,18,10
1984,3,1,0,3.98,25,11
1984,3,2,0,3.33,30.5,13
1984,3,3,0,3.16,29,15
1984,3,4,0,3.39,34,17
1984,3,5,0,4.53,31,18
1984,3,6,0,1.96,16,11.5
1984,3,7,0,3.69,30,11
1984,3,8,0,2.35,22,13
1984,3,9,0,2.7,21.5,15
1984,3,10,0,1.5,29,16
1984,3,11,0,3.87,28,17
1984,3,12,0,3.72,31,18
1984,3,13,0,5.69,30,17
1984,3,14,0,3.28,28,18
1984,3,15,0,3.09,32,19
1984,3,16,0,3.53,31,20
1984,3,17,0,3.91,31,21
1984,3,18,0,5.26,30,19
1984,3,19,0,6.08,29,18
1984,3,20,0,4.73,27,15
1984,3,21,0,3.57,27,12
1984,3,22,0,2.41,33,15
1984,3,23,0,4.86,35,17
1984,3,24,0,5.46,28,19
1984,3,25,0,3.97,29,17
1984,3,26,0,3.97,30,18
1984,3,27,0,7.7,42,17.5
1984,3,28,0,8.57,29,19
1984,3,29,0,6.02,28,12
1984,3,30,0,3.42,27.5,13
1984,3,31,0,6.64,31,17
1984,4,1,0,4.01,30.5,20
1984,4,2,0,6.07,34,19
1984,4,3,0,5.17,30,17
1984,4,4,0,6.23,30,19
1984,4,5,0,6.93,31.5,18
1984,4,6,0,1.9,30,16
1984,4,7,0,5.09,32,18
1984,4,8,0,5.06,32,17.5
1984,4,9,0,9.92,31,18
1984,4,10,0,6.6,35,15
1984,4,11,0,6.84,34,18.5
1984,4,12,0,5.12,38,19
1984,4,13,0,7.64,33,21.5
1984,4,14,0,5.26,32,22.5
1984,4,15,0,4.86,32,19
1984,4,16,0,7.76,30,18
1984,4,17,0,9.5,32,14
1984,4,18,0,5.58,33,15
1984,4,19,0,5.78,36,19
1984,4,20,0,8.45,40,20
1984,4,21,0,5.43,41,19
1984,4,22,0,6.82,30,19.5
1984,4,23,0,4.74,31,20
1984,4,24,0,6.94,32,18
1984,4,25,0,7.2,34,21
1984,4,26,0,6.86,43,22
1984,4,27,0,7.13,42,21
1984,4,28,0,7.23,38,22
1984,4,29,0,6,39,22
1984,4,30,0,8.95,34,21
1984,5,1,0,5.5,35,22
1984,5,2,0,7.15,39,23
1984,5,3,0,10.91,44,23
1984,5,4,0,6.22,36,20
1984,5,5,0,6.92,38,21.5
1984,5,6,0,6,40,24
1984,5,7,0,7.28,38,24
1984,5,8,0,4.65,30,21.5
1984,5,9,0,4.77,30,17
1984,5,10,0,5.02,31,16
1984,5,11,0,5.73,33,17.5
1984,5,12,10.4,5.11,32,19
1984,5,13,0,5.3,28,21
1984,5,14,0,5.89,27,20
1984,5,15,4,5.11,30,21
1984,5,16,0,4.72,32,20
1984,5,17,28.5,3.73,32,21
1984,5,18,0,4.21,30,21
1984,5,19,0,5.54,33,21.5
1984,5,20,0,5.56,33,22
1984,5,21,0,7.89,32,20
1984,5,22,0,4.87,38,21
1984,5,23,0,5.32,33,24
1984,5,24,2,4.9,32,22.5
1984,5,25,0,5.68,35,19.5
1984,5,26,5,4.62,33,22
1984,5,27,2,3.62,30,21
1984,5,28,20,3.79,32,21
1984,5,29,0,2.28,27,20.5
1984,5,30,0,1.74,31,21
1984,5,31,0,5.21,28,18
1984,6,1,0,5.72,32,17
1984,6,2,0,5.13,32,17
1984,6,3,0,4.43,34,20
1984,6,4,0,5.18,33,20
1984,6,5,0,5.46,32,25
1984,6,6,3,3.99,35,24
1984,6,7,0,4.1,34,24
1984,6,8,0,5.15,32,24
1984,6,9,0,4.15,34,25
1984,6,10,0,2.31,32,24
1984,6,11,1,5.63,32,22
1984,6,12,20,4.91,29,21.5
1984,6,13,0,4,28.5,22
1984,6,14,30.2,4.06,26,21
1984,6,15,0,4.16,32,22
1984,6,16,0,3.49,32,21
1984,6,17,6,3.95,30,22
1984,6,18,0,5.4,31,24
1984,6,19,35,4.78,31,20
1984,6,20,4.3,4.97,31,22
1984,6,21,0,5.93,30,21.5
1984,6,22,0,4.12,30,20
1984,6,23,0,6.23,34,22
1984,6,24,0,4.05,35,22.5
1984,6,25,0,5.96,34,22
1984,6,26,0,3.51,34,21
1984,6,27,0,5.53,33,22
1984,6,28,0,3.35,34,24
1984,6,29,0,5.19,36,25.5
1984,6,30,8,3.88,37,24
1984,7,1,22,1.46,32,24
1984,7,2,0,2.62,31,23
1984,7,3,9.8,4.79,30,21
1984,7,4,0,4.73,31,20
1984,7,5,4,4.24,29,22
1984,7,6,1,4.99,31,21
1984,7,7,0,4.18,29.5,20
1984,7,8,0,3.41,28.5,21
1984,7,9,29.1,2.14,29,20
1984,7,10,0,1.12,29,22
1984,7,11,38,3.76,28,22
1984,7,12,16.6,2.88,28,21
1984,7,13,42.3,1.03,29,20
1984,7,14,17.8,0.28,26,21
1984,7,15,0,2.16,29.5,21.5
1984,7,16,0,4.68,30,20
1984,7,17,0,3.48,31.5,21
1984,7,18,0,5.96,33,22
1984,7,19,0,4.72,33,22
1984,7,20,0,6.45,32,21
1984,7,21,0,5.51,33,22
1984,7,22,0,7.09,34.5,21
1984,7,23,0,3.93,34,21
1984,7,24,0,4.48,31,22
1984,7,25,4.1,3.84,32,20
1984,7,26,0,3.96,30,21.5
1984,7,27,0,2.18,33,21
1984,7,28,0,3.36,32,22
1984,7,29,2.4,1.95,31.5,22
1984,7,30,0,3.33,32,22.5
1984,7,31,0,4.62,33,21
1984,8,1,0,3.65,33,23
1984,8,2,1,3.16,33,23
1984,8,3,0,3.76,32,24
1984,8,4,0,5.75,30,23.5
1984,8,5,0,3.79,32,21.5
1984,8,6,0,4.7,32,22
1984,8,7,15.2,3.9,30,22
1984,8,8,1,3.52,32,22
1984,8,9,0,2.37,31,22
1984,8,10,3,2.43,30,21.5
1984,8,11,0,2.8,32,21
1984,8,12,0,4.53,32,21.5
1984,8,13,0,2.09,31,22
1984,8,14,0,6.06,30,21
1984,8,15,0,4.99,30,22
1984,8,16,45.5,3.82,30,21
1984,8,17,3.4,3.09,30,20.5
1984,8,18,0,4.11,29,21
1984,8,19,0,5.7,32,20
1984,8,20,0,6.02,31,20
1984,8,21,17.8,7.12,28.5,21
1984,8,22,50.6,4.75,26,22
1984,8,23,4,1.62,29,20
1984,8,24,0,5.4,31,21
1984,8,25,0,3.7,32,22
1984,8,26,17.8,4.2,30,21
1984,8,27,0,5.88,29,22
1984,8,28,2,4.82,32,23
1984,8,29,0,6.38,32.5,22
1984,8,30,0,6.92,33,22
1984,8,31,0,5.93,33,22
1984,9,1,0,3.9,32,22
1984,9,2,7.5,2.57,33,22
1984,9,3,120.8,2.36,28,24
1984,9,4,160.7,1.7,28,22
1984,9,5,100.8,1.68,25,21
1984,9,6,50,1.09,25,21
1984,9,7,60.6,1.25,25,22
1984,9,8,5,2.11,26,22
1984,9,9,30.4,1.17,26,23
1984,9,10,0.01,2.18,29,21
1984,9,11,40.2,3.96,30,22
1984,9,12,20,2.42,26,20
1984,9,13,30,2.7,28,21
1984,9,14,38,3.09,30,21
1984,9,15,60,0.62,25,21.5
1984,9,16,3.5,1.5,29,21
1984,9,17,0,5.08,28,21
1984,9,18,0,3.8,29,21.5
1984,9,19,0,5.42,30,20
1984,9,20,0,4.42,32,19
1984,9,21,0,2.23,30,20
1984,9,22,5.2,1.45,30,22
1984,9,23,2,1.08,32,24
1984,9,24,0,1.9,31,22.5
1984,9,25,0,3.39,32,22
1984,9,26,0,4.23,31,23
1984,9,27,3,3.88,29,23
1984,9,28,10,2.69,30,22
1984,9,29,20.8,5.16,28,21.5
1984,9,30,0,1.1,20,17.5
1984,10,1,0,3.65,22,17
1984,10,2,0,3.38,27,19
1984,10,3,0,4.37,30,18
1984,10,4,0,5.34,30,19
1984,10,5,0,1.99,31,18.5
1984,10,6,0,3.77,32,23
1984,10,7,0,2.75,32,23
1984,10,8,0,1.75,30,21
1984,10,9,0,2.09,31,19
1984,10,10,0,5.61,31.5,20
1984,10,11,49.1,6.04,29,20
1984,10,12,0,2.21,32,19
1984,10,13,0,4.56,31,20
1984,10,14,0,5.46,33,19
1984,10,15,0,4.75,35,23
1984,10,16,0,5.45,34,24
1984,10,17,0,2.73,35,23
1984,10,18,0,1.8,32,20
1984,10,19,0,5.77,33,20
1984,10,20,0,5.8,32,23
1984,10,21,0,2.68,31,22
1984,10,22,20.2,2.02,33,20
1984,10,23,0,2.36,25,21
1984,10,24,0,3.24,27,19
1984,10,25,38.9,3.54,30,18
1984,10,26,0,3.51,30,22
1984,10,27,0,4.92,31,21
1984,10,28,0,4.51,31,20
1984,10,29,0,2.91,30,21.5
1984,10,30,8,1.32,31,20.5
1984,10,31,0,2.69,30,21
1984,11,1,0,4.72,31,21
1984,11,2,0,2.77,32,21
1984,11,3,0,1.42,28,19
1984,11,4,0,4.34,32,19
1984,11,5,0,4.2,28,19.5
1984,11,6,0,3.1,29,16
1984,11,7,0,3.94,30,16.5
1984,11,8,0,2.65,29,15
1984,11,9,0,4.27,30,19
1984,11,10,10,4.38,28,18
1984,11,11,0,3.12,24,17
1984,11,12,0,0.98,28,18
1984,11,13,0,0.5,26,19
1984,11,14,0,2.29,28,18
1984,11,15,0,1.99,29,16
1984,11,16,0,3.02,29,16
1984,11,17,0,1.52,29,17
1984,11,18,13,4.78,29,17
1984,11,19,0,2.66,22,18
1984,11,20,25.4,3.29,20,16
1984,11,21,0,2.61,15,9
1984,11,22,0,0.42,17,10
1984,11,23,0,0.58,23,12
1984,11,24,0,0.14,26,13
1984,11,25,0,2.8,27,14
1984,11,26,0,1.68,28,16
1984,11,27,0,3.87,23,18
1984,11,28,0,1.29,25,13
1984,11,29,0,1.32,27,14
1984,11,30,0,3.8,27,15
1984,12,1,0,1.5,29,16
1984,12,2,0,1.6,27,16
1984,12,3,3.1,0.1,25,20
1984,12,4,0,1,26,18
1984,12,5,0,1,19,17
1984,12,6,0,2.5,18,12.5
1984,12,7,0,0.7,20,10
1984,12,8,0,1,25,11
1984,12,9,0,3,27,12
1984,12,10,0,2,27,11.5
1984,12,11,0,1.4,28,13
1984,12,12,0,1.5,27,16
1984,12,13,0,2.6,31,15
1984,12,14,0,1,29,18
1984,12,15,0,1.7,28,18
1984,12,16,0,3.5,29,18
1984,12,17,0,3.7,28,20
1984,12,18,0,3,27,16
1984,12,19,0,3.4,27,17
1984,12,20,0,4.9,28,15
1984,12,21,8.1,3,28,15
1984,12,22,0,3.7,28,16
1984,12,23,0,1.7,27,15
1984,12,24,7,2.3,26,14
1984,12,25,22,2.8,27,17
1984,12,26,10.2,2.3,23,18
1984,12,27,0,1.8,22,18
1984,12,28,0,1.7,27,17
1984,12,29,0,2.2,28,17
1984,12,30,19,2,27,18
1984,12,31,0,2.2,29,19
1985,1,1,0,1.8,28,20
1985,1,2,4.2,0.7,21,15
1985,1,3,0,1.4,15,6
1985,1,4,0,1,17,3
1985,1,5,0,3.5,21,6
1985,1,6,0,0.9,24,5
1985,1,7,0,1.9,25,7
1985,1,8,0,3,24,11
1985,1,9,0,4,26,10
1985,1,10,0,1,26,14
1985,1,11,22,1.6,18,16
1985,1,12,11,2.4,17,10
1985,1,13,0,4,14,6
1985,1,14,0,0.5,13,7
1985,1,15,0,1,19,9
1985,1,16,1,1,25,10
1985,1,17,0,0.8,18,14
1985,1,18,0,1,22,8
1985,1,19,0,2.3,26,9
1985,1,20,0,1,21,9
1985,1,21,0,1,16,3
1985,1,22,2,1,15,5
1985,1,23,0,2.7,20,9
1985,1,24,0,1.5,22,12
1985,1,25,0,0.6,24,13
1985,1,26,4,1.2,23,14
1985,1,27,0,3,28,16
1985,1,28,0,2.8,26,17
1985,1,29,0,1.8,28,18.5
1985,1,30,0,2,29,17.5
1985,1,31,0,5.6,32,17
1985,2,1,1,0.5,16,8.5
1985,2,2,0,0.9,11.5,3
1985,2,3,0,0.3,22,5
1985,2,4,0,2,22,9
1985,2,5,0,4.3,23,11
1985,2,6,0,1.3,23,12
1985,2,7,14.2,0.9,19,11.5
1985,2,8,5.1,1,20,10.5
1985,2,9,0,0.5,25,11
1985,2,10,0,2.6,27,15
1985,2,11,0,2.9,22,17
1985,2,12,0,3.7,20,9
1985,2,13,1.3,1.7,23,8.5
1985,2,14,0,1,20,11
1985,2,15,0,1.9,22,13
1985,2,16,0,1.7,24,11
1985,2,17,0,2.8,25,12.5
1985,2,18,0,0.8,24,14
1985,2,19,0,1.3,26,17
1985,2,20,0,3.5,26,18
1985,2,21,11,0.9,25,16
1985,2,22,0,1.4,25,18
1985,2,23,0,2.5,29,18
1985,2,24,0,2.6,27,19
1985,2,25,0,1.7,22,14
1985,2,26,4,0.4,25,15
1985,2,27,24,1.8,23,17
1985,2,28,0,2.5,27,17
1985,3,1,0,1.7,26,15
1985,3,2,0,2.4,27,15
1985,3,3,0,1.8,28,18
1985,3,4,0,3.6,27,19
1985,3,5,0,6.2,26,18
1985,3,6,0,1.6,24,18
1985,3,7,0,3.7,28,18
1985,3,8,0,2.4,28,18.5
1985,3,9,0,3.7,27,18
1985,3,10,12,4,26,19
1985,3,11,0,4,29,17
1985,3,12,0,2.4,28,19
1985,3,13,0,3,30,18
1985,3,14,0,1.5,26,20
1985,3,15,0,0.9,22.5,16
1985,3,16,0,2.9,24,15.5
1985,3,17,0,3.4,19,17
1985,3,18,0,1.8,22,14
1985,3,19,0,3,27,14.5
1985,3,20,0,1.7,31,16
1985,3,21,0,4.6,26,16
1985,3,22,2,4.6,28,16
1985,3,23,0,1.3,26,18
1985,3,24,0,2.4,28,18
1985,3,25,0,3,28,18
1985,3,26,0,2.8,30,20
1985,3,27,0,4,31,19
1985,3,28,0,3.9,29,20
1985,3,29,0,2.8,32,20.5
1985,3,30,0,7,34,19
1985,3,31,0,2.5,25,19
1985,4,1,0,2.7,30,15
1985,4,2,0,4.9,28,14
1985,4,3,0,4.4,29,12
1985,4,4,0,6.8,31,14
1985,4,5,0,0.7,35,17
1985,4,6,0,5,33,17
1985,4,7,5.4,4,30,20
1985,4,8,18.2,1.6,27,22
1985,4,9,1,2.4,23,19
1985,4,10,0,3.8,26,17
1985,4,11,0,3.7,30,18
1985,4,12,6.2,2.4,28,17
1985,4,13,7.5,5,27,19
1985,4,14,2.4,5.5,28,18.5
1985,4,15,0,6,30,19
1985,4,16,0,5.8,31,18
1985,4,17,0,5.5,29,20.5
1985,4,18,0,4.8,31,18
1985,4,19,0,3.4,30,21
1985,4,20,0,3.9,33,22
1985,4,21,0,6.5,31,21
1985,4,22,0,1.5,33,22
1985,4,23,45,4.4,32,23
1985,4,24,2,2,29,20
1985,4,25,0,4.9,31,20
1985,4,26,0,4.5,35,21
1985,4,27,0,4.5,33,20
1985,4,28,0,3.6,31,21
1985,4,29,0,5,35,19
1985,4,30,0,6.7,35,21
1985,5,1,0,5.9,31,19
1985,5,2,24.1,5.7,32,20
1985,5,3,0,3,28,19
1985,5,4,0,4.7,31,18
1985,5,5,0,7.7,30,18
1985,5,6,0,4,30,22
1985,5,7,3,0.8,30,21
1985,5,8,0,4.8,31,21
1985,5,9,0,6.3,32,20
1985,5,10,0,7.5,32,19
1985,5,11,0,6.9,32,18.5
1985,5,12,0,2.6,31,23
1985,5,13,0,4.6,33,24
1985,5,14,0,3,33,22
1985,5,15,0,2.7,32,24
1985,5,16,0,5.8,32,23
1985,5,17,5,1.4,28,24
1985,5,18,0,4.8,30,21
1985,5,19,0,2.8,30,22
1985,5,20,0,5,35,21
1985,5,21,3.7,2,35,23
1985,5,22,0,8,33,20.5
1985,5,23,0,7,34,21
1985,5,24,0,6,35,23
1985,5,25,0,6.3,34,21
1985,5,26,0,6.8,34,20
1985,5,27,0,5.8,33,23
1985,5,28,0,3.3,36,22
1985,5,29,0,5,35,21.5
1985,5,30,0,6,36,21
1985,5,31,0,4,35,20.5
1985,6,1,0,3.9,34,22
1985,6,2,1,4,34,20
1985,6,3,55.4,1.2,34,23
1985,6,4,0,4.9,32,23.5
1985,6,5,0,4,34,24
1985,6,6,0,5.3,33,24
1985,6,7,0,6.6,34,24
1985,6,8,0,4.9,32,21
1985,6,9,0,4.3,35,20
1985,6,10,0,6.4,35,21
1985,6,11,0,5,35,24
1985,6,12,0,3.6,33,22.5
1985,6,13,0,4.5,31,23
1985,6,14,0,4,34,22
1985,6,15,0,4,33,21
1985,6,16,3.2,5,35,23.5
1985,6,17,40,4.7,33,23
1985,6,18,0,1,31,22
1985,6,19,60.3,4.3,26,23
1985,6,20,0,1.5,27,21
1985,6,21,0,5.4,33,22
1985,6,22,0,4.5,30,25
1985,6,23,20.2,3,31,21
1985,6,24,0,4.9,30,22
1985,6,25,0,4.9,32,22
1985,6,26,0,4.6,32,22
1985,6,27,0,6.3,32,22
1985,6,28,11.4,5,30,21
1985,6,29,0,2,29,20
1985,6,30,0,4.6,29,22
1985,7,1,0,2.8,31,20
1985,7,2,0,5,30,21
1985,7,3,0,5,32,23
1985,7,4,0,3.5,34,24
1985,7,5,0,3.3,33,23.5
1985,7,6,0,4.5,33,22
1985,7,7,0,1.8,32,20.5
1985,7,8,0,2,30,22
1985,7,9,0,1,32,23
1985,7,10,0,2,33,21
1985,7,11,0,2.8,32,22
1985,7,12,0,5.7,31,22
1985,7,13,55.8,5.5,31,21
1985,7,14,120,1,27,21
1985,7,15,18.5,1.7,26,22
1985,7,16,0,1.4,28,21
1985,7,17,0,2,29.5,25
1985,7,18,0,3,33,22
1985,7,19,0,3.8,32.5,22
1985,7,20,0,3,32,22
1985,7,21,0,2.8,32,22
1985,7,22,0,2.2,33,22
1985,7,23,0,3.3,34,21
1985,7,24,0,3.8,38,22
1985,7,25,0,2.5,31,23
1985,7,26,0,3,32,23
1985,7,27,15,3,31,22
1985,7,28,0,1.9,32,22
1985,7,29,40,4,31,22
1985,7,30,0,2.3,30,23
1985,7,31,0,2.8,31.5,23
1985,8,1,0,3,32,22
1985,8,2,0,5.9,31,21.5
1985,8,3,0,2,32,20
1985,8,4,0,5.8,32,21
1985,8,5,0,5,31,22
1985,8,6,0,6,33,21
1985,8,7,0,5,33,22
1985,8,8,0,3.8,33,22
1985,8,9,0,8,33,22
1985,8,10,0,1.4,34,23
1985,8,11,0,2.4,33,23
1985,8,12,0,6.9,34,21
1985,8,13,0,3.7,33,22
1985,8,14,0,2.8,32,22
1985,8,15,5,1.4,33,22
1985,8,16,0,5.8,33,22
1985,8,17,0,0.9,33,21.5
1985,8,18,0,5.9,33,23
1985,8,19,0,5,34,22
1985,8,20,0,3.9,33,22
1985,8,21,0,5,33.5,21
1985,8,22,0,5.6,34,22
1985,8,23,0,3.3,33,23
1985,8,24,0,3.8,32,23
1985,8,25,0,4,34,22
1985,8,26,4,3,32,22
1985,8,27,0,1.6,31,21.5
1985,8,28,0,4.4,30,20
1985,8,29,17.4,4.9,32,22
1985,8,30,23,5,31,22
1985,8,31,0,5.7,32,22
1985,9,1,0,4.5,34,22
1985,9,2,0,5.6,33,22
1985,9,3,0,6.7,33,22
1985,9,4,0,3.8,35,23.5
1985,9,5,0,5,35,23
1985,9,6,8,2.3,34,22
1985,9,7,0,4.3,34,22
1985,9,8,0,4.4,32.5,22
1985,9,9,0,5.5,34,21.5
1985,9,10,0,4,34,22
1985,9,11,0,4.6,33,22
1985,9,12,0,5.9,32,21.5
1985,9,13,0,3.9,31,22
1985,9,14,25,2,30,22.5
1985,9,15,20,1.5,28.5,22
1985,9,16,0,5,28,20
1985,9,17,0,5,29,19
1985,9,18,0,5.6,31,20
1985,9,19,20,4,32,21
1985,9,20,7,2.9,31,22
1985,9,21,0,3.6,32,22
1985,9,22,0,4.5,33,20
1985,9,23,8.4,2.4,33,20
1985,9,24,0,1.8,31,22
1985,9,25,0,3.9,33,22
1985,9,26,40,3.9,32,21
1985,9,27,0,5.3,30,22
1985,9,28,0,2.6,31,21
1985,9,29,0,3,33,21
1985,9,30,0,5,29,22
1985,10,1,0,1.6,25,17
1985,10,2,0,2,29,16
1985,10,3,0,4,32,18
1985,10,4,0,1,32,19
1985,10,5,0,4,25,22
1985,10,6,0,4.4,29,16
1985,10,7,0,4.2,29,19
1985,10,8,0,4.8,32,22
1985,10,9,0,5,33,23
1985,10,10,0,3.6,33,18
1985,10,11,0,2.5,32,21
1985,10,12,0,4.8,33,20.5
1985,10,13,0,3,32,22
1985,10,14,0,2.8,33,21
1985,10,15,0,2.7,31,21
1985,10,16,0,1.7,30,21
1985,10,17,0,5.6,32,20
1985,10,18,0,2.7,31,21
1985,10,19,20,4.5,29,22
1985,10,20,0,0.9,30,21
1985,10,21,0,4.5,30,20
1985,10,22,0,4,29,21
1985,10,23,0,4.8,32,20
1985,10,24,0,2,32,21
1985,10,25,0,3,31,21
1985,10,26,0,4,31,19
1985,10,27,0,3.4,31,18
1985,10,28,0,4.6,30,16
1985,10,29,0,5.5,34,17
1985,10,30,0,2.3,31,16
1985,10,31,0,4,31,17
1985,11,1,0,2.3,33,19
1985,11,2,0,3,27,17
1985,11,3,0,1.2,28,14
1985,11,4,0,3.5,25,15
1985,11,5,0,1.5,29,16
1985,11,6,0,2.7,30,13
1985,11,7,0,3.9,30,15
1985,11,8,0,1.6,29,17
1985,11,9,0,4,31,16
1985,11,10,0,3.4,31,19
1985,11,11,0,2.9,28,22
1985,11,12,0,2.4,29,22
1985,11,13,0,3.7,31,21
1985,11,14,0,5,29,18
1985,11,15,6,3,30,20
1985,11,16,45,1.7,28,20
1985,11,17,0,1.2,30,20
1985,11,18,0,1,28,19
1985,11,19,0,2.3,31,22
1985,11,20,0,1.7,29,19
1985,11,21,0,1,26,15
1985,11,22,0,0.7,28,16
1985,11,23,0,1.4,27,18
1985,11,24,0,0.5,30,17
1985,11,25,0,2.2,29.5,20
1985,11,26,0,1,31,20
1985,11,27,0,1.9,30,19
1985,11,28,0,1,28,17.5
1985,11,29,0,2.9,30,18
1985,11,30,0,1.7,31,17
1985,12,1,0,2,29,18
1985,12,2,0,2,21,15.5
1985,12,3,0,3,22,14
1985,12,4,0,3.2,24,15
1985,12,5,0,3.8,25,17
1985,12,6,0,3,24,13
1985,12,7,0,2.6,27,15
1985,12,8,0,1.7,27,12
1985,12,9,0,1.3,28,16
1985,12,10,0,2.7,29,17
1985,12,11,0,1.4,31,20
1985,12,12,1,0.5,21,15
1985,12,13,0,0.3,18,10
1985,12,14,0,0.4,16,10
1985,12,15,0,3.3,20,10
1985,12,16,20,1.5,23,11
1985,12,17,9,1.6,17,15.5
1985,12,18,2,1.3,18,13
1985,12,19,5,0.9,16,11
1985,12,20,20,0.7,18,12
1985,12,21,25,0.4,18,12
1985,12,22,0,0.8,19,16
1985,12,23,0,2.5,23,15
1985,12,24,0,1.5,26,16
1985,12,25,0,0.9,19,13
1985,12,26,0,2,21,12
1985,12,27,0,1.8,25,13
1985,12,28,0,0.3,26,14
1985,12,29,0,1.7,25,15
1985,12,30,0,1,27,17
1986,1,1,0,1.4,25,18
1986,1,2,0,1.7,26,17
1986,1,3,0,1.5,25,18
1986,1,4,0,3.6,27,17
1986,1,5,0,0.6,20,14
1986,1,6,0,3.2,25,13
1986,1,7,0,4.6,27,14
1986,1,8,0,2.3,17,13
1986,1,9,0,2.6,18,10
1986,1,10,0,2.3,18,9
1986,1,11,0,1.6,23,7
1986,1,12,0,3,23,8
1986,1,13,0,2,22,6
1986,1,14,0,1,26,6
1986,1,15,0,3.5,26,7
1986,1,16,0,1.7,25,10
1986,1,17,0,2.2,26,12
1986,1,18,0,2.3,27,14
1986,1,19,0,3.6,28,10
1986,1,20,0,0.8,28,10
1986,1,21,0,2.9,27,12
1986,1,22,0,2.3,25,13
1986,1,23,0,1,23,14
1986,1,24,0,2.3,26,12
1986,1,25,0,4.5,23,13
1986,1,26,0,2,22,11
1986,1,27,0,3.3,23,9
1986,1,28,0,1.5,25,8
1986,1,29,0,2.8,26,10
1986,1,30,0,2,25,12
1986,1,31,0,3.4,26,11
1986,2,1,0,1,24,17
1986,2,2,0,0.9,26,18
1986,2,3,0,1,29,19
1986,2,4,0,1,30,19
1986,2,5,0,1.3,34,14
1986,2,6,0,3,30,14
1986,2,7,0,4.3,31,13
1986,2,8,0,2.7,29,16
1986,2,9,0,2.9,27,19
1986,2,10,0,0.6,21,15
1986,2,11,0,1.8,17,9
1986,2,12,10.2,0.1,16,9
1986,2,13,0,1.3,19,8
1986,2,14,0,1.3,28,12
1986,2,15,0,2.2,29,15
1986,2,16,0,2.4,29,14
1986,2,17,0,2.6,30,15
1986,2,18,0,2.8,32,17
1986,2,19,0,3,33,16
1986,2,20,0,2,29,16
1986,2,21,0,2.6,30,17
1986,2,22,0,2,21,19
1986,2,23,0,0.4,26,10
1986,2,24,0,2.7,29,10
1986,2,25,0,3.7,30,11
1986,2,26,0,3,31,10
1986,2,27,0,3.5,31,13
1986,2,28,0,7.3,25,12
1986,3,1,0,1.6,26,9
1986,3,2,0,5.4,27,10
1986,3,3,0,3.7,29,13
1986,3,4,0,4.4,28,16
1986,3,5,0,2.2,27,17
1986,3,6,0,3,28,18
1986,3,7,0,2.9,29,16
1986,3,8,0,4,28,18
1986,3,9,0,5.8,34,17
1986,3,10,0,4.7,33,17
1986,3,11,0,5,36,20
1986,3,12,0,6,31,15
1986,3,13,0,4,33,16
1986,3,14,0,5.4,30,17
1986,3,15,0,4.6,31,21
1986,3,16,0,5.3,30,16
1986,3,17,0,4.9,30,18
1986,3,18,0,7,37,19
1986,3,19,0,2,31,19
1986,3,20,0,2.7,26,18
1986,3,21,0,1.3,25,14
1986,3,22,0,2.2,24,9
1986,3,23,0,1.4,26,10
1986,3,24,0,1.7,28,11
1986,3,25,2.1,2.2,26,11
1986,3,26,0,2.7,29,13
1986,3,27,0,3,28,14
1986,3,28,0,3.6,28,15
1986,3,29,0,5.3,29,14
1986,3,30,0,3.4,29,14
1986,3,31,0,4.9,31,15
1986,4,1,0,5.9,30,18
1986,4,2,0,4,29,19
1986,4,3,0,5.8,33,17
1986,4,4,0,2.5,32,18
1986,4,5,0,3,31,21
1986,4,6,0,3,30,23
1986,4,7,0,5,32,22
1986,4,8,0,5.9,30,19
1986,4,9,0,5.4,33,18
1986,4,10,0,4.5,30,19
1986,4,11,0,6.5,30,18
1986,4,12,0,5.7,33,18
1986,4,13,0,6,34,20
1986,4,14,0,6.3,32,21
1986,4,15,0,5.7,30,24
1986,4,16,0,5,32,19
1986,4,17,0,4.6,31,22
1986,4,18,0,4,32,22
1986,4,19,0,4.9,31,23
1986,4,20,0,4.9,28,22
1986,4,21,0,4,31,18
1986,4,22,0,6,31,19
1986,4,23,0,3.6,29,20
1986,4,24,0,4.3,30,20
1986,4,25,0,2.8,31,20
1986,4,26,0,3,29,20
1986,4,27,0,5.9,34,22
1986,4,28,0,4.4,33,22
1986,4,29,0,3.6,30,21
1986,4,30,0,4,30,22
1986,5,1,0,6.7,33,23
1986,5,2,0,6.5,32,21
1986,5,3,0,4.4,33,22
1986,5,4,0,3.4,34,21
1986,5,5,0,4.4,33,20
1986,5,6,0,4.8,34,22
1986,5,7,0,5,33,22
1986,5,8,0,5.4,34,24
1986,5,9,0,3.9,33,24
1986,5,10,0,5.7,34,23
1986,5,11,0,5.5,33,24
1986,5,12,0,4.9,32,23
1986,5,13,0,4.9,33,22
1986,5,14,0,5,30,24
1986,5,15,0,3.9,33,24
1986,5,16,0,3.6,33,25
1986,5,17,0,1.9,32,24
1986,5,18,0,4.6,29,22
1986,5,19,0,4.3,30,19
1986,5,20,0,5,30,19
1986,5,21,0,5.5,33,18
1986,5,22,0,4.9,31,20
1986,5,23,0,4.8,32,23
1986,5,24,0,5.8,33,25
1986,5,25,0,5,34,25
1986,5,26,0,4,35,23
1986,5,27,70,6,35,23
1986,5,28,6,5.4,30,22
1986,5,29,10,4.3,30,22
1986,5,30,0,4.5,30,23
1986,5,31,0,4,32,22
1986,6,1,0,3.6,34,23
1986,6,2,20,3.5,32,24
1986,6,3,50,5.3,30,24
1986,6,4,0,2.8,30,23
1986,6,5,0,3,33,24
1986,6,6,0,5.9,34,24
1986,6,7,0,5,35,25
1986,6,8,0,5,35,24
1986,6,9,0,3,34,23
1986,6,10,8,2.4,34,23
1986,6,11,2,0.5,32,23
1986,6,12,0,2,31,24
1986,6,13,0,4,32,22
1986,6,14,18.2,1.5,33,23
1986,6,15,0,3.4,33,23.5
1986,6,16,0,1.5,33,23
1986,6,17,0,5,33,23
1986,6,18,0,3.7,33,23
1986,6,19,0,3.8,33,22
1986,6,20,0,5.3,34,23.5
1986,6,21,8,5,32,23
1986,6,22,0,5.4,33,23
1986,6,23,0,4,33,24
1986,6,24,1,3,32,23
1986,6,25,0,2.4,32,22
1986,6,26,14,1.7,31,21
1986,6,27,15,3.4,30,22
1986,6,28,0,5.8,32,21.5
1986,6,29,0,4.9,33,23
1986,6,30,0,4.9,33,21
1986,7,1,8.1,5,32,22
1986,7,2,0,2.8,28,23
1986,7,3,0,4.2,33,21
1986,7,4,0,5.7,32,22
1986,7,5,3,1.4,33,21
1986,7,6,0,1.3,32,22
1986,7,7,1,0.7,27,20
1986,7,8,0,1.4,29,20
1986,7,9,0,2.5,32,21
1986,7,10,0,3.3,33,22
1986,7,11,0,1.5,32,21
1986,7,12,30,3.8,30,23
1986,7,13,3,1.9,30,21
1986,7,14,0,2.6,30,22
1986,7,15,40,5,30,21
1986,7,16,0,4.6,31,19
1986,7,17,0,8.3,31,22
1986,7,18,0,5,31,23
1986,7,19,0,8,32,22
1986,7,20,0,5.6,31,21
1986,7,21,0,5,33,20
1986,7,22,0,5.5,31,21
1986,7,23,0,4.7,33,20
1986,7,24,0,5,34,22
1986,7,25,0,6.7,34,21
1986,7,26,0,5,33,21
1986,7,27,0,4,32,21
1986,7,28,0,4.3,33,22
1986,7,29,0,1.8,35,21
1986,7,30,0,3.8,35,23
1986,7,31,0,4.6,32,24
1986,8,1,0,5.8,35,23
1986,8,2,0,6,35,21
1986,8,3,0,5,35,21
1986,8,4,18,5.6,33,22
1986,8,5,0,3.9,34,22
1986,8,6,0,4.4,35,23
1986,8,7,0,5.8,35,22
1986,8,8,0,4.6,34,23
1986,8,9,0,2.9,35,20
1986,8,10,0,2.6,35,21
1986,8,11,0,6.5,35,22
1986,8,12,0,4.3,35,22
1986,8,13,0,5,34,21
1986,8,14,0,5.6,31,22
1986,8,15,0,6,34,23
1986,8,16,0,4.5,33,23
1986,8,17,0,5.6,34,22
1986,8,18,0,3.9,36,21
1986,8,19,0,4,35,22
1986,8,20,0,5.3,36,21
1986,8,21,0,6.5,37,20
1986,8,22,0,5,33,22
1986,8,23,50,4.3,34,21
1986,8,24,0,1.6,33,20
1986,8,25,0,3.7,33,21
1986,8,26,0,4.7,34,22
1986,8,27,0,5.8,33,22
1986,8,28,0,5.4,32,21
1986,8,29,8,4.7,34,22
1986,8,30,0,5.3,32,22
1986,8,31,0,4.4,33,22
1986,9,1,0,4,35,22
1986,9,2,20,1.3,32,21
1986,9,3,40,1.4,26,23
1986,9,4,0,0.9,30,22
1986,9,5,0,1.9,33,23
1986,9,6,0,3,34,23
1986,9,7,0,2,34,23
1986,9,8,0,2.8,33,22
1986,9,9,0,2.3,33,22
1986,9,10,0,4.3,34,23
1986,9,11,0,5,34,22
1986,9,12,12,4,32,23
1986,9,13,0,2.7,33,21.5
1986,9,14,0,5.3,34,20
1986,9,15,0,3.5,33,23
1986,9,16,0,4.5,31,21
1986,9,17,0,4,33,22
1986,9,18,0,3.2,32,21
1986,9,19,0,3.3,31,22
1986,9,20,10,2.4,30,21
1986,9,21,0,3.8,31,22
1986,9,22,0,0.8,32,20
1986,9,23,0,4.3,33,21
1986,9,24,0,2.5,33,21
1986,9,25,0,3.5,34,24
1986,9,26,0,1.7,31,24
1986,9,27,7,2.6,33,23
1986,9,28,2,0.9,32,23
1986,9,29,0,1,32,22
1986,9,30,0,3.5,31,24
1986,10,1,0,3,34,24
1986,10,2,0,5,33,24
1986,10,3,8,0.7,34,23
1986,10,4,25,3,30,24
1986,10,5,0,3.9,29,22.5
1986,10,6,35,0.8,30,21
1986,10,7,0,0.3,29,22
1986,10,8,0,3,30,21
1986,10,9,0,5.5,32,20
1986,10,10,8,4,31,21
1986,10,11,0,2.8,32,21
1986,10,12,0,2.5,33,24
1986,10,13,0,3,25,19
1986,10,14,0,1,23,16
1986,10,15,0,2,25,18
1986,10,16,0,2.6,26,19
1986,10,17,0,4,28,16
1986,10,18,0,2,29,18
1986,10,19,0,2.2,29,17
1986,10,20,15,2,29,20
1986,10,21,0,2.7,30,21
1986,10,22,0,2.6,31,20
1986,10,23,0,3.8,32,21
1986,10,24,0,4,28,22
1986,10,25,5,0.1,25,20
1986,10,26,0,4.5,27,19
1986,10,27,0,3,26,17
1986,10,28,0,2.2,30,16
1986,10,29,0,5,30,15
1986,10,30,0,5,30,15
1986,10,31,0,2.6,29,16
1986,11,1,0,1.8,28,19
1986,11,2,0,1.3,29,18
1986,11,3,0,2.4,28,17
1986,11,4,0,2.5,31,18
1986,11,5,25,0.2,23,17.5
1986,11,6,0,2.8,24,16
1986,11,7,0,3.5,30,17
1986,11,8,0,2.5,28,20
1986,11,9,40,2.4,29,19
1986,11,10,80,1,28,20
1986,11,11,0,1.6,27,20
1986,11,12,16,2.5,23,17
1986,11,13,20,1,18,17
1986,11,14,10,0.4,18,9
1986,11,15,0,2.6,23,10
1986,11,16,0,3.5,28,15
1986,11,17,0,5,30,20
1986,11,18,0,4.8,30,19
1986,11,19,0,2,30,21
1986,11,20,0,2.9,24,20
1986,11,21,0,1.3,27,22
1986,11,22,0,0.6,29,19
1986,11,23,0,2.5,28,20
1986,11,24,0,1,22,19
1986,11,25,0,1.7,20,12
1986,11,26,20.2,2.6,20,13
1986,11,27,20,2.9,17,15
1986,11,28,0,2.7,20,10
1986,11,29,0,2.9,25,8
1986,11,30,0,3,26.5,10
1986,12,1,0,3,26,12
1986,12,2,0,0.8,21,13
1986,12,3,0,2.8,21,13
1986,12,4,15.2,3.4,18,10
1986,12,5,0,1,22,16
1986,12,6,0,0.5,24,14
1986,12,7,0,0.9,26,16
1986,12,8,0,1,28,17
1986,12,9,0,1.5,26,18
1986,12,10,2,0.8,21,17
1986,12,11,1,1,18,13
1986,12,12,0,0.2,15,9
1986,12,13,0,1.4,16,10
1986,12,14,0,1,26,12
1986,12,15,0,0.6,25,14
1986,12,16,0,2,26,17
1986,12,17,0,1.4,28,18
1986,12,18,0,1.5,26,18
1986,12,19,0,2.3,19,15
1986,12,20,0,0.3,24,14
1986,12,21,0,0.2,20,15
1986,12,22,0,1,21,16
1986,12,23,0,0.8,23,12
1986,12,24,0,1,20,13
1986,12,25,0,1.3,23,14
1986,12,26,0,1.8,22,16
1986,12,27,0,1.8,20,14
1986,12,28,2,1.3,21,14
1986,12,29,5,0.5,20,15
1986,12,30,8,1,16,13
1986,12,31,0,2.9,22,10
1987,1,1,0,1,23,7
1987,1,2,0,1,22,11
1987,1,3,0,2.5,19,11
1987,1,4,0,1.4,18,6
1987,1,5,0,2.8,24,5
1987,1,6,0,3.3,25,5
1987,1,7,0,1,26,9
1987,1,8,0,1,27,12
1987,1,9,0,5,28,13
1987,1,10,1,0.7,19,15
1987,1,11,0,1,23,13
1987,1,12,11,1.9,22,10.5
1987,1,13,0.1,1.3,21,10
1987,1,14,0,1,25,11
1987,1,15,0,1,24,12
1987,1,16,0,2.2,30,13
1987,1,17,0,7,24,13.5
1987,1,18,1,0.4,24,10
1987,1,19,0,1.6,22,10
1987,1,20,3,3.3,18,12
1987,1,21,0,1,22,4
1987,1,22,0,0.5,21,4
1987,1,23,0,3.4,22,7
1987,1,24,0,2.9,25,9
1987,1,25,0,1.7,24,6
1987,1,26,0,1,27,5
1987,1,27,0,2.5,27,6
1987,1,28,0,3,26,10
1987,1,29,0,3.6,28,10
1987,1,30,0,0.9,33,11
1987,1,31,0,3.8,26,14
1987,2,1,0,1.2,25,16
1987,2,2,0,2,24,16
1987,2,3,0,0.5,28,17
1987,2,4,0,1.8,30,15
1987,2,5,0,5,28,16
1987,2,6,0,3.6,21,10
1987,2,7,0,5.9,25,6
1987,2,8,0,3.9,25,6
1987,2,9,0,2,26,9
1987,2,10,0,2,26,8
1987,2,11,0,2,28,10
1987,2,12,0,3,26,15
1987,2,13,0,0.8,26,10
1987,2,14,0,3,30,15
1987,2,15,0,6.3,29,15
1987,2,16,0,3.8,29,10
1987,2,17,0,1.5,27,12
1987,2,18,4,0.7,23,10
1987,2,19,0,0.9,25,13
1987,2,20,0,2.9,24,14
1987,2,21,0,2.4,22,13
1987,2,22,0,0.9,24,10
1987,2,23,0,0.8,27,10
1987,2,24,0,4.4,32,13
1987,2,25,0,1.2,26,15
1987,2,26,0,1,25,17
1987,2,27,0,4,30,18
1987,2,28,0,6.6,26,16
1987,3,1,0,3,35,15.5
1987,3,2,0,1.5,25,16
1987,3,3,7.2,2.7,22,16
1987,3,4,0,1,23,14
1987,3,5,0,5.4,24.4,9
1987,3,6,0,1.2,23,12
1987,3,7,0,3,26,10
1987,3,8,0,4.8,28,11
1987,3,9,0,1.9,29,12.5
1987,3,10,0,4.5,28,16
1987,3,11,3,3,28,19
1987,3,12,0,1,22,12.5
1987,3,13,2,0.4,22,12
1987,3,14,8,2,24,15
1987,3,15,0,3,28,11
1987,3,16,0,2.7,28.5,15.5
1987,3,17,0,5,27,17
1987,3,18,0,4.3,31,11
1987,3,19,0,2.2,30,14
1987,3,20,0,3.8,33,16
1987,3,21,0,3,29,18
1987,3,22,0,2.7,30,19
1987,3,23,0,4.6,32,19.5
1987,3,24,0,4.8,29,15
1987,3,25,0,4.8,30,18
1987,3,26,0,3,29,21
1987,3,27,0,1.3,24,18
1987,3,28,0,3.9,26,16
1987,3,29,0,3,28,17
1987,3,30,0,2,18,9
1987,3,31,0,4.5,23,6
1987,4,1,0,4.3,26,6
1987,4,2,0,2.4,25,11
1987,4,3,0,5.9,27,10
1987,4,4,0,7,23,12
1987,4,5,0,5.9,29,14
1987,4,6,0,2,24,17
1987,4,7,4,1.6,21,12
1987,4,8,0,0.6,19,11
1987,4,9,2,3,23,13
1987,4,10,0,2.2,29,16
1987,4,11,0,1.2,31,14.6
1987,4,12,0,1.5,30,17
1987,4,13,0,2.4,28,18
1987,4,14,0,NULO,35,14
1987,4,18,0,7.6,32,14
1987,4,19,0,4.9,32,21
1987,4,20,0,4.9,31,22
1987,4,21,0,0.2,27,20
1987,4,22,1,2.3,28,19
1987,4,23,0,0.8,29,19
1987,4,24,0,4.4,28,16
1987,4,25,0,2.9,29,18
1987,4,26,0,4.9,28,16
1987,4,27,0,4.5,30,17
1987,4,28,0,5.8,30,17
1987,4,29,0,4.8,31,15
1987,4,30,0,5.6,31,17
1987,5,1,0,3.5,34,17
1987,5,2,0,2.3,36,21
1987,5,3,0,4.4,35,21
1987,5,4,0,7.6,35,20
1987,5,5,7.5,2.5,30,22
1987,5,6,27,8.3,28,21
1987,5,7,0,4.5,29,20
1987,5,8,0,2.6,30,20
1987,5,9,0,7.6,29,18
1987,5,10,4,5.9,32,20
1987,5,11,0,4.7,31,21
1987,5,12,0,6,34,23
1987,5,13,0,5.7,35,23
1987,5,14,0,5.6,35,20
1987,5,15,0,4.6,36,21
1987,5,16,0,5.5,34,20
1987,5,17,0,4,34,21
1987,5,18,0,0.7,31,22
1987,5,19,0,5,34,22
1987,5,20,0,4.7,33,23
1987,5,21,0,5.6,35,24
1987,5,22,0,3.7,33,23
1987,5,23,0,6.8,34,21
1987,5,24,0,3,34,20
1987,5,25,0,9.4,34,21
1987,5,26,0,8,35,23
1987,5,27,0,8.3,35,23
1987,5,28,0,8.9,35,24
1987,5,29,30,9.5,35,25
1987,5,30,0,9.7,33,20
1987,5,31,25.5,0.9,31.5,22
1987,6,1,0,4.5,30,24
1987,6,2,0,3.8,34,21
1987,6,3,0,1.4,34,24
1987,6,4,0,1.8,29,21
1987,6,5,6,2.2,31,20
1987,6,6,50,4.3,26,22
1987,6,7,20,2.2,24,21
1987,6,8,6,3.4,30,22
1987,6,9,0,6,30,22
1987,6,10,0,3.4,30,23
1987,6,11,0,6.5,33,23
1987,6,12,0,3.2,32,22
1987,6,13,0,6,33,24
1987,6,14,0,4.6,34,23
1987,6,15,0,5.6,33,23
1987,6,16,0,6.8,34,24
1987,6,17,0,7.5,34,22
1987,6,18,0,5,34,24
1987,6,19,0,4.6,35,22
1987,6,20,0,6,34,22
1987,6,21,0,6.4,35,22.5
1987,6,22,0,7,36,22
1987,6,23,0,5,36,25
1987,6,24,0,7.4,35,24
1987,6,25,0,5,34,24
1987,6,26,0,2.2,36,25
1987,6,27,0,4,34,24
1987,6,28,0,6.6,36,23
1987,6,29,0,4,34,23
1987,6,30,0,5,34,23
1987,7,1,0,2.8,34,22
1987,7,2,0,2.8,30,23
1987,7,3,0,1.3,35,22
1987,7,4,8,1.6,34,22
1987,7,5,60,3.3,30,22
1987,7,6,9,2.5,29,22
1987,7,7,0,1.8,29,23
1987,7,8,20,1.9,33,22
1987,7,9,0,2,28,21
1987,7,10,0,2.9,31,22
1987,7,11,0,2.5,32,22
1987,7,12,0,2,32,22
1987,7,13,80.3,3.8,32,22
1987,7,14,10.8,3.2,30,22
1987,7,15,41,3.5,32,23
1987,7,16,0,2.2,32,23
1987,7,17,0,1.4,32,23
1987,7,18,0,3.8,32,24
1987,7,19,0,4.6,33,22
1987,7,20,0,2,33,22
1987,7,21,80.3,4,29,22
1987,7,22,0,1,26,20
1987,7,23,0,2.8,33,21
1987,7,24,3,1.3,27,21
1987,7,25,80.7,4.4,29,21
1987,7,26,0,2.5,30,22
1987,7,27,80.7,1.3,27,22
1987,7,28,70.5,3.9,25,21
1987,7,29,40,2.4,28,21
1987,7,30,0,3.6,31,22
1987,7,31,0,2.2,31,23
1987,8,1,13,4.5,31,22
1987,8,2,0,3,30,22
1987,8,3,0,5.8,30,21
1987,8,4,0,4.8,33,22
1987,8,5,0,2.5,32,23
1987,8,6,18,5,28,24
1987,8,7,2,1.2,32,21
1987,8,8,1,2.5,30,20
1987,8,9,0,1.8,29,22
1987,8,10,0,2.9,33,21
1987,8,11,0,3.3,32,22
1987,8,12,0,3,34,23
1987,8,13,0,6.8,33,23
1987,8,14,0,3.5,34,24
1987,8,15,0,3.7,34,23
1987,8,16,0,4.5,32,23
1987,8,17,2,3.5,32,22
1987,8,18,0,2.6,33,22
1987,8,19,0,3.5,32,23
1987,8,20,55,2.7,33,22
1987,8,21,3,3.6,32,21
1987,8,22,20,4,32,22
1987,8,23,0,5.5,31,22
1987,8,24,0,4,32,20
1987,8,25,0,4.6,32,21
1987,8,26,6,4.8,32,22
1987,8,27,20,4.3,31,21
1987,8,28,1,4.6,31,22
1987,8,29,0,6.7,30,23
1987,8,30,0,3.5,32,22
1987,8,31,10,4,31,22
1987,9,1,0,2,30,23
1987,9,2,4,1,32,20
1987,9,3,0,1.8,29,22
1987,9,4,0,2.9,30,21
1987,9,5,0,4.8,32,22
1987,9,6,0,3,34,20
1987,9,7,0,3.4,34,21
1987,9,8,0,5,35,22
1987,9,9,0,4.3,33,22
1987,9,10,0,4,34,21
1987,9,11,0,2.6,34,22
1987,9,12,0,4,35,22
1987,9,13,0,8,35,23
1987,9,14,0,5,35,23
1987,9,15,0,4,35,24
1987,9,16,0,3.5,35,23
1987,9,17,0,4.4,36,23
1987,9,18,0,2.6,35,23
1987,9,19,0,5.4,34,24
1987,9,20,17,4.7,32,23
1987,9,21,15,2,33,23
1987,9,22,0,3,31,22
1987,9,23,0,1.7,27,20
1987,9,24,0,2,30,20
1987,9,25,0,2.5,32,21
1987,9,26,0,4.7,34,21
1987,9,27,0,3.3,35,22
1987,9,28,0,2,34,24
1987,9,29,0,2,31,23
1987,9,30,0,2.2,32,22
1987,10,1,0,3.9,30,21
1987,10,2,0,3.8,31,19
1987,10,3,0,2.6,31,18
1987,10,4,0,6.3,28,17
1987,10,5,0,3.8,31,18
1987,10,6,0,3.4,32,19
1987,10,7,0,5.7,32,17
1987,10,8,0,3.9,30,18
1987,10,9,0,6.6,32,16
1987,10,10,0,4,31,18
1987,10,11,0,2.9,32,18
1987,10,12,0,3,29,17
1987,10,13,0,1.6,28,15
1987,10,14,0,4.7,31,18
1987,10,15,0,4.3,31,18
1987,10,16,0,4,32,16
1987,10,17,0,4.7,33,17
1987,10,18,0,2.3,32,17
1987,10,19,0,2,31,18
1987,10,20,0,2,32,20
1987,10,21,40,2.6,31,18
1987,10,22,0,4.2,29,18
1987,10,23,0,3.4,31,19
1987,10,24,0,3.8,30,19
1987,10,25,0,3,30,19
1987,10,26,0,3.7,34,19
1987,10,27,0,4.4,31,20
1987,10,28,0,1.8,28,18
1987,10,29,0,4,30,15
1987,10,30,0,3.9,29,17
1987,10,31,0,2.6,30,18
1987,11,1,0,2.8,31,15
1987,11,2,0,2,29,14
1987,11,3,0,3.4,31,15
1987,11,4,4.7,2.4,31,15
1987,11,5,0,6.5,30,17
1987,11,6,0,3,30,17
1987,11,7,0,7.6,30,18
1987,11,8,20,3.3,30,17
1987,11,9,0,2.7,28,16
1987,11,10,0,0.8,20,15
1987,11,11,0,1.3,18,13
1987,11,12,0,1.9,17,12
1987,11,13,0,2.5,25,12
1987,11,14,0,1.8,24,12
1987,11,15,0,5.5,28,13
1987,11,16,0,3,33,15
1987,11,17,NULO,NULO,NULO,NULO
1987,11,20,0,NULO,NULO,NULO
1987,11,21,0,1.7,26,8
1987,11,22,0,2.9,25,12
1987,11,23,0,3,29,13
1987,11,24,0,2.4,30,17
1987,11,25,0,0.9,29,19
1987,11,26,0,2.5,28,20
1987,11,27,0,3.8,29,21
1987,11,28,0,2.6,22,14
1987,11,29,5,6.3,24,14
1987,11,30,0,2,23,15
1987,12,1,2,8,20,16
1987,12,2,0,2.4,24,15
1987,12,3,0,1.2,30,16
1987,12,4,0,1.3,30,16
1987,12,5,0,3.5,30,15
1987,12,6,0,1.9,29,16
1987,12,7,0,2.8,30,17
1987,12,8,0,2,31,11
1987,12,9,0,2.7,28,16
1987,12,10,0,1.5,28,14
1987,12,11,0,1.2,31,15
1987,12,12,0,2.4,30,15
1987,12,13,0,1.9,31,11
1987,12,14,0,2.9,18,15
1987,12,15,0,3,22,11
1987,12,16,0,3.5,22,14
1987,12,17,0,2.3,18,14
1987,12,18,10.3,2.4,21,13
1987,12,19,0,0.8,29,13
1987,12,20,7,3.5,26,17
1987,12,21,0,1,23,19
1987,12,22,0,1.4,22,16
1987,12,23,0,0.4,27,17
1987,12,24,0,2.6,31,19
1987,12,25,0,1.9,30,21
1987,12,26,1,0.1,28,20
1987,12,27,0,0.8,21,10
1987,12,28,0,1.5,18,8
1987,12,29,0,1.4,20,7
1987,12,30,0,1.5,19,9
1987,12,31,0,3.3,25,8
1988,1,1,0,2.2,22,12
1988,1,2,0,1.3,17,10
1988,1,3,0,3.3,21,8
1988,1,4,0,3,21,9
1988,1,5,0,1.5,20,13
1988,1,6,0,3,27,14
1988,1,7,0,3,18,14
1988,1,8,0,2.2,25,10
1988,1,9,7.2,1.3,22,9
1988,1,10,5.1,0.5,28,9
1988,1,11,0,4,28,8
1988,1,12,0,1,23,8
1988,1,13,0,0.7,22,12
1988,1,14,2,1.2,20,13
1988,1,15,0,2.2,22,12
1988,1,16,0,2.6,29,13
1988,1,17,0,1,28,14
1988,1,18,0,2,22,13
1988,1,19,0,1.6,32,14
1988,1,20,0,1.8,31,9
1988,1,21,0,0.7,26,7
1988,1,22,6.2,2.8,17,8
1988,1,23,2.1,1,24,9
1988,1,24,0,1.7,20,8
1988,1,25,0,0.5,17,10
1988,1,26,0,1,22,2
1988,1,27,0,1.3,22,5
1988,1,28,5.1,2,21,7
1988,1,29,0,1.6,23,12
1988,1,30,0,0.4,20,12
1988,1,31,0,2.5,33,11
1988,2,1,0,4.9,28,13
1988,2,2,0,2.5,30,17.5
1988,2,3,0,3,30,18
1988,2,4,2,0.9,34,19
1988,2,5,16,2,22,10
1988,2,6,1,1.9,11,5
1988,2,7,0,1.9,24,7
1988,2,8,6.2,1.7,20,8
1988,2,9,7.1,1,23,12
1988,2,10,0,1.2,20,15
1988,2,11,2.1,1.6,20,14.5
1988,2,12,0,1.4,22,8.5
1988,2,13,0,1.5,22,8
1988,2,14,0,2.2,21,10
1988,2,15,0,3.7,31,8
1988,2,16,0,1.7,25,10
1988,2,17,0,1.6,30,14
1988,2,18,0,5.5,30,19
1988,2,19,0,1,20,17
1988,2,20,0,1.9,18,14
1988,2,21,0,2,15,6
1988,2,22,0,5.5,28,5
1988,2,23,0,3.6,30,7
1988,2,24,0,3.8,24,13
1988,2,25,0,1.9,25,14
1988,2,26,1,2,25,16
1988,2,27,0,2,33,16.5
1988,2,28,0,2.5,29,14.5
1988,2,29,0,3,30,14
1988,3,1,0,2.5,34,15
1988,3,2,0,3.5,32,17
1988,3,3,0,2.2,28,19
1988,3,4,1.2,0.8,22,14
1988,3,5,0,0.9,27,15
1988,3,6,0,1,26,16
1988,3,7,2.1,0.8,25,17
1988,3,8,0,6.3,33,19
1988,3,9,0,3.7,24,18.5
1988,3,10,0,2.5,28,9
1988,3,11,0,4.7,34,11
1988,3,12,0,4.9,36,15
1988,3,13,0,4,28,13
1988,3,14,0,2.5,22,16
1988,3,15,5.1,3.4,18,11
1988,3,16,1.2,0.7,24,12
1988,3,17,0,3.2,28,15
1988,3,18,0,4.5,20,13
1988,3,19,0,3.2,20,13
1988,3,20,0,6.6,25,8
1988,3,21,0,6,27,8
1988,3,22,0,5,25,12
1988,3,23,0,5.6,31,14
1988,3,24,0,4,25,18
1988,3,25,0,7.9,32,12
1988,3,26,0,8.3,32,21
1988,3,27,0,7.5,31,20
1988,3,28,0,5.3,31,19
1988,3,29,18.2,8,33,21
1988,3,30,0,3.2,26,16
1988,3,31,0,5.3,33,17
1988,4,1,0,5.6,35,18
1988,4,2,0,5.4,30,20
1988,4,3,0,2,35,21
1988,4,4,0,3.6,30,20
1988,4,5,0,2.8,29,21
1988,4,6,0,4.8,31,19
1988,4,7,0,3.4,24,17
1988,4,8,0,2.7,24,16
1988,4,9,0,2.2,23,16
1988,4,10,3,0.3,30,20
1988,4,11,0,2,28,11
1988,4,12,0,2,29,11
1988,4,13,0,6.7,31,11
1988,4,14,0,4,32,15
1988,4,15,0,5.7,30,14
1988,4,16,0,3,31,15
1988,4,17,0,4.3,34,21
1988,4,18,0,7.6,41,19
1988,4,19,0,6.8,34,19.5
1988,4,20,0,2.7,32,19
1988,4,21,0,2.8,34,22
1988,4,22,0,8.3,37,22
1988,4,23,0,8.5,33,22
1988,4,24,0,5.4,32,23
1988,4,25,0,5,29,22
1988,4,26,0,2.9,29,20
1988,4,27,0,6.4,32,22
1988,4,28,0,5.6,31,22.5
1988,4,29,0,4.7,36,22
1988,4,30,0,4.8,34,23
1988,5,1,0,5.3,31,21
1988,5,2,0,5.8,35,23.5
1988,5,3,0,6,33,20
1988,5,4,0,5.3,32,19
1988,5,5,0,5.8,30,19
1988,5,6,0,1.2,31,21
1988,5,7,0,3.5,30,20
1988,5,8,0,2.6,29,21
1988,5,9,0,3.8,35,19
1988,5,10,0,5.6,39,20
1988,5,11,0,3.2,30,23
1988,5,12,0,3.5,25,21
1988,5,13,0,5.9,32,21
1988,5,14,0,4,32,20
1988,5,15,0,3,32,20
1988,5,16,0,3.7,34,22
1988,5,17,0,8,33,22
1988,5,18,0,5,33,22
1988,5,19,0,5.6,35,23
1988,5,20,0,4,39,23
1988,5,21,0,7.9,35,24
1988,5,22,0,4.2,33,24
1988,5,23,0,6.6,34,23
1988,5,24,0,4.3,34,23
1988,5,25,0,3.4,33,25
1988,5,26,0,2,32,21
1988,5,27,0,4.7,34,20
1988,5,28,0,1.6,34,19
1988,5,29,0,5,34,17
1988,5,30,0,4.9,35,24
1988,5,31,0,4,35,25
1988,6,1,0,8,39,25
1988,6,2,0,7,36,24
1988,6,3,0,5.3,34,24
1988,6,4,0,5.6,34,23
1988,6,5,0,7.3,36,23
1988,6,6,0,8,36,20
1988,6,7,0,6.9,35,23
1988,6,8,0,5.9,35,23
1988,6,9,0,8.3,38,20
1988,6,10,0,3,36,24
1988,6,11,0,7.4,34,23
1988,6,12,0,7,29,22
1988,6,13,7.1,2.5,31,22
1988,6,14,0,5,37,22
1988,6,15,60,NULO,25,21
1988,6,16,11.2,4.4,30,22
1988,6,17,13.1,5,30,22
1988,6,18,0,2,31,22
1988,6,19,1.2,4.4,31,23
1988,6,20,80,NULO,30,22
1988,6,21,0,2.7,29,22
1988,6,22,0,3,29,23
1988,6,23,0,7.4,31,23
1988,6,24,0,4.9,30,22
1988,6,25,20,8.8,33,21
1988,6,26,0,2.2,33,24
1988,6,27,0,4.9,34,25
1988,6,28,0,6.5,34,23
1988,6,29,0,8.5,34,22
1988,6,30,0,4.9,34,22
1988,7,1,0,5.9,34,24
1988,7,2,70.1,1.8,34,17
1988,7,3,72,3.2,31,22
1988,7,4,0,2.3,35,21
1988,7,5,0,2.7,32,22
1988,7,6,0,6.9,32,21
1988,7,7,0,4.7,31,22
1988,7,8,0,2.9,32,22
1988,7,9,0,2.6,33,24
1988,7,10,5,2.6,32,24
1988,7,11,0,6,34,24
1988,7,12,0,4,34,24
1988,7,13,0,7.6,34,24
1988,7,14,30,2.9,34,24
1988,7,15,4,0.8,35,23
1988,7,16,18,5.5,31,23
1988,7,17,10,5.3,30,23
1988,7,18,0,1,32,22
1988,7,19,0,1,30,22
1988,7,20,13,3.3,31,22
1988,7,21,0,4.5,30,21
1988,7,22,0,6.4,31,21
1988,7,23,0,4.3,32,22
1988,7,24,3,0.8,32,21
1988,7,25,8,6.6,32,22
1988,7,26,35,6.4,29,23
1988,7,27,2,2.8,31,23
1988,7,28,7,1.4,29,23
1988,7,29,0,1.9,31,21
1988,7,30,0,4,31,22
1988,7,31,14,3,31,23
1988,8,1,0,6.9,27,22
1988,8,2,0,4.8,29,23
1988,8,3,3,1.8,31,23
1988,8,4,0,5.7,27,24
1988,8,5,0,5.3,33,23
1988,8,6,0,5,33,24
1988,8,7,0,5,32,23
1988,8,8,0,7.8,33,23
1988,8,9,0,4,34,22
1988,8,10,0,0.9,34,23
1988,8,11,0,6.8,34,24
1988,8,12,6,4.4,30,24
1988,8,13,0,2.4,32,23
1988,8,14,9,8.5,32,22
1988,8,15,36,1.2,30,22
1988,8,16,67,NULO,29,22
1988,8,17,4.4,1.9,29,23
1988,8,18,3,1.4,30,23.5
1988,8,19,4,1.6,31,23
1988,8,20,41,3.7,31,23
1988,8,21,8.5,2.2,30,22
1988,8,22,8.5,9.5,31,22
1988,8,23,6,4,30,23
1988,8,24,NULO,6.8,33,24
1988,8,25,NULO,7,33,22
1988,8,26,NULO,3.9,33,23
1988,8,27,NULO,5.3,34,22
1988,8,28,NULO,2.2,33,23
1988,8,29,5,1,30,22
1988,8,30,NULO,2.3,30,23
1988,8,31,0,2.8,32,22
1988,9,1,60,4,29,23.5
1988,9,2,40,5.3,27,22
1988,9,3,20,1.6,32,22
1988,9,4,0,3.6,31,24
1988,9,5,0,2,28,23
1988,9,6,0,5,30,21
1988,9,7,0,5,31,21
1988,9,8,0,3.7,31,20
1988,9,9,0,7.4,31,20
1988,9,10,0,3,32,21
1988,9,11,0,4,31,20
1988,9,12,4,2.6,32,20
1988,9,13,0,3.5,32,20
1988,9,14,0,5.5,30,24
1988,9,15,8.2,1.9,27,24
1988,9,16,0,1.2,32,23
1988,9,17,0,0.4,31,25
1988,9,18,0,1,33,24
1988,9,19,0,4.4,33,23
1988,9,20,0,2,32,22
1988,9,21,3.1,1,32,21
1988,9,22,0,6,31,22
1988,9,23,2.1,6.6,33,22
1988,9,24,0,5,32,22
1988,9,25,0,5,25,22
1988,9,26,0,4.5,25,22
1988,9,27,0,5.4,32,21.5
1988,9,28,0,5.6,33,20.5
1988,9,29,0,6,33,20
1988,9,30,13,3.3,31,23
1988,10,1,0,4,33,22
1988,10,2,0,2.9,31,23
1988,10,3,0,5.8,29,20
1988,10,4,0,5.9,29,19
1988,10,5,0,3.9,29,20
1988,10,6,0,4.9,24,20
1988,10,7,0,7.9,28,18
1988,10,8,0,2.3,26,19
1988,10,9,30,4,30,20
1988,10,10,0,3.3,26,20
1988,10,11,3,2.5,28,19
1988,10,12,0,3,27,20
1988,10,13,0,2.5,28,21
1988,10,14,0,6,29,19
1988,10,15,0,1.7,31,18
1988,10,16,0,2.6,30,18
1988,10,17,0,4.3,31,18
1988,10,18,0,4.3,31,18
1988,10,19,0,3,30,18
1988,10,20,0,1,31,17
1988,10,21,0,4.3,32,19
1988,10,22,0,3,31,18
1988,10,23,0,3.6,32,19
1988,10,24,0,2.4,32,22
1988,10,25,0,3.8,32,21.5
1988,10,26,0,5,32,20
1988,10,27,0,5.9,32,19
1988,10,28,30.1,5.7,32,20
1988,10,29,0,7,28,22
1988,10,30,0,6,29,22
1988,10,31,0,7.7,30,20
1988,11,1,0,5,28,27
1988,11,2,0,3,27,19
1988,11,3,0,4.4,32,13
1988,11,4,0,2.5,32,15
1988,11,5,0,6,33,17
1988,11,6,0,3.4,28,17
1988,11,7,0,2.9,30,19
1988,11,8,0,2.6,22,21
1988,11,9,0,1.9,30,20
1988,11,10,0,3,29,20
1988,11,11,0,2.6,31,18
1988,11,12,0,2,30,19
1988,11,13,0,2.4,22,20
1988,11,14,0,1.6,21,19.5
1988,11,15,0,2,29,18
1988,11,16,2,5.6,30,19
1988,11,17,0,3,22,17
1988,11,18,0,2.3,29,18
1988,11,19,0,4.6,32,18
1988,11,20,0,2,22,14
1988,11,21,0,1.2,21,14
1988,11,22,0,2,24,11
1988,11,23,0,3.3,23,13
1988,11,24,0,4.3,29,14
1988,11,25,0,3.9,30,17
1988,11,26,0,7.9,35,18
1988,11,27,0,7.9,28,15
1988,11,28,0,2.5,28,14
1988,11,29,0,2.2,29,12
1988,11,30,0,2.5,22,11
1988,12,1,1,0.5,18,15
1988,12,2,0,1,18,14.5
1988,12,3,0,2,24,13
1988,12,4,5.2,0.5,21,14
1988,12,5,0,1.5,22,14
1988,12,6,0,3,26,14
1988,12,7,0,1.9,25,15
1988,12,8,3,0.7,28,14
1988,12,9,0,2.4,16,12.5
1988,12,10,0,4,25,11
1988,12,11,0,1.8,17,12
1988,12,12,0,4,18,13
1988,12,13,0,0.9,18,13
1988,12,14,0,1,27,12
1988,12,15,0,1,25,13
1988,12,16,0,0.7,24,17.5
1988,12,17,0,1.9,27,16
1988,12,18,0,1.7,24,13
1988,12,19,0,2.4,25,14
1988,12,20,0,0.9,32,12
1988,12,21,0,1.4,29,16
1988,12,22,0,1.3,28,17
1988,12,23,0,2.2,29,17
1988,12,24,0,1.5,29,18
1988,12,25,0,1.7,28,18
1988,12,26,0,2.3,28,18
1988,12,27,0,4.3,30,16
1988,12,28,0,0.9,20,17
1988,12,29,0,1.9,26,13
1988,12,30,0,3.9,29,13
1988,12,31,0,8.6,27,16
1989,1,1,0,5.5,28,18
1989,1,2,0,3.4,28,18
1989,1,3,0,1.8,29,18
1989,1,4,0,3.5,28,17
1989,1,5,0,2.3,29,18
1989,1,6,0,0.6,30,15
1989,1,7,0,5,29,16
1989,1,8,0,2.9,29,19
1989,1,9,0,2,28,18
1989,1,10,0,9.5,27,14
1989,1,11,0,2.2,28,15
1989,1,12,0,1,28,15
1989,1,13,0,3.9,24,15
1989,1,14,0,1.3,17,10
1989,1,15,0,2,25,10
1989,1,16,0,4.4,25,14
1989,1,17,0,2.9,27,13
1989,1,18,0,2.8,28,17
1989,1,19,14.2,5.5,22,18
1989,1,20,5.1,2.8,20,16.5
1989,1,21,0,1.8,22,12
1989,1,22,0,2,22,11
1989,1,23,0,3.9,25,10
1989,1,24,0,2,26,16
1989,1,25,0,2.9,28,18
1989,1,26,0,1.9,27,20
1989,1,27,0,3,29,21
1989,1,28,0,1.5,28,18
1989,1,29,0,2.8,29,17.5
1989,1,30,0,6.6,21,19.5
1989,1,31,0,0.5,25,17
1989,2,1,2.1,2,29,16
1989,2,2,0,2.3,31,18
1989,2,3,0,0.7,29,20
1989,2,4,0,1.6,21,11
1989,2,5,1,1.6,18,11
1989,2,6,2,1.1,13,11
1989,2,7,0,1.8,13,4
1989,2,8,20,1,11,5
1989,2,9,0,1,15,5
1989,2,10,10.1,1.4,17,6
1989,2,11,0,3,27,10
1989,2,12,0,1.9,27,13
1989,2,13,0,1.3,29,16
1989,2,14,0,1.3,22,17
1989,2,15,0,2,22,20
1989,2,16,20,3.8,21,20
1989,2,17,0,1.7,27,19
1989,2,18,0,5.7,21,15
1989,2,19,0,2.3,25,14
1989,2,20,0,1,30,16
1989,2,21,0,7.5,29,18
1989,2,22,4,5.7,23,15
1989,2,23,0,4,23,11
1989,2,24,0,5,25,8
1989,2,25,0,3.9,26,11
1989,2,26,0,5.4,28,10
1989,2,27,0,4.6,31,12.5
1989,2,28,0,2.9,29,13
1989,3,1,0,3.8,26,15
1989,3,2,0,4.6,25,17
1989,3,3,0,1.6,30,18
1989,3,4,0,9.5,21,17
1989,3,5,0,5.3,20,10
1989,3,6,0,2.5,17,9
1989,3,7,0,4,22,8
1989,3,8,0,3.3,23,5
1989,3,9,0,2.9,24,6
1989,3,10,0,6.7,25,10
1989,3,11,0,5,27,9
1989,3,12,0,3.7,28,11
1989,3,13,0,7.8,30,10
1989,3,14,0,6,32,12
1989,3,15,0,4,32,16
1989,3,16,0,5,29,20
1989,3,17,0,4.7,28,16
1989,3,18,0,5,26,15
1989,3,19,0,8,30,16
1989,3,20,0,3.5,31,19
1989,3,21,0,2,23,21
1989,3,22,0,5.9,29,19
1989,3,23,0,3.8,27,11
1989,3,24,0,6,29,11
1989,3,25,0,5.3,30,18
1989,3,26,0,8,33,21
1989,3,27,0,2,24,22
1989,3,28,0,2.8,35,18
1989,3,29,0,8,31,19
1989,3,30,0,6.7,35,16
1989,3,31,0,6,36,19
1989,4,1,0,4.4,35,18
1989,4,2,0,7.7,33,17
1989,4,3,0,5.5,37,19
1989,4,4,0,7.9,34,19
1989,4,5,1.2,6,30,18
1989,4,6,0,5,28,18
1989,4,7,0,6.6,33,17
1989,4,8,0,4.5,35,18
1989,4,9,0,4.7,35,19
1989,4,10,0,4,29,20
1989,4,11,0,4.9,30,18
1989,4,12,0,5.4,30,14
1989,4,13,0,4.9,29,16
1989,4,14,0,6,30,19
1989,4,15,40.2,4,26,20
1989,4,16,0,6.7,28,17
1989,4,17,0,9,30,18
1989,4,18,0,2.7,33,20
1989,4,19,0,9,32,21
1989,4,20,0,5,31,20
1989,4,21,0,5,33,17
1989,4,22,0,5.3,31,17
1989,4,23,0,6.7,31,17
1989,4,24,0,4,32,18
1989,4,25,0,4.6,32,22
1989,4,26,0,5.4,36,21
1989,4,27,0,6.4,32,20
1989,4,28,0,6.6,35,18
1989,4,29,0,4.5,35,23
1989,4,30,0,4.8,35,23
1989,5,1,0,6.9,24,22
1989,5,2,0,4.3,31,20
1989,5,3,0,5.9,36,20
1989,5,4,0,7.4,35,21
1989,5,5,0,8,36,22
1989,5,6,0,7,35,23
1989,5,7,0,5,34,21
1989,5,8,0,5,35,20
1989,5,9,0,5.5,34,20
1989,5,10,10,3.8,33,21
1989,5,11,0,3.6,33,23
1989,5,12,0,6.6,35,21
1989,5,13,0,9.9,36,24
1989,5,14,0,7,26,24
1989,5,15,0,4.8,36,24
1989,5,16,0,7.4,38,24
1989,5,17,0,5,30,25
1989,5,18,0,7.5,35,24
1989,5,19,0,9.5,35,25
1989,5,20,0,5.9,35,25
1989,5,21,0,6,35,24
1989,5,22,0,4,37,23
1989,5,23,0,5.4,38,23
1989,5,24,0,5.8,36,22
1989,5,25,0,9.5,36,24
1989,5,26,0,9.8,34,24
1989,5,27,0,3.7,35,25
1989,5,28,0,7.3,35,22
1989,5,29,0,6.6,35,22
1989,5,30,0,7,35,20
1989,5,31,0,9.4,34,22
1989,6,1,0,8,33,23
1989,6,2,0,5,35,22
1989,6,3,0,3,34,21
1989,6,4,0,4.2,35,23
1989,6,5,0,6,36,25
1989,6,6,0,2.8,36,25
1989,6,7,0,8,37,24
1989,6,8,0,7.4,37,25
1989,6,9,0,4,36,26
1989,6,10,0,5.5,38,25
1989,6,11,0,4,35,24
1989,6,12,0,5.8,36,24
1989,6,13,0,6.5,36,24
1989,6,14,60.1,4,33,25
1989,6,15,0,6,35,21
1989,6,16,0,4,32,22
1989,6,17,0,4,34,20
1989,6,18,40.3,2.8,30,22
1989,6,19,0,4.4,33,22
1989,6,20,0,7,34,22
1989,6,21,5,0.1,32,22
1989,6,22,65.1,0.1,27,22.5
1989,6,23,0,5,37,21.5
1989,6,24,0,7.4,34,22
1989,6,25,0,7.4,34,24
1989,6,26,0,2.9,26,24
1989,6,27,0,7.7,35,25
1989,6,28,0,6,35,25
1989,6,29,0,7.7,35,24
1989,6,30,0,8,35,24
1989,7,1,0,0.1,33,24
1989,7,2,0,8.6,34,23
1989,7,3,0,4.4,35,24
1989,7,4,0,5.4,34,25
1989,7,5,2,1.8,34,23
1989,7,6,3,4.3,28,23
1989,7,7,0,5.9,33,21
1989,7,8,0,4.3,36,22
1989,7,9,0,3.5,28,21
1989,7,10,0,5.4,34,24
1989,7,11,5.2,0.8,31,23
1989,7,12,12.3,4.2,26,22
1989,7,13,0,5.4,32,21
1989,7,14,0,5.7,28,22
1989,7,15,0,6,33,23
1989,7,16,0,3.4,36,22
1989,7,17,0,3.4,34,22
1989,7,18,0,6.7,34,22
1989,7,19,0,6.8,36,23
1989,7,20,0,6,30,22
1989,7,21,0,7.7,35,21
1989,7,22,0,6.9,29,20
1989,7,23,0,3.4,25,19
1989,7,24,5,1.8,31,23
1989,7,25,0,0.5,30,23
1989,7,26,60.2,2.3,31,22
1989,7,27,0,1.5,25,20
1989,7,28,0,3.6,32,21
1989,7,29,0,3.4,32,22
1989,7,30,0,3.3,33,19
1989,7,31,0,6.4,34,21
1989,8,1,0,5.4,37,24
1989,8,2,0,5.8,35,25
1989,8,3,0,3,34,22
1989,8,4,0,5,34,21
1989,8,5,0,3.4,31,23
1989,8,6,0,5.3,34,23
1989,8,7,20.1,5,34,22
1989,8,8,0,5,24,21
1989,8,9,0,6,30,20
1989,8,10,0,3,31,21
1989,8,11,0,5.5,34,22
1989,8,12,0,7.5,32,21
1989,8,13,0,8,24,22
1989,8,14,0,4.6,33,21
1989,8,15,0,6,30,21
1989,8,16,0,6,32,21.5
1989,8,17,0,5.6,34,23
1989,8,18,0,4.3,35,23
1989,8,19,0,3,32,22
1989,8,20,0,3.8,34,20
1989,8,21,0,5,34,21
1989,8,22,0,2.2,37,23
1989,8,23,0,4.4,33,22
1989,8,24,50.3,8.6,30,22
1989,8,25,5,0.8,30,21
1989,8,26,0,3.8,32,21
1989,8,27,5.2,1.6,25,23
1989,8,28,0,2.9,24,22
1989,8,29,0,1.6,30,21
1989,8,30,10.2,2,32,21
1989,8,31,6.2,1.4,30,22
1989,9,1,0,5.5,33,22
1989,9,2,0,5,32,22
1989,9,3,0,2.2,33,22
1989,9,4,15,2,34,22
1989,9,5,0,1.3,28,22
1989,9,6,0,2.6,31,22
1989,9,7,4.1,5,31,22
1989,9,8,0,4.6,33,22
1989,9,9,0,4,34,22
1989,9,10,0,1,33,23
1989,9,11,0,1.4,34,23
1989,9,12,0.4,1.7,33,23
1989,9,13,0,2.7,34,22
1989,9,14,0,1.8,32,23
1989,9,15,0,2,27,22.5
1989,9,16,18.2,1.2,37,21.5
1989,9,17,30.3,7.6,26,21
1989,9,18,10.2,1.9,29,22
1989,9,19,0,1.3,31,23
1989,9,20,0,0.5,28,22.5
1989,9,21,0,6,32,23
1989,9,22,6.1,6.6,31,24
1989,9,23,0,4.4,27,19.5
1989,9,24,0,4.7,28,18
1989,9,25,0,5,28,14
1989,9,26,0,8.9,30,18
1989,9,27,0,5.9,25,19
1989,9,28,0,2.8,27,18
1989,9,29,0,2.2,30,17
1989,9,30,0,4,31,17
1990,3,1,0,NULO,20,17
1990,3,2,0,NULO,20,11
1990,3,3,0,NULO,21,1.1
1990,3,4,0,NULO,18,10
1990,3,5,0,NULO,28,9
1990,3,6,0,NULO,20,10
1990,3,7,0,NULO,30,11
1990,3,8,0,NULO,30,12
1990,3,9,0,NULO,30,20
1990,3,10,6.2,NULO,31,18
1990,3,11,0,NULO,30,21
1990,3,12,3.1,NULO,29,20
1990,3,13,0,NULO,30,20
1990,3,14,0,NULO,33,19
1990,3,15,0,NULO,26,19
1990,3,16,0,NULO,25,18
1990,3,17,0,NULO,28,16
1990,3,18,0,NULO,29,13
1990,3,19,0,NULO,23,15
1990,3,20,0,NULO,25,17
1990,3,21,0,NULO,24,12
1990,3,22,0,NULO,30,11
1990,3,23,0,NULO,28,13
1990,3,24,0,NULO,23,15
1990,3,25,7.2,NULO,30,11
1990,3,26,0,NULO,20,14
1990,3,27,0,NULO,25,14
1990,3,28,0,NULO,28,14
1990,3,29,0,NULO,25,18
1990,3,30,0,NULO,22,10
1990,3,31,0,NULO,32,10
1990,5,1,0,NULO,29,24
1990,5,2,0,NULO,35,22
1990,5,3,0,NULO,29,19
1990,5,4,4,NULO,30,20
1990,5,5,0,NULO,24,19
1990,5,6,0,NULO,20,17.5
1990,5,7,6.2,NULO,23,17
1990,5,8,0,NULO,32,17
1990,5,9,0,NULO,36,19
1990,5,10,0,NULO,35,20
1990,5,11,0,NULO,36,24
1990,5,12,0,NULO,38,24
1990,5,13,0,NULO,35,25
1990,5,14,0,NULO,35,25
1990,5,15,0,NULO,36,23
1990,5,16,0,NULO,35,23
1990,5,17,0,NULO,35,26
1990,5,18,0,NULO,35,24
1990,5,19,0,NULO,35,24
1990,5,20,0,NULO,35,25
1990,5,21,0,NULO,34,26
1990,5,22,1,NULO,36,25
1990,5,23,0,NULO,34,21
1990,5,24,0,NULO,36,21
1990,5,25,0,NULO,35,20
1990,5,26,0,NULO,38,21
1990,5,27,0,NULO,37,22
1990,5,28,0,NULO,38,23
1990,5,29,0,NULO,36,25
1990,5,30,0,NULO,40,24
1990,5,31,0,NULO,37,25
1990,6,1,0,NULO,38,26
1990,6,2,0,NULO,36,26
1990,6,3,0,NULO,35,24
1990,6,4,0,NULO,35,23
1990,6,5,0,NULO,36,22
1990,6,6,0,NULO,35,22
1990,6,7,0,NULO,36,21
1990,6,8,0,NULO,36,23
1990,6,9,0,NULO,32,24
1990,6,10,35.2,NULO,35,22
1990,6,11,0,NULO,32,21
1990,6,12,0,NULO,33,22
1990,6,13,0,NULO,32,22
1990,6,14,10.3,NULO,34,21
1990,6,15,0,NULO,33,23
1990,6,16,0,NULO,36,20
1990,6,17,0,NULO,36,24
1990,6,18,10.2,NULO,33,24
1990,6,19,0,NULO,29,23
1990,6,20,0,NULO,36,21
1990,6,21,8.2,NULO,36,22
1990,6,22,0,NULO,36,24
1990,6,23,0,NULO,35,23
1990,6,24,0,NULO,33,24
1990,6,25,0,NULO,32,21
1990,6,26,0,NULO,38,22
1990,6,27,0,NULO,33,16
1990,6,28,0,NULO,35,23
1990,6,29,0,NULO,34,22
1990,6,30,40.1,NULO,30,24
1990,7,1,30.2,NULO,26,21
1990,7,2,0,NULO,32,21
1990,7,3,0,NULO,32,21
1990,7,4,0,NULO,32,24
1990,7,5,25.2,NULO,33,23
1990,7,6,10.2,NULO,30,22
1990,7,7,0,NULO,32,24
1990,7,8,0,NULO,31,25
1990,7,9,0,NULO,31,22
1990,7,10,12.1,NULO,30,22
1990,7,11,0,NULO,30,22
1990,7,12,0,NULO,33,21
1990,7,13,0,NULO,32,22
1990,7,14,0,NULO,33,21
1990,7,15,0,NULO,33,22
1990,7,16,15.2,NULO,33,22
1990,7,17,20.2,NULO,31,22
1990,7,18,0,NULO,32,21
1990,7,19,0,NULO,33,21
1990,7,20,0,NULO,32,22
1990,7,21,0,NULO,33,22
1990,7,22,0,NULO,33,24
1990,7,23,0,NULO,30,23
1990,7,24,0,NULO,33,21
1990,7,25,0,NULO,33,22
1990,7,26,0,NULO,33,22
1990,7,27,0,NULO,33,22
1990,7,28,0,NULO,33,22
1990,7,29,0,NULO,32,21
1990,7,30,0,NULO,33,20
1990,7,31,0,NULO,35,22
1990,8,1,0,NULO,35,23
1990,8,2,4,NULO,34,22
1990,8,3,18.2,NULO,31,23
1990,8,4,0,NULO,32,22
1990,8,5,13.4,NULO,33,23
1990,8,6,40.3,NULO,28,22
1990,8,7,15.3,NULO,25,21
1990,8,8,0,NULO,23,21
1990,8,9,0,NULO,30,20
1990,8,10,50.5,NULO,30,21
1990,8,11,0,NULO,30,22
1990,8,12,0,NULO,30,22
1990,8,13,0,NULO,31,23
1990,8,14,0,NULO,32,22
1990,8,15,0,NULO,26,23
1990,8,16,20.5,NULO,30,22
1990,8,17,0,NULO,30,22
1990,8,18,10.2,NULO,30,23
1990,8,19,0,NULO,32,23
1990,8,20,0,NULO,32,22
1990,8,21,0,NULO,31,22
1990,8,22,0,NULO,32,22
1990,8,23,10.2,NULO,30,22
1990,8,24,0,NULO,32,22
1990,8,25,0,NULO,30,22
1990,8,26,0,NULO,32,21
1990,8,27,0,NULO,34,22
1990,8,28,0,NULO,33,22
1990,8,29,0,NULO,34,23
1990,8,30,0,NULO,32,24
1990,8,31,0,NULO,33.5,22
1990,9,1,0,NULO,34,22
1990,9,2,0,NULO,33,23
1990,9,3,100.2,NULO,34,22
1990,9,4,15,NULO,29,21
1990,9,5,8.4,NULO,30,22
1990,9,6,20.1,NULO,30,22
1990,9,7,0,NULO,30,22
1990,9,8,0,NULO,31,22
1990,9,9,120,NULO,28,22
1990,9,10,0,NULO,27,21
1990,9,11,10.3,NULO,31,20
1990,9,12,0,NULO,29,21
1990,9,13,0,NULO,30,22
1990,9,14,0,NULO,27,23
1990,9,15,0,NULO,32,23
1990,9,16,0,NULO,34,22
1990,9,17,45.5,NULO,30,23
1990,9,18,0,NULO,29,22
1990,9,19,10,NULO,32,20
1990,9,20,0,NULO,30,22
1990,9,21,0,NULO,33,21
1990,9,22,20.1,NULO,32,23
1990,9,23,15.4,NULO,26,23
1990,9,24,0,NULO,27,22
1990,9,25,0,NULO,30,20
1990,9,26,0,NULO,29,21
1990,9,27,0,NULO,25,22
1990,9,28,0,NULO,32,21
1990,9,29,0,NULO,31,22
1990,9,30,0,NULO,31,23
1990,10,1,0,NULO,30,22
1990,10,2,0,NULO,33,21
1990,10,3,0,NULO,32,22
1990,10,4,90.1,NULO,33,22
1990,10,5,40.1,NULO,30,22
1990,10,6,2,NULO,30,22
1990,10,7,0,NULO,32,21
1990,10,8,0,NULO,31,22
1990,10,9,14.2,NULO,32,23
1990,10,10,0,NULO,30,25
1990,10,11,0,NULO,26,24
1990,10,12,0,NULO,29,24
1990,10,13,0,NULO,28,18
1990,10,14,0,NULO,31,19
1990,10,15,18.2,NULO,32,19
1990,10,16,0,NULO,30,21
1990,10,17,0,NULO,33,23
1990,10,18,25.2,NULO,28,23
1990,10,19,0,NULO,25,18
1990,10,20,0,NULO,28,15
1990,10,21,0,NULO,20,17
1990,10,22,32.2,NULO,31,19
1990,10,23,0,NULO,30,15
1990,10,24,0,NULO,27,15
1990,10,25,0,NULO,25,15
1990,10,26,0,NULO,27,16
1990,10,27,0,NULO,25,17
1990,10,28,0,NULO,27,16
1990,10,29,0,NULO,26,18
1990,10,30,68.8,NULO,28,16
1990,10,31,0,NULO,28,17
1990,11,1,0,NULO,27,18
1990,11,2,0,NULO,30,17
1990,11,3,0,NULO,30,18
1990,11,4,0,NULO,30,20
1990,11,5,0,NULO,29,16
1990,11,6,0,NULO,18,15
1990,11,7,0,NULO,20,16
1990,11,8,0,NULO,31,13
1990,11,9,0,NULO,30,11
1990,11,10,0,NULO,24,10
1990,11,11,0,NULO,23,11
1990,11,12,0,NULO,26,10
1990,11,13,0,NULO,26,13
1990,11,14,0,NULO,25,17
1990,11,15,30.1,NULO,28,18
1990,11,16,0,NULO,26,16
1990,11,17,0,NULO,25,15
1990,11,18,0,NULO,27,12
1990,11,19,0,NULO,25,16
1990,11,20,0,NULO,31,15
1990,11,21,0,NULO,30,16
1990,11,22,0,NULO,30,20
1990,11,23,0,NULO,30,21
1990,11,24,0,NULO,32,16
1990,11,25,0,NULO,32,19
1990,11,26,0,NULO,28,19
1990,11,27,0,NULO,32,18
1990,11,28,0,NULO,31,20
1990,11,29,18.2,NULO,31,21
1990,11,30,0,NULO,37,16
1990,12,1,0,NULO,31,11
1990,12,2,0,NULO,32,12
1990,12,3,0,NULO,28,11
1990,12,4,0,NULO,20,13
1990,12,5,0,NULO,20,9
1990,12,6,0,NULO,19,11
1990,12,7,0,NULO,27,10
1990,12,8,0,NULO,22,4
1990,12,9,0,NULO,25,5
1990,12,10,0,NULO,28,5
1990,12,11,0,NULO,20,8
1990,12,12,0,NULO,28,17
1990,12,13,0,NULO,30,11
1990,12,14,0,NULO,29,13
1990,12,15,0,NULO,28,16
1990,12,16,0,NULO,27,17
1990,12,17,0,NULO,23,18
1990,12,18,0,NULO,31,16
1990,12,19,0,NULO,20,12
1990,12,20,0,NULO,29,11
1990,12,21,0,NULO,30,18
1990,12,22,0,NULO,28,19
1990,12,23,0,NULO,30,10
1990,12,24,0,NULO,20,10
1990,12,25,0,NULO,20,11
1990,12,26,0,NULO,20,7
1990,12,27,0,NULO,27,8
1990,12,28,0,NULO,26,15
1990,12,29,0,NULO,25,14
1990,12,30,0,NULO,30,13
1990,12,31,0,NULO,29,13
1991,2,1,0,NULO,21,8
1991,2,2,14.3,NULO,21,10
1991,2,3,0,NULO,22,13
1991,2,4,0,NULO,25,12
1991,2,5,0,NULO,27,14
1991,2,6,0,NULO,25,16
1991,2,7,0,NULO,22,17
1991,2,8,0,NULO,21,15
1991,2,9,0,NULO,26,9
1991,2,10,0,NULO,25,10
1991,2,11,0,NULO,27,9
1991,2,12,0,NULO,29,11
1991,2,13,0,NULO,28,11
1991,2,14,0,NULO,33,10
1991,2,15,0,NULO,28,12
1991,2,16,0,NULO,30,18
1991,2,17,0,NULO,30,15
1991,2,18,0,NULO,29,16
1991,2,19,0,NULO,32,15
1991,2,20,0,NULO,24,16
1991,2,21,0,NULO,24,13
1991,2,22,0,NULO,27,10
1991,2,23,0,NULO,27,10
1991,2,24,0,NULO,30,12
1991,2,25,0,NULO,30,15
1991,2,26,8,NULO,28,15
1991,2,27,0,NULO,19,15
1991,2,28,0,NULO,29,10
1991,3,1,0,NULO,29,13
1991,3,2,0,NULO,29,13
1991,3,3,0,NULO,40,13
1991,3,4,0,NULO,30,9
1991,3,5,0,NULO,31,7
1991,3,6,0,NULO,33,9
1991,3,7,0,NULO,32,10
1991,3,8,0,NULO,40,11
1991,3,9,0,NULO,30,17
1991,3,10,6.2,NULO,28,13
1991,3,11,0,NULO,30,17
1991,3,12,3.1,NULO,29,20
1991,3,13,0,NULO,30,20
1991,3,14,0,NULO,33,19
1991,3,15,0,NULO,33,13
1991,3,16,0,NULO,33,14
1991,3,17,0,NULO,34,15
1991,3,18,0,NULO,30,14
1991,3,19,0,NULO,30,12
1991,3,20,0,NULO,32,15
1991,3,21,0,NULO,32,15
1991,3,22,0,NULO,31,20
1991,3,23,0,NULO,39,21
1991,3,24,0,NULO,31,21
1991,3,25,7.2,NULO,32,19
1991,3,26,0,NULO,30,21
1991,3,27,0,NULO,31,20
1991,3,28,0,NULO,35,18
1991,3,29,0,NULO,37,22
1991,3,30,0,NULO,33,20
1991,3,31,0,NULO,32,20
1991,4,1,0,NULO,22,13
1991,4,2,0,NULO,30,13
1991,4,3,0,NULO,31,15
1991,4,4,0,NULO,31,17
1991,4,5,0,NULO,32,21
1991,4,6,3,NULO,27,21
1991,4,7,0,NULO,32,19
1991,4,8,0,NULO,34,19
1991,4,9,4.5,NULO,33,21
1991,4,10,0,NULO,33,21
1991,4,11,0,NULO,34,20
1991,4,12,0,NULO,35,21
1991,4,13,0,NULO,34,21
1991,4,14,0,NULO,34,21
1991,4,15,0,NULO,33,21
1991,4,16,0,NULO,36,21
1991,4,17,0,NULO,36,23
1991,4,18,0,NULO,31,22
1991,4,19,0,NULO,34,23
1991,4,20,0,NULO,33,21
1991,4,21,0,NULO,40,20
1991,4,22,0,NULO,37,21
1991,4,23,0,NULO,36,22
1991,4,24,0,NULO,38,23
1991,4,25,0,NULO,38,24
1991,4,26,0,NULO,40,25
1991,4,27,0,NULO,43,23
1991,4,28,0,NULO,42,22
1991,4,29,0,NULO,36,24
1991,4,30,0,NULO,38,18
1991,5,1,0,NULO,37,20
1991,5,2,0,NULO,35,22
1991,5,3,0,NULO,33,23
1991,5,4,0,NULO,32,23
1991,5,5,120,NULO,26,21
1991,5,6,0,NULO,31,20
1991,5,7,7,NULO,32,19
1991,5,8,0,NULO,35,21
1991,5,9,0,NULO,36,22
1991,5,10,0,NULO,36,23
1991,5,11,0,NULO,35,24
1991,5,12,0,NULO,32,23
1991,5,13,0,NULO,35,21
1991,5,14,0,NULO,34,23
1991,5,15,0,NULO,36,23
1991,5,16,0,NULO,31,24
1991,5,17,0,NULO,34,26
1991,5,18,0,NULO,35,22
1991,5,19,0,NULO,35,21
1991,5,20,0,NULO,36,21
1991,5,21,0,NULO,35,24
1991,5,22,0,NULO,35,23
1991,5,23,0,NULO,35,23
1991,5,24,0,NULO,36,23
1991,5,25,0,NULO,35,23
1991,5,26,0,NULO,37,23
1991,5,27,0,NULO,36,23
1991,5,28,0,NULO,35,22
1991,5,29,0,NULO,37,21
1991,5,30,0,NULO,35,23
1991,5,31,0,NULO,38,23
1991,6,1,0,NULO,37,26
1991,6,2,0,NULO,33,24
1991,6,3,0,NULO,28,25
1991,6,4,0,NULO,39,25
1991,6,5,0,NULO,39,23
1991,6,6,0,NULO,37,24
1991,6,7,0,NULO,39,22
1991,6,8,0,NULO,37,23
1991,6,9,0,NULO,36,22
1991,6,10,10.8,NULO,35,23
1991,6,11,0,NULO,34,22
1991,6,12,0,NULO,36,23
1991,6,13,0,NULO,37,23
1991,6,14,11.5,NULO,36,24
1991,6,15,14.5,NULO,37,24
1991,6,16,0,NULO,36,23
1991,6,17,10,NULO,36,24
1991,6,18,0,NULO,37,24
1991,6,19,3,NULO,34,23
1991,6,20,8,NULO,35,22
1991,6,21,0,NULO,37,22
1991,6,22,0,NULO,37,23
1991,6,23,10,NULO,34,24
1991,6,24,19,NULO,31,21
1991,6,25,56,NULO,28,21
1991,6,26,12,NULO,32,22
1991,6,27,20,NULO,32,21
1991,6,28,2.5,NULO,33,22
1991,6,29,12,NULO,32,23
1991,6,30,44,NULO,30,23
1991,7,1,23,NULO,29,23
1991,7,2,80,NULO,27,22
1991,7,3,51,NULO,30,21
1991,7,4,0,NULO,30,21
1991,7,5,29,NULO,32,23
1991,7,6,0,NULO,31,22
1991,7,7,5.5,NULO,32,22
1991,7,8,89,NULO,29,24
1991,7,9,3.5,NULO,33,22
1991,7,10,0,NULO,34,22
1991,7,11,0,NULO,32,24
1991,7,12,0,NULO,33,23
1991,7,13,0,NULO,32,23
1991,7,14,0,NULO,33,23
1991,7,15,0,NULO,33,21
1991,7,16,0,NULO,33,23
1991,7,17,0,NULO,32,21
1991,7,18,0,NULO,35,22
1991,7,19,4,NULO,34,22
1991,7,20,0,NULO,34,22
1991,7,21,5.5,NULO,34,23
1991,7,22,11.5,NULO,32,22
1991,7,23,0,NULO,33,21
1991,7,24,1.5,NULO,31,21
1991,7,25,0,NULO,34,22
1991,7,26,6,NULO,32,23
1991,7,27,0,NULO,34,23
1991,7,28,0,NULO,35,22
1991,7,29,0,NULO,35,22
1991,7,30,0,NULO,36,21
1991,7,31,0,NULO,37,22
1991,8,1,0,NULO,37,22
1991,8,2,0,NULO,36,21
1991,8,3,5,NULO,33,22
1991,8,4,0,NULO,34,22
1991,8,5,4.5,NULO,35,22
1991,8,6,3.5,NULO,34,22
1991,8,7,0,NULO,34,22
1991,8,8,0,NULO,31,21
1991,8,9,0,NULO,34,21
1991,8,10,0,NULO,34,21
1991,8,11,2,NULO,36,23
1991,8,12,0,NULO,36,21
1991,8,13,0,NULO,34,21
1991,8,14,0,NULO,34,21
1991,8,15,0,NULO,34,22
1991,8,16,0,NULO,36,22
1991,8,17,0,NULO,36,22
1991,8,18,0,NULO,36,23
1991,8,19,0,NULO,36,22
1991,8,20,0,NULO,36,23
1991,8,21,0,NULO,36,22
1991,8,22,0,NULO,36,22
1991,8,23,0,NULO,37,21
1991,8,24,0,NULO,35,22
1991,8,25,0,NULO,35,22
1991,8,26,0,NULO,36,23
1991,8,27,0,NULO,36,23
1991,8,28,0,NULO,35,22
1991,8,29,0,NULO,35,22
1991,8,30,0,NULO,36,22
1991,8,31,0,NULO,34,21
1991,9,1,0,NULO,37,22
1991,9,2,0,NULO,36,22
1991,9,3,2,NULO,36,22
1991,9,4,6,NULO,34,22
1991,9,5,1.5,NULO,34,23
1991,9,6,0,NULO,32,22
1991,9,7,22.5,NULO,34,21
1991,9,8,0,NULO,34,21
1991,9,9,0,NULO,34,21
1991,9,10,48.5,NULO,36,21
1991,9,11,0,NULO,34,19
1991,9,12,11.5,NULO,34,20
1991,9,13,0,NULO,33,20
1991,9,14,0,NULO,34,20
1991,9,15,53.5,NULO,31,22
1991,9,16,90.5,NULO,32,21
1991,9,17,2,NULO,31,20
1991,9,18,31,NULO,33,20
1991,9,19,27.5,NULO,32,21
1991,9,20,0,NULO,26,18
1991,9,21,5,NULO,29,19
1991,9,22,40,NULO,29,19
1991,9,23,24,NULO,31,19
1991,9,24,0,NULO,33,21
1991,9,25,3,NULO,31,21
1991,9,26,0,NULO,30,18
1991,9,27,0,NULO,29,16
1991,9,28,3,NULO,28,19
1991,9,29,4.5,NULO,24,20
1991,9,30,1.5,NULO,28,18
1991,10,1,0,NULO,31,19
1991,10,2,0,NULO,32,19
1991,10,3,0,NULO,34,20
1991,10,4,0,NULO,35,22
1991,10,5,15,NULO,34,22
1991,10,6,20,NULO,24,19
1991,10,7,160,NULO,30,16
1991,10,8,80,NULO,24,19
1991,10,9,180,NULO,23,18
1991,10,10,13,NULO,26,18
1991,10,11,0,NULO,30,18
1991,10,12,0,NULO,31,15
1991,10,13,0,NULO,31,16
1991,10,14,0,NULO,32,16
1991,10,15,0,NULO,31,18
1991,10,16,0,NULO,31,18
1991,10,17,0,NULO,31,17
1991,10,18,0,NULO,31,17
1991,10,19,0,NULO,30,19
1991,10,20,0,NULO,30,19
1991,10,21,0,NULO,29,21
1991,10,22,0,NULO,34,21
1991,10,23,0,NULO,34,21
1991,10,24,0,NULO,34,20
1991,10,25,0,NULO,34,20
1991,10,26,1,NULO,34,21
1991,10,27,0,NULO,34,21
1991,10,28,0,NULO,34,23
1991,10,29,0,NULO,34,23
1991,10,30,0,NULO,34,23
1991,10,31,0,NULO,34,22
1991,11,1,0,NULO,19,16
1991,11,2,0,NULO,22,14
1991,11,3,21,NULO,19,16
1991,11,4,4.5,NULO,18,8
1991,11,5,4,NULO,21,8
1991,11,6,0,NULO,25,11
1991,11,7,2,NULO,30,18
1991,11,8,0,NULO,20,14
1991,11,9,0,NULO,22,12
1991,11,10,0,NULO,27,8
1991,11,11,3,NULO,26,9
1991,11,12,1,NULO,25,17
1991,11,13,0,NULO,27,17
1991,11,14,0,NULO,30,14
1991,11,15,0,NULO,30,15
1991,11,16,0,NULO,32,18
1991,11,17,0,NULO,31,19
1991,11,18,0,NULO,31,20
1991,11,19,0,NULO,32,20
1991,11,20,0,NULO,24,15
1991,11,21,0,NULO,25,11
1991,11,22,0,NULO,29,11
1991,11,23,0,NULO,27,12
1991,11,24,0,NULO,20,12
1991,11,25,0,NULO,23,12
1991,11,26,0,NULO,24,12
1991,11,27,0,NULO,29,14
1991,11,28,0,NULO,30,15
1991,11,29,0,NULO,30,15
1991,11,30,0,NULO,30,16
1991,12,1,0,NULO,31,17
1991,12,2,0,NULO,22,19
1991,12,3,0,NULO,20,12
1991,12,4,0,NULO,23,12
1991,12,5,0,NULO,23,10
1991,12,6,0,NULO,24,10
1991,12,7,0,NULO,26,17
1991,12,8,0,NULO,30,18
1991,12,9,8.5,NULO,27,19
1991,12,10,3,NULO,27,18
1991,12,11,0,NULO,30,21
1991,12,12,0,NULO,29,17
1991,12,13,0,NULO,30,19
1991,12,14,5,NULO,26,21
1991,12,15,10,NULO,24,11
1991,12,16,1.5,NULO,16,10
1991,12,17,0,NULO,22,10
1991,12,18,1.5,NULO,22,13
1991,12,19,0,NULO,26,16
1991,12,20,5,NULO,27,18
1991,12,21,2.5,NULO,28,20
1991,12,22,1,NULO,26,20
1991,12,23,4.5,NULO,27,19
1991,12,24,4,NULO,21,14
1991,12,25,1,NULO,18,11
1991,12,26,1,NULO,21,12
1991,12,27,0,NULO,17,12
1991,12,28,0,NULO,20,12
1991,12,29,0,NULO,23,12
1991,12,30,0,NULO,22,13
1991,12,31,0,NULO,22,12
1992,1,1,0,NULO,25,13
1992,1,2,0,NULO,24,15
1992,1,3,1,NULO,21,15
1992,1,4,0,NULO,24,15
1992,1,5,0,NULO,22,16
1992,1,6,0,NULO,21,15
1992,1,7,0,NULO,29,14
1992,1,8,1.5,NULO,26,18
1992,1,9,9,NULO,21,17
1992,1,10,11,NULO,19,13
1992,1,11,0,NULO,20,11
1992,1,12,0,NULO,27,11
1992,1,13,0,NULO,22,13
1992,1,14,0,NULO,22,12
1992,1,15,17,NULO,15,11
1992,1,16,10,NULO,17,5
1992,1,17,0,NULO,17,7
1992,1,18,2,NULO,20,9
1992,1,19,0,NULO,14,8
1992,1,20,0,NULO,19,8
1992,1,21,0,NULO,25,8
1992,1,22,0,NULO,28,11
1992,1,23,1,NULO,23,13
1992,1,24,0,NULO,17,11
1992,1,25,11,NULO,17,10
1992,1,26,2.5,NULO,21,11
1992,1,27,0,NULO,23,12
1992,1,28,21.5,NULO,20,15
1992,1,29,0,NULO,18,11
1992,1,30,0,NULO,19,13
1992,2,1,4,NULO,19,13
1992,2,2,2,NULO,26,13
1992,2,3,0.5,NULO,26,14
1992,2,4,0,NULO,29,13
1992,2,5,0,NULO,24,11
1992,2,6,0,NULO,22,8
1992,2,7,0,NULO,21,9
1992,2,8,0,NULO,21,11
1992,2,9,0,NULO,24,11
1992,2,10,0.5,NULO,23,11
1992,2,11,0,NULO,22,17
1992,2,12,0,NULO,28,17
1992,2,13,0,NULO,29,17
1992,2,14,0,NULO,30,17
1992,2,15,0,NULO,29,17
1992,2,16,0,NULO,30,18
1992,2,17,1.5,NULO,29,17
1992,2,18,1,NULO,27,17
1992,2,19,0,NULO,27,16
1992,2,20,1,NULO,22,15
1992,2,21,0,NULO,26,15
1992,2,22,0,NULO,27,17
1992,2,23,5.5,NULO,29,17
1992,2,24,0,NULO,31,15
1992,2,25,0,NULO,24,16
1992,2,26,0,NULO,19,13
1992,2,27,0,NULO,22,11
1992,2,28,0,NULO,23,11
1992,2,29,0,NULO,27,11
1992,3,1,0.5,NULO,25,11
1992,3,2,0,NULO,28,17
1992,3,3,0,NULO,30,18
1992,3,4,0,NULO,32,17
1992,3,5,0,NULO,31,20
1992,3,6,0,NULO,31,20
1992,3,7,0,NULO,31,19
1992,3,8,0,NULO,30,17
1992,3,9,0,NULO,34,18
1992,3,10,0,NULO,26,20
1992,3,11,0,NULO,24,14
1992,3,12,0,NULO,25,12
1992,3,13,6.5,NULO,20,13
1992,3,14,0,NULO,22,13
1992,3,15,0,NULO,30,12
1992,3,16,0,NULO,28,12
1992,3,17,0,NULO,29,17
1992,3,18,0,NULO,32,17
1992,3,19,0,NULO,34,18
1992,3,20,0,NULO,26,20
1992,3,21,0,NULO,31,20
1992,3,22,0,NULO,34,20
1992,3,23,0,NULO,26,20
1992,3,24,0,NULO,26,17
1992,3,25,2,NULO,27,18
1992,3,26,19,NULO,30,20
1992,3,27,0,NULO,30,20
1992,3,28,0,NULO,30,20
1992,3,29,0,NULO,33,20
1992,3,30,1,NULO,30,20
1992,3,31,2.5,NULO,29,21
1992,4,1,0,NULO,30.5,20
1992,4,2,2.5,NULO,27,21
1992,4,3,18,NULO,23.5,16
1992,4,4,0.5,NULO,21,13
1992,4,5,0,NULO,29,13
1992,4,6,0,NULO,30,17
1992,4,7,0,NULO,32,20
1992,4,8,0,NULO,31,17.5
1992,4,9,0,NULO,30,18.5
1992,4,10,0,NULO,33,19
1992,4,11,0,NULO,32,20
1992,4,12,0,NULO,32,20
1992,4,13,0,NULO,32,20
1992,4,14,0,NULO,31,19
1992,4,15,0,NULO,32,19
1992,4,16,0,NULO,32,20
1992,4,17,0,NULO,33,21
1992,4,18,0,NULO,35,20
1992,4,19,0,NULO,39,18
1992,4,20,0,NULO,30.5,18
1992,4,21,0,NULO,31,13.5
1992,4,22,0,NULO,32,14.5
1992,4,23,0,NULO,31,17.5
1992,4,24,0,NULO,32,21.5
1992,4,25,11,NULO,34,21
1992,4,26,7,NULO,27,18.5
1992,4,27,0,NULO,28,17
1992,4,28,0,NULO,31,16
1992,4,29,0,NULO,33,16
1992,4,30,0,NULO,32,18
1992,5,1,0,NULO,32,20
1992,5,2,0,NULO,33,16
1992,5,3,0,NULO,33,19
1992,5,4,0,NULO,32,18
1992,5,5,0,NULO,32,18
1992,5,6,9.5,NULO,32,18
1992,5,7,0,NULO,31,17
1992,5,8,0,NULO,30,16
1992,5,9,0,NULO,32,17
1992,5,10,0,NULO,31,18
1992,5,11,0,NULO,34,21
1992,5,12,0,NULO,35,22
1992,5,13,4,NULO,35,22
1992,5,14,0,NULO,34,21
1992,5,15,9.5,NULO,35,21
1992,5,16,0,NULO,35,19
1992,5,17,0,NULO,35,22
1992,5,18,0,NULO,33,20
1992,5,19,0,NULO,32,20
1992,5,20,0,NULO,33,20
1992,5,21,0,NULO,34,18
1992,5,22,0,NULO,34,20
1992,5,23,0,NULO,32,20
1992,5,24,0,NULO,33,21
1992,5,25,0,NULO,35,19
1992,5,26,0,NULO,34,20
1992,5,27,0,NULO,30,22
1992,5,28,0,NULO,38,22
1992,5,29,20,NULO,32,22
1992,5,30,0,NULO,31,20
1992,5,31,37.5,NULO,33,22
1992,6,1,0,NULO,32,20
1992,6,2,0,NULO,33,20
1992,6,3,0,NULO,30,20
1992,6,4,0,NULO,37,23
1992,6,5,0,NULO,36,23
1992,6,6,0,NULO,36,24
1992,6,7,8,NULO,37,25
1992,6,8,0,NULO,35,22
1992,6,9,15.5,NULO,35,22
1992,6,10,43,NULO,33,22
1992,6,11,0,NULO,35,22
1992,6,12,0,NULO,31,22
1992,6,13,0,NULO,37,23
1992,6,14,0,NULO,37,23
1992,6,15,0,NULO,36,23
1992,6,16,0,NULO,35,22
1992,6,17,12,NULO,34,22
1992,6,18,13,NULO,34,23
1992,6,19,0,NULO,35,22
1992,6,20,0,NULO,35,21
1992,6,21,0,NULO,35,21
1992,6,22,0,NULO,35,20
1992,6,23,0,NULO,36,20
1992,6,24,0,NULO,36,20
1992,6,25,0,NULO,36,20
1992,6,26,0,NULO,36,21
1992,6,27,0,NULO,37,21
1992,6,28,0,NULO,37,22
1992,6,29,0,NULO,38,23
1992,6,30,0,NULO,37,23
1992,7,1,0,NULO,32,25
1992,7,2,16.5,NULO,35,24
1992,7,3,31.5,NULO,34,22
1992,7,4,0,NULO,31,20
1992,7,5,0,NULO,31,21
1992,7,6,0,NULO,34,20
1992,7,7,0,NULO,35,22
1992,7,8,11.5,NULO,35,23
1992,7,9,25.5,NULO,34,22
1992,7,10,19,NULO,34,21
1992,7,11,43.5,NULO,32,21
1992,7,12,7.5,NULO,33,21
1992,7,13,3.5,NULO,33,21
1992,7,14,13,NULO,31,21
1992,7,15,3,NULO,31,21
1992,7,16,8,NULO,33,22
1992,7,17,2,NULO,34,22
1992,7,18,7.5,NULO,34,22
1992,7,19,20,NULO,31,22
1992,7,20,0,NULO,32,22
1992,7,21,0,NULO,34,22
1992,7,22,6,NULO,34,22
1992,7,23,0,NULO,34,21
1992,7,24,0,NULO,34,22
1992,7,25,0,NULO,33,21
1992,7,26,6,NULO,33,21
1992,7,27,0,NULO,33,22
1992,7,28,0,NULO,32,22
1992,7,29,30,NULO,33,22
1992,7,30,0,NULO,34,22
1992,7,31,0,NULO,33,22
1992,8,1,0,NULO,33,22
1992,8,2,0,NULO,33,21
1992,8,3,0,NULO,34,21
1992,8,4,0,NULO,35,20
1992,8,5,0,NULO,34,21
1992,8,6,4.5,NULO,35,22
1992,8,7,0,NULO,35,22
1992,8,8,0,NULO,36,21
1992,8,9,3,NULO,35,22
1992,8,10,0,NULO,33,21
1992,8,11,0,NULO,33,20
1992,8,12,0,NULO,31,21
1992,8,13,0,NULO,32,21
1992,8,14,0,NULO,32,22
1992,8,15,35,NULO,34,21
1992,8,16,12,NULO,31,21
1992,8,17,0,NULO,30,22
1992,8,18,9,NULO,30,22
1992,8,19,25.5,NULO,32,21
1992,8,20,0,NULO,33,21
1992,8,21,0,NULO,32,21
1992,8,22,0,NULO,30,22
1992,8,23,0,NULO,29,21
1992,8,24,2,NULO,33,21
1992,8,25,2,NULO,30,20
1992,8,26,6,NULO,34,21
1992,8,27,1.5,NULO,34,21
1992,8,28,0,NULO,35,21
1992,8,29,0,NULO,35,21
1992,8,30,0,NULO,35,21
1992,8,31,0,NULO,35,21
1992,9,1,0,6.4,36,22
1992,9,2,0,0.6,33,22
1992,9,3,13,5.8,33,21
1992,9,4,0,5.9,35,22
1992,9,5,6,4,34,22
1992,9,6,3,2.8,33,20
1992,9,7,0,4,34,22
1992,9,8,2.5,3,34,22
1992,9,9,0,8.7,34,21
1992,9,10,0,4,34,21
1992,9,11,18,2.4,35,20
1992,9,12,28,2.5,30,21
1992,9,13,5.5,3,31,21
1992,9,14,3,3.7,33,20
1992,9,15,9.5,6.5,33,20
1992,9,16,23,2.2,31,21
1992,9,17,0,4,31,21
1992,9,18,3.5,3.3,33,21
1992,9,19,0,3.4,34,21
1992,9,20,0,3.5,34,21
1992,9,21,0,4,36,22
1992,9,22,0,3.3,35,23
1992,9,23,0,2,34,22
1992,9,24,14,0.4,34,22
1992,9,25,1,2,30,21
1992,9,26,0,4.8,32,21
1992,9,27,14.5,5,32,22
1992,9,28,0,5,32,20
1992,9,29,19.5,2.5,31,20
1992,9,30,0,3.4,22,16
1992,10,1,0,6,31,14
1992,10,2,0,4.9,31,13
1992,10,3,0,3.6,31,13
1992,10,4,0,3,31,14
1992,10,5,0,3,32,17
1992,10,6,0,3,31,18
1992,10,7,0,3.6,32,19
1992,10,8,0,5,32,21
1992,10,9,13,2.7,30,17
1992,10,10,0,2.8,31,18
1992,10,11,0,NULO,31,22
1992,10,12,92,NULO,29,21
1992,10,13,2,8,29,20
1992,10,14,0,5,31,20
1992,10,15,0,6.5,33,20
1992,10,16,0,NULO,34,21
1992,10,17,74.5,NULO,29,20
1992,10,18,10.5,NULO,29,20
1992,10,19,1.5,NULO,28,17
1992,10,20,8,NULO,30,17
1992,10,21,24,NULO,28,20
1992,10,22,19.5,NULO,30,20
1992,10,23,130,1.9,25,19
1992,10,24,0,4.6,27,17
1992,10,25,0,3,28,17
1992,10,26,0,2.3,29,16
1992,10,27,0,4,31,17
1992,10,28,0,4.5,32,18
1992,10,29,0,1.9,32,17
1992,10,30,0,2.4,32,20
1992,10,31,0,2.7,31,20
1992,11,1,0,9,33,22
1992,11,2,0,4,34,21
1992,11,3,0,8.5,33,18
1992,11,4,32.5,2.6,32,14
1992,11,5,0,2.8,32,13
1992,11,6,0,3,22,15
1992,11,7,5,7.8,22,13
1992,11,8,29,6,20,14
1992,11,9,1,2.9,21,17
1992,11,10,0,3,29,19
1992,11,11,0,3.3,32,20
1992,11,12,0,6,32,20
1992,11,13,7.5,3.9,32,14
1992,11,14,0,1.5,23,15
1992,11,15,2,2.5,20,15
1992,11,16,4,1.7,21,14
1992,11,17,7.4,3.5,22,14
1992,11,18,0,2.4,28,17
1992,11,19,1.5,2,29,18
1992,11,20,0,1,31,19
1992,11,21,0,6,27,17
1992,11,22,0,1.6,32,15
1992,11,23,0,0.7,23,15
1992,11,24,0,3.6,21,14
1992,11,25,0,1.6,30,16
1992,11,26,0,0.5,26,11
1992,11,27,5.5,1,15,8
1992,11,28,0,3,17,5
1992,11,29,0,1.8,23,6
1992,11,30,0,3.4,27,14
1992,12,1,0,NULO,29,15
1992,12,2,0,NULO,27,17
1992,12,3,0,NULO,21,13
1992,12,4,0,NULO,28,16
1992,12,5,0,NULO,29,16
1992,12,6,0,NULO,29,12
1992,12,7,0,NULO,28,12
1992,12,8,0,NULO,23,13
1992,12,9,0,NULO,25,16
1992,12,10,0,NULO,27,15
1992,12,11,0,NULO,26,15
1992,12,12,0,NULO,27,12
1992,12,13,0,NULO,28,11
1992,12,14,0,NULO,28,13
1992,12,15,0,NULO,30,14
1992,12,16,0,NULO,17,12
1992,12,17,0,NULO,25,13
1992,12,18,0,NULO,26,14
1992,12,19,0,NULO,28,15
1992,12,20,0,NULO,30,16
1992,12,21,0,NULO,30,19
1992,12,22,0,NULO,26,19
1992,12,23,2,NULO,28,18
1992,12,24,4.5,NULO,26,18
1992,12,25,0,NULO,26,15
1992,12,26,0,NULO,26,14
1992,12,27,0,NULO,21,15
1992,12,28,0,NULO,27,16
1992,12,29,1,NULO,25,17
1992,12,30,0,NULO,29,16
1992,12,31,0,NULO,28,16
1993,1,1,0,NULO,28,16
1993,1,2,0,NULO,28,15
1993,1,3,0,NULO,29,14
1993,1,4,0,NULO,29,15
1993,1,5,0,NULO,30,15
1993,1,6,0,NULO,25,16
1993,1,7,0,NULO,27,16
1993,1,8,0,NULO,28,17
1993,1,9,0,NULO,30,17
1993,1,10,0,NULO,31,19
1993,1,11,0,NULO,26,13
1993,1,12,1,NULO,23,14
1993,1,13,0,NULO,20,14
1993,1,14,0,NULO,24,14
1993,1,15,0,NULO,28,16
1993,1,16,0,NULO,22,14
1993,1,17,0,NULO,26,13
1993,1,18,0,NULO,26,13
1993,1,19,0,NULO,30,17
1993,1,20,0,NULO,30,19
1993,1,21,0,NULO,26,16
1993,1,22,0,NULO,26,17
1993,1,23,0,NULO,29,16
1993,1,24,0,NULO,29,16
1993,1,25,0,NULO,23,9
1993,1,26,0,NULO,21,10
1993,1,27,0,NULO,21,7
1993,1,28,0,NULO,22,9
1993,1,29,0,NULO,24,11
1993,1,30,0,NULO,26,14
1993,1,31,16,NULO,17,11
1993,2,1,6.5,NULO,16,11
1993,2,2,0,NULO,20,13
1993,2,3,1,NULO,26,14
1993,2,4,0,NULO,29,16
1993,2,5,0,NULO,28,16
1993,2,6,0,NULO,23,11
1993,2,7,0,NULO,17,9
1993,2,8,0,NULO,24,9
1993,2,9,0,NULO,26,12
1993,2,10,0,NULO,29,12
1993,2,11,0,NULO,33,14
1993,2,12,0,NULO,26,13
1993,2,13,0,NULO,29,13
1993,2,14,0,NULO,30,14
1993,2,15,0,NULO,28,19
1993,2,16,0,NULO,32,16
1993,2,17,0,NULO,32,16
1993,2,18,0,NULO,30,15
1993,2,19,4.5,NULO,19,12
1993,2,20,0,NULO,23,11
1993,2,21,0,NULO,29,12
1993,2,22,0,NULO,33,16
1993,2,23,0,NULO,31,16
1993,2,24,0,NULO,30,17
1993,2,25,0,NULO,29,18
1993,2,26,0,NULO,29,17
1993,2,27,0,NULO,30,16
1993,2,28,0.5,NULO,27,18
1993,3,1,0,NULO,30,19
1993,3,2,0,NULO,30,18
1993,3,3,4.5,NULO,30,14
1993,3,4,0,NULO,31,11
1993,3,5,0,NULO,30,11
1993,3,6,0,NULO,28,10
1993,3,7,0,NULO,20,11
1993,3,8,0,NULO,28,11
1993,3,9,0,NULO,31,12
1993,3,10,0,NULO,32,12
1993,3,11,0,NULO,32,17
1993,3,12,0,NULO,29,18
1993,3,13,0,NULO,26,9
1993,3,14,0,NULO,12,4
1993,3,15,0,NULO,18,8
1993,3,16,0,NULO,27,8
1993,3,17,0,NULO,32,15
1993,3,18,0,NULO,31,15
1993,3,19,0,NULO,30,15
1993,3,20,0,NULO,30,15
1993,3,21,0,NULO,27,14
1993,3,22,0,NULO,28,16
1993,3,23,0,NULO,27,18
1993,3,24,0,NULO,27,19
1993,3,25,0,NULO,27,18
1993,3,26,0,NULO,28,17
1993,3,27,0,NULO,29,18
1993,3,28,0,NULO,31,19
1993,3,29,0,NULO,32,19
1993,3,30,0,NULO,33,20
1993,3,31,0,NULO,27,19
1993,4,1,0,NULO,33,17
1993,4,2,0,NULO,29,16
1993,4,3,0,NULO,30,15
1993,4,4,0,NULO,29,20
1993,4,7,0,NULO,32,15
1993,4,8,0,NULO,34,13
1993,4,9,0,NULO,29,18
1993,4,10,0,NULO,29,13
1993,4,11,0,NULO,31,14
1993,4,12,0,NULO,32,18
1993,4,13,0,NULO,32,20
1993,4,14,0,NULO,34,20
1993,4,15,0,NULO,36,17
1993,4,16,0,NULO,38,18
1993,4,17,0,NULO,29,19
1993,4,18,0,NULO,28,17
1993,4,19,0,NULO,33,16
1993,4,20,0,NULO,33,17
1993,4,21,0,NULO,32,15
1993,4,22,0,NULO,31,17
1993,4,23,0,NULO,30,13
1993,4,24,0,NULO,31,17
1993,4,25,0,NULO,30,18
1993,4,26,0,NULO,30,21
1993,4,27,0,NULO,31,20
1993,4,28,0,NULO,32,19
1993,4,29,0,NULO,31,22
1993,4,30,0,NULO,31,22
1993,5,1,0,NULO,35,20
1993,5,2,0,NULO,38,21
1993,5,3,0,NULO,35,21
1993,5,4,0,NULO,34,21
1993,5,5,0,NULO,33,21
1993,5,6,0,NULO,32,21
1993,5,7,2,NULO,33,23
1993,5,8,0,NULO,35,20
1993,5,9,6.5,NULO,31,24
1993,5,10,4,NULO,28,18
1993,5,11,0,NULO,28,17
1993,5,12,0,NULO,29,16
1993,5,13,0,NULO,33,17
1993,5,14,0,NULO,33,16
1993,5,15,0,NULO,33,18
1993,5,16,0,NULO,33,21
1993,5,17,0,NULO,34,21
1993,5,18,13.5,NULO,34,22
1993,5,19,0,NULO,32,22
1993,5,20,0,NULO,31,22
1993,5,21,3,NULO,31,22
1993,5,22,0,NULO,32,22
1993,5,23,0,NULO,32,22
1993,5,24,50,NULO,35,22
1993,5,25,0,NULO,32,19
1993,5,26,0,NULO,33,18
1993,5,27,0,NULO,31,19
1993,5,28,0,NULO,32,20
1993,5,29,0,NULO,33,20
1993,5,30,0,NULO,34,22
1993,5,31,0,NULO,33,21
1993,6,1,0,NULO,34,21
1993,6,2,0,NULO,32,21
1993,6,3,0,NULO,35,20
1993,6,4,0,NULO,35,22
1993,6,5,0,NULO,36,23
1993,6,6,0,NULO,34,26
1993,6,7,0,NULO,35,25
1993,6,8,0,NULO,36,26
1993,6,9,0,NULO,35,24
1993,6,10,25,NULO,32,23
1993,6,11,17,NULO,30,21
1993,6,12,42,NULO,29,21
1993,6,13,13,NULO,29,22
1993,6,14,26,NULO,29,21
1993,6,15,0,NULO,32,22
1993,6,16,0,NULO,32,22
1993,6,17,0,NULO,32,22
1993,6,18,0,NULO,33,23
1993,6,19,0,NULO,34,23
1993,6,20,19,NULO,34,23
1993,6,21,120,NULO,28,24
1993,6,22,18,NULO,30,23
1993,6,23,15,NULO,30,23
1993,6,24,28,NULO,30,23
1993,6,25,6,NULO,30,23
1993,6,26,8.5,NULO,30,23
1993,6,27,38,NULO,31,23
1993,6,28,40,NULO,30,23
1993,6,29,49.5,NULO,31,23
1993,6,30,0,NULO,31,23
1993,7,1,0,NULO,31,23
1993,7,2,8.5,NULO,31,23
1993,7,3,18,NULO,30,23
1993,7,4,7.5,NULO,33,23
1993,7,5,0,NULO,31,23
1993,7,6,8,NULO,30,23
1993,7,7,27,NULO,30,23
1993,7,8,0,NULO,30,20
1993,7,9,0,NULO,31,20
1993,7,10,18,NULO,28,22
1993,7,11,0,NULO,29,22
1993,7,12,0,NULO,30,22
1993,7,13,0,NULO,32,22
1993,7,14,0,NULO,31,22
1993,7,15,0,NULO,32,23
1993,7,16,0,NULO,33,23
1993,7,17,0,NULO,28,23
1993,7,18,0,NULO,33,23
1993,7,19,0,NULO,33,23
1993,7,20,0,NULO,34,23
1993,7,21,0,NULO,33,22
1993,7,22,0,NULO,34,22
1993,7,23,0,NULO,33,24
1993,7,24,0,NULO,34,23
1993,7,25,0,NULO,34,22
1993,7,26,0,NULO,34,23
1993,7,27,0,NULO,34,23
1993,7,28,0,NULO,34,22
1993,7,29,0,NULO,33,22
1993,7,30,0,NULO,34,23
1993,7,31,0,NULO,34,22
1993,8,1,0,NULO,34,22
1993,8,2,0,NULO,34,23
1993,8,3,0,NULO,34,22
1993,8,4,0,NULO,34,23
1993,8,5,0,NULO,34,22
1993,8,6,0,NULO,34,22
1993,8,7,0,NULO,34,23
1993,8,8,0,NULO,33,24
1993,8,9,0,NULO,33,23
1993,8,10,55,NULO,33,22
1993,8,11,0,NULO,32,22
1993,8,12,0,NULO,32,22
1993,8,13,0,NULO,31,22
1993,8,14,0,NULO,32,23
1993,8,15,0,NULO,32,23
1993,8,16,0,NULO,32,23
1993,8,17,17,NULO,31,22
1993,8,18,0,NULO,32,21
1993,8,19,29,NULO,31,22
1993,8,20,19.5,NULO,30,22
1993,8,21,16,NULO,32,21
1993,8,22,0,NULO,30,23
1993,8,23,0,NULO,33,23
1993,8,24,2,NULO,31,23
1993,8,25,0,NULO,32,22
1993,8,26,0,NULO,33,23
1993,8,27,0,NULO,34,22
1993,8,28,0,NULO,32,23
1993,8,29,0,NULO,32,23
1993,8,30,30,NULO,32,22
1993,8,31,3,NULO,32,23
1993,9,1,5,NULO,32,23
1993,9,2,0,NULO,33,23
1993,9,3,0,NULO,34,22
1993,9,4,0,NULO,34,22
1993,9,5,0,NULO,33,22
1993,9,6,0,NULO,33,22
1993,9,7,0,NULO,34,22
1993,9,8,27,NULO,31,22
1993,9,9,19,NULO,31,22
1993,9,10,3,NULO,31,23
1993,9,11,35,NULO,29,22
1993,9,12,10,NULO,30,22
1993,9,13,0,NULO,31,22
1993,9,14,0,NULO,34,24
1993,9,15,0,NULO,33,24
1993,9,16,0,NULO,27,20
1993,9,17,0,NULO,30,22
1993,9,18,0,NULO,32,23
1993,9,19,0,NULO,32,24
1993,9,20,80,NULO,31,22
1993,9,21,65,NULO,31,22
1993,9,22,0,NULO,32,22
1993,9,23,60,NULO,31,21
1993,9,24,0,NULO,31,22
1993,9,25,0,NULO,31,22
1993,9,26,0,NULO,31,22
1993,9,27,22,NULO,31,22
1993,9,28,0,NULO,32,20
1993,9,29,0,NULO,27,19
1993,9,30,20,NULO,24,19
1993,10,1,0,NULO,24,20
1993,10,2,5,NULO,29,21
1993,10,3,5,NULO,30,21
1993,10,4,10,NULO,30,21
1993,10,5,0,NULO,29,21
1993,10,6,0,NULO,29,20
1993,10,7,0,NULO,30,21
1993,10,8,0,NULO,31,21
1993,10,9,0,NULO,32,20
1993,10,10,0,NULO,31,22
1993,10,11,15,NULO,31,22
1993,10,12,0,NULO,32,22
1993,10,13,0,NULO,33,21
1993,10,14,0,NULO,33,22
1993,10,15,0,NULO,33,22
1993,10,16,0,NULO,33,21
1993,10,17,0,NULO,33,23
1993,10,18,0,NULO,33,23
1993,10,19,0,NULO,33,22
1993,10,20,0,NULO,33,19
1993,10,21,25,NULO,33,19
1993,10,22,0,NULO,25,18
1993,10,23,0,NULO,26,14
1993,10,24,0,NULO,26,14
1993,10,25,0,NULO,26,14
1993,10,26,0,NULO,27,14
1993,10,27,0,NULO,29,15
1993,10,28,0,NULO,28,15
1993,10,29,0,NULO,30,14
1993,10,30,0,NULO,29,14
1993,11,1,0,NULO,21,7
1993,11,2,0,NULO,23,13
1993,11,3,0,NULO,25,14
1993,11,4,0,NULO,24,20
1993,11,5,0,NULO,31,19
1993,11,6,0,NULO,32,18
1993,11,7,0,NULO,20,12
1993,11,8,0,NULO,18,14
1993,11,9,0,NULO,28,14
1993,11,10,0,NULO,27,19
1993,11,11,0,NULO,27,19
1993,11,12,0,NULO,28,17
1993,11,13,0,NULO,30,13
1993,11,14,0,NULO,30,21
1993,11,15,0,NULO,30,22
1993,11,16,0,NULO,31,22
1993,11,17,0,NULO,30,22
1993,11,18,0,NULO,31,22
1993,11,19,0,NULO,32,25
1993,11,20,12,NULO,31,14
1993,11,21,0,NULO,20,15
1993,11,22,0,NULO,28,15
1993,11,23,4,NULO,27,14
1993,11,24,0,NULO,28,13
1993,11,25,0,NULO,29,18
1993,11,26,3,NULO,25,12
1993,11,27,0,NULO,12,10
1993,11,29,0,NULO,21,9
1993,11,30,0,NULO,24,11
1993,12,1,0,NULO,25,16
1993,12,2,0,NULO,28,16
1993,12,3,0,NULO,29,16
1993,12,4,0,NULO,29,16
1993,12,5,0,NULO,22,15
1993,12,6,0,NULO,23,15
1993,12,7,3,NULO,27,15
1993,12,8,3,NULO,27,16
1993,12,9,0,NULO,28,18
1993,12,10,0,NULO,28,17
1993,12,11,0,NULO,27,16
1993,12,12,0,NULO,27,16
1993,12,13,0,NULO,28,15
1993,12,14,0,NULO,29,16
1993,12,15,0,NULO,29,16
1993,12,16,0,NULO,27,10
1993,12,17,0,NULO,28,19
1993,12,18,0,NULO,27,18
1993,12,19,0,NULO,28,18
1993,12,20,0,NULO,29,17
1993,12,21,0,NULO,29,14
1993,12,22,0,NULO,19,13
1993,12,23,0,NULO,28,9
1993,12,24,0,NULO,16,11
1993,12,25,0,NULO,13,11
1993,12,26,0,NULO,18,9
1993,12,27,0,NULO,23,7
1993,12,28,0,NULO,26,10
1993,12,29,0,NULO,22,13
1993,12,30,10,NULO,23,11
1993,12,31,0,NULO,24,12
1994,1,1,10,NULO,23,11
1994,1,2,0,1,24,10
1994,1,3,0,2.3,24,12
1994,1,4,0,1,23,8
1994,1,5,0,1.7,25,9
1994,1,6,0,2,26,10
1994,1,7,0,5,22,13
1994,1,8,0,1.3,25,8
1994,1,9,0,0.7,20,5
1994,1,10,0,NULO,22,6
1994,1,11,0,4.3,25,7
1994,1,12,0,1.5,26,6
1994,1,13,0,3,28,13
1994,1,14,0,2,24,12
1994,1,15,0,2,25,9
1994,1,16,0,3.7,25,15
1994,1,17,0,2.7,26,15
1994,1,18,0,2,25,11
1994,1,19,4,2.4,23,11
1994,1,20,0,3,22,11
1994,1,21,10.5,0.5,25,12
1994,1,22,13,NULO,22,18
1994,1,23,17,2,22,18
1994,1,24,2,1.5,22,16
1994,1,25,0,2.5,27,16
1994,1,26,0,3.4,27,17
1994,1,27,0,3,28,15
1994,1,28,0,0.1,29,14
1994,1,29,1.5,2,15,10
1994,1,30,0,1,15,10
1994,1,31,4,NULO,14,10
1994,2,1,8,8,14,10
1994,2,2,0.5,0.6,14,7
1994,2,3,0,1.5,23,7
1994,2,4,0,1,27,12
1994,2,5,0,2.5,26,12
1994,2,6,0,1,27,12
1994,2,7,0,2,28,12
1994,2,8,0,4.5,27,16
1994,2,9,0,3,30,16
1994,2,10,0,1.7,19,12
1994,2,11,0,0.5,25,10
1994,2,12,0,4,27,11
1994,2,13,0,4,20,12
1994,2,14,0,1,22,11
1994,2,15,11,1,25,11
1994,2,16,2,1,20,11
1994,2,17,0,2.3,24,18
1994,2,18,0,1,27,15
1994,2,19,0,3,28,15
1994,2,20,0,3,29,17
1994,2,21,0,2.8,29,19
1994,2,22,0,3,29,19
1994,2,23,0,4,30,19
1994,2,24,0,4,30,13
1994,2,25,3,NULO,26,13
1994,2,26,0,2,23,13
1994,2,27,0,1.5,19,14
1994,2,28,0,NULO,27,14
1994,3,1,0,4.8,27,15
1994,3,2,0,7,26,13
1994,3,3,0,4.6,28,10
1994,3,4,0,4,27,10
1994,3,5,0,3.9,28,13
1994,3,6,0,4.5,30,15
1994,3,7,0,2.7,29,18
1994,3,8,0,2,29,17
1994,3,9,0,5.9,30,16
1994,3,10,0,3.6,23,12
1994,3,11,0,2,20,8
1994,3,12,0,4.9,23,8
1994,3,13,7,2.4,22,17
1994,3,14,0,4,23,17
1994,3,15,0,0.9,22,16
1994,3,16,9,3.8,28,16
1994,3,17,0,3.3,24,13
1994,3,18,0,7.7,27,14
1994,3,19,0,4,30,15
1994,3,20,0,5.9,30,20
1994,3,21,0,3.9,32,21
1994,3,22,0,2.6,29,19
1994,3,23,0,7,29,19
1994,3,24,0,7,29,19
1994,3,25,0,5,30,20
1994,3,26,0,1,32,21
1994,3,27,0,9,32,21
1994,3,28,0,7,37,19
1994,3,29,0,3,24,15
1994,3,30,2,3.9,21,16
1994,3,31,2,NULO,28,16
1994,4,1,0,NULO,23,15
1994,4,2,0,5,28,17
1994,4,3,0,6,29,17
1994,4,4,0,5,31,18
1994,4,5,0,4.9,34,20
1994,4,6,0,6.9,25,21
1994,4,7,0,5.3,27,12
1994,4,8,0,5.4,27,15
1994,4,9,0,4.9,30,15
1994,4,10,0,5,32,17
1994,4,11,0,4.6,34,18
1994,4,12,0,2,30,22
1994,4,13,0,2.3,28,21
1994,4,14,0,1.3,33,21
1994,4,15,20,0.3,24,18
1994,4,16,2,2.9,24,19
1994,4,17,1.5,1.3,26,18
1994,4,18,0,2.3,27,18
1994,4,19,0,3,27,16
1994,4,20,0,3,28,16
1994,4,21,13,4.6,30,17
1994,4,22,0,4.8,29,18
1994,4,23,0,6.5,30,20
1994,4,24,0,2.7,30,20
1994,4,25,0,3.9,31,19
1994,4,26,0,4.3,32,20
1994,4,27,0,2.5,34,20
1994,4,28,0,3.8,34,21
1994,4,29,0,4,31,23
1994,4,30,0,NULO,30,23
1994,5,1,0,NULO,32,20
1994,5,2,3.5,4,32,20
1994,5,3,0,4.8,31,19
1994,5,4,0,3.3,32,20
1994,5,5,0,4.9,32,22
1994,5,6,0,1,32,24
1994,5,7,0,5,35,21
1994,5,8,0,8,33,23
1994,5,9,0,5,33,23
1994,5,10,0,4,34,23
1994,5,11,0,5.7,34,22
1994,5,12,0,4.5,35,24
1994,5,13,0,6.6,35,24
1994,5,14,0,5.8,34,25
1994,5,15,0,6,35,24
1994,5,16,25,4.8,35,24
1994,5,17,0,5.3,34,21
1994,5,18,0,2.4,34,21
1994,5,19,0,4,34,20
1994,5,20,0,4,33,21
1994,5,21,0,3.3,32,21
1994,5,22,0,3,33,21
1994,5,23,0,2.6,34,21
1994,5,24,0,3.3,34,21
1994,5,25,0,2.8,35,21
1994,5,26,0,3.4,35,22
1994,5,27,0,1.7,34,21
1994,5,28,0,4.9,34,21
1994,5,29,0,6.5,35,21
1994,5,30,0,6.6,36,22
1994,5,31,0,NULO,36,22
1994,6,1,0,7.4,36,21
1994,6,2,0,5.8,37,22
1994,6,3,0,7.9,36,22
1994,6,4,0,6.3,36,22
1994,6,5,0,4,35,23
1994,6,6,0,3.3,35,23
1994,6,7,0,7,35,24
1994,6,8,0,4.9,36,25
1994,6,9,0,5,38,25
1994,6,10,0,4.8,36,25
1994,6,11,10,9.7,34,22
1994,6,12,30,NULO,29,22
1994,6,13,53,NULO,27,22
1994,6,14,18,8,29,22
1994,6,15,8,3,29,24
1994,6,16,0,6.8,30,22
1994,6,17,10,2.4,30,22
1994,6,18,0,3,30,22
1994,6,19,0,5.9,29,23
1994,6,20,0,7,30,22
1994,6,21,0,3.8,29,21
1994,6,22,0,8,32,20
1994,6,23,0,6.9,30,22
1994,6,24,0,6,30,22
1994,6,25,0,7,32,21
1994,6,26,0,6.6,32,21
1994,6,27,0,8,35,22
1994,6,28,0,6.8,36,21
1994,6,29,0,7,36,21
1994,6,30,0,NULO,36,21
1994,7,1,0,2.5,36,21
1994,7,2,0,5.8,35,20
1994,7,3,0,NULO,36,20
1994,7,4,10,NULO,35,22
1994,7,5,0,3.9,35,22
1994,7,6,0,4,36,21
1994,7,7,0,4.9,36,22
1994,7,8,0,3.8,35,21
1994,7,9,1,9,36,22
1994,7,10,2,3.9,35,22
1994,7,11,0,5.5,35,22
1994,7,12,0,6.7,34,22
1994,7,13,0,7,35,24
1994,7,14,0,6,36,25
1994,7,15,0,5,33,22
1994,7,16,28.5,4.7,33,20
1994,7,17,4,2.7,32,20
1994,7,18,0,7.6,32,20
1994,7,19,0,5.5,33,21
1994,7,20,0,6,34,22
1994,7,21,0,5,34,22
1994,7,22,0,4.9,33,20
1994,7,23,0,5,33,21
1994,7,24,0,4,35,20
1994,7,25,0,5,35,20
1994,7,26,0,5,34,21
1994,7,27,0,4.9,35,20
1994,7,28,0,6,35,22
1994,7,29,0,7,35,21
1994,7,30,0,6.9,35,22
1994,7,31,0,NULO,34,21
1994,8,1,0,NULO,34,21
1994,8,2,8,5,36,21
1994,8,3,0,7,32,21
1994,8,4,13,NULO,30,22
1994,8,5,40,5,32,22
1994,8,6,5,5,30,22
1994,8,7,0,5,33,22
1994,8,8,0,4.9,33,22
1994,8,9,0,5,33,24
1994,8,10,0,NULO,33,21
1994,8,11,68,NULO,32,20
1994,8,12,0,1,31,20
1994,8,13,4.5,3.3,31,22
1994,8,14,0,0.6,31,23
1994,8,15,0,7,31,23
1994,8,16,0,5,32,22
1994,8,17,0,4.5,33,22
1994,8,18,0,3,34,24
1994,8,19,0,7,34,23
1994,8,20,0,4,33,22
1994,8,21,0,4.9,34,24
1994,8,22,0,4.6,34,23
1994,8,23,0,4,35,23
1994,8,24,7,6,34,24
1994,8,25,0,5,38,23
1994,8,26,0,5,38,23
1994,8,27,0,3.7,32,22
1994,8,28,0,4,32,22
1994,8,29,0,NULO,32,22
1994,8,30,54,NULO,34,22
1994,8,31,66,NULO,29,22
1994,9,1,11,NULO,32,23
1994,9,2,28,3.4,28,21
1994,9,3,0,4,28,20
1994,9,4,0,2.9,28,20
1994,9,5,0,4.9,30,21
1994,9,6,0,4,32,22
1994,9,7,0,2.9,32,22
1994,9,8,0,5,33,22
1994,9,9,0,4,33,22
1994,9,10,26,3.5,33,21
1994,9,11,9,NULO,30,22
1994,9,12,18,NULO,29,21
1994,9,13,16,7,29,22
1994,9,14,7,4,30,22
1994,9,15,0,1.1,32,22
1994,9,16,16,NULO,32,23
1994,9,17,31,5,32,22
1994,9,18,5,5,28,22
1994,9,19,5,2,29,20
1994,9,20,0,3.9,32,20
1994,9,21,0,7,32,20
1994,9,22,0,2.6,32,21
1994,9,23,4,4,32,23
1994,9,24,0,6.5,29,21
1994,9,25,0,NULO,30,22
1994,9,26,5,4.7,32,21
1994,9,27,0,3.6,31,20
1994,9,28,0,1,32,20
1994,9,29,0,NULO,31,19
1994,9,30,0,NULO,31,21
1994,10,1,0,5,31,22
1994,10,2,0,3.7,32,22
1994,10,3,0,4,34,22
1994,10,4,0,4.8,34,22
1994,10,5,0,2.6,33,21
1994,10,6,9.5,4.9,33,20
1994,10,7,0,5,33,22
1994,10,8,0,5,33,22
1994,10,9,20,7,34,23
1994,10,10,0,3.9,32,20
1994,10,11,0,3.9,32,20
1994,10,12,0,3.8,28,13
1994,10,13,0,5.2,29,14
1994,10,14,0,5,28,13
1994,10,15,7,2.9,28,13
1994,10,16,0,3,29,14
1994,10,17,0,2.8,31,22
1994,10,18,0,3.3,34,20
1994,10,19,0,1.9,32,22
1994,10,20,0,3.3,34,21
1994,10,21,0,3,34,20
1994,10,22,0,3.4,34,20
1994,10,23,0,3.5,33,21
1994,10,24,0,2.9,34,22
1994,10,25,0,3,34,21
1994,10,26,0,3.9,33,20
1994,10,27,0,3.9,34,20
1994,10,28,0,5,33,21
1994,10,29,0,3,34,20
1994,10,30,0,5,33,21
1994,10,31,0,NULO,32,18
1994,11,1,8,NULO,32,18
1994,11,2,0,NULO,32,18
1994,11,3,0,NULO,32,18
1994,11,4,0,NULO,33,21
1994,11,5,0,NULO,33,20
1994,11,6,0,NULO,33,20
1994,11,7,40,NULO,33,20
1994,11,8,0,NULO,32,20
1994,11,9,0,NULO,31,19
1994,11,10,0,NULO,32,20
1994,11,11,0,NULO,30,18
1994,11,12,0,NULO,31,19
1994,11,13,0,NULO,30,18
1994,11,14,0,NULO,32,20
1994,11,15,0,NULO,33,21
1994,11,16,0,NULO,31,19
1994,11,17,0,NULO,32,20
1994,11,18,0,NULO,33,21
1994,11,19,0,NULO,32,16
1994,11,20,0,NULO,31,18
1994,11,21,0,NULO,31,18
1994,11,22,0,NULO,32,19
1994,11,23,0,NULO,31,17
1994,11,24,22,NULO,32,16
1994,11,25,2,NULO,31,14
1994,11,26,0.6,NULO,31,16
1994,11,27,0,NULO,32,16
1994,11,28,0,NULO,32,15
1994,11,29,0,NULO,31,14
1994,11,30,3,NULO,31,13
1994,12,1,0,3.9,21,14
1994,12,2,0,3.9,21,13
1994,12,3,0,6,29,17
1994,12,4,0,4.8,27,17
1994,12,5,0,4.9,28,17
1994,12,6,0,4.9,29,17
1994,12,7,0,4,30,17
1994,12,8,0,2.8,30,21
1994,12,9,0,6,30,21
1994,12,10,0,4.7,30,14
1994,12,11,3,4,30,12
1994,12,12,0,NULO,20,12
1994,12,13,0,6.4,26,10
1994,12,14,0,4,25,17
1994,12,15,0,4.9,27,19
1994,12,16,0,2,29,20
1994,12,17,10,6,28,18
1994,12,18,0,6,29,18
1994,12,19,0,4,27,19
1994,12,20,0,5.9,29,20
1994,12,21,0,4,27,19
1994,12,22,0,6,27,14
1994,12,23,0,3,27,14
1994,12,24,0,4.8,26,13
1994,12,25,0,5,26,12
1994,12,26,0,5,26,12
1994,12,27,0,3.8,27,13
1994,12,28,0,4,26,13
1994,12,29,0,3,27,14
1994,12,30,0,2.9,27,14
1994,12,31,0,NULO,26,15
1995,9,1,0,NULO,34,22
1995,9,2,0,NULO,35,23
1995,9,3,0,NULO,33,23
1995,9,4,4.5,NULO,32,23
1995,9,5,0,NULO,32,23
1995,9,6,11.5,NULO,33,22
1995,9,7,0,NULO,33,22
1995,9,8,0,NULO,34,21
1995,9,9,0,NULO,33,21
1995,9,10,0,NULO,34,21
1995,9,11,0,NULO,34,21
1995,9,12,41,NULO,33,22
1995,9,13,6,NULO,34,22
1995,9,14,0,NULO,34,22
1995,9,15,0,NULO,33,23
1995,9,16,0,NULO,33,24
1995,9,17,0,NULO,34,23
1995,9,18,0,NULO,34,21
1995,9,19,0,NULO,35,22
1995,9,20,0,NULO,36,22
1995,9,21,0,NULO,35,23
1995,9,22,0,NULO,33,23
1995,9,23,13,NULO,30,17
1995,9,24,0,NULO,27,18
1995,9,25,0,NULO,33,21
1995,9,26,0,NULO,32,18
1995,9,27,0,NULO,33,21
1995,9,28,9.5,NULO,32,20
1995,9,29,0,NULO,34,21
1995,9,30,0,NULO,34,21
1995,10,1,0,NULO,33,23
1995,10,2,0,NULO,33,23
1995,10,3,0,NULO,34,24
1995,10,4,0,NULO,34,19
1995,10,5,0,NULO,32,20
1995,10,6,27,NULO,33,21
1995,10,7,0,NULO,32,16
1995,10,8,0,NULO,35,17
1995,10,9,0,NULO,34,16
1995,10,10,0,NULO,33,17
1995,10,11,0,NULO,32,17
1995,10,12,4,NULO,31,17
1995,10,13,0,NULO,32,18
1995,10,14,0,NULO,28,22
1995,10,15,0,NULO,27,11
1995,10,16,0,NULO,28,14
1995,10,17,0,NULO,29,15
1995,10,18,0,NULO,27,15
1995,10,19,0,NULO,30,18
1995,10,20,11,NULO,33,18
1995,10,21,0,NULO,28,16
1995,10,22,0,NULO,27,16
1995,10,23,0,NULO,31,18
1995,10,24,27,NULO,31,22
1995,10,25,12,NULO,26,21
1995,10,26,0,NULO,29,20
1995,10,27,0,NULO,32,22
1995,10,28,0,NULO,32,21
1995,10,29,27.5,NULO,33,20
1995,10,30,17,NULO,32,20
1995,10,31,0,NULO,31,21
1995,11,1,0,NULO,33,22
1995,11,2,0,NULO,32,21
1995,11,3,0,NULO,33,21
1995,11,4,2.5,NULO,28,25
1995,11,5,0,NULO,26,16
1995,11,6,0,NULO,27,15
1995,11,7,0,NULO,28,16
1995,11,8,0,NULO,29,16
1995,11,9,0,NULO,29,19
1995,11,10,0,NULO,29,19
1995,11,11,0,NULO,31,20
1995,11,12,0,NULO,29,15
1995,11,13,0,NULO,26,14
1995,11,14,10,NULO,30,14
1995,11,15,10,NULO,30,14
1995,11,16,10,NULO,29,16
1995,11,17,0,NULO,28,19
1995,11,18,0,NULO,29,20
1995,11,19,10,NULO,29,22
1995,11,20,0,NULO,28,20
1995,11,21,0,NULO,27,17
1995,11,22,0,NULO,28,19
1995,11,23,0,NULO,27,18
1995,11,24,0,NULO,29,16
1995,11,25,0,NULO,30,13
1995,11,26,0,NULO,29,13
1995,11,27,0,NULO,28,12
1995,11,28,0,NULO,28,13
1995,11,29,0,NULO,27,11
1995,11,30,0,NULO,23,12
1995,12,1,0,NULO,23,17
1995,12,2,0,NULO,29,18
1995,12,3,0,NULO,29,18
1995,12,4,0,NULO,28,20
1995,12,5,0,NULO,28,19
1995,12,6,0,NULO,28,19
1995,12,7,0,NULO,29,18
1995,12,8,0,NULO,29,18
1995,12,9,0,NULO,30,13
1995,12,10,0,NULO,31,11
1995,12,11,0,NULO,30,11
1995,12,12,0,NULO,28,12
1995,12,13,0,NULO,27,12
1995,12,14,1,NULO,28,17
1995,12,15,0,NULO,28,17
1995,12,16,0,NULO,29,18
1995,12,17,0,NULO,29,18
1995,12,18,0,NULO,29,17
1995,12,19,0,NULO,30,16
1995,12,20,0,NULO,27,14
1995,12,21,0,NULO,26,15
1995,12,22,0,NULO,21,14
1995,12,23,0,NULO,18,11
1995,12,24,0,NULO,14,8
1995,12,25,0,NULO,16,10
1995,12,26,12,NULO,15,10
1995,12,27,15,NULO,14,10
1995,12,28,19,NULO,15,11
1995,12,29,6.5,NULO,14,11
1995,12,30,0,NULO,18,12
1995,12,31,0,NULO,26,12
1999,5,17,NULO,NULO,NULO,NULO
1999,5,18,NULO,NULO,NULO,NULO
1999,5,19,0,NULO,28,26
1999,5,20,0,NULO,35,22
1999,5,21,0,NULO,35,22
1999,5,22,0,NULO,35,22
1999,5,23,0,NULO,35,22
1999,5,24,0,NULO,35,21
1999,5,25,0,NULO,31,23.5
1999,5,26,0,NULO,36,24
1999,5,27,3.5,NULO,27,20
1999,5,28,16,NULO,33,21.5
1999,5,29,0,NULO,35,23
1999,5,30,0,NULO,33,22
1999,5,31,0,NULO,32,24
1999,6,1,0,NULO,37,24
1999,6,2,0,NULO,35,25
1999,6,3,0,NULO,35,24
1999,6,4,0,NULO,36,23
1999,6,5,0,NULO,35,24
1999,6,6,0,NULO,36,23
1999,6,7,1,NULO,35,24.5
1999,6,8,0,NULO,37,22
1999,6,9,0,NULO,36,25
1999,6,10,0,NULO,36,24
1999,6,11,0,NULO,32,24.5
1999,6,12,0,NULO,37,23
1999,6,13,0,NULO,36,23
1999,6,14,1.9,NULO,36,24
1999,6,15,0,NULO,32,24
1999,6,16,0,NULO,36,24
1999,6,17,19,NULO,33,24
1999,6,18,48,NULO,27,23
1999,6,19,6.5,NULO,28,23
1999,6,20,0,NULO,31,23
1999,6,21,8.5,NULO,32,24
1999,6,22,0,NULO,32,24
1999,6,23,3,NULO,32,23
1999,6,24,16,NULO,34,24
1999,6,25,0,NULO,32,25
1999,6,26,0,NULO,34,25
1999,6,27,0,NULO,34,26
1999,6,28,0,NULO,35,25
1999,6,29,0,NULO,34,24
1999,6,30,24,NULO,34,26
1999,7,1,NULO,NULO,NULO,NULO
1999,7,2,NULO,NULO,NULO,NULO
1999,7,3,24,NULO,34,23
1999,7,4,73,NULO,34,23
1999,7,5,87,NULO,31,22
1999,7,6,35,NULO,29,22
1999,7,7,0,NULO,27,21
1999,7,8,9,NULO,31,22
1999,7,9,0,NULO,32,23
1999,7,10,0,NULO,33,23
1999,7,11,0,NULO,32,24
1999,7,12,4.9,NULO,32,23
1999,7,13,51,NULO,27,23
1999,7,14,8,NULO,31,23
1999,7,15,0,NULO,32,22
1999,7,16,0,NULO,32,23
1999,7,17,17,NULO,31,23
1999,7,18,12,NULO,30,23
1999,7,19,32,NULO,28,22
1999,7,20,19,NULO,31,22
1999,7,21,32,NULO,29,22
1999,7,22,2,NULO,31,23
1999,7,23,3,NULO,31,23
1999,7,24,0,NULO,31,22
1999,7,25,0,NULO,33,22
1999,7,26,0,NULO,32,24
1999,7,27,0,NULO,31,23
1999,7,28,0,NULO,33,24
1999,7,29,0,NULO,33,23
1999,7,30,0,NULO,33,23
1999,7,31,0,NULO,33,24
1999,8,1,0,NULO,33,24
1999,8,2,0,NULO,33,23
1999,8,3,0,NULO,32,22
1999,8,4,0,NULO,33,23
1999,8,5,0,NULO,35,22
1999,8,6,0,NULO,33,23
1999,8,7,0,NULO,33,22
1999,8,8,4,NULO,32,24
1999,8,9,0,NULO,32,22
1999,8,10,0,NULO,34,23
1999,8,11,5,NULO,31,23
1999,8,12,0,NULO,33,24
1999,8,13,0,NULO,33,23
1999,8,14,0,NULO,34,23
1999,8,15,0,NULO,34,21
1999,8,16,14,NULO,30,22
1999,8,17,35,NULO,30,23
1999,8,18,0,NULO,31,22
1999,8,19,25,NULO,28,23
1999,8,20,0,NULO,30,22
1999,8,21,0,NULO,32,22
1999,8,22,0,NULO,34,23
1999,8,23,0,NULO,34,24
1999,8,24,0,NULO,33,25
1999,8,25,0,NULO,30,24
1999,8,26,29,NULO,33,24
1999,8,27,0,NULO,33,23
1999,8,28,0,NULO,32,23
1999,8,29,0,NULO,33,24
1999,8,30,0,NULO,33,23
1999,8,31,NULO,NULO,33,22
1999,9,1,0,NULO,33,23
1999,9,2,4,NULO,33,23
1999,9,3,9,NULO,34,24
1999,9,4,5,NULO,31,24
1999,9,5,NULO,NULO,NULO,NULO
1999,9,6,6,NULO,NULO,NULO
1999,9,7,75,NULO,28,24
1999,9,8,0,NULO,29,23
1999,9,9,18,NULO,31,23
1999,9,10,0,NULO,31,23
1999,9,11,0,NULO,33,22
1999,9,12,30,NULO,32,22
1999,9,13,0,NULO,29,22
1999,9,14,8,NULO,30,22
1999,9,15,2,NULO,29,22
1999,9,16,5,NULO,30,22
1999,9,17,10,NULO,30,23
1999,9,18,0,NULO,31,21
1999,9,19,0,NULO,31,21
1999,9,20,0,NULO,33,21
1999,9,21,0,NULO,32,21
1999,9,22,0,NULO,31,22
1999,9,23,0,NULO,30,21
1999,9,24,0,NULO,31,22
1999,9,25,0,NULO,32,22
1999,9,26,0,NULO,33,22
1999,9,27,0,NULO,33,23
1999,9,28,31,NULO,31,23
1999,9,29,36,NULO,30,23
1999,9,30,3,NULO,24,18
1999,10,1,11,NULO,NULO,NULO
1999,10,2,0,NULO,30,20
1999,10,3,0,NULO,31,23
1999,10,4,9,NULO,29,23
1999,10,5,39,NULO,29,23
1999,10,6,25,NULO,24,22
1999,10,7,0,NULO,26,20
1999,10,8,16,NULO,31,22
1999,10,9,19,NULO,29,22
1999,10,10,0,NULO,28,22
1999,10,11,0,NULO,28,22
1999,10,12,0,NULO,29,22
1999,10,13,0,NULO,30,22
1999,10,14,0,NULO,30,22
1999,10,15,0,NULO,31,21
1999,10,16,0,NULO,32,21
1999,10,17,0,NULO,31,22
1999,10,18,0,NULO,23,19
1999,10,19,0,NULO,20,16
1999,10,20,0,NULO,23,16
1999,10,21,0,NULO,25,14
1999,10,22,0,NULO,27,13
1999,10,23,0,NULO,28,13
1999,10,24,0,NULO,28,14
1999,10,25,0,NULO,23,15
1999,10,26,0,NULO,28,15
1999,10,27,0,NULO,28,14
1999,10,28,0,NULO,28,15
1999,10,29,0,NULO,30,16
1999,10,30,0,NULO,30,11
1999,10,31,0,NULO,NULO,NULO
1999,11,1,0,NULO,27,13
1999,11,2,0,NULO,30,14
1999,11,3,0,NULO,28,13
1999,11,4,0,NULO,26,13
1999,11,5,0,NULO,25,11
1999,11,6,0,NULO,22,17
1999,11,7,0,NULO,27,17
1999,11,8,0,NULO,25,18
1999,11,9,0,NULO,26,16
1999,11,10,0,NULO,28,16
1999,11,11,0,NULO,28,17
1999,11,12,0,NULO,25,20
1999,11,13,0,NULO,23,15
1999,11,14,0,NULO,27,15
1999,11,15,0,NULO,27,15
1999,11,16,0,NULO,27,14
1999,11,17,0,NULO,28,16
1999,11,18,0,NULO,28,17
1999,11,19,0,NULO,28,17
1999,11,20,0,NULO,29,17
1999,11,21,0,NULO,27,15
1999,11,22,0,NULO,29,16
1999,11,23,0,NULO,28,18
1999,11,24,14,NULO,28,20
1999,11,25,3,NULO,24,14
1999,11,26,0,NULO,15,11
1999,11,27,0,NULO,23,10
1999,11,28,0,NULO,26,12
1999,11,29,0,NULO,26,13
1999,11,30,0,NULO,26,13
1999,12,1,25,NULO,26,17
1999,12,2,2,NULO,19,12
1999,12,3,0,NULO,26,14
1999,12,4,0,NULO,26,15
1999,12,5,0,NULO,28,16
1999,12,6,0,NULO,21,12
1999,12,7,0,NULO,22,10
1999,12,8,0,NULO,26,14
1999,12,9,0,NULO,27,16
1999,12,10,0,NULO,27,16
1999,12,11,0,NULO,24,15
1999,12,12,0,NULO,27,16
1999,12,13,0,NULO,25,15
1999,12,14,0,NULO,22,8
1999,12,15,0,NULO,26,11
1999,12,16,0,NULO,17,11
1999,12,17,0,NULO,16,12
1999,12,18,0,NULO,25,12
1999,12,19,0,NULO,25,10
1999,12,20,0,NULO,26,14
1999,12,21,0,NULO,27,14
1999,12,22,0,NULO,17,11
1999,12,23,5,NULO,14,11
1999,12,24,8,NULO,13,11
1999,12,25,0,NULO,15,11
1999,12,26,2,NULO,19,14
1999,12,27,0,NULO,22,15
1999,12,28,0,NULO,24,15
1999,12,29,0,NULO,24,10
1999,12,30,0,NULO,25,11
1999,12,31,0,NULO,26,13
2000,1,1,0,NULO,27,14
2000,1,2,0,NULO,27,17
2000,1,3,0,NULO,28,15
2000,1,4,0,NULO,21,15
2000,1,5,0,NULO,22,5
2000,1,6,0,NULO,25,7
2000,1,7,0,NULO,27,13
2000,1,8,0,NULO,25,16
2000,1,9,0,NULO,28,13
2000,1,10,0,NULO,27,16
2000,1,11,0,NULO,27,18
2000,1,12,0,NULO,28,18
2000,1,13,0,NULO,27,19
2000,1,14,16,NULO,25,18
2000,1,15,9,NULO,25,18
2000,1,16,1,NULO,24,17
2000,1,17,0,NULO,24,15
2000,1,18,0,NULO,26,13
2000,1,19,0,NULO,28,12
2000,1,20,0,NULO,25,13
2000,1,21,0,NULO,26,15
2000,1,22,0,NULO,28,13
2000,1,23,0,NULO,27,16
2000,1,24,0,NULO,24,16
2000,1,25,0,NULO,25,15
2000,1,26,0,NULO,25,18
2000,1,27,0,NULO,27,18
2000,1,28,0,NULO,20,16
2000,1,29,4,NULO,18,13
2000,1,30,0,NULO,14,10
2000,1,31,0,NULO,22,11
2000,2,1,0,NULO,20,11
2000,2,2,0,NULO,24,14
2000,2,3,0,NULO,19,12
2000,2,4,0,NULO,20,9
2000,2,5,0,NULO,25,15
2000,2,6,0,NULO,24,13
2000,2,7,0,NULO,27,14
2000,2,8,0,NULO,27,15
2000,2,9,0,NULO,27,12
2000,2,10,0,NULO,29,12
2000,2,11,0,NULO,30,14
2000,2,12,0,NULO,29,11
2000,2,13,0,NULO,30,17
2000,2,14,0,NULO,30,16
2000,2,15,0,NULO,30,19
2000,2,16,0,NULO,29,18
2000,2,17,0,NULO,30,20
2000,2,18,0,NULO,29,20
2000,2,19,0,NULO,28,21
2000,2,20,0,NULO,24,19
2000,2,21,5,NULO,27,17
2000,2,22,0,NULO,27,18
2000,2,23,0,NULO,28,18
2000,2,24,0,NULO,29,19
2000,2,25,0,NULO,30,17
2000,2,26,0,NULO,29,20
2000,2,27,0,NULO,24,18
2000,2,28,0,NULO,28,15
2000,2,29,0,NULO,29,17
2000,3,1,0,NULO,29,18
2000,3,2,0,NULO,28,19
2000,3,3,0,NULO,29,18
2000,3,4,0,NULO,27,20
2000,3,5,0,NULO,29,18
2000,3,6,0,NULO,30,20
2000,3,7,0,NULO,30,20
2000,3,8,0,NULO,32,20
2000,3,9,0,NULO,31,22
2000,3,10,0,NULO,30,20
2000,3,11,0,NULO,28,22
2000,3,12,0,NULO,24,17
2000,3,13,4,NULO,29,19
2000,3,14,0,NULO,29,20
2000,3,15,0,NULO,28,21
2000,3,16,0,NULO,34,17
2000,3,17,0,NULO,28,21
2000,3,18,0,NULO,30,20
2000,3,19,0,NULO,27,21
2000,3,20,0,NULO,26,18
2000,3,21,0,NULO,23,20
2000,3,22,0,NULO,28,21
2000,3,23,0,NULO,32,21
2000,3,24,0,NULO,31,21
2000,3,25,0,NULO,31,21
2000,3,26,0,NULO,26,21
2000,3,27,0,NULO,30,20
2000,3,28,0,NULO,34,24
2000,3,29,0,NULO,33,22
2000,3,30,0,NULO,34,23
2000,3,31,0,NULO,34,22
2000,4,1,0,NULO,34,22
2000,4,2,0,NULO,35,25
2000,4,3,0,NULO,29,24
2000,4,4,0,NULO,25,18
2000,4,5,0,NULO,21,13
2000,4,6,0,NULO,33,16
2000,4,7,0,NULO,36,17
2000,4,8,0,NULO,32,21
2000,4,9,0,NULO,27,19
2000,4,10,0,NULO,33,19
2000,4,11,0,NULO,34,21
2000,4,12,0,NULO,33,22
2000,4,13,0,NULO,33,20
2000,4,14,0,NULO,34,21
2000,4,15,0,NULO,36,22
2000,4,16,0,NULO,34,21
2000,4,17,0,NULO,34,18
2000,4,18,0,NULO,36,21
2000,4,19,0,NULO,36,21
2000,4,20,0,NULO,36,21
2000,4,21,0,NULO,34,21
2000,4,22,0,NULO,36,20
2000,4,23,0,NULO,39,20
2000,4,24,0,NULO,38,20
2000,4,25,0,NULO,33,22
2000,4,26,7,NULO,33,22
2000,4,27,3,NULO,32,23
2000,4,28,0,NULO,35,22
2000,4,29,0,NULO,37,23
2000,4,30,0,NULO,33,23
2000,5,1,0,NULO,NULO,NULO
2000,5,2,0,NULO,33,23
2000,5,3,0,NULO,36,21
2000,5,4,0,NULO,31,20
2000,5,5,0,NULO,31,23
2000,5,6,0,NULO,32,23
2000,5,7,0,NULO,32,24
2000,5,8,0,NULO,32,22
2000,5,9,0,NULO,38,24
2000,5,10,0,NULO,33,25
2000,5,11,0,NULO,39,25
2000,5,12,0,NULO,38,24
2000,5,13,0,NULO,33,26
2000,5,14,0,NULO,35,22
2000,5,15,0,NULO,35,21
2000,5,16,0,NULO,38,21
2000,5,17,0,NULO,37,21
2000,5,18,0,NULO,36,24
2000,5,19,0,NULO,37,26
2000,5,20,0,NULO,37,24
2000,5,21,0,NULO,36,24
2000,5,22,21,NULO,34,22
2000,5,23,0,NULO,39,23
2000,5,24,0,NULO,38,22
2000,5,25,0,NULO,38,26
2000,5,26,0,NULO,39,25
2000,5,27,0,NULO,38,25
2000,5,28,19,NULO,32,25
2000,5,29,0,NULO,34,22
2000,5,30,12,NULO,34,23
2000,5,31,0,NULO,33,23
2000,6,1,9,NULO,35,24
2000,6,2,0,NULO,35,24
2000,6,3,0,NULO,35,24
2000,6,4,0,NULO,37,23
2000,6,5,8,NULO,35,22
2000,6,6,4,NULO,33,22
2000,6,7,0,NULO,32,23
2000,6,8,0,NULO,35,23
2000,6,9,5,NULO,35,25
2000,6,10,12,NULO,33,24
2000,6,11,37,NULO,28,24
2000,6,12,29,NULO,31,23
2000,6,13,0,NULO,33,23
2000,6,14,0,NULO,30,23
2000,6,15,0,NULO,34,24
2000,6,16,0,NULO,35,23
2000,6,17,13,NULO,35,25
2000,6,18,4,NULO,30,26
2000,6,19,1,NULO,34,23
2000,6,20,28,NULO,33,23
2000,6,21,17,NULO,32,22
2000,6,22,0,NULO,34,23
2000,6,23,0,NULO,35,22
2000,6,24,0,NULO,35,22
2000,6,25,14,NULO,35,23
2000,6,26,0,NULO,33,22
2000,6,27,0,NULO,33,22
2000,6,28,0,NULO,33,22
2000,6,29,0,NULO,34,22
2000,6,30,0,NULO,33,22
2000,7,1,0,NULO,35,23
2000,7,2,0,NULO,35,23
2000,7,3,0,NULO,34,21
2000,7,4,0,NULO,34,22
2000,7,5,0,NULO,33,21
2000,7,6,0,NULO,33,21
2000,7,7,0,NULO,35,22
2000,7,8,0,NULO,34,22
2000,7,9,12,NULO,33,22
2000,7,10,2,NULO,33,23
2000,7,11,0,NULO,34,22
2000,7,12,0,NULO,34,22
2000,7,13,0,NULO,36,22
2000,7,14,0,NULO,37,22
2000,7,15,0,NULO,32,22
2000,7,16,0,NULO,37,22
2000,7,17,0,NULO,37,23
2000,7,18,0,NULO,31,23
2000,7,19,0,NULO,31,23
2000,7,20,0,NULO,35,22
2000,7,21,0,NULO,36,22
2000,7,22,0,NULO,37,22
2000,7,23,0,NULO,37,23
2000,7,24,0,NULO,38,23
2000,7,25,0,NULO,38,23
2000,7,26,4,NULO,36,23
2000,7,27,0,NULO,35,21
2000,7,28,0,NULO,35,22
2000,7,29,2,NULO,34,22
2000,7,30,4,NULO,37,23
2000,7,31,0,NULO,36,23
2000,8,1,0,NULO,36,23
2000,8,2,0,NULO,37,23
2000,8,3,10,NULO,32,24
2000,8,4,3,NULO,32,23
2000,8,5,0,NULO,34,22
2000,8,6,0,NULO,36,22
2000,8,7,0,NULO,36,23
2000,8,8,69,NULO,33,23
2000,8,9,0,NULO,33,22
2000,8,10,0,NULO,32,23
2000,8,11,45,NULO,33,22
2000,8,12,0,NULO,33,22
2000,8,13,0,NULO,35,22
2000,8,14,0,NULO,33,22
2000,8,15,7,NULO,34,25
2000,8,16,0,NULO,34,23
2000,8,17,0,NULO,34,22
2000,8,18,0,NULO,35,21
2000,8,19,0,NULO,33,22
2000,8,20,0.6,NULO,35,22
2000,8,21,8,NULO,34,22
2000,8,22,10,NULO,33,21
2000,8,23,0,NULO,32,21
2000,8,24,0,NULO,34,22
2000,8,25,0,NULO,34,22
2000,8,26,8,NULO,33,23
2000,8,27,0,NULO,34,22
2000,8,28,0,NULO,34,22
2000,8,29,0,NULO,34,23
2000,8,30,13,NULO,33,23
2000,8,31,0,NULO,34,23
2000,9,1,0,NULO,34,18
2000,9,2,0,NULO,36,23
2000,9,3,0,NULO,34,20
2000,9,4,69,NULO,33,22
2000,9,5,5,NULO,28,24
2000,9,6,59,NULO,33,23
2000,9,7,4,NULO,33,17
2000,9,8,5,NULO,19,11
2000,9,9,5,NULO,15,10
2000,9,10,1.5,NULO,16,12
2000,9,11,5,NULO,21,13
2000,9,12,0,NULO,28,20
2000,9,13,0,NULO,30,19
2000,9,14,0,NULO,33,18
2000,9,15,0,NULO,32,20
2000,9,16,0,NULO,32,20
2000,9,17,0,NULO,31,20
2000,9,18,0,NULO,30,21
2000,9,19,0,NULO,32,18
2000,9,20,0,NULO,31,19
2000,9,21,0,NULO,32,21
2000,9,22,0,NULO,33,21
2000,9,23,2,NULO,32,20
2000,9,24,0,NULO,30,19
2000,9,25,0,NULO,31,19
2000,9,26,0,NULO,33,21
2000,9,27,0,NULO,32,20
2000,9,28,0,NULO,32,20
2000,9,29,0,NULO,31,20
2000,9,30,0,NULO,32,22
2000,10,1,0,NULO,34,23
2000,10,2,0,NULO,35,23
2000,10,3,0,NULO,34,23
2000,10,4,0,NULO,34,21
2000,10,5,0,NULO,35,22
2000,10,6,0,NULO,37,21
2000,10,7,0,NULO,38,22
2000,10,8,7,NULO,32,21
2000,10,9,0,NULO,35,22
2000,10,10,0,NULO,37,23
2000,10,11,0,NULO,37,24
2000,10,12,0,NULO,37,23
2000,10,13,5,NULO,32,23
2000,10,14,0,NULO,37,23
2000,10,15,20,NULO,34,24
2000,10,16,11,NULO,33,22
2000,10,17,0,NULO,33,23
2000,10,18,5,NULO,33,22
2000,10,19,0,NULO,30,21
2000,10,20,0,NULO,34,21
2000,10,21,0,NULO,35,24
2000,10,22,0,NULO,33,23
2000,10,23,0,NULO,35,25
2000,10,24,0,NULO,36,23
2000,10,25,0,NULO,37,24
2000,10,26,10,NULO,33,18
2000,10,27,0,NULO,29,16
2000,10,28,0,NULO,29,19
2000,10,29,0,NULO,32,17
2000,10,30,0,NULO,33,18
2000,10,31,0,NULO,33,19
2000,11,1,NULO,NULO,NULO,NULO
2000,11,2,0,NULO,32,22
2000,11,3,0,NULO,33,23
2000,11,4,0,NULO,32,22
2000,11,5,0,NULO,33,19
2000,11,6,0,NULO,29,21
2000,11,7,0,NULO,31,20
2000,11,8,0,NULO,34,22
2000,11,9,0,NULO,27,15
2000,11,10,0,NULO,23,15
2000,11,11,0,NULO,25,18
2000,11,12,0,NULO,32,21
2000,11,13,5,NULO,33,22
2000,11,14,6,NULO,29,15
2000,11,15,0,NULO,18,14
2000,11,16,0,NULO,27,17
2000,11,17,0,NULO,30,20
2000,11,18,3,NULO,28,18
2000,11,19,0,NULO,28,14
2000,11,20,0,NULO,16,14
2000,11,21,0,NULO,17,14
2000,11,22,0,NULO,17,15
2000,11,23,0,NULO,27,15
2000,11,24,0,NULO,30,17
2000,11,25,0,NULO,26,17
2000,11,26,0,NULO,25,18
2000,11,27,0,NULO,23,18
2000,11,28,5,NULO,27,18
2000,11,29,0,NULO,29,18
2000,11,30,5,NULO,29,19
2000,12,1,17,NULO,28,16
2000,12,2,11,NULO,20,18
2000,12,3,5,NULO,19,13
2000,12,4,1,NULO,14,12
2000,12,5,0,NULO,18,11
2000,12,6,0,NULO,27,13
2000,12,7,0,NULO,23,11
2000,12,8,0,NULO,27,8
2000,12,9,0,NULO,29,14
2000,12,10,0,NULO,29,14
2000,12,11,0,NULO,29,15
2000,12,12,0,NULO,24,18
2000,12,13,0,NULO,26,13
2000,12,14,12,NULO,20,16
2000,12,15,0,NULO,28,16
2000,12,16,0,NULO,26,17
2000,12,17,0,NULO,23,15
2000,12,18,0,NULO,28,11
2000,12,19,0,NULO,21,9
2000,12,20,0,NULO,26,5
2000,12,21,0,NULO,26,11
2000,12,22,0,NULO,23,12
2000,12,23,0,NULO,28,11
2000,12,24,0,NULO,27,13
2000,12,25,0,NULO,28,15
2000,12,26,0,NULO,26,17
2000,12,27,0,NULO,19,12
2000,12,28,0,NULO,16,11
2000,12,29,0,NULO,17,11
2000,12,30,0,NULO,17,11
2000,12,31,0,NULO,18,13
2001,1,1,0,NULO,18,14
2001,1,2,16,NULO,15,14
2001,1,3,3,NULO,14,9
2001,1,4,0,NULO,21,9
2001,1,5,0,NULO,26,9
2001,1,6,0,NULO,27,12
2001,1,7,0,NULO,29,15
2001,1,8,0,NULO,20,15
2001,1,9,11,NULO,17,14
2001,1,10,2,NULO,23,13
2001,1,11,0,NULO,25,15
2001,1,12,0,NULO,28,16
2001,1,13,0,NULO,26,13
2001,1,14,0,NULO,28,19
2001,1,15,0,NULO,28,19
2001,1,16,0,NULO,26,18
2001,1,17,0,NULO,22,17
2001,1,18,2,NULO,19,13
2001,1,19,0,NULO,19,9
2001,1,20,0,NULO,23,9
2001,1,21,0,NULO,23,9
2001,1,22,0,NULO,23,8
2001,1,23,0,NULO,23,9
2001,1,24,0,NULO,23,11
2001,1,25,0,NULO,26,10
2001,1,26,0,NULO,27,14
2001,1,27,0,NULO,27,18
2001,1,28,0,NULO,28,18
2001,1,29,0,NULO,22,17
2001,1,30,0,NULO,28,16
2001,1,31,0,NULO,26,17
2001,2,1,7,NULO,20,15
2001,2,2,13,NULO,16,14
2001,2,3,2.5,NULO,17,9
2001,2,4,0,NULO,24,10
2001,2,5,0,NULO,24,15
2001,2,6,0,NULO,28,11
2001,2,7,0,NULO,28,14
2001,2,8,0,NULO,28,17
2001,2,9,0,NULO,29,18
2001,2,10,0,NULO,22,14
2001,2,11,0,NULO,25,15
2001,2,12,0,NULO,27,17
2001,2,13,0,NULO,29,17
2001,2,14,0,NULO,28,20
2001,2,15,0,NULO,32,20
2001,2,16,0,NULO,25,19
2001,2,17,0,NULO,24,18
2001,2,18,0,NULO,23,14
2001,2,19,0,NULO,27,15
2001,2,20,0,NULO,29,17
2001,2,21,0,NULO,31,19
2001,2,22,0,NULO,29,20
2001,2,23,0,NULO,31,21
2001,2,24,0,NULO,33,20
2001,2,25,0,NULO,28,20
2001,2,26,0,NULO,30,21
2001,2,27,0,NULO,32,20
2001,2,28,0,NULO,33,20
2001,3,1,0,NULO,30,20
2001,3,2,0,NULO,25,16
2001,3,3,0,NULO,27,16
2001,3,4,0,NULO,29,13
2001,3,5,5,NULO,26,15
2001,3,6,0,NULO,28,14
2001,3,7,0,NULO,30,13
2001,3,8,0,NULO,31,15
2001,3,9,0,NULO,29,19
2001,3,10,0,NULO,29,18
2001,3,11,0,NULO,35,20
2001,3,12,0,NULO,34,20
2001,3,13,0,NULO,33,18
2001,3,14,0,NULO,33,22
2001,3,15,0,NULO,33,20
2001,3,16,0,NULO,28,19
2001,3,17,0,NULO,28,21
2001,3,18,0,NULO,29,20
2001,3,19,0,NULO,22,17
2001,3,20,0,NULO,25,14
2001,3,21,0,NULO,29,9
2001,3,22,0,NULO,31,12
2001,3,23,0,NULO,32,15
2001,3,24,0,NULO,31,18
2001,3,25,0,NULO,29,18
2001,3,26,0,NULO,27,18
2001,3,27,0,NULO,29,18
2001,3,28,0,NULO,35,20
2001,3,29,0,NULO,31,20
2001,3,30,0,NULO,34,18
2001,3,31,0,NULO,33,20
2001,4,1,0,NULO,34,18
2001,4,2,0,NULO,35,20
2001,4,3,0,NULO,37,21
2001,4,4,0,NULO,35,21
2001,4,5,0,NULO,36,22
2001,4,6,0,NULO,37,21
2001,4,7,0,NULO,35,21
2001,4,8,0,NULO,36,20
2001,4,9,0,NULO,36,20
2001,4,10,0,NULO,37,22
2001,4,11,0,NULO,37,23
2001,4,12,0,NULO,36,24
2001,4,13,0,NULO,36,22
2001,4,14,0,NULO,37,21
2001,4,15,0,NULO,37,22
2001,4,16,0,NULO,35,22
2001,4,17,5,NULO,35,21
2001,4,18,12,NULO,28,21
2001,4,19,0,NULO,29,18
2001,4,20,0,NULO,33,21
2001,4,21,0,NULO,35,21
2001,4,22,0,NULO,35,22
2001,4,23,0,NULO,35,22
2001,4,24,0,NULO,33,23
2001,4,25,4,NULO,26,20
2001,4,26,8,NULO,27,20
2001,4,27,2,NULO,24,16
2001,4,28,0,NULO,28,18
2001,4,29,0,NULO,30,18
2001,4,30,0,NULO,29,18
2001,5,1,0,NULO,34,23
2001,5,2,0,NULO,35,21
2001,5,3,0,NULO,30,22
2001,5,4,0,NULO,33,23
2001,5,5,0,NULO,35,21
2001,5,6,0,NULO,34,24
2001,5,7,5,NULO,35,24
2001,5,8,0,NULO,32,20
2001,5,9,0,NULO,33,20
2001,5,10,0,NULO,34,18
2001,5,11,0,NULO,33,20
2001,5,12,0,NULO,31,21
2001,5,13,4,NULO,33,19
2001,5,14,1,NULO,33,20
2001,5,15,13,NULO,34,19
2001,5,16,0,NULO,36,20
2001,5,17,0,NULO,36,22
2001,5,18,0,NULO,38,22
2001,5,19,0,NULO,36,24
2001,5,20,0,NULO,38,22
2001,5,21,4,NULO,38,23
2001,5,22,0,NULO,30,24
2001,5,23,0,NULO,34,21
2001,5,24,0,NULO,37,21
2001,5,25,0,NULO,36,21
2001,5,26,0,NULO,37,21
2001,5,27,0,NULO,38,24
2001,5,28,0,NULO,38,22
2001,5,29,0,NULO,38,21
2001,5,30,0,NULO,37,24
2001,5,31,0,NULO,35,24
2001,6,1,0,NULO,37,24
2001,6,2,0,NULO,38,23
2001,6,3,0,NULO,38,23
2001,6,4,0,NULO,38,22
2001,6,5,0,NULO,39,23
2001,6,6,0,NULO,38,25
2001,6,7,0,NULO,38,25
2001,6,8,0,NULO,37,25
2001,6,9,0,NULO,39,24
2001,6,10,0,NULO,39,25
2001,6,11,0,NULO,40,25
2001,6,12,0,NULO,40,25
2001,6,13,0,NULO,39,25
2001,6,14,0,NULO,39,27
2001,6,15,8,NULO,38,25
2001,6,16,10,NULO,34,23
2001,6,17,42,NULO,35,22
2001,6,18,0,NULO,35,22
2001,6,19,4,NULO,36,21
2001,6,20,1,NULO,34,23
2001,6,21,0,NULO,34,22
2001,6,22,0,NULO,35,23
2001,6,23,0,NULO,35,24
2001,6,24,0,NULO,33,23
2001,6,25,37,NULO,30,23
2001,6,26,0,NULO,32,20
2001,6,27,0,NULO,34,22
2001,6,28,0,NULO,34,21
2001,6,29,0,NULO,35,23
2001,6,30,0,NULO,33,24
2001,7,1,19,NULO,34,23
2001,7,2,0,NULO,31,22
2001,7,3,0,NULO,34,21
2001,7,4,0,NULO,34,21
2001,7,5,0,NULO,35,22
2001,7,6,0,NULO,36,23
2001,7,7,0,NULO,36,22
2001,7,8,0,NULO,36,22
2001,7,9,0,NULO,36,23
2001,7,10,0,NULO,35,23
2001,7,11,0,NULO,36,23
2001,7,12,0,NULO,35,22
2001,7,13,0,NULO,36,23
2001,7,14,0,NULO,35,22
2001,7,15,0,NULO,36,23
2001,7,16,0,NULO,32,24
2001,7,17,0,NULO,36,24
2001,7,18,0,NULO,35,23
2001,7,19,0,NULO,37,23
2001,7,20,0,NULO,35,22
2001,7,21,0,NULO,36,21
2001,7,22,0,NULO,36,22
2001,7,23,0,NULO,36,24
2001,7,24,7,NULO,37,25
2001,7,25,0,NULO,35,23
2001,7,26,0,NULO,36,23
2001,7,27,0,NULO,37,25
2001,7,28,0,NULO,37,25
2001,7,29,0,NULO,36,23
2001,7,30,0,NULO,33,23
2001,7,31,0,NULO,NULO,NULO
2001,8,1,0,NULO,35,23
2001,8,2,18,NULO,37,23
2001,8,3,0,NULO,34,22
2001,8,4,0,NULO,35,23
2001,8,5,0,NULO,35,23
2001,8,6,0,NULO,35,23
2001,8,7,0,NULO,35,23
2001,8,8,0,NULO,36,23
2001,8,9,0,NULO,37,22
2001,8,10,2,NULO,36,22
2001,8,11,7,NULO,33,23
2001,8,12,2,NULO,35,24
2001,8,13,0,NULO,35,22
2001,8,14,0,NULO,37,24
2001,8,15,0,NULO,38,23
2001,8,16,0,NULO,35,23
2001,8,17,0,NULO,36,23
2001,8,18,0,NULO,37,23
2001,8,19,0,NULO,35,22
2001,8,20,0,NULO,38,23
2001,8,21,0,NULO,38,23
2001,8,22,0,NULO,38,23
2001,8,23,0,NULO,35,22
2001,8,24,0,NULO,35,24
2001,8,25,12,NULO,33,23
2001,8,26,24,NULO,33,23
2001,8,27,3,NULO,28,23
2001,8,28,20,NULO,32,23
2001,8,29,0,NULO,32,24
2001,8,30,0,NULO,34,25
2001,8,31,0,NULO,NULO,NULO
2001,9,1,0,NULO,36,23
2001,9,2,0,NULO,36,24
2001,9,3,0,NULO,36,24
2001,9,4,0,NULO,37,24
2001,9,5,0,NULO,36,24
2001,9,6,0,NULO,37,23
2001,9,7,0,NULO,36,24
2001,9,8,3,NULO,37,25
2001,9,9,20,NULO,36,25
2001,9,10,51,NULO,30,23
2001,9,11,3,NULO,33,23
2001,9,12,0,NULO,37,22
2001,9,13,0,NULO,35,23
2001,9,14,0,NULO,34,24
2001,9,15,0,NULO,34,22
2001,9,16,0,NULO,34,21
2001,9,17,0,NULO,35,21
2001,9,18,0,NULO,35,23
2001,9,19,8,NULO,34,24
2001,9,20,0,NULO,35,24
2001,9,21,0,NULO,34,23
2001,9,22,10,NULO,33,23
2001,9,23,1,NULO,30,23
2001,9,24,54,NULO,28,22
2001,9,25,38,NULO,25,22
2001,9,26,2,NULO,26,20
2001,9,27,0,NULO,29,20
2001,9,28,0,NULO,29,20
2001,9,29,0,NULO,30,18
2001,9,30,0,NULO,NULO,NULO
2001,10,1,0,NULO,29,17
2001,10,2,0,NULO,27,20
2001,10,3,0,NULO,32,20
2001,10,4,0,NULO,30,22
2001,10,5,0,NULO,32,21
2001,10,6,11,NULO,34,24
2001,10,7,0,NULO,29,22
2001,10,8,0,NULO,29,23
2001,10,9,0,NULO,32,22
2001,10,10,0,NULO,34,22
2001,10,11,0,NULO,34,21
2001,10,12,0,NULO,35,25
2001,10,13,0,NULO,35,23
2001,10,14,0,NULO,35,21
2001,10,15,0,NULO,33,18
2001,10,16,0,NULO,33,20
2001,10,17,0,NULO,29,16
2001,10,18,0,NULO,26,15
2001,10,19,0,NULO,31,16
2001,10,20,0,NULO,32,18
2001,10,21,0,NULO,34,17
2001,10,22,0,NULO,33,19
2001,10,23,0,NULO,34,18
2001,10,24,0,NULO,36,21
2001,10,25,0,NULO,35,23
2001,10,26,31,NULO,32,23
2001,10,27,28,NULO,31,24
2001,10,28,0,NULO,28,17
2001,10,29,0,NULO,26,16
2001,10,30,0,NULO,27,15
2001,10,31,0,NULO,27,16
2001,11,1,0,NULO,32,17
2001,11,2,2,NULO,32,19
2001,11,3,3,NULO,28,21
2001,11,4,0,NULO,27,20
2001,11,5,0,NULO,29,17
2001,11,6,0,NULO,28,17
2001,11,7,0,NULO,29,15
2001,11,8,2,NULO,31,16
2001,11,9,5,NULO,27,20
2001,11,10,0,NULO,27,19
2001,11,11,0,NULO,28,18
2001,11,12,0,NULO,29,16
2001,11,13,0,NULO,29,19
2001,11,14,0,NULO,30,18
2001,11,15,0,NULO,31,20
2001,11,16,0,NULO,32,20
2001,11,17,0,NULO,26,21
2001,11,18,0,NULO,29,18
2001,11,19,8,NULO,28,18
2001,11,20,0,NULO,26,18
2001,11,21,0,NULO,25,14
2001,11,22,0,NULO,29,17
2001,11,23,0,NULO,34,16
2001,11,24,0,NULO,32,17
2001,11,25,0,NULO,31,14
2001,11,26,0,NULO,32,15
2001,11,27,0,NULO,31,19
2001,11,28,0,NULO,26,20
2001,11,29,0,NULO,23,10
2001,11,30,0,NULO,18,12
2001,12,1,0,NULO,30,19
2001,12,2,0,NULO,28,19
2001,12,3,5,NULO,28,16
2001,12,4,7,NULO,30,17
2001,12,5,0,NULO,28,20
2001,12,6,0,NULO,30,20
2001,12,7,0,NULO,28,18
2001,12,8,0,NULO,19,15
2001,12,9,0,NULO,22,13
2001,12,10,0,NULO,29,13
2001,12,11,0,NULO,32,16
2001,12,12,0,NULO,31,18
2001,12,13,0,NULO,23,17
2001,12,14,0,NULO,27,17
2001,12,15,0,NULO,30,16
2001,12,16,0,NULO,24,19
2001,12,17,0,NULO,29,14
2001,12,18,0,NULO,26,14
2001,12,19,0,NULO,25,13
2001,12,20,0,NULO,27,11
2001,12,21,0,NULO,30,13
2001,12,22,0,NULO,26,16
2001,12,23,0,NULO,21,15
2001,12,24,0,NULO,16,14
2001,12,25,0,NULO,17,12
2001,12,26,0,NULO,23,12
2001,12,27,0,NULO,26,10
2001,12,28,0,NULO,26,13
2001,12,29,0,NULO,25,14
2002,1,1,0,NULO,19,13
2002,1,2,0,NULO,15,9
2002,1,3,0,NULO,15,9
2002,1,4,0,NULO,27,9
2002,1,5,0,NULO,27,11
2002,1,6,0,NULO,24,10
2002,1,7,0,NULO,25,7
2002,1,8,0,NULO,27,8
2002,1,9,0,NULO,29,9
2002,1,10,0,NULO,29,13
2002,1,11,0,NULO,27,15
2002,1,12,0,NULO,18,14
2002,1,13,0,NULO,15,11
2002,1,14,14,NULO,25,10
2002,1,15,0,NULO,26,11
2002,1,16,0,NULO,29,14
2002,1,17,0,NULO,28,17
2002,1,18,0,NULO,29,17
2002,1,19,0,NULO,28,17
2002,1,20,0,NULO,30,15
2002,1,21,0,NULO,29,16
2002,1,22,0,NULO,32,18
2002,1,23,0,NULO,32,17
2002,1,24,0,NULO,33,18
2002,1,25,0,NULO,22,16
2002,1,26,0,NULO,24,11
2002,1,27,0,NULO,28,16
2002,1,28,0,NULO,30,18
2002,1,29,0,NULO,30,19
2002,1,30,0,NULO,31,19
2002,1,31,0,NULO,30,18
2002,2,1,0,NULO,18,16
2002,2,2,0,NULO,24,13
2002,2,3,0,NULO,28,15
2002,2,4,0,NULO,22,15
2002,2,5,0,NULO,27,18
2002,2,6,0,NULO,18,16
2002,2,7,0,NULO,21,13
2002,2,8,0,NULO,26,14
2002,2,9,5,NULO,28,10
2002,2,10,2.5,NULO,17,13
2002,2,11,0,NULO,16,10
2002,2,12,3,NULO,22,11
2002,2,13,0,NULO,20,12
2002,2,14,0,NULO,31,12
2002,2,15,0,NULO,20,16
2002,2,16,0,NULO,24,14
2002,2,17,0,NULO,29,16
2002,2,18,0,NULO,34,19
2002,2,19,0,NULO,30,20
2002,2,20,0,NULO,31,17
2002,2,21,0,NULO,25,17
2002,2,22,0,NULO,28,13
2002,2,23,0,NULO,29,9
2002,2,24,0,NULO,32,14
2002,2,25,0,NULO,19,9
2002,2,26,0,NULO,23,10
2002,2,27,0,NULO,33,14
2002,2,28,0.3,NULO,19,15
2002,3,1,0,NULO,24,16
2002,3,2,0,NULO,31,14
2002,3,3,0,NULO,34,16
2002,3,4,0,NULO,24,18
2002,3,5,0,NULO,24,11
2002,3,6,0,NULO,24,14
2002,3,7,0,NULO,31,14
2002,3,8,0,NULO,34,16
2002,3,9,0,NULO,30,21
2002,3,10,0,NULO,28,16
2002,3,11,0,NULO,31,15
2002,3,12,0,NULO,30,16
2002,3,13,0,NULO,32,12
2002,3,14,0,NULO,35,20
2002,3,15,0,NULO,39,22
2002,3,16,0,NULO,34,20
2002,3,17,0,NULO,33,19
2002,3,18,0,NULO,30,20
2002,3,19,0,NULO,28,18
2002,3,20,0,NULO,28,13
2002,3,21,0,NULO,30,12
2002,3,22,0,NULO,32,15
2002,3,23,0,NULO,37,18
2002,3,24,0,NULO,29,22
2002,3,25,0,NULO,31,18
2002,3,26,0,NULO,34,17
2002,3,27,0,NULO,34,19
2002,3,28,0,NULO,34,19
2002,3,29,0,NULO,32,21
2002,3,30,0,NULO,30,22
2002,3,31,0,NULO,29,22
2002,4,1,0,NULO,25,20
2002,4,2,0,NULO,35,21
2002,4,3,0,NULO,29,22
2002,4,4,0,NULO,25,20
2002,4,5,0,NULO,29,21
2002,4,6,0,NULO,33,20
2002,4,7,0,NULO,35,22
2002,4,8,0,NULO,33,21
2002,4,9,0,NULO,39,22
2002,4,10,0,NULO,33,19
2002,4,11,0,NULO,39,18
2002,4,12,0,NULO,35,19
2002,4,13,0,NULO,36,19
2002,4,14,0,NULO,35,20
2002,4,15,0,NULO,36,21
2002,4,16,0,NULO,34,23
2002,4,17,0,NULO,36,22
2002,4,18,0,NULO,34,21
2002,4,19,0,NULO,35,21
2002,4,20,0,NULO,35,21
2002,4,21,0,NULO,36,20
2002,4,22,0,NULO,34,23
2002,4,23,0,NULO,34,21
2002,4,24,0,NULO,38,20
2002,4,25,0,NULO,35,21
2002,4,26,0,NULO,35,23
2002,4,27,0,NULO,36,21
2002,4,28,0,NULO,37,22
2002,4,29,0,NULO,36,22
2002,4,30,0,NULO,36,23
2002,6,1,0,NULO,36,24
2002,6,2,0,NULO,37,24
2002,6,3,0,NULO,38,24
2002,6,4,0,NULO,37,25
2002,6,5,58,NULO,35,25
2002,6,6,4,NULO,35,23
2002,6,7,0,NULO,33,23
2002,6,8,11,NULO,35,23
2002,6,9,2,NULO,38,24
2002,6,10,50,NULO,36,24
2002,6,11,9,NULO,34,24
2002,6,12,0,NULO,35,25
2002,6,13,0,NULO,36,24
2002,6,14,0,NULO,34,24
2002,6,15,0,NULO,34,24
2002,6,16,0,NULO,37,24
2002,6,17,0,NULO,36,24
2002,6,18,0,NULO,38,24
2002,6,19,6,NULO,38,25
2002,6,20,56,NULO,33,22
2002,6,21,25,NULO,33,23
2002,6,22,0,NULO,34,22
2002,6,23,0,NULO,35,22
2002,6,24,0,NULO,36,22
2002,6,25,0,NULO,36,22
2002,6,26,0,NULO,36,24
2002,6,27,0,NULO,35,25
2002,6,28,0,NULO,36,23
2002,6,29,20,NULO,35,24
2002,6,30,0,NULO,34,24
2002,7,1,3,NULO,34,25
2002,7,2,0,NULO,35,25
2002,7,3,0,NULO,35,22
2002,7,4,0,NULO,36,25
2002,7,5,0,NULO,33,23
2002,7,6,24,NULO,33,24
2002,7,7,0,NULO,34,24
2002,7,8,0,NULO,35,23
2002,7,9,0,NULO,33,22
2002,7,10,0,NULO,34,22
2002,7,11,11,NULO,34,21
2002,7,12,0,NULO,35,23
2002,7,13,0,NULO,36,23
2002,7,14,0,NULO,35,23
2002,7,15,15,NULO,34,25
2002,7,16,0,NULO,29,24
2002,7,17,61,NULO,33,23
2002,7,18,0,NULO,34,22
2002,7,19,6,NULO,33,22
2002,7,20,0,NULO,34,23
2002,7,21,22,NULO,34,22
2002,7,22,18,NULO,30,23
2002,7,23,0,NULO,32,22
2002,7,24,30,NULO,31,22
2002,7,25,0,NULO,35,22
2002,7,26,0,NULO,35,22
2002,7,27,0,NULO,36,23
2002,7,28,0,NULO,34,24
2002,7,29,5,NULO,35,24
2002,7,30,9,NULO,31,24
2002,7,31,20,NULO,33,22
2002,8,1,0,NULO,33,23
2002,8,2,0,NULO,34,22
2002,8,3,0,NULO,36,24
2002,8,4,0,NULO,36,23
2002,8,5,0,NULO,36,23
2002,8,6,0,NULO,36,23
2002,8,7,0,NULO,37,24
2002,8,8,0,NULO,37,20
2002,8,9,0,NULO,36,23
2002,8,10,0,NULO,37,23
2002,8,11,0,NULO,36,24
2002,8,12,0,NULO,37,22
2002,8,13,0,NULO,36,23
2002,8,14,0,NULO,37,24
2002,8,15,0,NULO,35,25
2002,8,16,0,NULO,35,25
2002,8,17,0,NULO,35,23
2002,8,18,0,NULO,36,23
2002,8,19,0,NULO,35,24
2002,8,20,0,NULO,37,24
2002,8,21,0,NULO,37,24
2002,8,22,0,NULO,37,24
2002,8,23,13,NULO,34,24
2002,8,24,0,NULO,36,23
2002,8,25,0,NULO,37,23
2002,8,26,0,NULO,37,23
2002,8,27,0,NULO,37,22
2002,8,28,0,NULO,37,24
2002,8,29,0,NULO,34,23
2002,8,30,9,NULO,37,22
2002,8,31,0,NULO,38,23
2002,9,1,0,NULO,33,23
2002,9,2,0,NULO,35,22
2002,9,3,0,NULO,35,24
2002,9,4,0,NULO,37,23
2002,9,5,0,NULO,37,24
2002,9,6,4,NULO,39,24
2002,9,7,0,NULO,39,24
2002,9,8,0,NULO,39,25
2002,9,9,0,NULO,38,27
2002,9,10,2,NULO,36,25
2002,9,11,19,NULO,32,25
2002,9,12,30,NULO,33,23
2002,9,13,0,NULO,30,23
2002,9,14,0,NULO,35,25
2002,9,15,5.5,NULO,34,25
2002,9,16,35,NULO,29,24
2002,9,17,0,NULO,34,23
2002,9,18,0,NULO,35,24
2002,9,19,0,NULO,36,24
2002,9,20,9,NULO,29,24
2002,9,21,0,NULO,32,22
2002,9,22,0,NULO,32,20
2002,9,23,0,NULO,32,19
2002,9,24,0,NULO,33,21
2002,9,25,0,NULO,33,18
2002,9,26,0,NULO,34,21
2002,9,27,0,NULO,35,22
2002,9,28,0,NULO,33,21
2002,9,29,0,NULO,34,21
2002,9,30,0,NULO,35,21
2002,10,1,0,NULO,35,21
2002,10,2,0,NULO,36,22
2002,10,3,0,NULO,36,22
2002,10,4,0,NULO,35,23
2002,10,5,27,NULO,35,22
2002,10,6,22,NULO,31,22
2002,10,7,10,NULO,33,22
2002,10,8,0,NULO,30,22
2002,10,9,0,NULO,33,21
2002,10,10,0,NULO,34,23
2002,10,11,11,NULO,30,23
2002,10,12,31,NULO,30,21
2002,10,13,0,NULO,34,23
2002,10,14,5,NULO,30,20
2002,10,15,0,NULO,28,20
2002,10,16,0,NULO,28,20
2002,10,17,0,NULO,26,21
2002,10,18,3,NULO,29,22
2002,10,19,0,NULO,30,22
2002,10,20,0,NULO,33,23
2002,10,21,0,NULO,34,21
2002,10,22,11,NULO,34,23
2002,10,23,0,NULO,34,23
2002,10,24,0,NULO,34,23
2002,10,25,9,NULO,34,25
2002,10,26,2,NULO,31,22
2002,10,27,0,NULO,32,25
2002,10,28,0,NULO,28,23
2002,10,29,0,NULO,33,23
2002,10,30,0,NULO,34,24
2002,10,31,0,NULO,31,24
2002,11,1,10,NULO,26,20
2002,11,2,11,NULO,27,22
2002,11,3,11,NULO,30,22
2002,11,4,0,NULO,28,25
2002,11,5,5,NULO,26,20
2002,11,6,0,NULO,25,19
2002,11,7,0,NULO,28,13
2002,11,8,0,NULO,29,13
2002,11,9,0,NULO,33,14
2002,11,10,0,NULO,34,21
2002,11,11,0,NULO,30,22
2002,11,12,0,NULO,28,21
2002,11,13,0,NULO,25,17
2002,11,14,0,NULO,29,21
2002,11,15,0,NULO,30,19
2002,11,16,0,NULO,22,19
2002,11,17,0,NULO,26,10
2002,11,18,0,NULO,29,10
2002,11,19,0,NULO,28,12
2002,11,20,0,NULO,27,15
2002,11,21,0,NULO,28,14
2002,11,22,0,NULO,28,10
2002,11,23,0,NULO,28,11
2002,11,24,0,NULO,29,12
2002,11,25,0,NULO,28,13
2002,11,26,0,NULO,27,15
2002,11,27,5.5,NULO,18,14
2002,11,28,22,NULO,14,10
2002,11,29,0,NULO,19,10
2002,11,30,0,NULO,27,12
2002,12,1,0,NULO,21,16
2002,12,2,0,NULO,29,14
2002,12,3,0,NULO,29,15
2002,12,4,0,NULO,30,17
2002,12,5,0,NULO,20,14
2002,12,6,0,NULO,18,12
2002,12,7,0,NULO,22,11
2002,12,8,0,NULO,21,13
2002,12,9,0,NULO,28,16
2002,12,10,0,NULO,21,14
2002,12,11,0,NULO,19,15
2002,12,12,0,NULO,31,15
2002,12,13,0,NULO,23,14
2002,12,14,0,NULO,22,15
2002,12,15,0,NULO,28,15
2002,12,16,0,NULO,29,15
2002,12,17,0,NULO,30,16
2002,12,18,0,NULO,31,16
2002,12,19,0,NULO,24,15
2002,12,20,0,NULO,25,10
2002,12,21,0,NULO,32,12
2002,12,22,0,NULO,28,13
2002,12,23,0,NULO,27,15
2002,12,24,0,NULO,24,15
2002,12,25,0,NULO,19,14
2002,12,26,1,NULO,21,14
2002,12,27,1.5,NULO,20,14
2002,12,28,0,NULO,19,14
2002,12,29,0,NULO,21,13
2002,12,30,0,NULO,29,14
2002,12,31,0,NULO,28,12
2003,1,1,0,NULO,29,10
2003,1,2,0,NULO,28,11
2003,1,3,0,NULO,24,7
2003,1,4,0,NULO,26,7
2003,1,5,0,NULO,22,9
2003,1,6,0,NULO,27,13
2003,1,7,12.5,NULO,23,15
2003,1,8,1.5,NULO,22,16
2003,1,9,0,NULO,28,11
2003,1,10,1,NULO,24,13
2003,1,11,2,NULO,18,14
2003,1,12,3.5,NULO,20,14
2003,1,13,0,NULO,17,14
2003,1,14,0,NULO,22,11
2003,1,15,0,NULO,25,12
2003,1,16,0,NULO,27,10
2003,1,17,0,NULO,17,11
2003,1,18,0,NULO,18,10
2003,1,19,0,NULO,24,11
2003,1,20,0,NULO,28,12
2003,1,21,0,NULO,30,13
2003,1,22,0,NULO,29,13
2003,1,23,0,NULO,18,15
2003,1,24,0,NULO,16,10
2003,1,25,0,NULO,22,11
2003,1,26,5.5,NULO,22,14
2003,1,27,0,NULO,17,12
2003,1,28,0,NULO,27,12
2003,1,29,0,NULO,22,12
2003,1,30,0,NULO,24,13
2003,1,31,0,NULO,27,16
2003,2,1,0,NULO,27,16
2003,2,2,0,NULO,29,13
2003,2,3,0,NULO,29,15
2003,2,4,0,NULO,31,16
2003,2,5,0,NULO,25,16
2003,2,6,0,NULO,29,16
2003,2,7,0,NULO,32,17
2003,2,8,0,NULO,20,13
2003,2,9,0,NULO,22,13
2003,2,10,0,NULO,21,15
2003,2,11,0,NULO,23,16
2003,2,12,0,NULO,31,16
2003,2,13,0,NULO,31,18
2003,2,14,0,NULO,30,19
2003,2,15,0,NULO,31,20
2003,2,16,0,NULO,33,17
2003,2,17,0,NULO,23,14
2003,2,18,0,NULO,21,15
2003,2,19,0,NULO,27,13
2003,2,20,0,NULO,31,19
2003,2,21,0,NULO,29,16
2003,2,22,0,NULO,35,16
2003,2,23,0,NULO,29,11
2003,2,24,0,NULO,30,16
2003,2,25,1,NULO,28,15
2003,2,26,0,NULO,17,11
2003,2,27,0,NULO,26,11
2003,2,28,0,NULO,21,15
2003,3,1,0,NULO,30,16
2003,3,2,0,NULO,30,17
2003,3,3,0,NULO,31,16
2003,3,4,0,NULO,32,17
2003,3,5,0,NULO,30,18
2003,3,6,0,NULO,35,21
2003,3,7,0,NULO,23,16
2003,3,8,0,NULO,29,17
2003,3,9,0,NULO,33,19
2003,3,10,0,NULO,31,20
2003,3,11,0,NULO,32,21
2003,3,12,0,NULO,32,20
2003,3,13,0,NULO,34,20
2003,3,14,0,NULO,35,22
2003,3,15,0,NULO,31,20
2003,3,16,0,NULO,31,19
2003,3,17,0,NULO,30,21
2003,3,18,0,NULO,39,15
2003,3,19,0,NULO,42,16
2003,3,20,0,NULO,33,18
2003,3,21,0,NULO,32,16
2003,3,22,0,NULO,30,20
2003,3,23,0,NULO,31,19
2003,3,24,0,NULO,30,18
2003,3,25,0,NULO,32,20
2003,3,26,0,NULO,30,19
2003,3,27,0,NULO,32,15
2003,3,28,0,NULO,34,16
2003,3,29,0,NULO,33,16
2003,3,30,0,NULO,32,15
2003,3,31,0,NULO,24,13
2003,4,1,0,NULO,30,11
2003,4,2,0,NULO,31,15
2003,4,3,0,NULO,33,16
2003,4,4,0,NULO,32,19
2003,4,5,0,NULO,32,21
2003,4,6,0,NULO,39,22
2003,4,7,0,NULO,35,23
2003,4,8,0,NULO,31,23
2003,4,9,0,NULO,25,15
2003,4,10,0,NULO,29,13
2003,4,11,0,NULO,29,14
2003,4,12,0,NULO,32,15
2003,4,13,0,NULO,33,16
2003,4,14,0,NULO,30,19
2003,4,15,0,NULO,32,19
2003,4,16,0,NULO,31,19
2003,4,17,0,NULO,34,20
2003,4,18,0,NULO,31,21
2003,4,19,0,NULO,35,20
2003,4,20,0,NULO,33,22
2003,4,21,0,NULO,31,23
2003,4,22,0,NULO,34,21
2003,4,23,0,NULO,31,21
2003,4,24,0,NULO,42,22
2003,4,25,0,NULO,41,21
2003,4,26,0,NULO,34,22
2003,4,27,0,NULO,34,23
2003,4,28,0,NULO,36,24
2003,4,29,0,NULO,36,24
2003,4,30,0,NULO,39,23
2003,5,1,0,NULO,37,24
2003,5,2,0,NULO,40,24
2003,5,3,0,NULO,39,25
2003,5,4,0,NULO,32,25
2003,5,5,0,NULO,41,25
2003,5,6,0,NULO,43,24
2003,5,7,0,NULO,41,24
2003,5,8,0,NULO,38,22
2003,5,9,0,NULO,39,24
2003,5,10,0,NULO,39,25
2003,5,11,0,NULO,40,24
2003,5,12,0,NULO,38,24
2003,5,13,0,NULO,36,23
2003,5,14,0,NULO,38,23
2003,5,15,0,NULO,39,22
2003,5,16,0,NULO,38,22
2003,5,17,0,NULO,40,23
2003,5,18,0,NULO,39,24
2003,5,19,0,NULO,38,21
2003,5,20,0,NULO,39,23
2003,5,21,3.5,NULO,38,24
2003,5,22,0,NULO,36,23
2003,5,23,0,NULO,36,23
2003,5,24,0,NULO,36,22
2003,5,25,0,NULO,36,21
2003,5,26,0,NULO,38,24
2003,5,27,8,NULO,37,21
2003,5,28,2,NULO,36,21
2003,5,29,0,NULO,36,22
2003,5,30,28,NULO,36,21
2003,5,31,0,NULO,36,21
2003,6,1,0,NULO,36,23
2003,6,2,0,NULO,38,24
2003,6,3,0,NULO,38,25
2003,6,4,0,NULO,39,23
2003,6,5,0,NULO,39,23
2003,6,6,0,NULO,38,24
2003,6,7,0,NULO,37,24
2003,6,8,0,NULO,32,23
2003,6,9,0,NULO,38,24
2003,6,10,0,NULO,42,23
2003,6,11,0,NULO,40,25
2003,6,12,0,NULO,39,25
2003,6,13,0,NULO,39,26
2003,6,14,0,NULO,36,26
2003,6,15,0,NULO,37,24
2003,6,16,0,NULO,35,22
2003,6,17,0,NULO,36,23
2003,6,18,0,NULO,37,22
2003,6,19,0,NULO,38,22
2003,6,20,0,NULO,38,23
2003,6,21,0,NULO,40,24
2003,6,22,0,NULO,39,24
2003,6,23,0,NULO,39,24
2003,6,24,8.3,NULO,38,25
2003,6,25,0,NULO,37,23
2003,6,26,3.5,NULO,37,24
2003,6,27,0,NULO,37,23
2003,6,28,0,NULO,37,22
2003,6,29,0,NULO,37,22
2003,6,30,0,NULO,38,22
2003,7,1,0,NULO,38,23
2003,7,2,0,NULO,39,24
2003,7,3,28,NULO,35,25
2003,7,4,11,NULO,33,24
2003,7,5,27,NULO,32,23
2003,7,6,6.5,NULO,34,22
2003,7,7,4,NULO,32,22
2003,7,8,0,NULO,33,23
2003,7,9,0,NULO,33,23
2003,7,10,0,NULO,35,23
2003,7,11,0,NULO,36,23
2003,7,12,0,NULO,37,22
2003,7,13,0,NULO,37,22
2003,7,14,0,NULO,36,23
2003,7,15,0,NULO,37,23
2003,7,16,47.5,NULO,33,23
2003,7,17,1,NULO,33,23
2003,7,18,8,NULO,34,23
2003,7,19,0,NULO,34,22
2003,7,20,4.5,NULO,34,21
2003,7,21,0,NULO,34,21
2003,7,22,0,NULO,35,22
2003,7,23,0,NULO,35,23
2003,7,24,0,NULO,35,23
2003,7,25,0,NULO,36,23
2003,7,26,0,NULO,36,22
2003,7,27,1,NULO,35,22
2003,7,28,0,NULO,34,23
2003,7,29,0,NULO,35,22
2003,7,30,0,NULO,35,22
2003,7,31,0,NULO,35,23
2003,8,1,0,NULO,35,22
2003,8,2,0,NULO,36,22
2003,8,3,0,NULO,36,22
2003,8,4,0,NULO,36,22
2003,8,5,0,NULO,37,23
2003,8,6,0,NULO,38,24
2003,8,7,0,NULO,38,22
2003,8,8,0,NULO,40,22
2003,8,9,0,NULO,33,22
2003,8,10,0,NULO,38,22
2003,8,11,0,NULO,39,22
2003,8,12,0,NULO,39,23
2003,8,13,42.5,NULO,33,22
2003,8,14,1,NULO,28,22
2003,8,15,6,NULO,30,22
2003,8,16,0,NULO,35,22
2003,8,17,0,NULO,35,22
2003,8,18,0,NULO,35,23
2003,8,19,2,NULO,35,23
2003,8,20,8,NULO,31,23
2003,8,21,12,NULO,33,22
2003,8,22,5,NULO,31,21
2003,8,23,30,NULO,32,21
2003,8,24,0,NULO,33,22
2003,8,25,5,NULO,33,22
2003,8,26,0,NULO,35,22
2003,8,27,0,NULO,36,22
2003,8,28,0,NULO,36,22
2003,8,29,0,NULO,36,22
2003,8,30,0,NULO,37,23
2003,8,31,0,NULO,37,23
2003,9,1,23,NULO,34,23
2003,9,2,11,NULO,31,22
2003,9,3,5,NULO,33,22
2003,9,4,0,NULO,35,23
2003,9,5,31.5,NULO,35,23
2003,9,6,0,NULO,34,22
2003,9,7,0,NULO,35,22
2003,9,8,0,NULO,35,22
2003,9,9,0,NULO,35,22
2003,9,10,0,NULO,35,23
2003,9,11,0,NULO,35,23
2003,9,12,2,NULO,35,23
2003,9,13,13,NULO,33,23
2003,9,14,31,NULO,33,23
2003,9,15,10,NULO,30,23
2003,9,16,0,NULO,33,22
2003,9,17,0,NULO,33,22
2003,9,18,0,NULO,34,23
2003,9,19,31,NULO,29,23
2003,9,20,38,NULO,30,23
2003,9,21,0,NULO,33,22
2003,9,22,15,NULO,31,23
2003,9,23,0,NULO,33,24
2003,9,24,0,NULO,36,24
2003,9,25,0,NULO,36,22
2003,9,26,0,NULO,36,23
2003,9,27,23.5,NULO,33,24
2003,9,28,62,NULO,29,21
2003,9,29,0,NULO,28,21
2003,9,30,0,NULO,30,21
2003,10,1,0,NULO,29,19
2003,10,2,21,NULO,28,17
2003,10,3,0,NULO,27,18
2003,10,4,1,NULO,32,20
2003,10,5,0,NULO,32,22
2003,10,6,61,NULO,32,22
2003,10,7,5,NULO,32,22
2003,10,8,13,NULO,32,23
2003,10,9,17.5,NULO,30,23
2003,10,10,5,NULO,32,23
2003,10,11,2,NULO,34,24
2003,10,12,0,NULO,34,25
2003,10,13,0,NULO,33,24
2003,10,14,0,NULO,35,23
2003,10,15,0,NULO,30,22
2003,10,16,0,NULO,33,20
2003,10,17,2,NULO,33,20
2003,10,18,46,NULO,26,23
2003,10,19,0,NULO,30,20
2003,10,20,0,NULO,31,17
2003,10,21,0,NULO,30,18
2003,10,22,0,NULO,32,18
2003,10,23,0,NULO,33,19
2003,10,24,0,NULO,33,21
2003,10,25,0,NULO,32,21
2003,10,26,4,NULO,32,23
2003,10,27,6,NULO,25,14
2003,10,28,0,NULO,27,11
2003,10,29,0,NULO,31,13
2003,10,30,0,NULO,33,18
2003,10,31,22,NULO,33,22
2003,11,1,9.5,NULO,29,20
2003,11,2,0,NULO,28,20
2003,11,3,0,NULO,37,21
2003,11,4,0,NULO,32,20
2003,11,5,0,NULO,33,20
2003,11,6,0,NULO,33,21
2003,11,7,0,NULO,32,21
2003,11,8,35,NULO,31,20
2003,11,9,0,NULO,28,20
2003,11,10,0,NULO,26,20
2003,11,11,0,NULO,29,21
2003,11,12,0,NULO,31,20
2003,11,13,11,NULO,32,21
2003,11,14,0,NULO,34,20
2003,11,15,0,NULO,30,18
2003,11,16,0,NULO,32,20
2003,11,17,0,NULO,32,21
2003,11,18,0,NULO,31,21
2003,11,19,0,NULO,31,16
2003,11,20,0,NULO,26,11
2003,11,21,0,NULO,28,12
2003,11,22,0,NULO,29,14
2003,11,23,0,NULO,31,16
2003,11,24,0,NULO,33,15
2003,11,25,0,NULO,20,10
2003,11,26,0,NULO,22,13
2003,11,27,0,NULO,31,16
2003,11,28,0,NULO,31,15
2003,11,29,0,NULO,19,6
2003,11,30,0,NULO,22,7
2003,12,1,15,NULO,28,12
2003,12,2,0,NULO,28,14
2003,12,3,0,NULO,22,14
2003,12,4,0,NULO,29,15
2003,12,5,15,NULO,29,16
2003,12,6,0,NULO,25,13
2003,12,7,0,NULO,18,10
2003,12,8,0,NULO,26,11
2003,12,9,0,NULO,28,12
2003,12,10,0,NULO,30,13
2003,12,11,0,NULO,24,9
2003,12,12,0,NULO,26,11
2003,12,13,0,NULO,29,16
2003,12,14,0,NULO,27,11
2003,12,15,0,NULO,27,11
2003,12,16,0,NULO,28,12
2003,12,17,0,NULO,23,5
2003,12,18,0,NULO,22,4
2003,12,19,0,NULO,25,7
2003,12,20,0,NULO,24,7
2003,12,21,0,NULO,25,8
2003,12,22,0,NULO,27,11
2003,12,23,0,NULO,28,13
2003,12,24,0,NULO,20,8
2003,12,25,0,NULO,23.5,9
2003,12,26,0,NULO,27,13
2003,12,27,0,NULO,29,16
2003,12,28,0,NULO,29,18
2003,12,29,0,NULO,27,16
2003,12,30,0,NULO,17,12
2003,12,31,0,NULO,23,13
2004,1,1,0,NULO,29,16
2004,1,2,0,NULO,29,16
2004,1,3,0,NULO,29,18
2004,1,4,0,NULO,32,18.5
2004,1,5,18.5,NULO,22,18.5
2004,1,6,28.5,NULO,21,12
2004,1,7,2,NULO,15,8.5
2004,1,8,0,NULO,25,9
2004,1,9,0,NULO,21,13
2004,1,10,0,NULO,21,15.5
2004,1,11,0,NULO,19,12
2004,1,12,0,NULO,23,13
2004,1,13,0,NULO,24.5,15
2004,1,14,0,NULO,25,17
2004,1,15,0,NULO,27.5,17
2004,1,16,0,NULO,25,17
2004,1,17,0,NULO,28,14.5
2004,1,18,0,NULO,23,12.5
2004,1,19,0,NULO,22,13.5
2004,1,20,0,NULO,33.5,8
2004,1,21,1,NULO,27.5,11
2004,1,22,1,NULO,24,15
2004,1,23,2,NULO,24,18
2004,1,24,0,NULO,29.5,18.5
2004,1,25,0,NULO,27,17
2004,1,26,0,NULO,25,17
2004,1,27,0,NULO,18.5,14
2004,1,28,0,NULO,16,12
2004,1,29,0,NULO,23,13
2004,1,30,0,NULO,22.5,15
2004,1,31,0,NULO,22,11.5
2004,2,1,0,NULO,26.5,11
2004,2,2,0,NULO,30,11
2004,2,3,0,NULO,27,12.5
2004,2,4,0,NULO,21,13
2004,2,5,0,NULO,30,15
2004,2,6,0,NULO,26.5,15
2004,2,7,0,NULO,24.5,15.5
2004,2,8,0,NULO,21,14.5
2004,2,9,0,NULO,21.5,13.5
2004,2,10,0,NULO,27,14
2004,2,11,0,NULO,27,16
2004,2,12,0,NULO,28.5,17
2004,2,13,0,NULO,21,15
2004,2,14,1,NULO,20,11.5
2004,2,15,0,NULO,13,11
2004,2,16,0,NULO,23,11
2004,2,17,0,NULO,24,12
2004,2,18,0,NULO,28,9
2004,2,19,0,NULO,28,10.5
2004,2,20,0,NULO,29.5,9
2004,2,21,0,NULO,31.5,11
2004,2,22,0,NULO,30,13
2004,2,23,0,NULO,32,17
2004,2,24,0,NULO,33.5,17
2004,2,25,0,NULO,25.5,16
2004,2,26,0,NULO,23,14
2004,2,27,0,NULO,25,9
2004,2,28,0,NULO,26,11
2004,2,29,0,NULO,33,17
2004,3,1,0,NULO,28.5,17
2004,3,2,0,NULO,31.5,18
2004,3,3,0,NULO,30.5,20
2004,3,4,0,NULO,33.5,20
2004,3,5,0,NULO,36,19
2004,3,6,0,NULO,29,20
2004,3,7,1,NULO,30.5,20
2004,3,8,1,NULO,28,20
2004,3,9,1.5,NULO,26,8
2004,3,10,0,NULO,26,17
2004,3,11,0,NULO,29.5,16
2004,3,12,10,NULO,25,18.5
2004,3,13,0,NULO,26,20
2004,3,14,0,NULO,27,20
2004,3,15,1,NULO,27,20.5
2004,3,16,0,NULO,25,20.5
2004,3,17,0,NULO,27,20
2004,3,18,0,NULO,27,17.5
2004,3,19,0,NULO,32,17.5
2004,3,20,0,NULO,32,20
2004,3,21,0,NULO,29,21
2004,3,22,0,NULO,27.5,16
2004,3,23,1,NULO,27.5,16
2004,3,24,2,NULO,28,18
2004,3,25,0,NULO,31,20.5
2004,3,26,3,NULO,30,20
2004,3,27,0,NULO,30,21
2004,3,28,0,NULO,30.5,19
2004,3,29,50.5,NULO,32,20
2004,3,30,29,NULO,25,18
2004,3,31,0,NULO,30,18
2004,4,1,0,NULO,30,17
2004,4,2,0,NULO,31,18
2004,4,3,0,NULO,31,21
2004,4,4,0,NULO,33,21
2004,4,5,1,NULO,31,21.5
2004,4,6,0,NULO,35,21
2004,4,7,0,NULO,33,22
2004,4,8,0,NULO,32,22
2004,4,9,0,NULO,36,22
2004,4,10,0,NULO,34,22.5
2004,4,11,0,NULO,27,23
2004,4,12,0,NULO,25,16
2004,4,13,0,NULO,26,16.5
2004,4,14,0,NULO,29,12
2004,4,15,0,NULO,29.5,13
2004,4,16,0,NULO,30,15
2004,4,17,0,NULO,29.5,16
2004,4,18,0,NULO,28,18.5
2004,4,19,0,NULO,32.5,19
2004,4,20,0,NULO,31.5,18
2004,4,21,0,NULO,33,19
2004,4,22,0,NULO,35,20
2004,4,23,0,NULO,33,21
2004,4,24,0,NULO,34,23.5
2004,4,25,0,NULO,34,24
2004,4,26,1.5,NULO,32,24
2004,4,27,0,NULO,27.5,20
2004,4,28,0,NULO,29.5,17.5
2004,4,29,0,NULO,33,20.5
2004,4,30,0,NULO,35,22.5
2004,5,1,30,NULO,36.5,23
2004,5,2,1,NULO,27,16
2004,5,3,0,NULO,28,15.5
2004,5,4,0,NULO,29.5,15
2004,5,5,0,NULO,31,17
2004,5,6,0,NULO,32,18
2004,5,7,2,NULO,33,21.5
2004,5,8,6,NULO,32,21
2004,5,9,0,NULO,32,21
2004,5,10,0,NULO,30.5,22
2004,5,11,0,NULO,35.5,23
2004,5,12,0,NULO,35,23.5
2004,5,13,0,NULO,37.5,24.5
2004,5,14,3,NULO,28,25
2004,5,15,14,NULO,29,20
2004,5,16,0,NULO,31.5,19
2004,5,17,0,NULO,34,20
2004,5,18,9.5,NULO,32.5,21.5
2004,5,19,0,NULO,34,21
2004,5,20,5,NULO,32,20.5
2004,5,21,0,NULO,34.5,21
2004,5,22,0,NULO,34,21
2004,5,23,0,NULO,35,22
2004,5,24,0,NULO,35,22
2004,5,25,0,NULO,34,22
2004,5,26,0,NULO,34.5,22
2004,5,27,0,NULO,35.5,23
2004,5,28,0,NULO,35.5,23.5
2004,5,29,0,NULO,37,23.5
2004,5,30,0,NULO,44,23
2004,5,31,0,NULO,37,25
2004,6,1,0,NULO,32,25.5
2004,6,2,41,NULO,32.5,24
2004,6,3,42,NULO,30,22
2004,6,4,10,NULO,29,20
2004,6,5,0,NULO,32,21
2004,6,6,1.4,NULO,32,21
2004,6,7,2,NULO,33,22
2004,6,8,4.5,NULO,33,22.5
2004,6,9,0,NULO,33,24
2004,6,10,2.5,NULO,32.5,25
2004,6,11,0,NULO,34.5,24
2004,6,12,0,NULO,34,24
2004,6,13,0,NULO,35,22
2004,6,14,0,NULO,36,22.5
2004,6,15,0,NULO,36,23.5
2004,6,16,2,NULO,30.5,25
2004,6,17,2.5,NULO,32,23
2004,6,18,0,NULO,33.5,23
2004,6,19,0,NULO,34,21.5
2004,6,20,0,NULO,35,21
2004,6,21,0,NULO,34.5,22
2004,6,22,4,NULO,34.5,23.5
2004,6,23,0,NULO,32.5,24
2004,6,24,2.5,NULO,34,24
2004,6,25,1,NULO,36,24
2004,6,26,0,NULO,32.5,24
2004,6,27,4,NULO,31,23
2004,6,28,17,NULO,32,23
2004,6,29,2,NULO,34.5,22
2004,6,30,0,NULO,34.5,23
2004,7,1,0,NULO,35,23
2004,7,2,0,NULO,34,22.5
2004,7,3,0,NULO,34.5,22.5
2004,7,4,0,NULO,36,23
2004,7,5,0,NULO,34,22.5
2004,7,6,3,NULO,34,23
2004,7,7,0,NULO,35,23
2004,7,8,5.5,NULO,35.5,22.5
2004,7,9,7,NULO,35,23
2004,7,10,24,NULO,30,23
2004,7,11,64,NULO,25,22
2004,7,12,0,NULO,32,21.5
2004,7,13,18.5,NULO,33.5,22
2004,7,14,0,NULO,34,22
2004,7,15,0,NULO,34.5,21
2004,7,16,0,NULO,35,21.5
2004,7,17,0,NULO,35,22
2004,7,18,0,NULO,36,22
2004,7,19,0,NULO,36.5,22.5
2004,7,20,0,NULO,36.5,23.5
2004,7,21,0,NULO,36,23.5
2004,7,22,4.5,NULO,34.5,23
2004,7,23,0,NULO,34.5,22.5
2004,7,24,9.5,NULO,34.5,22.5
2004,7,25,9.5,NULO,34,22.5
2004,7,26,5.5,NULO,32,23
2004,7,27,0,NULO,35,22
2004,7,28,0,NULO,36,22.5
2004,7,29,0,NULO,35.5,23
2004,7,30,0,NULO,37,24
2004,7,31,0,NULO,36,21
2004,8,1,0,NULO,36,21.5
2004,8,2,0,NULO,36,24.5
2004,8,3,0,NULO,35,22
2004,8,4,0,NULO,37,22.5
2004,8,5,0,NULO,36,23
2004,8,6,0,NULO,37,22.5
2004,8,7,0,NULO,37.5,23
2004,8,8,0,NULO,37,23
2004,8,9,0,NULO,37,22
2004,8,10,0,NULO,37,23
2004,8,11,0,NULO,32,22
2004,8,12,0,NULO,35,22
2004,8,13,4,NULO,35,23
2004,8,14,0,NULO,34,22.5
2004,8,15,0,NULO,34,21
2004,8,16,6.5,NULO,35,20.5
2004,8,17,2.5,NULO,35.5,21
2004,8,18,0,NULO,36,21.5
2004,8,19,2,NULO,36,22
2004,8,20,0,NULO,34.5,23
2004,8,21,0,NULO,34,22.5
2004,8,22,0,NULO,37,23
2004,8,23,0,NULO,36.5,23.5
2004,8,24,0,NULO,37.5,24
2004,8,25,0,NULO,37.5,24
2004,8,26,0,NULO,37,23
2004,8,27,0,NULO,37.5,22.5
2004,8,28,0,NULO,36.5,23
2004,8,29,0,NULO,37,23
2004,8,30,0,NULO,37.5,23
2004,8,31,0,NULO,38,22
2004,9,1,14.5,NULO,31,21
2004,9,2,0,NULO,32.5,21
2004,9,3,0,NULO,34,21.5
2004,9,4,0,NULO,36.5,22.5
2004,9,5,0,NULO,36,23
2004,9,6,0,NULO,36,23
2004,9,7,27.5,NULO,31.5,23
2004,9,8,0,NULO,34,22.5
2004,9,9,5,NULO,35,21.5
2004,9,10,60,NULO,32,21.5
2004,9,11,1.5,NULO,33,22.5
2004,9,12,1.5,NULO,32,22
2004,9,13,0,NULO,35,21.5
2004,9,14,0,NULO,35,22
2004,9,15,0,NULO,36,23
2004,9,16,1,NULO,36,23
2004,9,17,7,NULO,31,24
2004,9,18,6,NULO,30,24
2004,9,19,37,NULO,33,24
2004,9,20,6,NULO,30.5,23.5
2004,9,21,17,NULO,32,22
2004,9,22,20.5,NULO,33,21
2004,9,23,0,NULO,34,21.5
2004,9,24,0,NULO,34,22
2004,9,25,9.5,NULO,33.5,22
2004,9,26,8,NULO,32.5,21
2004,9,27,13.5,NULO,32,22
2004,9,28,2.5,NULO,27.5,22
2004,9,29,0,NULO,31,22
2004,9,30,0,NULO,35,21
2004,10,1,0,NULO,35,21
2004,10,2,7,NULO,34,22
2004,10,3,75,NULO,27.5,22
2004,10,4,6,NULO,30,21
2004,10,5,9,NULO,26,21
2004,10,6,2,NULO,29,21.5
2004,10,7,0,NULO,32,21.5
2004,10,8,2,NULO,34.5,22
2004,10,9,0,NULO,29.5,22
2004,10,10,0,NULO,33,19
2004,10,11,0,NULO,34,19
2004,10,12,0,NULO,32.5,20
2004,10,13,0,NULO,32.5,21
2004,10,14,1,NULO,29,21.5
2004,10,15,7,NULO,26,18
2004,10,16,0,NULO,34,18
2004,10,17,0,NULO,35,20.5
2004,10,18,0,NULO,35,22
2004,10,19,0,NULO,36.5,23
2004,10,20,0,NULO,37,24.5
2004,10,21,0,NULO,35,23.5
2004,10,22,0,NULO,35,23
2004,10,23,0,NULO,34,22.5
2004,10,24,0,NULO,34.5,22.5
2004,10,25,0,NULO,33,21.5
2004,10,26,9,NULO,34.5,22
2004,10,27,0,NULO,33.5,22
2004,10,28,0,NULO,33.5,22.5
2004,10,29,0,NULO,34.5,20.5
2004,10,30,0,NULO,33.5,20
2004,10,31,0,NULO,33,20.5
2004,11,1,0,NULO,35,23.5
2004,11,2,0,NULO,28,24
2004,11,3,0,NULO,24,15
2004,11,4,0,NULO,24.5,16
2004,11,5,0,NULO,27.5,11.5
2004,11,6,0,NULO,29.5,10
2004,11,7,0,NULO,32.5,12.5
2004,11,8,0,NULO,31.5,15
2004,11,9,0,NULO,30.5,15
2004,11,10,0,NULO,33,15
2004,11,11,0,NULO,32,16
2004,11,12,0,NULO,24.5,18.5
2004,11,13,1,NULO,28.5,16.5
2004,11,14,17,NULO,23,17.5
2004,11,15,0,NULO,27,18
2004,11,16,0,NULO,31,18.5
2004,11,17,0,NULO,31,18
2004,11,18,0,NULO,32,19
2004,11,19,0,NULO,32,20
2004,11,20,0,NULO,31.5,20.5
2004,11,21,0,NULO,32,20
2004,11,22,0,NULO,31.5,20
2004,11,23,0,NULO,33.5,20
2004,11,24,0,NULO,27.5,20
2004,11,25,0,NULO,26.5,18
2004,11,26,0,NULO,30,18
2004,11,27,0,NULO,31,17
2004,11,28,0,NULO,31,15.5
2004,11,29,0,NULO,32,16.5
2004,11,30,0,NULO,27,22
2004,12,1,0,NULO,19.5,13.5
2004,12,2,0,NULO,27,14
2004,12,3,0,NULO,27.5,16
2004,12,4,0,NULO,26,17
2004,12,5,0,NULO,30,16
2004,12,6,0,NULO,31.5,18
2004,12,7,0,NULO,28,19.5
2004,12,8,0,NULO,31.5,18
2004,12,9,0,NULO,31,18.5
2004,12,10,0,NULO,30,19
2004,12,11,0,NULO,29,13
2004,12,12,0,NULO,31.5,12
2004,12,13,0,NULO,29,13
2004,12,14,0,NULO,17,14.5
2004,12,15,0,NULO,15.5,11
2004,12,16,0,NULO,27,11
2004,12,17,0,NULO,18.5,12.5
2004,12,18,0,NULO,23.5,13
2004,12,19,0,NULO,23,13
2004,12,20,0,NULO,26,8
2004,12,21,0,NULO,31.5,9.5
2004,12,22,0,NULO,33.5,12.5
2004,12,23,0,NULO,17.5,12.5
2004,12,24,0,NULO,14,11.5
2004,12,25,0,NULO,16,5
2004,12,26,0,NULO,22,2
2004,12,27,0,NULO,25,3
2004,12,28,0,NULO,26.5,5
2004,12,29,0,NULO,28,9.5
2004,12,30,0,NULO,28,10.5
2004,12,31,0,NULO,28,13
2005,1,1,6,NULO,29.5,16
2005,1,2,0,NULO,29,17
2005,1,3,0,NULO,31,19
2005,1,4,0,NULO,28.5,20.5
2005,1,5,0,NULO,31,17
2005,1,6,0,NULO,29,17
2005,1,7,0,NULO,31.5,18
2005,1,8,0,NULO,25,18
2005,1,9,0,NULO,29.5,18.5
2005,1,10,0,NULO,28.5,16.5
2005,1,11,0,NULO,29,15.5
2005,1,12,0,NULO,32.5,14.5
2005,1,13,0,NULO,27.5,15
2005,1,14,0,NULO,24.5,12
2005,1,15,0,NULO,23,8.5
2005,1,16,0,NULO,22.5,9.5
2005,1,17,3.5,NULO,21.5,15
2005,1,18,0,NULO,20,13
2005,1,19,0,NULO,22,15
2005,1,20,0,NULO,22.5,15.5
2005,1,21,0,NULO,29,12.5
2005,1,22,0,NULO,27,13.5
2005,1,23,4,NULO,18.5,16.5
2005,1,24,0,NULO,19.5,10
2005,1,25,0,NULO,29,10.5
2005,1,26,0,NULO,30,13.5
2005,1,27,0,NULO,27.5,14
2005,1,28,0,NULO,26,15
2005,1,29,0,NULO,27.5,15
2005,1,30,0,NULO,30.5,16.5
2005,1,31,1,NULO,26.5,17
2005,2,1,3,NULO,18,13
2005,2,2,0,NULO,15.5,10
2005,2,3,0,NULO,16,10
2005,2,4,0,NULO,15.5,10
2005,2,5,0,NULO,21.5,11
2005,2,6,0,NULO,28,12
2005,2,7,0,NULO,31,13
2005,2,8,0,NULO,32,13
2005,2,9,0,NULO,31,18
2005,2,10,9,NULO,23,18
2005,2,11,17.5,NULO,18.5,13.5
2005,2,12,0,NULO,27,14
2005,2,13,0,NULO,31,14
2005,2,14,0,NULO,31.5,15.5
2005,2,15,0,NULO,31.5,17
2005,2,16,0,NULO,31,17
2005,2,17,0,NULO,31.5,17
2005,2,18,0,NULO,27.5,18
2005,2,19,0,NULO,28,17.5
2005,2,20,0,NULO,30,16.5
2005,2,21,0,NULO,29.5,18
2005,2,22,0,NULO,30,18
2005,2,23,0,NULO,31,18.5
2005,2,24,10,NULO,32,20
2005,2,25,16,NULO,20.5,17.5
2005,2,26,0,NULO,20,14.5
2005,2,27,0,NULO,23,15
2005,2,28,0,NULO,22,12.5
2005,3,1,0,NULO,27,12
2005,3,2,0,NULO,30,14.5
2005,3,3,0,NULO,28.5,17
2005,3,4,0,NULO,27,16
2005,3,5,0,NULO,26,16.5
2005,3,6,0,NULO,26,19.5
2005,3,7,0,NULO,32,18
2005,3,8,14,NULO,23.5,20
2005,3,9,0,NULO,24,15.5
2005,3,10,0,NULO,27,13
2005,3,11,0,NULO,29,14
2005,3,12,0,NULO,30,14.5
2005,3,13,0,NULO,32,15
2005,3,14,0,NULO,29,18
2005,3,15,0,NULO,27,18.5
2005,3,16,18,NULO,25,19.5
2005,3,17,0,NULO,22,11.5
2005,3,18,0,NULO,29,10
2005,3,19,0,NULO,31,13
2005,3,20,0,NULO,32,18
2005,3,21,0,NULO,34.5,17
2005,3,22,0,NULO,31,19
2005,3,23,0,NULO,32,15
2005,3,24,0,NULO,35,16
2005,3,25,0,NULO,35.5,21
2005,3,26,0,NULO,36,21
2005,3,27,0,NULO,25,18
2005,3,28,0,NULO,30,15.5
2005,3,29,0,NULO,34,13.5
2005,3,30,0,NULO,35,18.5
2005,3,31,0,NULO,37.5,18
2005,4,1,0,NULO,28,19
2005,4,2,0,NULO,27,12
2005,4,3,0,NULO,30,10
2005,4,4,0,NULO,32.5,11
2005,4,5,0,NULO,32.5,17
2005,4,6,0,NULO,33,19
2005,4,7,0,NULO,33.5,15
2005,4,8,0,NULO,34,13
2005,4,9,0,NULO,33,15
2005,4,10,0,NULO,33.5,17
2005,4,11,0,NULO,34,19
2005,4,12,0,NULO,34,18
2005,4,13,0,NULO,32,18.5
2005,4,14,0,NULO,34,16
2005,4,15,0,NULO,31,14.5
2005,4,16,0,NULO,26,16
2005,4,17,0,NULO,30,15
2005,4,18,0,NULO,32,16
2005,4,19,0,NULO,32,19
2005,4,20,0,NULO,34,19
2005,4,21,0,NULO,35,18
2005,4,22,0,NULO,33,19.5
2005,4,23,0,NULO,31,21
2005,4,24,0,NULO,27,19.5
2005,4,25,0,NULO,35,19.5
2005,4,26,0,NULO,34,20.5
2005,4,27,0,NULO,33,19.5
2005,4,28,0,NULO,35,20.5
2005,4,29,0,NULO,40,20
2005,4,30,0,NULO,37,24
2005,5,1,0,NULO,30,20
2005,5,2,3,NULO,31,19
2005,5,3,0,NULO,29,21.5
2005,5,4,0,NULO,33,22.5
2005,5,5,0,NULO,31,22
2005,5,6,0,NULO,33,20
2005,5,7,0,NULO,33,21
2005,5,8,0,NULO,35.5,21.5
2005,5,9,0,NULO,35.5,23.5
2005,5,10,0,NULO,33.5,23
2005,5,11,0,NULO,38,20.5
2005,5,12,0,NULO,37,23.5
2005,5,13,1,NULO,36,24
2005,5,14,0,NULO,35,22
2005,5,15,29,NULO,33,21.5
2005,5,16,0,NULO,30,21
2005,5,17,0,NULO,33,20.5
2005,5,18,0,NULO,35.5,19
2005,5,19,0,NULO,35,21.5
2005,5,20,0,NULO,35,22
2005,5,21,0,NULO,36,21
2005,5,22,0,NULO,36.5,20
2005,5,23,0,NULO,36,20
2005,5,24,0,NULO,36,22
2005,5,25,0,NULO,36.5,24
2005,5,26,0,NULO,36.5,25
2005,5,27,0,NULO,35.5,23.5
2005,5,28,0,NULO,37,25
2005,5,29,0,NULO,39,24
2005,5,30,0,NULO,39.5,21
2005,5,31,0,NULO,40,22
2005,6,1,0,NULO,40.5,23
2005,6,2,0,NULO,39.5,25
2005,6,3,0,NULO,37.5,25
2005,6,4,0,NULO,37.5,24
2005,6,5,1,NULO,37.5,26
2005,6,6,0,NULO,38,26
2005,6,7,0,NULO,38,24.5
2005,6,8,0,NULO,38,26
2005,6,9,0,NULO,39,25.5
2005,6,10,0,NULO,38.5,24.5
2005,6,11,1,NULO,37.5,24
2005,6,12,0,NULO,38.5,25
2005,6,13,0,NULO,38,25.5
2005,6,14,9.5,NULO,38,23
2005,6,15,27,NULO,31,24.5
2005,6,16,0,NULO,36,23
2005,6,17,0,NULO,38,23
2005,6,18,0,NULO,37.5,23
2005,6,19,0,NULO,37,24
2005,6,20,0,NULO,31,24
2005,6,21,29.5,NULO,33,22
2005,6,22,80,NULO,32,22
2005,6,23,5,NULO,32.5,22.5
2005,6,24,0,NULO,33,23
2005,6,25,0,NULO,33.5,24
2005,6,26,0,NULO,35,21.5
2005,6,27,8,NULO,33,22
2005,6,28,58.5,NULO,33,22
2005,6,29,15.5,NULO,34.5,23
2005,6,30,0,NULO,34.5,22
2005,7,1,0,NULO,36,23
2005,7,2,0,NULO,35,24
2005,7,3,0,NULO,36,23.5
2005,7,4,0,NULO,34,23
2005,7,5,4,NULO,34,24
2005,7,6,0,NULO,35,23
2005,7,7,0,NULO,35,23
2005,7,8,0,NULO,36.5,22
2005,7,9,0,NULO,36.5,23
2005,7,10,0,NULO,27,23
2005,7,11,0,NULO,36,23
2005,7,12,1,NULO,36,23
2005,7,13,0,NULO,34,24
2005,7,14,0,NULO,37,23
2005,7,15,0,NULO,36.5,23
2005,7,16,11,NULO,36,23.5
2005,7,17,8,NULO,36,22.5
2005,7,18,0,NULO,34,23
2005,7,19,0,NULO,35.5,22
2005,7,20,0,NULO,33,23
2005,7,21,35,NULO,32.5,25.5
2005,7,22,0,NULO,34,22
2005,7,23,0,NULO,34,23
2005,7,24,117,NULO,27.5,23
2005,7,25,0,NULO,30,23
2005,7,26,0,NULO,34,23
2005,7,27,0,NULO,34,23
2005,7,28,20,NULO,36,23.5
2005,7,29,0,NULO,34,21
2005,7,30,0,NULO,34.5,23
2005,7,31,0,NULO,35,21
2005,8,1,0,NULO,34,22.5
2005,8,2,0,NULO,35,22
2005,8,3,0,NULO,35,22.5
2005,8,4,0,NULO,36,23
2005,8,5,43,NULO,33,23.5
2005,8,6,0,NULO,32,22.5
2005,8,7,0,NULO,34,22
2005,8,8,0,NULO,33,23
2005,8,9,0,NULO,35,23.5
2005,8,10,0,NULO,34.5,23.5
2005,8,11,0,NULO,34,23.5
2005,8,12,0,NULO,34,23
2005,8,13,1.5,NULO,35,23.5
2005,8,14,0,NULO,36,23.5
2005,8,15,13,NULO,34,24
2005,8,16,0,NULO,33,22
2005,8,17,13.5,NULO,33.5,22.5
2005,8,18,0,NULO,34,23
2005,8,19,0,NULO,34,23.5
2005,8,20,11,NULO,31.5,22.5
2005,8,21,9,NULO,32,22
2005,8,22,35,NULO,32,22
2005,8,23,12.5,NULO,29,22
2005,8,24,0,NULO,34,22.5
2005,8,25,0,NULO,34,23
2005,8,26,0,NULO,36,23
2005,8,27,0,NULO,36,22
2005,8,28,0,NULO,37,22.5
2005,8,29,0,NULO,38.5,23
2005,8,30,0,NULO,37,23
2005,8,31,0,NULO,36.5,24
2005,9,1,95,NULO,34,24.5
2005,9,2,100,NULO,32,22
2005,9,3,14.5,NULO,31.5,22.5
2005,9,4,71,NULO,32.5,23
2005,9,5,6,NULO,33,22.5
2005,9,6,33,NULO,30.5,22
2005,9,7,23,NULO,30,21.5
2005,9,8,0,NULO,32,22
2005,9,9,3,NULO,34,22
2005,9,10,0,NULO,36,23
2005,9,11,0,NULO,36,23
2005,9,12,0,NULO,33.5,22
2005,9,13,0,NULO,35,22
2005,9,14,0,NULO,34.5,22.5
2005,9,15,0,NULO,36,23
2005,9,16,0,NULO,36,23
2005,9,17,0,NULO,37,22
2005,9,18,0,NULO,36,22
2005,9,19,0,NULO,34.5,23
2005,9,20,21.5,NULO,33,23.5
2005,9,21,0,NULO,32.5,22
2005,9,22,0,NULO,35,21
2005,9,23,0,NULO,37,21.5
2005,9,24,0,NULO,39,20
2005,9,25,0,NULO,36,21
2005,9,26,12,NULO,35,22
2005,9,27,0,NULO,35,23
2005,9,28,0,NULO,35.5,22
2005,9,29,0,NULO,35.5,21.5
2005,9,30,0,NULO,33,22
2005,10,1,0,NULO,35,22.5
2005,10,2,26,NULO,35,22
2005,10,3,41,NULO,29,22
2005,10,4,68,NULO,30,24
2005,10,5,13.5,NULO,30,24
2005,10,6,9.5,NULO,32,22.5
2005,10,7,0,NULO,28,21.5
2005,10,8,0,NULO,26.5,19
2005,10,9,0,NULO,30.5,20
2005,10,10,0,NULO,35,22
2005,10,11,0,NULO,31,22
2005,10,12,24,NULO,31,23.5
2005,10,13,0,NULO,35.5,23
2005,10,14,7,NULO,31,21
2005,10,15,0,NULO,29,22
2005,10,16,0,NULO,32.5,22
2005,10,17,0,NULO,32,22
2005,10,18,0,NULO,32.5,22
2005,10,19,0,NULO,33,20
2005,10,20,0,NULO,34,19.5
2005,10,21,0,NULO,32.5,20
2005,10,22,0,NULO,33,21
2005,10,23,0,NULO,32,20
2005,10,24,4,NULO,24.5,19.5
2005,10,25,0,NULO,24,14
2005,10,26,0,NULO,29,14.5
2005,10,27,4,NULO,31.5,19
2005,10,28,4.5,NULO,28,20
2005,10,29,31,NULO,28,20.5
2005,10,30,0,NULO,30.5,17.5
2005,10,31,0,NULO,31,19.5
2005,11,1,0,NULO,27,17
2005,11,2,0,NULO,28,12.5
2005,11,3,0,NULO,29.5,11
2005,11,4,0,NULO,31.5,14
2005,11,5,0,NULO,32,16
2005,11,6,1.5,NULO,30,18
2005,11,7,0,NULO,31,20
2005,11,8,0,NULO,31,20
2005,11,9,0,NULO,31.5,20.5
2005,11,10,0,NULO,31.5,21
2005,11,11,0,NULO,32,19.5
2005,11,12,0,NULO,33,18.5
2005,11,13,0,NULO,33,18.5
2005,11,14,0,NULO,30.5,20
2005,11,15,0,NULO,33,19.5
2005,11,16,0,NULO,21.5,17
2005,11,17,0,NULO,20,14
2005,11,18,6,NULO,21.5,14
2005,11,19,4.5,NULO,24,16.5
2005,11,20,8,NULO,19.5,17
2005,11,21,0,NULO,26.5,14
2005,11,22,0,NULO,28.5,9
2005,11,23,0,NULO,29.5,10
2005,11,24,0,NULO,29.5,10.5
2005,11,25,0,NULO,28,13
2005,11,26,0,NULO,31.5,15.5
2005,11,27,0,NULO,33.5,16.5
2005,11,28,0,NULO,27,16
2005,11,29,0,NULO,26.5,10.5
2005,11,30,0,NULO,26,12
2005,12,1,0,NULO,30.5,17
2005,12,2,0,NULO,32,19
2005,12,3,0,NULO,23.5,20
2005,12,4,0,NULO,26.5,11.5
2005,12,5,0,NULO,29.5,12
2005,12,6,0,NULO,30.5,13.5
2005,12,7,0,NULO,28,18.5
2005,12,8,0,NULO,31,19.5
2005,12,9,0,NULO,31,19.5
2005,12,10,0,NULO,32,21
2005,12,11,0,NULO,31,19
2005,12,12,0,NULO,31,20
2005,12,13,5,NULO,24.5,21
2005,12,14,0,NULO,27,17.5
2005,12,15,0,NULO,30,18
2005,12,16,0,NULO,20,12
2005,12,17,0,NULO,20,12
2005,12,18,0,NULO,28,13.5
2005,12,19,0,NULO,29,16
2005,12,20,0,NULO,29.5,17
2005,12,21,0,NULO,31,16
2005,12,22,0,NULO,30.5,15.5
2005,12,23,0,NULO,21,14.5
2005,12,24,0,NULO,24,11.5
2005,12,25,0,NULO,26.5,11
2005,12,26,0,NULO,28,11.5
2005,12,27,0,NULO,28.5,16.5
2005,12,28,0,NULO,26,14.5
2005,12,29,0,NULO,25.5,10
2005,12,30,0,NULO,26,12.5
2005,12,31,0,NULO,30,14.5
2006,1,1,0,NULO,30,16.5
2006,1,2,0,NULO,29,17
2006,1,3,0,NULO,29,16.5
2006,1,4,0,NULO,32,18
2006,1,5,0,NULO,29,13.5
2006,1,6,0,NULO,24,9
2006,1,7,0,NULO,26.5,5.5
2006,1,8,0,NULO,29,7
2006,1,9,0,NULO,28,10
2006,1,10,0,NULO,25,12
2006,1,11,0,NULO,28.5,11.5
2006,1,12,0,NULO,30,12.5
2006,1,13,0,NULO,28,9
2006,1,14,0,NULO,26,9
2006,1,15,0,NULO,28.5,9
2006,1,16,0,NULO,31.5,10.5
2006,1,17,0,NULO,25,12
2006,1,18,0,NULO,26.5,9
2006,1,19,0,NULO,28,8
2006,1,20,0,NULO,30,11
2006,1,21,0,NULO,25,13.5
2006,1,22,0,NULO,25.5,17
2006,1,23,1,NULO,18,14
2006,1,24,2,NULO,16.5,13
2006,1,25,10.5,NULO,19,13
2006,1,26,0,NULO,20,13
2006,1,27,0,NULO,26,13
2006,1,28,0,NULO,27,15.5
2006,1,29,0,NULO,30,17
2006,1,30,0,NULO,30,17
2006,1,31,0,NULO,29,13
2006,2,1,0,NULO,31,15
2006,2,2,0,NULO,32,18.5
2006,2,3,0,NULO,32,18
2006,2,4,0,NULO,27,14
2006,2,5,0,NULO,27,10
2006,2,6,0,NULO,28,12
2006,2,7,0,NULO,24,14
2006,2,8,0,NULO,24.5,11
2006,2,9,0,NULO,24,13
2006,2,10,0,NULO,28.5,15.5
2006,2,11,0,NULO,23,12
2006,2,12,0,NULO,20,9
2006,2,13,0,NULO,24.5,5
2006,2,14,0,NULO,28,5
2006,2,15,0,NULO,30,9
2006,2,16,0,NULO,30,12
2006,2,17,0,NULO,33,16.5
2006,2,18,0,NULO,21.5,15.5
2006,2,19,0,NULO,27,12.5
2006,2,20,0,NULO,30,15
2006,2,21,0,NULO,32,17
2006,2,22,0,NULO,30,18
2006,2,23,0,NULO,30,18
2006,2,24,2.5,NULO,31,20
2006,2,25,0,NULO,33,18
2006,2,26,0,NULO,27,18
2006,2,27,0,NULO,27.5,14.5
2006,2,28,0,NULO,30.5,13
2006,3,1,0,NULO,30,14
2006,3,2,0,NULO,33,14
2006,3,3,0,NULO,31,16.5
2006,3,4,0,NULO,30,16
2006,3,5,0,NULO,30.5,15
2006,3,6,0,NULO,32,17
2006,3,7,0,NULO,33,16
2006,3,8,0,NULO,33,16
2006,3,9,0,NULO,40,18
2006,3,10,0,NULO,38,18
2006,3,11,0,NULO,36.5,18
2006,3,12,0,NULO,32.5,19
2006,3,13,0,NULO,34,18
2006,3,14,0,NULO,30,20
2006,3,15,0,NULO,30.5,18
2006,3,16,0,NULO,32,19
2006,3,17,0,NULO,31,20
2006,3,18,0,NULO,32,20
2006,3,19,0,NULO,37,20
2006,3,20,0,NULO,42,21
2006,3,21,0,NULO,30,19
2006,3,22,0,NULO,29.5,20
2006,3,23,0,NULO,23,15.5
2006,3,24,0,NULO,22.5,12.5
2006,3,25,0,NULO,23,13
2006,3,26,0,NULO,28.5,13
2006,3,27,0,NULO,31,17.5
2006,3,28,0,NULO,32,20
2006,3,29,0,NULO,32,20
2006,3,30,0,NULO,33,19
2006,3,31,0,NULO,33,20
2006,4,1,0,NULO,36,20
2006,4,2,0,NULO,35,19
2006,4,3,0,NULO,34,19.5
2006,4,4,0,NULO,34,18
2006,4,5,0,NULO,34,16
2006,4,6,0,NULO,37,17
2006,4,7,0,NULO,37,18
2006,4,8,0,NULO,31,20
2006,4,9,0,NULO,31,16
2006,4,10,0,NULO,32,15.5
2006,4,11,0,NULO,32.5,16
2006,4,12,0,NULO,33,16
2006,4,13,0,NULO,33,17
2006,4,14,0,NULO,34.5,15
2006,4,15,0,NULO,34.5,16
2006,4,16,0,NULO,38,17
2006,4,17,0,NULO,37.5,18.5
2006,4,18,0,NULO,37,20
2006,4,19,0,NULO,36,22
2006,4,20,0,NULO,33.5,23
2006,4,21,3,NULO,30,23
2006,4,22,0,NULO,28,22
2006,4,23,0,NULO,35,20
2006,4,24,0,NULO,37,20
2006,4,25,0,NULO,38,21
2006,4,26,0,NULO,36.5,23
2006,4,27,0,NULO,35.5,23
2006,4,28,0,NULO,34,24
2006,4,29,0,NULO,34,24
2006,4,30,4,NULO,31.5,21.5
2006,5,1,0,NULO,36,21
2006,5,2,0,NULO,35,20
2006,5,3,0,NULO,35,22
2006,5,4,0,NULO,36.5,22
2006,5,5,0,NULO,36,23
2006,5,6,0,NULO,39,24
2006,5,7,0,NULO,38,25
2006,5,8,0,NULO,36,25
2006,5,9,0,NULO,38,24.5
2006,5,10,0,NULO,40,25
2006,5,11,0,NULO,33,22
2006,5,12,0,NULO,33.5,21
2006,5,13,0,NULO,38,22
2006,5,14,9,NULO,38,23
2006,5,15,0,NULO,34.5,20
2006,5,16,0,NULO,32.5,19.5
2006,5,17,0,NULO,35,19
2006,5,18,0,NULO,36,17.5
2006,5,19,0,NULO,35.5,17
2006,5,20,0,NULO,36.5,18.5
2006,5,21,0,NULO,36,20
2006,5,22,0,NULO,36,22.5
2006,5,23,0,NULO,36,21.5
2006,5,24,0,NULO,36.5,21
2006,5,25,0,NULO,36.5,21
2006,5,26,0,NULO,37,21.5
2006,5,27,0,NULO,37.5,23
2006,5,28,0,NULO,38,25
2006,5,29,0,NULO,35.5,22
2006,5,30,1,NULO,33.5,24
2006,5,31,0,NULO,36.5,22.5
2006,6,1,0,NULO,33.5,22.5
2006,6,2,0,NULO,35,20
2006,6,3,0,NULO,34.5,22
2006,6,4,46,NULO,31,23
2006,6,5,7.5,NULO,33.5,21.5
2006,6,6,0,NULO,34.5,21
2006,6,7,0,NULO,35,20
2006,6,8,0,NULO,35,21
2006,6,9,0,NULO,35,21
2006,6,10,0,NULO,35,19
2006,6,11,0,NULO,36,19
2006,6,12,0,NULO,35,19.5
2006,6,13,0,NULO,37,20
2006,6,14,0,NULO,35.5,21
2006,6,15,0,NULO,36.5,21.5
2006,6,16,0,NULO,38,23
2006,6,17,0,NULO,39.5,24
2006,6,18,0,NULO,37,23
2006,6,19,0,NULO,37,23
2006,6,20,0,NULO,39,23
2006,6,21,0,NULO,37,22.5
2006,6,22,0,NULO,36,23
2006,6,23,0,NULO,36.5,22.5
2006,6,24,6.5,NULO,34.5,22
2006,6,25,0,NULO,31.5,22
2006,6,26,0,NULO,34,20
2006,6,27,0,NULO,36,21.5
2006,6,28,1,NULO,35.5,22
2006,6,29,8,NULO,35,23
2006,6,30,15,NULO,33,21.5
2006,7,1,12,NULO,30,22
2006,7,2,0,NULO,35,22
2006,7,3,0,NULO,37,23.5
2006,7,4,0,NULO,37,25
2006,7,5,0,NULO,37,23
2006,7,6,0,NULO,38,22.5
2006,7,7,0,NULO,36.5,24
2006,7,8,1,NULO,33,23.5
2006,7,9,14,NULO,31.5,23
2006,7,10,8,NULO,32.5,21
2006,7,11,40,NULO,31.5,21.5
2006,7,12,0,NULO,34.5,23
2006,7,13,0,NULO,35,22
2006,7,14,0,NULO,35,22.5
2006,7,15,14,NULO,33,22
2006,7,16,0,NULO,33,21.5
2006,7,17,0,NULO,34.5,22
2006,7,18,0,NULO,35.5,21.5
2006,7,19,0,NULO,36,22
2006,7,20,4,NULO,35,21
2006,7,21,1,NULO,33,22
2006,7,22,22.5,NULO,32,22
2006,7,23,0,NULO,33,22
2006,7,24,0,NULO,35,22.5
2006,7,25,0,NULO,35.5,23.5
2006,7,26,0,NULO,36,24
2006,7,27,7,NULO,34.5,23
2006,7,28,13.5,NULO,36,23.5
2006,7,29,0,NULO,36.5,23
2006,7,30,0,NULO,35.5,22.5
2006,7,31,0,NULO,35.5,23
2006,8,1,0,NULO,36,23
2006,8,2,0,NULO,34,22
2006,8,3,0,NULO,36,23
2006,8,4,0,NULO,33,24
2006,8,5,1,NULO,34,23
2006,8,6,6,NULO,33,22
2006,8,7,10,NULO,36,22
2006,8,8,2.5,NULO,29,22
2006,8,9,7,NULO,31.5,21
2006,8,10,0,NULO,35,22
2006,8,11,0,NULO,35.5,21.5
2006,8,12,4,NULO,35,22
2006,8,13,0,NULO,36.5,24
2006,8,14,0,NULO,37,23
2006,8,15,0,NULO,34.5,23
2006,8,16,0,NULO,37,23
2006,8,17,0,NULO,39,22.5
2006,8,18,0,NULO,36.5,22
2006,8,19,0,NULO,36,21
2006,8,20,0,NULO,36,21.5
2006,8,21,28,NULO,33.5,22
2006,8,22,0,NULO,35.5,22
2006,8,23,0,NULO,35.5,23
2006,8,24,0,NULO,36.5,22.5
2006,8,25,0,NULO,36.5,23
2006,8,26,4.5,NULO,34,24
2006,8,27,0,NULO,36,24
2006,8,28,0,NULO,36,21.5
2006,8,29,0,NULO,37,22
2006,8,30,0,NULO,36,22.5
2006,8,31,0,NULO,37,22
2006,9,1,0,NULO,37.5,22
2006,9,2,7,NULO,37,23
2006,9,3,16,NULO,35,22
2006,9,4,0,NULO,35.5,22
2006,9,5,0,NULO,36,22.5
2006,9,6,33,NULO,34,22.5
2006,9,7,0,NULO,34,22.5
2006,9,8,0,NULO,35.5,22
2006,9,9,0,NULO,36,22
2006,9,10,0,NULO,36,23.5
2006,9,11,2.5,NULO,34.5,23
2006,9,12,0,NULO,37,23.5
2006,9,13,2,NULO,33,24
2006,9,14,0,NULO,34,23.5
2006,9,15,0,NULO,36,23
2006,9,16,0,NULO,37,23
2006,9,17,0,NULO,37,25
2006,9,18,0,NULO,38.5,25
2006,9,19,0,NULO,35,23
2006,9,20,0,NULO,33.5,23
2006,9,21,0,NULO,36.5,21.5
2006,9,22,0,NULO,35.5,22.5
2006,9,23,0,NULO,38,24
2006,9,24,0,NULO,35,24.5
2006,9,25,35,NULO,26.5,20
2006,9,26,33.5,NULO,28.5,15.5
2006,9,27,25,NULO,33,19
2006,9,28,0,NULO,35.5,22.5
2006,9,29,0,NULO,34,22.5
2006,9,30,0,NULO,35,19
2006,10,1,0,NULO,34,21.5
2006,10,2,0,NULO,32.5,20.5
2006,10,3,0,NULO,31,22
2006,10,4,33,NULO,31,19.5
2006,10,5,63.5,NULO,24,20
2006,10,6,26.5,NULO,27,20
2006,10,7,0,NULO,30.5,20.5
2006,10,8,0,NULO,32,20
2006,10,9,0,NULO,35.5,21
2006,10,10,0,NULO,35.5,22
2006,10,11,0,NULO,36,22
2006,10,12,0,NULO,35.5,22.5
2006,10,13,57,NULO,34,23
2006,10,14,33,NULO,28,23
2006,10,15,0,NULO,34,23.5
2006,10,16,0,NULO,35.5,22
2006,10,17,0,NULO,37,23
2006,10,18,0,NULO,37,25
2006,10,19,0,NULO,36.5,25
2006,10,20,0,NULO,28,21.5
2006,10,21,0,NULO,33.5,20
2006,10,22,14,NULO,29,20
2006,10,23,7,NULO,23,17.5
2006,10,24,0,NULO,25.5,17
2006,10,25,0,NULO,33.5,18
2006,10,26,0,NULO,34,20.5
2006,10,27,0,NULO,28,18
2006,10,28,0,NULO,28,14
2006,10,29,0,NULO,31,11.5
2006,10,30,0,NULO,33,12.5
2006,10,31,0,NULO,33,15
2006,11,1,0,NULO,33,18
2006,11,2,2,NULO,29,20
2006,11,3,13.5,NULO,22.5,16.5
2006,11,4,0,NULO,29,16
2006,11,5,0,NULO,32.5,19
2006,11,6,0,NULO,31,21
2006,11,7,0,NULO,34,18
2006,11,8,0,NULO,32,21
2006,11,9,0,NULO,33,22
2006,11,10,11.3,NULO,26.5,19
2006,11,11,0,NULO,28,15.5
2006,11,12,0,NULO,36,14
2006,11,13,0,NULO,33,18
2006,11,14,0,NULO,33,20
2006,11,15,0,NULO,30,17
2006,11,16,0,NULO,25,15
2006,11,17,0,NULO,28.5,10.5
2006,11,18,7.5,NULO,27,12
2006,11,19,0,NULO,25.5,15
2006,11,20,0,NULO,23,16
2006,11,21,0,NULO,23.5,11.5
2006,11,22,0,NULO,27.5,10
2006,11,23,0,NULO,28,10.5
2006,11,24,0,NULO,29,12
2006,11,25,0,NULO,29,14
2006,11,26,0,NULO,21,16
2006,11,27,0,NULO,30,17.5
2006,11,28,0,NULO,21.5,16.5
2006,11,29,0,NULO,30,17.5
2006,11,30,0,NULO,32,18.5
2006,12,1,0,NULO,20.5,11
2006,12,2,4.5,NULO,24,12
2006,12,3,18.5,NULO,19,9
2006,12,4,0,NULO,18,8.5
2006,12,5,0,NULO,20.5,11
2006,12,6,0,NULO,28,12
2006,12,7,70,NULO,20,15
2006,12,8,6.5,NULO,19,14
2006,12,9,1,NULO,17.5,10
2006,12,10,0,NULO,23.5,11
2006,12,11,0,NULO,27.5,14
2006,12,12,0,NULO,26,15
2006,12,13,2,NULO,24,17
2006,12,14,0,NULO,26,18.5
2006,12,15,0,NULO,29.5,19
2006,12,16,0,NULO,28.5,18
2006,12,17,0,NULO,29,18.5
2006,12,18,0,NULO,29,19.5
2006,12,19,0,NULO,27.5,18.5
2006,12,20,0,NULO,31,19
2006,12,21,0,NULO,29,20
2006,12,22,0,NULO,24.5,17.5
2006,12,23,2,NULO,24.5,13
2006,12,24,0,NULO,20.5,11.5
2006,12,25,0,NULO,23,9.5
2006,12,26,0,NULO,24,7
2006,12,27,0,NULO,26.5,7
2006,12,28,0,NULO,28,8.5
2006,12,29,0,NULO,30.5,11.5
2006,12,30,0,NULO,25.5,14
2006,12,31,0,NULO,23.5,15
2007,1,1,0,NULO,23.5,15
2007,1,2,4.5,NULO,18,15
2007,1,3,0,NULO,23,15
2007,1,4,0,NULO,23,15
2007,1,5,0,NULO,31,18
2007,1,6,2.5,NULO,30,17.5
2007,1,7,0,NULO,18,15
2007,1,8,0,NULO,21,13
2007,1,9,0,NULO,23,9.5
2007,1,10,0,NULO,25,8
2007,1,11,0,NULO,26,9
2007,1,12,0,NULO,29,13
2007,1,13,0,NULO,28.5,17.5
2007,1,14,0,NULO,30,20
2007,1,15,6,NULO,28,15.5
2007,1,16,0,NULO,20,11.5
2007,1,17,1,NULO,20,7.5
2007,1,18,0,NULO,13.5,6.5
2007,1,19,0,NULO,18,11
2007,1,20,0,NULO,23.5,12.5
2007,1,21,0,NULO,23.5,13
2007,1,22,0,NULO,22,16.5
2007,1,23,1.5,NULO,17.5,12.5
2007,1,24,1.5,NULO,15.5,9
2007,1,25,5,NULO,13.5,9
2007,1,26,0,NULO,15,10
2007,1,27,0,NULO,22,12
2007,1,28,0,NULO,24,10
2007,1,29,0,NULO,23,10
2007,1,30,0,NULO,29.5,13
2007,1,31,0,NULO,23,15
2007,2,1,0,NULO,25,14.5
2007,2,2,0.5,NULO,21,15
2007,2,3,26.5,NULO,18,15
2007,2,4,35,NULO,16,13
2007,2,5,14,NULO,17.5,13
2007,2,6,0,NULO,25,11
2007,2,7,0,NULO,29,12
2007,2,8,0,NULO,30,15
2007,2,9,0,NULO,29,17.5
2007,2,10,6,NULO,26,19
2007,2,11,0,NULO,22.5,15
2007,2,12,0,NULO,30.5,15
2007,2,13,0,NULO,28,16
2007,2,14,3,NULO,20,12
2007,2,15,2.5,NULO,19,12
2007,2,16,0,NULO,15,9
2007,2,17,0,NULO,25.5,8.5
2007,2,18,0,NULO,25,9
2007,2,19,0,NULO,28,9.5
2007,2,20,0,NULO,30.5,12
2007,2,21,0,NULO,27,14.5
2007,2,22,0,NULO,28,16
2007,2,23,0,NULO,31,18
2007,2,24,0,NULO,34,17.5
2007,2,25,0,NULO,28.5,17.5
2007,2,26,0,NULO,30,14
2007,2,27,0,NULO,31,15.5
2007,2,28,0,NULO,34,19
2007,3,1,0,NULO,32.5,14
2007,3,2,0,NULO,29.5,12
2007,3,3,0,NULO,26,14
2007,3,4,0,NULO,19,16
2007,3,5,0,NULO,23,10.5
2007,3,6,0,NULO,26.5,11
2007,3,7,0,NULO,29,10
2007,3,8,0,NULO,30.5,12
2007,3,9,0,NULO,28.5,14
2007,3,10,0,NULO,30.5,18
2007,3,11,0,NULO,31,18
2007,3,12,0,NULO,31,18.5
2007,3,13,0,NULO,31,19.5
2007,3,14,0,NULO,34,20
2007,3,15,0,NULO,35,20
2007,3,16,0,NULO,29.5,20
2007,3,17,0,NULO,30.5,18
2007,3,18,0,NULO,32,15
2007,3,19,0,NULO,30,15
2007,3,20,0,NULO,30.5,19
2007,3,21,0,NULO,30.5,19.5
2007,3,22,0,NULO,31,20
2007,3,23,0,NULO,32,20
2007,3,24,0,NULO,30,21.5
2007,3,25,0,NULO,32,19
2007,3,26,0,NULO,31.5,22
2007,3,27,0,NULO,32.5,22
2007,3,28,0,NULO,32.5,20
2007,3,29,0,NULO,32,22.5
2007,3,30,0,NULO,32,22.5
2007,3,31,6.5,NULO,32,20.5
2007,4,1,2.5,NULO,30.5,20.5
2007,4,2,1,NULO,31.5,21
2007,4,3,3,NULO,32,21
2007,4,4,0,NULO,32.5,18
2007,4,5,0,NULO,30,17.5
2007,4,6,0,NULO,30,15
2007,4,7,0,NULO,30,13.5
2007,4,8,0,NULO,18,13.5
2007,4,9,0,NULO,28.5,12.5
2007,4,10,0,NULO,32,13
2007,4,11,0,NULO,34,17
2007,4,12,0,NULO,34,21
2007,4,13,0,NULO,38,22
2007,4,14,0,NULO,32.5,20
2007,4,15,0,NULO,27,16
2007,4,16,0,NULO,29.5,13
2007,4,17,0,NULO,33.5,14
2007,4,18,0,NULO,35,18
2007,4,19,0,NULO,34,16
2007,4,20,0,NULO,32.5,16.5
2007,4,21,0,NULO,32,19
2007,4,22,0,NULO,35,20
2007,4,23,0,NULO,34.5,21
2007,4,24,0,NULO,35,23
2007,4,25,0,NULO,26.5,20.5
2007,4,26,0,NULO,35,21
2007,4,27,0,NULO,33,22.5
2007,4,28,0,NULO,33.5,23
2007,4,29,0,NULO,35,20.5
2007,4,30,0,NULO,35,21.5
2007,5,1,0,NULO,34,22.5
2007,5,2,3,NULO,35,24
2007,5,3,0,NULO,34.5,23.5
2007,5,4,0,NULO,37.5,24.5
2007,5,5,0,NULO,32,24.5
2007,5,6,0,NULO,39,23.5
2007,5,7,0,NULO,37,24.5
2007,5,8,0,NULO,33.5,24
2007,5,9,1.5,NULO,33,21
2007,5,10,0,NULO,34,22
2007,5,11,0,NULO,36,21.5
2007,5,12,0,NULO,35,22
2007,5,13,0,NULO,34.5,21.5
2007,5,14,0,NULO,34,18
2007,5,15,0,NULO,35,20
2007,5,16,0,NULO,35,21.5
2007,5,17,0,NULO,35,20
2007,5,18,0,NULO,35,19.5
2007,5,19,0,NULO,35,19
2007,5,20,0,NULO,34.5,20.5
2007,5,21,0,NULO,34,21
2007,5,22,0,NULO,37,23
2007,5,23,0,NULO,35,24
2007,5,24,30,NULO,35,22.5
2007,5,25,21.5,NULO,33,22
2007,5,26,0,NULO,33,20
2007,5,27,0,NULO,35,21
2007,5,28,0,NULO,36.5,22
2007,5,29,0,NULO,36,21
2007,5,30,0,NULO,36.5,22
2007,5,31,0,NULO,35,22
2007,6,1,0,NULO,36,20.5
2007,6,2,0,NULO,35.5,21
2007,6,3,0,NULO,36,22
2007,6,4,0,NULO,36.5,23
2007,6,5,0,NULO,36,24
2007,6,6,0,NULO,37.5,24
2007,6,7,0,NULO,38,24
2007,6,8,3.5,NULO,36.5,22
2007,6,9,14.5,NULO,28,24.5
2007,6,10,0,NULO,35,20
2007,6,11,0,NULO,35.5,21
2007,6,12,0,NULO,35.5,21
2007,6,13,0,NULO,36.5,21
2007,6,14,0,NULO,32,21
2007,6,15,0,NULO,37.5,22
2007,6,16,0,NULO,36.5,23
2007,6,17,0,NULO,36,24
2007,6,18,0,NULO,38,24
2007,6,19,7.5,NULO,36,24
2007,6,20,0,NULO,36,24
2007,6,21,0,NULO,34.5,22.5
2007,6,22,0,NULO,34,23
2007,6,23,0,NULO,35,23
2007,6,24,0,NULO,35.5,24.5
2007,6,25,13.5,NULO,34,24
2007,6,26,0,NULO,36,24
2007,6,27,0,NULO,35,22.5
2007,6,28,0,NULO,38,23.5
2007,6,29,0,NULO,37,22
2007,6,30,0,NULO,37,21
2007,7,1,0,NULO,38,23
2007,7,2,0,NULO,36,25
2007,7,3,0,NULO,38,24
2007,7,4,0,NULO,38,25
2007,7,5,0,NULO,37.5,24
2007,7,6,0,NULO,38,23.5
2007,7,7,0,NULO,38,23
2007,7,8,0,NULO,38.5,23
2007,7,9,0,NULO,38,23
2007,7,10,0,NULO,38,23
2007,7,11,0,NULO,39,23
2007,7,12,0,NULO,36.5,22
2007,7,13,0,NULO,38,21.5
2007,7,14,0,NULO,38.5,22
2007,7,15,5.5,NULO,38.5,22
2007,7,16,5.5,NULO,38,23
2007,7,17,20.5,NULO,35.5,23
2007,7,18,2,NULO,35,23
2007,7,19,0,NULO,34,22.5
2007,7,20,0,NULO,35,23
2007,7,21,0,NULO,36.5,24
2007,7,22,0,NULO,36,23
2007,7,23,0,NULO,32.5,22
2007,7,24,0,NULO,36,21
2007,7,25,0,NULO,36.5,22
2007,7,26,0,NULO,38,22
2007,7,27,0,NULO,37,23
2007,7,28,0,NULO,38,23
2007,7,29,0,NULO,38,23
2007,7,30,0,NULO,38,23
2007,7,31,0,NULO,38.5,23
2007,8,1,0,NULO,38,23.5
2007,8,2,0,NULO,39,21.5
2007,8,3,0,NULO,37.5,22
2007,8,4,15,NULO,37,22
2007,8,5,0,NULO,37.5,22.5
2007,8,6,1.5,NULO,37,22.5
2007,8,7,0,NULO,37,23
2007,8,8,0,NULO,37.5,22.5
2007,8,9,0,NULO,38,23
2007,8,10,0,NULO,38,21.5
2007,8,11,0,NULO,36,21
2007,8,12,0,NULO,37,21
2007,8,13,0,NULO,38.5,22
2007,8,14,0,NULO,38,23
2007,8,15,0,NULO,37.5,22.5
2007,8,16,0,NULO,38,23
2007,8,17,0,NULO,39,24.5
2007,8,18,0,NULO,39,23
2007,8,19,0,NULO,38,23
2007,8,20,0,NULO,39.5,23
2007,8,21,23,NULO,38,23
2007,8,22,120,NULO,28,23
2007,8,23,0,NULO,35.5,22
2007,8,24,0,NULO,25.5,23
2007,8,25,2.5,NULO,35,22.5
2007,8,26,32,NULO,36,23
2007,8,27,207,NULO,33,23
2007,8,28,62.5,NULO,31.5,22.5
2007,8,29,25.5,NULO,36,23
2007,8,30,17.5,NULO,27,21
2007,8,31,74.5,NULO,27,21
2007,9,1,40,NULO,29,22.5
2007,9,2,74.5,NULO,26.5,22.5
2007,9,3,3,NULO,26.5,22.5
2007,9,4,0,NULO,32,23
2007,9,5,0,NULO,34,22.5
2007,9,6,0,NULO,35,21
2007,9,7,17,NULO,34,23.5
2007,9,8,0,NULO,33.5,23.5
2007,9,9,4.5,NULO,36.5,24
2007,9,10,2.5,NULO,33.5,22.5
2007,9,11,42.5,NULO,32.5,21
2007,9,12,0,NULO,31.5,22
2007,9,13,0,NULO,33,23
2007,9,14,0,NULO,33.5,23
2007,9,15,0,NULO,32,23.5
2007,9,16,0,NULO,33.5,23.5
2007,9,17,0,NULO,35,22.5
2007,9,18,0,NULO,35,22.5
2007,9,19,0,NULO,33.5,23
2007,9,20,0,NULO,34.5,23.5
2007,9,21,0,NULO,35,23
2007,9,22,0,NULO,35,22
2007,9,23,0,NULO,35.5,22
2007,9,24,0,NULO,35,22
2007,9,25,0,NULO,34.5,22
2007,9,26,0,NULO,32.5,24
2007,9,27,60,NULO,33.5,23
2007,9,28,11.5,NULO,33.5,23
2007,9,29,0,NULO,33,22.5
2007,9,30,11.5,NULO,32.5,22.5
2007,10,1,12.5,NULO,32,22.5
2007,10,2,2.5,NULO,33.5,23
2007,10,3,0,NULO,34,21
2007,10,4,0,NULO,35,21.5
2007,10,5,0,NULO,35.5,21
2007,10,6,0,NULO,33.5,21.5
2007,10,7,0,NULO,34,22
2007,10,8,1,NULO,34,22
2007,10,9,80,NULO,28,23
2007,10,10,5.5,NULO,32,22
2007,10,11,0,NULO,33,22.5
2007,10,12,0,NULO,33,21.5
2007,10,13,0,NULO,33.5,22
2007,10,14,0,NULO,35,20
2007,10,15,0,NULO,35,20.5
2007,10,16,0,NULO,33,22
2007,10,17,0,NULO,34.5,22
2007,10,18,0,NULO,35,21.5
2007,10,19,12,NULO,34,23.5
2007,10,20,16.5,NULO,29.5,22.5
2007,10,21,0,NULO,33.5,21
2007,10,22,45,NULO,33,17
2007,10,23,0,NULO,23,16
2007,10,24,0,NULO,28.5,12
2007,10,25,0,NULO,31,12
2007,10,26,0,NULO,33.5,12.5
2007,10,27,65.5,NULO,29,15
2007,10,28,0,NULO,33,17.5
2007,10,29,0,NULO,27,16.5
2007,10,30,0,NULO,28,13.5
2007,10,31,0,NULO,30,16
2007,11,1,0,NULO,29,16.5
2007,11,2,9.5,NULO,30,16
2007,11,3,0,NULO,31,20
2007,11,4,0,NULO,29,17.5
2007,11,5,0,NULO,31,16.5
2007,11,6,1.5,NULO,27.5,17
2007,11,7,1,NULO,28,17.5
2007,11,8,0,NULO,30,16
2007,11,9,0,NULO,29.5,16
2007,11,10,0,NULO,30.5,17.5
2007,11,11,0,NULO,30.5,16
2007,11,12,0,NULO,31.5,17
2007,11,13,0,NULO,28.5,18
2007,11,14,0,NULO,31.5,16.5
2007,11,15,6,NULO,27,15.5
2007,11,16,0,NULO,22.5,14
2007,11,17,0,NULO,30,15
2007,11,18,8,NULO,30,17.5
2007,11,19,0,NULO,29,18
2007,11,20,0,NULO,31,18
2007,11,21,0,NULO,32.5,19
2007,11,22,0,NULO,26.5,15
2007,11,23,0,NULO,22,13
2007,11,24,0,NULO,27,13
2007,11,25,1,NULO,19.5,14
2007,11,26,0,NULO,20.5,14.5
2007,11,27,0,NULO,28.5,16
2007,11,28,8,NULO,23.5,16.5
2007,11,29,1,NULO,23.5,16.5
2007,11,30,0,NULO,28,17
2007,12,1,0,NULO,30.5,17
2007,12,2,0,NULO,32,19
2007,12,3,0,NULO,23,14.5
2007,12,4,0,NULO,26.5,11.5
2007,12,5,0,NULO,29.5,12
2007,12,6,0,NULO,30.5,13.5
2007,12,7,0,NULO,28,17.5
2007,12,8,0,NULO,31,19.5
2007,12,9,0,NULO,31,19.5
2007,12,10,0,NULO,32,21
2007,12,11,0,NULO,31,19
2007,12,12,0,NULO,31,20
2007,12,13,5,NULO,24.5,21
2007,12,14,0,NULO,27,17.5
2007,12,15,0,NULO,30,15
2007,12,16,0,NULO,20,12
2007,12,17,0,NULO,20,12
2007,12,18,0,NULO,28,13.5
2007,12,19,0,NULO,29,16
2007,12,20,0,NULO,29.5,17
2007,12,21,0,NULO,31,16
2007,12,22,0,NULO,30.5,15.5
2007,12,23,0,NULO,21,14.5
2007,12,24,0,NULO,24,11.5
2007,12,25,0,NULO,26.5,11
2007,12,26,0,NULO,28,11.5
2007,12,27,0,NULO,28.5,15.5
2007,12,28,0,NULO,26,14.5
2007,12,29,0,NULO,25.5,10
2007,12,30,0,NULO,26,12.5
2007,12,31,0,NULO,30,14.5
2008,1,1,0,NULO,23,13
2008,1,2,0,NULO,23,9.5
2008,1,3,0,NULO,17,9.5
2008,1,4,0,NULO,27,9.5
2008,1,5,0,NULO,28,10
2008,1,6,0,NULO,29,10
2008,1,7,0,NULO,30,10.5
2008,1,8,0,NULO,31,13
2008,1,9,0,NULO,28,17
2008,1,10,0,NULO,31,16.5
2008,1,11,0,NULO,27.5,14
2008,1,12,0,NULO,28,14.5
2008,1,13,0,NULO,23,14
2008,1,14,0,NULO,20,14
2008,1,15,0,NULO,25.5,14.5
2008,1,16,0,NULO,22,15
2008,1,17,0,NULO,25.5,15
2008,1,18,3.5,NULO,18.5,14
2008,1,19,0,NULO,18,11
2008,1,20,0,NULO,16,8
2008,1,21,0,NULO,27.5,9.5
2008,1,22,0,NULO,29,11.5
2008,1,23,0,NULO,30,13
2008,1,24,3.5,NULO,21.5,17
2008,1,25,0,NULO,20,14.5
2008,1,26,0,NULO,20,14
2008,1,27,0,NULO,20.5,14.5
2008,1,28,0,NULO,30,14.5
2008,1,29,0,NULO,27,16
2008,1,30,0,NULO,32,11.5
2008,1,31,0,NULO,32,8
2008,2,1,0,NULO,24.5,8
2008,2,2,0,NULO,24.5,8.5
2008,2,3,0,NULO,32.5,13
2008,2,4,0,NULO,32,16.5
2008,2,5,0,NULO,36,18.5
2008,2,6,0,NULO,25,14.5
2008,2,7,0,NULO,29,10.5
2008,2,8,0,NULO,30,10
2008,2,9,0,NULO,30,14
2008,2,10,8,NULO,29,15
2008,2,11,0,NULO,29,18
2008,2,12,0,NULO,33.5,17
2008,2,13,0,NULO,24.5,16
2008,2,14,0,NULO,29,12
2008,2,15,0,NULO,33,12
2008,2,16,0,NULO,33,15.5
2008,2,17,8,NULO,27,18.5
2008,2,18,4.5,NULO,27,18.5
2008,2,19,0,NULO,21,18
2008,2,20,0,NULO,31,18.5
2008,2,21,0,NULO,33,19
2008,2,22,0,NULO,32,17
2008,2,23,0,NULO,31,17
2008,2,24,0,NULO,33,18.5
2008,2,25,0,NULO,29,14
2008,2,26,0,NULO,24.5,13
2008,2,27,0,NULO,24.5,13
2008,2,28,0,NULO,25.5,9
2008,2,29,0,NULO,29.5,11
2008,3,1,0,NULO,30,17
2008,3,2,0,NULO,30.5,17.5
2008,3,3,0,NULO,38,18
2008,3,4,0,NULO,24,14
2008,3,5,0,NULO,31,10.5
2008,3,6,0,NULO,37.5,12.5
2008,3,7,0,NULO,23,14.5
2008,3,8,0,NULO,25,13
2008,3,9,0,NULO,29,14
2008,3,10,4,NULO,32,16
2008,3,11,0,NULO,24.5,17
2008,3,12,0,NULO,26.5,18
2008,3,13,0,NULO,34,18
2008,3,14,0,NULO,38,19
2008,3,15,0,NULO,40,18
2008,3,16,0,NULO,35,18
2008,3,17,0,NULO,35,21
2008,3,18,0,NULO,35.5,19
2008,3,19,0,NULO,28,14.5
2008,3,20,0,NULO,28,11
2008,3,21,0,NULO,30.5,10.5
2008,3,22,0,NULO,31,14
2008,3,23,18.5,NULO,27.5,16
2008,3,24,18,NULO,19,16.5
2008,3,25,0,NULO,29,15
2008,3,26,0,NULO,30.5,16
2008,3,27,0,NULO,31.5,17
2008,3,28,0,NULO,32.5,18
2008,3,29,0,NULO,30.5,20
2008,3,30,0,NULO,30.5,20
2008,3,31,0,NULO,34.5,21.5
2008,4,1,0,NULO,31,22
2008,4,2,0,NULO,33,22.5
2008,4,3,0,NULO,34,19.5
2008,4,4,0,NULO,34.5,19
2008,4,5,0,NULO,30.5,22
2008,4,6,0,NULO,35,20.5
2008,4,7,0,NULO,36.5,21.5
2008,4,8,0,NULO,37,22
2008,4,9,0,NULO,40.5,22
2008,4,10,0,NULO,36,22
2008,4,11,0,NULO,32.5,23
2008,4,12,0,NULO,25.5,19.5
2008,4,13,0,NULO,30,16
2008,4,14,0,NULO,31.5,13
2008,4,15,0,NULO,32,14
2008,4,16,0,NULO,32.5,15.5
2008,4,17,0,NULO,31.5,19
2008,4,18,0,NULO,33,17
2008,4,19,0,NULO,34.5,17.5
2008,4,20,0,NULO,35,20.5
2008,4,21,0,NULO,35,22
2008,4,22,0,NULO,34.5,23.5
2008,4,23,0,NULO,33.5,23
2008,4,24,0,NULO,34.5,24
2008,4,25,3,NULO,32,24
2008,4,26,2,NULO,32,22.5
2008,4,27,6,NULO,24.5,18.5
2008,4,28,1,NULO,23.5,17.5
2008,4,29,0,NULO,30.5,16
2008,4,30,0,NULO,34,17
2008,5,1,0,NULO,41,17
2008,5,2,0,NULO,41,21.5
2008,5,3,0,NULO,35,24
2008,5,4,0,NULO,36,24
2008,5,5,0,NULO,35,21
2008,5,6,0,NULO,37,21
2008,5,7,0,NULO,39.5,20.5
2008,5,8,0,NULO,36,20.5
2008,5,9,0,NULO,32.5,23.5
2008,5,10,0,NULO,39,24
2008,5,11,0,NULO,36.5,23.5
2008,5,12,0,NULO,37.5,24.5
2008,5,13,0,NULO,39,23.5
2008,5,14,0,NULO,44,24.5
2008,5,15,1.5,NULO,41,24
2008,5,16,0,NULO,34,23
2008,5,17,0,NULO,27.5,23.5
2008,5,18,0,NULO,31,22
2008,5,19,0,NULO,36,20.5
2008,5,20,0,NULO,36,22
2008,5,21,0,NULO,40,23
2008,5,22,0,NULO,44,22.5
2008,5,23,0,NULO,45,22
2008,5,24,0,NULO,38,23
2008,5,25,0,NULO,38,23.5
2008,5,26,0,NULO,39.5,24.5
2008,5,27,0,NULO,39.5,23.5
2008,5,28,2,NULO,36,23
2008,5,29,0,NULO,34.5,21
2008,5,30,0,NULO,38,21
2008,5,31,0,NULO,38,22
2008,6,1,5.5,NULO,30,21
2008,6,2,0,NULO,33,21.5
2008,6,3,173,NULO,29.5,22
2008,6,4,116,NULO,26.5,22
2008,6,5,76,NULO,27.5,22.5
2008,6,6,12.5,NULO,30,22.5
2008,6,7,10,NULO,27,24
2008,6,8,1.5,NULO,29.5,24
2008,6,9,80,NULO,31,24
2008,6,10,1.5,NULO,31,22
2008,6,11,28.5,NULO,30,22
2008,6,12,0,NULO,32,21.5
2008,6,13,0,NULO,33.5,21.5
2008,6,14,0,NULO,34,22.5
2008,6,15,0,NULO,35.5,22.5
2008,6,16,0,NULO,34,22
2008,6,17,0,NULO,33.5,22
2008,6,18,0,NULO,34.5,23.5
2008,6,19,14,NULO,35,22.5
2008,6,20,1.5,NULO,32,22
2008,6,21,0,NULO,34,21
2008,6,22,0,NULO,39,22.5
2008,6,23,0,NULO,36,23.5
2008,6,24,0,NULO,36,24
2008,6,25,0,NULO,35,24
2008,6,26,0,NULO,34,23
2008,6,27,0,NULO,36,21
2008,6,28,0,NULO,36,23.5
2008,6,29,0,NULO,36,24
2008,6,30,0,NULO,36.5,24.5
2008,7,1,0,NULO,37,22
2008,7,2,0,NULO,37,23
2008,7,3,0,NULO,35,21.5
2008,7,4,3,NULO,37,22.5
2008,7,5,92.5,NULO,38.5,23
2008,7,6,11,NULO,25,23
2008,7,7,15,NULO,32,24
2008,7,8,2.5,NULO,29.5,24
2008,7,9,7.5,NULO,33.5,23
2008,7,10,3,NULO,31,24
2008,7,11,9,NULO,31.5,22.5
2008,7,12,0,NULO,35,22
2008,7,13,5.5,NULO,35,20.5
2008,7,14,0,NULO,34,21.5
2008,7,15,0,NULO,33.5,21
2008,7,16,5,NULO,33,22
2008,7,17,0,NULO,36,23.5
2008,7,18,0,NULO,36,21.5
2008,7,19,0,NULO,37,23
2008,7,20,0,NULO,36.5,21
2008,7,21,0,NULO,35,23
2008,7,22,6,NULO,33,22.5
2008,7,23,0,NULO,34,20
2008,7,24,0,NULO,35,20
2008,7,25,7.5,NULO,33,21
2008,7,26,0,NULO,35,20.5
2008,7,27,0,NULO,36.5,22
2008,7,28,6.5,NULO,33,21.5
2008,7,29,0,NULO,34.5,22
2008,7,30,0,NULO,34.5,22
2008,7,31,30,NULO,28,21
2008,8,1,12.5,NULO,36,22
2008,8,2,0,NULO,35.5,24
2008,8,3,0,NULO,34,22
2008,8,4,0,NULO,36,21.5
2008,8,5,11,NULO,34.5,22
2008,8,6,0,NULO,34,22
2008,8,7,0,NULO,33,24
2008,8,8,0,NULO,37,23
2008,8,9,0,NULO,31.5,22
2008,8,10,0,NULO,37.5,22
2008,8,11,0,NULO,37,23
2008,8,12,0,NULO,37,24
2008,8,13,0,NULO,37,24
2008,8,14,0,NULO,39,23
2008,8,15,0,NULO,34,23
2008,8,16,0,NULO,35.5,24
2008,8,17,0,NULO,37,24
2008,8,18,0,NULO,37,24.5
2008,8,19,47,NULO,34,24
2008,8,20,0,NULO,31,22.5
2008,8,21,0,NULO,36,22
2008,8,22,0,NULO,36,24.5
2008,8,23,0,NULO,35,23
2008,8,24,0,NULO,35,22.5
2008,8,25,5,NULO,38,24
2008,8,26,28.5,NULO,29,23
2008,8,27,0,NULO,35,23
2008,8,28,0,NULO,33.5,24
2008,8,29,7,NULO,30,22.5
2008,8,30,18.5,NULO,31,23.5
2008,8,31,1,NULO,31,23
2008,9,1,1,NULO,35,22.5
2008,9,2,0,NULO,37,22
2008,9,3,0,NULO,36,22.5
2008,9,4,0,NULO,35,22.5
2008,9,5,7.5,NULO,28.5,22.5
2008,9,6,7,NULO,33,24.5
2008,9,7,117.5,NULO,28,22.5
2008,9,8,120,NULO,28,23
2008,9,9,1,NULO,30.5,23
2008,9,10,0,NULO,32,24
2008,9,11,0,NULO,34.5,24
2008,9,12,13.5,NULO,36,23.5
2008,9,13,1.5,NULO,35,22.5
2008,9,14,28.5,NULO,28,22.5
2008,9,15,85.5,NULO,29,20
2008,9,16,2,NULO,24.5,20
2008,9,17,0,NULO,28,19.5
2008,9,18,0,NULO,31,19.5
2008,9,19,12,NULO,26,20.5
2008,9,20,20,NULO,31,22
2008,9,21,22,NULO,28,22
2008,9,22,41,NULO,29,22.5
2008,9,23,45,NULO,26,22.5
2008,9,24,64,NULO,28.5,22
2008,9,25,40,NULO,25,22
2008,9,26,0,NULO,30,20
2008,9,27,0,NULO,30.5,17
2008,9,28,0,NULO,31,18
2008,9,29,0,NULO,31,19
2008,9,30,0,NULO,32,18
2008,10,1,0,NULO,32.5,17
2008,10,2,0,NULO,33,17
2008,10,3,0,NULO,33,17.5
2008,10,4,0,NULO,31.5,19
2008,10,5,0,NULO,31.5,19.5
2008,10,6,1.5,NULO,35,20
2008,10,7,56.5,NULO,30.5,20.5
2008,10,8,8.5,NULO,27,21.5
2008,10,9,0,NULO,30.5,21
2008,10,10,0,NULO,32.5,19.5
2008,10,11,0,NULO,32,20
2008,10,12,0,NULO,33,22
2008,10,13,0,NULO,34.5,23
2008,10,14,14.5,NULO,30,21
2008,10,15,67.5,NULO,32,20.5
2008,10,16,20,NULO,27,21
2008,10,17,7.5,NULO,24,20
2008,10,18,0,NULO,30,19
2008,10,19,0,NULO,29,19
2008,10,20,0,NULO,29,18
2008,10,21,0,NULO,31,18
2008,10,22,0,NULO,31.5,17
2008,10,23,0,NULO,29,17.5
2008,10,24,0,NULO,29,17
2008,10,25,0,NULO,32,17.5
2008,10,26,0,NULO,32,19
2008,10,27,23.5,NULO,25.5,19
2008,10,28,0,NULO,23,15
2008,10,29,0,NULO,28,13.5
2008,10,30,0,NULO,27,15.5
2008,10,31,11,NULO,29,17
2008,11,1,0,NULO,25.5,18
2008,11,2,0,NULO,29,17
2008,11,3,0,NULO,30.5,17
2008,11,4,0,NULO,31.5,15.5
2008,11,5,0,NULO,32,17.5
2008,11,6,0,NULO,32,18
2008,11,7,0,NULO,31.5,19
2008,11,8,0,NULO,29,19.5
2008,11,9,0,NULO,31,18
2008,11,10,0,NULO,31.5,19.5
2008,11,11,0,NULO,32.5,19
2008,11,12,0,NULO,33,20
2008,11,13,0,NULO,31.5,21
2008,11,14,0,NULO,33,20
2008,11,15,0,NULO,22.5,15.5
2008,11,16,0,NULO,25,11
2008,11,17,0,NULO,25.5,9.5
2008,11,18,0,NULO,25.5,11.5
2008,11,19,0,NULO,25,12.5
2008,11,20,9.5,NULO,29,13
2008,11,21,7,NULO,21.5,15
2008,11,22,0,NULO,20.5,13
2008,11,23,0,NULO,27.5,13
2008,11,24,20,NULO,28,16
2008,11,25,2,NULO,22.5,17
2008,11,26,0,NULO,29.5,15.5
2008,11,27,0,NULO,30,16
2008,11,28,0,NULO,30.5,17
2008,11,29,0,NULO,29.5,17.5
2008,11,30,0,NULO,26,17.5
2008,12,1,0,NULO,25,15
2008,12,2,0,NULO,27,15.5
2008,12,3,0,NULO,29,14
2008,12,4,0,NULO,21,14.5
2008,12,5,0,NULO,23,13.5
2008,12,6,0,NULO,26,14
2008,12,7,0,NULO,26,15
2008,12,8,0,NULO,29.5,15
2008,12,9,0,NULO,33,14
2008,12,10,0,NULO,19,9.5
2008,12,11,0,NULO,23,6.5
2008,12,12,0,NULO,25,6.5
2008,12,13,0,NULO,27,7
2008,12,14,0,NULO,30,9
2008,12,15,0,NULO,30,12.5
2008,12,16,0,NULO,27,14.5
2008,12,17,0,NULO,26.5,17.5
2008,12,18,0,NULO,29,18
2008,12,19,0,NULO,30,19
2008,12,20,0,NULO,36,19
2008,12,21,0,NULO,27.5,14.5
2008,12,22,0,NULO,19,11
2008,12,23,0,NULO,27,10.5
2008,12,24,0,NULO,30.5,12.5
2008,12,25,0,NULO,30,15.5
2008,12,26,0,NULO,30,19
2008,12,27,0,NULO,32,20
2008,12,28,0,NULO,24.5,18
2008,12,29,6,NULO,22,16
2008,12,30,0,NULO,20,13
2008,12,31,0,NULO,28,13
2009,1,1,0,NULO,30,14.5
2009,1,2,0,NULO,28.5,15
2009,1,3,0,NULO,30,15.5
2009,1,4,0,NULO,31.5,15.5
2009,1,5,0,NULO,26,16.5
2009,1,6,0,NULO,32,19
2009,1,7,0,NULO,27.5,16
2009,1,8,0,NULO,30,15
2009,1,9,0,NULO,30.5,16
2009,1,10,0,NULO,30,17
2009,1,11,0,NULO,17,15
2009,1,12,0,NULO,23,13
2009,1,13,0,NULO,25,11
2009,1,14,7,NULO,20,11.5
2009,1,15,12.5,NULO,20,10
2009,1,16,2,NULO,20.5,15.5
2009,1,17,0,NULO,23,16
2009,1,18,0,NULO,27,12
2009,1,19,0,NULO,29,12
2009,1,20,0,NULO,29.5,12.5
2009,1,21,0,NULO,27,10.5
2009,1,22,0,NULO,28,10
2009,1,23,0,NULO,29,11
2009,1,24,0,NULO,29,11.5
2009,1,25,0,NULO,28.5,13.5
2009,1,26,0,NULO,29.5,15.5
2009,1,27,0,NULO,30,16
2009,1,28,0,NULO,20.5,16.5
2009,1,29,0,NULO,25,14.5
2009,1,30,0,NULO,19,15
2009,1,31,0,NULO,19,14
2009,2,1,0,NULO,29.5,14
2009,2,2,0,NULO,25,14
2009,2,3,0,NULO,25.5,12.5
2009,2,4,0,NULO,25,11
2009,2,5,0,NULO,26.5,11
2009,2,6,0,NULO,28.5,10
2009,2,7,0,NULO,28,10.5
2009,2,8,0,NULO,29.5,13
2009,2,9,0,NULO,31,14
2009,2,10,0,NULO,32,17
2009,2,11,0,NULO,24,17
2009,2,12,0,NULO,31,16
2009,2,13,0,NULO,32,16
2009,2,14,0,NULO,33,18.5
2009,2,15,0,NULO,30.5,20
2009,2,16,0,NULO,26.5,20
2009,2,17,0,NULO,31.5,19.5
2009,2,18,0,NULO,34,19
2009,2,19,1.5,NULO,28,19.5
2009,2,20,7,NULO,19,16
2009,2,21,0,NULO,29,16
2009,2,22,0,NULO,25,14
2009,2,23,0,NULO,27,8
2009,2,24,0,NULO,30.5,9.5
2009,2,25,0,NULO,31.5,12.5
2009,2,26,0,NULO,32.5,14
2009,2,27,0,NULO,34,16
2009,2,28,0,NULO,31,17
2009,3,1,0,NULO,23,16.5
2009,3,2,0,NULO,26.5,5.5
2009,3,3,0,NULO,29,8
2009,3,4,0,NULO,30.5,10.5
2009,3,5,0,NULO,31.5,13
2009,3,6,0,NULO,31.5,15.5
2009,3,7,0,NULO,31.5,16.5
2009,3,8,0,NULO,31,17.5
2009,3,9,0,NULO,32.5,20
2009,3,10,0,NULO,32,16
2009,3,11,0,NULO,31,19
2009,3,12,0,NULO,31,14
2009,3,13,0,NULO,23,14
2009,3,14,0,NULO,28,14
2009,3,15,0,NULO,28.5,13
2009,3,16,2,NULO,25,12.5
2009,3,17,0,NULO,28,18
2009,3,18,0,NULO,31,17
2009,3,19,0,NULO,30,16
2009,3,20,0,NULO,29.5,18
2009,3,21,0,NULO,30.5,14.5
2009,3,22,0,NULO,32,15.5
2009,3,23,0,NULO,33,15.5
2009,3,24,0,NULO,34,18
2009,3,25,0,NULO,35,19.5
2009,3,26,0,NULO,38,20
2009,3,27,0,NULO,41.5,21
2009,3,28,0,NULO,27,18.5
2009,3,29,0,NULO,31,12
2009,3,30,0,NULO,35,15.5
2009,3,31,0,NULO,37.5,20
2009,4,1,NULO,NULO,33.5,17
2009,4,2,NULO,NULO,37.5,18
2009,4,3,NULO,NULO,34,14.5
2009,4,4,NULO,NULO,39.5,16.5
2009,4,5,NULO,NULO,34,21.5
2009,4,6,NULO,NULO,27,21
2009,4,7,NULO,NULO,28,13
2009,4,8,NULO,NULO,31.5,12.5
2009,4,9,NULO,NULO,36,14
2009,4,10,NULO,NULO,36,16.5
2009,4,11,NULO,NULO,34.5,22.5
2009,4,12,NULO,NULO,39,20
2009,4,13,NULO,NULO,34.5,22
2009,4,14,NULO,NULO,33.5,19
2009,4,15,NULO,NULO,32,19
2009,4,16,NULO,NULO,35.5,20.5
2009,4,17,NULO,NULO,35,22.5
2009,4,18,NULO,NULO,35,22
2009,4,19,NULO,NULO,33,23
2009,4,20,NULO,NULO,32,19
2009,4,21,NULO,NULO,35.5,16
2009,4,22,NULO,NULO,35,15.5
2009,4,23,NULO,NULO,35,16
2009,4,24,NULO,NULO,33.5,18.5
2009,4,25,NULO,NULO,35.5,22
2009,4,26,NULO,NULO,35,22
2009,4,27,NULO,NULO,35,21.5
2009,4,28,NULO,NULO,36,23
2009,4,29,NULO,NULO,36,23
2009,4,30,NULO,NULO,38,21.5
2009,5,1,0,NULO,37,21
2009,5,2,0,NULO,38,22
2009,5,3,0,NULO,37.5,22.5
2009,5,4,0,NULO,37,23.5
2009,5,5,0,NULO,40.5,22
2009,5,6,0,NULO,39,22
2009,5,7,0,NULO,37.5,23
2009,5,8,0,NULO,38.5,23
2009,5,9,0,NULO,37.5,23
2009,5,10,0,NULO,37,25
2009,5,11,0,NULO,38,24
2009,5,12,0,NULO,38,23
2009,5,13,0,NULO,38,21.5
2009,5,14,0,NULO,36.5,23
2009,5,15,0,NULO,35.5,15
2009,5,16,3,NULO,36,22
2009,5,17,0,NULO,31.5,21
2009,5,18,0,NULO,32,19.5
2009,5,19,0,NULO,32,18.5
2009,5,20,0,NULO,33,17
2009,5,21,0,NULO,35,18.5
2009,5,22,0,NULO,34,20
2009,5,23,0,NULO,36.5,19.5
2009,5,24,0,NULO,39,21
2009,5,25,0,NULO,38,22
2009,5,26,0,NULO,38,24.5
2009,5,27,0,NULO,38,25
2009,5,28,0,NULO,34,26
2009,5,29,0,NULO,32.5,24
2009,5,30,0,NULO,36,24.5
2009,5,31,0,NULO,38,24
2009,6,1,0,NULO,39.5,23
2009,6,2,0,NULO,37.5,22.5
2009,6,3,0,NULO,37,22
2009,6,4,0,NULO,38.5,22.5
2009,6,5,0,NULO,38.5,21
2009,6,6,0,NULO,39,23
2009,6,7,0,NULO,39,22
2009,6,8,0,NULO,39,23
2009,6,9,0,NULO,38.5,24
2009,6,10,0,NULO,39.5,25
2009,6,11,0,NULO,38.5,25
2009,6,12,0,NULO,38.5,25
2009,6,13,0,NULO,39,25
2009,6,14,0,NULO,38.5,23
2009,6,15,0,NULO,38.5,23
2009,6,16,0,NULO,38,23
2009,6,17,5.5,NULO,37,24
2009,6,18,4.5,NULO,36.5,24.5
2009,6,19,0,NULO,37,23.5
2009,6,20,0,NULO,38,24
2009,6,21,0,NULO,36.5,23.5
2009,6,22,19,NULO,33,23
2009,6,23,11.5,NULO,35,23
2009,6,24,0,NULO,36,23
2009,6,25,13.5,NULO,34,23
2009,6,26,0,NULO,36,23
2009,6,27,0,NULO,37.5,23.5
2009,6,28,0,NULO,35.5,24.5
2009,6,29,0,NULO,38.5,24
2009,6,30,0,NULO,38,23.5
2009,7,1,0,NULO,37,23
2009,7,2,0,NULO,36.5,23.5
2009,7,3,7,NULO,37.5,24
2009,7,4,0,NULO,35,22
2009,7,5,0,NULO,33.5,22.5
2009,7,6,0,NULO,39.5,24
2009,7,7,0,NULO,39.5,23.5
2009,7,8,0,NULO,40,24
2009,7,9,0,NULO,40,24.5
2009,7,10,6.5,NULO,36,24
2009,7,11,0,NULO,37,23
2009,7,12,6.5,NULO,30,21.5
2009,7,13,0,NULO,36.5,20
2009,7,14,0,NULO,38.5,21
2009,7,15,0,NULO,38,23
2009,7,16,0,NULO,38,23.5
2009,7,17,0,NULO,37,23
2009,7,18,0,NULO,38,24
2009,7,19,0,NULO,39.5,24.5
2009,7,20,0,NULO,39,24.5
2009,7,21,0,NULO,39.5,24
2009,7,22,0,NULO,38.5,24
2009,7,23,0,NULO,39,24.5
2009,7,24,0,NULO,38,23
2009,7,25,0,NULO,38.5,22.5
2009,7,26,0,NULO,38.5,22
2009,7,27,0,NULO,39,22
2009,7,28,0,NULO,40,22
2009,7,29,0,NULO,40.5,23
2009,7,30,0,NULO,40.5,23
2009,7,31,0,NULO,40,24
2009,8,1,0,NULO,39,22.5
2009,8,2,0,NULO,39,22
2009,8,3,0,NULO,38.5,23
2009,8,4,0,NULO,38,22.5
2009,8,5,0,NULO,38.5,23
2009,8,6,0,NULO,39,22
2009,8,7,0,NULO,38.5,22.5
2009,8,8,5.5,NULO,39,23
2009,8,9,5,NULO,34.5,23.5
2009,8,10,0,NULO,37,23
2009,8,11,0,NULO,38,22
2009,8,12,0,NULO,38.5,22
2009,8,13,0,NULO,39.5,21.5
2009,8,14,0,NULO,39,21
2009,8,15,0,NULO,40,20
2009,8,16,0,NULO,38.5,23
2009,8,17,16.5,NULO,36,22
2009,8,18,0,NULO,35,23
2009,8,19,0,NULO,37.5,21
2009,8,20,0,NULO,40,22
2009,8,21,0,NULO,38.5,23.5
2009,8,22,0,NULO,37.5,23.5
2009,8,23,0,NULO,37,23
2009,8,24,0,NULO,38.5,21.5
2009,8,25,0,NULO,38.5,22
2009,8,26,0,NULO,37.5,22.5
2009,8,27,9.5,NULO,36.5,23
2009,8,28,0,NULO,37.5,21.5
2009,8,29,0,NULO,34,22.5
2009,8,30,12,NULO,30.5,23.5
2009,8,31,0,NULO,29.5,22
2009,9,1,32,NULO,34.5,22.5
2009,9,2,12.5,NULO,32.5,22.5
2009,9,3,2.5,NULO,34.5,22.5
2009,9,4,27.5,NULO,34,23
2009,9,5,12,NULO,31.5,23
2009,9,6,34,NULO,29,22
2009,9,7,38,NULO,32,22
2009,9,8,1.5,NULO,33,22.5
2009,9,9,0,NULO,34,23
2009,9,10,1.5,NULO,33.5,24.5
2009,9,11,1.5,NULO,34,24
2009,9,12,0,NULO,34.5,22.5
2009,9,13,0,NULO,36.5,23.5
2009,9,14,0,NULO,36.5,24
2009,9,15,0,NULO,38,23.5
2009,9,16,0,NULO,38,24
2009,9,17,0,NULO,36.5,23
2009,9,18,22,NULO,30,23.5
2009,9,19,0,NULO,32,23
2009,9,20,0,NULO,33.5,23
2009,9,21,0,NULO,35.5,22.5
2009,9,22,0,NULO,35.5,23
2009,9,23,4.5,NULO,27,22.5
2009,9,24,1,NULO,27,20.5
2009,9,25,31.5,NULO,25.5,20.5
2009,9,26,71.5,NULO,27,22
2009,9,27,30.5,NULO,30,22.5
2009,9,28,0,NULO,33,23.5
2009,9,29,0,NULO,33,24
2009,9,30,22.5,NULO,32.5,22
2009,10,1,0,NULO,35.5,22
2009,10,2,0,NULO,35,23.5
2009,10,3,0,NULO,35,24
2009,10,4,0,NULO,36,24.5
2009,10,5,0,NULO,36,24.5
2009,10,6,0,NULO,36,25
2009,10,7,4.5,NULO,35,24
2009,10,8,0,NULO,35.5,24
2009,10,9,11,NULO,35.5,25
2009,10,10,0,NULO,27,18.5
2009,10,11,0,NULO,32,19
2009,10,12,0,NULO,32.5,22
2009,10,13,0,NULO,35,23
2009,10,14,0,NULO,35,23
2009,10,15,0,NULO,36,22
2009,10,16,11,NULO,34,22
2009,10,17,60,NULO,24.5,22.5
2009,10,18,2,NULO,26,19.5
2009,10,19,0,NULO,30.5,17
2009,10,20,0,NULO,31,17.5
2009,10,21,0,NULO,31,18
2009,10,22,0,NULO,33,19.5
2009,10,23,0,NULO,31,21
2009,10,24,15.5,NULO,24,21
2009,10,25,0,NULO,31.5,20
2009,10,26,11.5,NULO,31.5,21
2009,10,27,0,NULO,23,16.5
2009,10,28,0,NULO,31,17
2009,10,29,0,NULO,34.5,19.5
2009,10,30,0,NULO,24,22
2009,10,31,0,NULO,25,18
2009,11,1,0,NULO,28,12
2009,11,2,0,NULO,28,13
2009,11,3,0,NULO,28,15
2009,11,4,2.5,NULO,27,16
2009,11,5,0,NULO,28.5,18
2009,11,6,0,NULO,23.5,17.5
2009,11,7,0,NULO,28,18
2009,11,8,0,NULO,30,17
2009,11,9,0,NULO,32,19
2009,11,10,0,NULO,30,17.5
2009,11,11,0,NULO,29,16
2009,11,12,0,NULO,28.5,15
2009,11,13,0,NULO,30.5,14
2009,11,14,0,NULO,31.5,16
2009,11,15,0,NULO,32,18
2009,11,16,0,NULO,31.5,20.5
2009,11,17,0,NULO,21,16
2009,11,18,0,NULO,24,16
2009,11,19,0,NULO,27,16
2009,11,20,0,NULO,30,17.5
2009,11,21,0,NULO,26,19
2009,11,22,0,NULO,27,14.5
2009,11,23,0,NULO,28,18
2009,11,24,0,NULO,30,19
2009,11,25,0,NULO,23,16.5
2009,11,26,0,NULO,16.5,15
2009,11,27,0,NULO,21.5,14
2009,11,28,0,NULO,30,14.5
2009,11,29,0,NULO,28.5,15.5
2009,11,30,0,NULO,25,17.5
2009,12,1,0,NULO,20.5,11
2009,12,2,4.5,NULO,24,12
2009,12,3,18.5,NULO,19,14.5
2009,12,4,0,NULO,14,8.5
2009,12,5,0,NULO,20.5,9.5
2009,12,6,0,NULO,28,12
2009,12,7,70,NULO,20,15
2009,12,8,6.5,NULO,15,14
2009,12,9,1,NULO,17.5,10
2009,12,10,0,NULO,23.5,11
2009,12,11,0,NULO,27.5,14
2009,12,12,0,NULO,26,15
2009,12,13,2,NULO,24,17
2009,12,14,0,NULO,26,18.5
2009,12,15,0,NULO,29.5,19
2009,12,16,0,NULO,28.5,18
2009,12,17,0,NULO,29,18.5
2009,12,18,0,NULO,29,19.5
2009,12,19,0,NULO,27.5,18.5
2009,12,20,0,NULO,31,19
2009,12,21,0,NULO,29,20
2009,12,22,0,NULO,24.5,19
2009,12,23,2,NULO,24.5,17
2009,12,24,0,NULO,20.5,11.5
2009,12,25,0,NULO,23,9.5
2009,12,26,0,NULO,24,7
2009,12,27,0,NULO,26.5,7
2009,12,28,0,NULO,28,8.5
2009,12,29,0,NULO,30.5,13.5
2009,12,30,0,NULO,25.5,14
2009,12,31,0,NULO,23.5,15
2010,1,1,0,NULO,19.5,15.5
2010,1,2,0,NULO,20,10
2010,1,3,0,NULO,20,11.5
2010,1,4,0,NULO,21,13.5
2010,1,5,0,NULO,17,12
2010,1,6,0,NULO,23,12.5
2010,1,7,0,NULO,25.5,13.5
2010,1,8,5,NULO,8.5,7.5
2010,1,9,0,NULO,11.5,4
2010,1,10,0,NULO,13.5,5
2010,1,11,0,NULO,17,7.5
2010,1,12,12,NULO,19,10
2010,1,13,1,NULO,20.5,13
2010,1,14,2,NULO,25.5,12.5
2010,1,15,5,NULO,23,13
2010,1,16,0,NULO,23,12
2010,1,17,0,NULO,21.5,10
2010,1,18,0,NULO,27.5,11.5
2010,1,19,0,NULO,28.5,13
2010,1,20,0,NULO,31,13.5
2010,1,21,0,NULO,30,13.5
2010,1,22,0,NULO,29,13.5
2010,1,23,0,NULO,35.5,13
2010,1,24,0,NULO,23.5,14.5
2010,1,25,0,NULO,25,11
2010,1,26,0,NULO,24,11.5
2010,1,27,0,NULO,27,15.5
2010,1,28,0,NULO,28.5,16.5
2010,1,29,0,NULO,25,15
2010,1,30,0,NULO,16,14
2010,1,31,0,NULO,19.5,12.5
2010,2,1,10,NULO,23.5,12.5
2010,2,2,30,NULO,19,12.5
2010,2,3,23,NULO,18,13
2010,2,4,18.5,NULO,19,15.5
2010,2,5,0,NULO,24,14
2010,2,6,0,NULO,26,11.5
2010,2,7,0,NULO,27,14
2010,2,8,0,NULO,29.5,15
2010,2,9,0,NULO,18,16
2010,2,10,0,NULO,18,11.5
2010,2,11,0,NULO,23.5,12
2010,2,12,0,NULO,23,12.5
2010,2,13,0,NULO,22,11
2010,2,14,8,NULO,24.5,12.5
2010,2,15,2.5,NULO,18.5,16
2010,2,16,3,NULO,16,9
2010,2,17,1,NULO,13.5,10
2010,2,18,3,NULO,15,11
2010,2,19,0,NULO,24,11.5
2010,2,20,0,NULO,27.5,13
2010,2,21,0,NULO,31.5,14
2010,2,22,0,NULO,27,13
2010,2,23,0,NULO,26.5,16
2010,2,24,0,NULO,18,8
2010,2,25,0,NULO,23.5,5.5
2010,2,26,0,NULO,25.5,6
2010,2,27,0,NULO,27.5,9.5
2010,2,28,0,NULO,25,12
2010,3,1,0,NULO,29,8.5
2010,3,2,0,NULO,20.5,13
2010,3,3,0,NULO,25,7
2010,3,4,1,NULO,22,9
2010,3,5,0,NULO,26,15
2010,3,6,0,NULO,23.5,16.5
2010,3,7,0,NULO,28,15.5
2010,3,8,0,NULO,26,15.5
2010,3,9,0,NULO,30.5,16
2010,3,10,0,NULO,33.5,18
2010,3,11,0,NULO,34,16
2010,3,12,0,NULO,28,17
2010,3,13,0,NULO,29.5,9
2010,3,14,0,NULO,30,11.5
2010,3,15,0,NULO,29,14.5
2010,3,16,0,NULO,25,18
2010,3,17,0,NULO,25.5,14.5
2010,3,18,0,NULO,28.5,10
2010,3,19,0,NULO,28,12
2010,3,20,0,NULO,33.5,16
2010,3,21,0,NULO,22.5,13
2010,3,22,0,NULO,28.5,7
2010,3,23,0,NULO,28,11
2010,3,24,0,NULO,27,14
2010,3,25,0,NULO,28,17.5
2010,3,26,0,NULO,29,13
2010,3,27,0,NULO,31,13
2010,3,28,0,NULO,27.5,17
2010,3,29,0,NULO,29,16.5
2010,3,30,0,NULO,30,13
2010,3,31,0,NULO,28.5,14.5
2010,4,1,0,NULO,32,17.5
2010,4,2,0,NULO,34,20.5
2010,4,3,0,NULO,32,19.5
2010,4,4,0,NULO,34,19.5
2010,4,5,0,NULO,32,21
2010,4,6,0,NULO,31.5,21
2010,4,7,0,NULO,30,20
2010,4,8,0,NULO,26.5,21
2010,4,9,0,NULO,29,18
2010,4,10,0,NULO,30,17
2010,4,11,0,NULO,31.5,17.5
2010,4,12,16.5,NULO,24.5,20.5
2010,4,13,16.5,NULO,28,19.5
2010,4,14,0,NULO,30.5,19
2010,4,15,0,NULO,30,20
2010,4,16,0,NULO,29.5,20
2010,4,17,5,NULO,30,19
2010,4,18,0,NULO,28,20
2010,4,19,0,NULO,29.5,19.5
2010,4,20,0,NULO,28.5,20.5
2010,4,21,0,NULO,31.5,20
2010,4,22,0,NULO,32,21.5
2010,4,23,0,NULO,40,21.5
2010,4,24,0,NULO,32.5,22
2010,4,25,0,NULO,33,16.5
2010,4,26,0,NULO,33.5,14.5
2010,4,27,2.5,NULO,32,15
2010,4,28,0,NULO,29,17
2010,4,29,0,NULO,34,19
2010,4,30,0,NULO,40.5,20
2010,5,1,0,NULO,42,18
2010,5,2,0,NULO,32.5,20
2010,5,3,0,NULO,34.5,17
2010,5,4,0,NULO,36,18
2010,5,5,0,NULO,36,16.5
2010,5,6,0,NULO,35,18.5
2010,5,7,0,NULO,35.5,21
2010,5,8,0,NULO,34,23
2010,5,9,0,NULO,37,23.5
2010,5,10,0,NULO,35.5,24
2010,5,11,0,NULO,38,23
2010,5,12,0,NULO,35.5,22
2010,5,13,0,NULO,36,23
2010,5,14,3,NULO,33,25
2010,5,15,0,NULO,35,24.5
2010,5,16,0,NULO,36,23
2010,5,17,0,NULO,36.5,23
2010,5,18,0,NULO,36.5,24
2010,5,19,0,NULO,36.5,22
2010,5,20,0,NULO,36.5,22
2010,5,21,0,NULO,38,24
2010,5,22,0,NULO,37,22.5
2010,5,23,0,NULO,37,23.5
2010,5,24,0,NULO,37,25
2010,5,25,0,NULO,36,25
2010,5,26,0,NULO,34.5,24.5
2010,5,27,22,NULO,32.5,22
2010,5,28,0,NULO,35,21
2010,5,29,0,NULO,35.5,21
2010,5,30,0,NULO,35.5,21
2010,5,31,0,NULO,36,23.5
2010,6,1,1,NULO,36.5,24.5
2010,6,2,0,NULO,37,25
2010,6,3,0,NULO,38,25
2010,6,4,0,NULO,39,25.5
2010,6,5,0,NULO,39.5,23
2010,6,6,0,NULO,37.5,24
2010,6,7,64.5,NULO,37,25.5
2010,6,8,0,NULO,35.5,21
2010,6,9,0,NULO,37,22.5
2010,6,10,0,NULO,37,24
2010,6,11,0,NULO,36,25
2010,6,12,1.5,NULO,36.5,25
2010,6,13,0,NULO,37,26
2010,6,14,0,NULO,36,24
2010,6,15,11,NULO,35,22
2010,6,16,26,NULO,29,23
2010,6,17,8,NULO,33,23
2010,6,18,0,NULO,34.5,22.5
2010,6,19,0,NULO,35.5,23.5
2010,6,20,5,NULO,35,25
2010,6,21,0,NULO,35,22
2010,6,22,0,NULO,35.5,22
2010,6,23,0,NULO,36,22
2010,6,24,0,NULO,34.5,23.5
2010,6,25,0,NULO,33.5,22.5
2010,6,26,0,NULO,36,22.5
2010,6,27,0,NULO,36.5,23
2010,6,28,0,NULO,36.5,25
2010,6,29,0,NULO,35,25
2010,6,30,16.5,NULO,30,25.5
2010,7,1,0,NULO,35,25
2010,7,2,0,NULO,28,26
2010,7,3,0,NULO,31,24
2010,7,4,0,NULO,30,23
2010,7,5,0,NULO,37,22
2010,7,6,21,NULO,32,23.5
2010,7,7,16.5,NULO,33,22.5
2010,7,8,10,NULO,36.5,23.5
2010,7,9,38,NULO,31.5,23
2010,7,10,12,NULO,33,23
2010,7,11,0,NULO,33,22
2010,7,12,0,NULO,35,22
2010,7,13,0,NULO,35.5,23
2010,7,14,6,NULO,34.5,24
2010,7,15,14.5,NULO,35,24
2010,7,16,0,NULO,34,23
2010,7,17,0,NULO,35,22
2010,7,18,1.5,NULO,34,23
2010,7,19,0,NULO,34.5,23.5
2010,7,20,17,NULO,37.5,24
2010,7,21,36.5,NULO,32,23.5
2010,7,22,70.5,NULO,28,23.5
2010,7,23,46.5,NULO,31,23.5
2010,7,24,150,NULO,28,23.5
2010,7,25,130,NULO,25.5,22.5
2010,7,26,30,NULO,30.5,22.5
2010,7,27,6.5,NULO,32,22.5
2010,7,28,10.5,NULO,31,23
2010,7,29,0,NULO,32,24
2010,7,30,0,NULO,34,23.5
2010,7,31,0,NULO,34.5,22.5
2010,8,1,0,NULO,35,22.5
2010,8,2,0,NULO,34.5,20.5
2010,8,3,0,NULO,35,22.5
2010,8,4,0,NULO,34,23
2010,8,5,0,NULO,34,24
2010,8,6,0,NULO,35,21
2010,8,7,0,NULO,35,23
2010,8,8,2,NULO,37,21
2010,8,9,3.5,NULO,35,23.5
2010,8,10,0,NULO,35.5,14
2010,8,11,0,NULO,35,15
2010,8,12,16,NULO,35,22
2010,8,13,24,NULO,33,24.5
2010,8,14,2.5,NULO,36,24.5
2010,8,15,7,NULO,35,25
2010,8,16,49,NULO,34,23.5
2010,8,17,0,NULO,32,23.5
2010,8,18,1.5,NULO,34,24
2010,8,19,5,NULO,34.5,24
2010,8,20,14,NULO,32,24.5
2010,8,21,11,NULO,33.5,23
2010,8,22,0,NULO,33,23.5
2010,8,23,0,NULO,34,23.5
2010,8,24,0,NULO,36,22.5
2010,8,25,0,NULO,35,22
2010,8,26,0,NULO,34,23.5
2010,8,27,6,NULO,31,25
2010,8,28,0,NULO,33.5,23
2010,8,29,0,NULO,36,22
2010,8,30,NULO,NULO,NULO,NULO
2010,8,31,0,NULO,NULO,NULO
2010,9,1,1.5,NULO,34,23
2010,9,2,0,NULO,35,23
2010,9,3,2,NULO,34.5,24.5
2010,9,4,19,NULO,28,24
2010,9,5,18,NULO,27.5,23.5
2010,9,6,0,NULO,30.5,23.5
2010,9,7,0,NULO,34,23.5
2010,9,8,0,NULO,35,24
2010,9,9,0,NULO,35,24
2010,9,10,0,NULO,36.5,24
2010,9,11,0,NULO,35,24
2010,9,12,0,NULO,36,24
2010,9,13,4,NULO,34,24.5
2010,9,14,0,NULO,35,25
2010,9,15,0,NULO,35,24
2010,9,16,72,NULO,34,24
2010,9,17,4.5,NULO,27.5,24
2010,9,18,19,NULO,28,23
2010,9,19,6.5,NULO,31.5,24
2010,9,20,0,NULO,34.5,23.5
2010,9,21,3,NULO,33,24
2010,9,22,4,NULO,31,23
2010,9,23,20,NULO,32.5,23
2010,9,24,17,NULO,36,23
2010,9,25,4,NULO,29,23.5
2010,9,26,2,NULO,31.5,23.5
2010,9,27,0,NULO,28,22
2010,9,28,0,NULO,30.5,21
2010,9,29,0,NULO,32,16.5
2010,9,30,0,NULO,32.5,17.5
2010,10,1,0,NULO,33.5,18
2010,10,2,10.5,NULO,33.5,20
2010,10,3,0,NULO,31,21
2010,10,4,2,NULO,30,18
2010,10,5,1,NULO,30,18.5
2010,10,6,0,NULO,29,19
2010,10,7,0,NULO,30,18.5
2010,10,8,0,NULO,31,16.5
2010,10,9,0,NULO,31,17
2010,10,10,0,NULO,31,18
2010,10,11,0,NULO,32,18.5
2010,10,12,0,NULO,32.5,18
2010,10,13,0,NULO,33,20
2010,10,14,0,NULO,31,20
2010,10,15,0,NULO,32,17.5
2010,10,16,0,NULO,32,16
2010,10,17,0,NULO,32,16.5
2010,10,18,0,NULO,33,16.5
2010,10,19,0,NULO,33,17.5
2010,10,20,0,NULO,33,19
2010,10,21,0,NULO,33,19.5
2010,10,22,0,NULO,32.5,19
2010,10,23,0,NULO,32.5,19
2010,10,24,0,NULO,33.5,20
2010,10,25,0,NULO,34,20
2010,10,26,0,NULO,34.5,18.5
2010,10,27,0,NULO,35,20.5
2010,10,28,5,NULO,32.5,22
2010,10,29,0,NULO,27.5,17
2010,10,30,0,NULO,31,14
2010,10,31,0,NULO,34,14
2010,11,1,NULO,NULO,34.5,17
2010,11,2,NULO,NULO,29,21
2010,11,3,NULO,NULO,30.5,19
2010,11,4,NULO,NULO,28,13
2010,11,5,NULO,NULO,26.5,7.5
2010,11,6,NULO,NULO,27,8
2010,11,7,NULO,NULO,27,9.5
2010,11,8,NULO,NULO,30,11.5
2010,11,9,NULO,NULO,31,11.5
2010,11,10,NULO,NULO,31,14
2010,11,11,NULO,NULO,32,15.5
2010,11,12,NULO,NULO,32,17.5
2010,11,13,NULO,NULO,30.5,18.5
2010,11,14,NULO,NULO,28,16
2010,11,15,NULO,NULO,34,17
2010,11,16,NULO,NULO,30.5,19
2010,11,17,NULO,NULO,30,16
2010,11,18,NULO,NULO,28.5,18
2010,11,19,NULO,NULO,29,14
2010,11,20,NULO,NULO,31.5,14.5
2010,11,21,NULO,NULO,31,18
2010,11,22,NULO,NULO,32,19
2010,11,23,NULO,NULO,32.5,21
2010,11,24,NULO,NULO,32,20
2010,11,25,NULO,NULO,33,19
2010,11,26,NULO,NULO,24,20
2010,11,27,NULO,NULO,25,13.5
2010,11,28,NULO,NULO,28.5,14.5
2010,11,29,NULO,NULO,35,15
2010,11,30,NULO,NULO,23.5,16
2010,12,1,0,NULO,24.5,11.5
2010,12,2,0,NULO,24.5,12
2010,12,3,0,NULO,27.5,11.5
2010,12,4,0,NULO,30.5,13.5
2010,12,5,0,NULO,27.5,15.5
2010,12,6,30.5,NULO,19.5,17
2010,12,7,0,NULO,28,12.5
2010,12,8,0,NULO,22.5,14
2010,12,9,0,NULO,26,6
2010,12,10,0,NULO,29,8.5
2010,12,11,0,NULO,29,9.5
2010,12,12,0,NULO,23,12
2010,12,13,0,NULO,24.5,11.5
2010,12,14,0,NULO,25.5,7.5
2010,12,15,0,NULO,28,8.5
2010,12,16,0,NULO,29.5,11.5
2010,12,17,0,NULO,28.5,12.5
2010,12,18,0,NULO,24,16
2010,12,19,0,NULO,28,10
2010,12,20,0,NULO,30.5,11.5
2010,12,21,0,NULO,30.5,16.5
2010,12,22,0,NULO,29.5,17
2010,12,23,0,NULO,28,16
2010,12,24,0,NULO,29.5,15
2010,12,25,0,NULO,23,15.5
2010,12,26,0,NULO,19.5,12.5
2010,12,27,0,NULO,22,11.5
2010,12,28,0,NULO,25,12
2010,12,29,0,NULO,29.5,15.5
2010,12,30,0,NULO,34,14
2010,12,31,0,NULO,36,12.5
2011,1,1,0,NULO,25.5,12
2011,1,2,0,NULO,22,12.5
2011,1,3,0,NULO,25.5,15
2011,1,4,0,NULO,30,15
2011,1,5,0,NULO,30,15.5
2011,1,6,0,NULO,28.5,16.5
2011,1,7,0,NULO,30.5,16.5
2011,1,8,0,NULO,28,17
2011,1,9,0,NULO,28,16.5
2011,1,10,0,NULO,30.5,14
2011,1,11,11,NULO,24,17
2011,1,12,3,NULO,12,10
2011,1,13,2,NULO,13.5,10
2011,1,14,0,NULO,18,10
2011,1,15,0,NULO,25.5,11.5
2011,1,16,0,NULO,28,15.5
2011,1,17,0,NULO,30.5,15.5
2011,1,18,0,NULO,28,15
2011,1,19,0,NULO,23.5,14
2011,1,20,0,NULO,29.5,13
2011,1,21,0,NULO,23,13
2011,1,22,0,NULO,23,12.5
2011,1,23,0,NULO,28.5,12.5
2011,1,24,0,NULO,25,15
2011,1,25,0,NULO,21.5,16
2011,1,26,0,NULO,23,14.5
2011,1,27,5,NULO,20,15
2011,1,28,0,NULO,21,15
2011,1,29,0,NULO,27,15
2011,1,30,0,NULO,29,15
2011,1,31,0,NULO,31,15
2011,2,1,0,NULO,28.5,14
2011,2,2,1.5,NULO,13.5,12.5
2011,2,3,1,NULO,8,4
2011,2,4,1,NULO,7,3
2011,2,5,0,NULO,13.05,2
2011,2,6,0,NULO,26,7
2011,2,7,0,NULO,22,8.5
2011,2,8,0,NULO,26.5,6.5
2011,2,9,0,NULO,28,7.5
2011,2,10,0,NULO,15,11
2011,2,11,3,NULO,16,9.5
2011,2,12,1,NULO,13.5,10
2011,2,13,0,NULO,24.5,10
2011,2,14,0,NULO,29,10
2011,2,15,0,NULO,29.5,10.5
2011,2,16,0,NULO,31,12.5
2011,2,17,0,NULO,31,15
2011,2,18,3,NULO,30.5,17
2011,2,19,0,NULO,31,18.5
2011,2,20,0,NULO,31,19.5
2011,2,21,0,NULO,33,16
2011,2,22,0,NULO,30,18
2011,2,23,0,NULO,33,20
2011,2,24,0,NULO,35,20
2011,2,25,0,NULO,35,20.5
2011,2,26,0,NULO,36,19.5
2011,2,27,0,NULO,30,19
2011,2,28,0,NULO,28.5,11
2011,3,1,0,NULO,28.5,11
2011,3,2,0,NULO,29.5,11
2011,3,3,0,NULO,32,12
2011,3,4,0,NULO,32,14
2011,3,5,0,NULO,29,16.5
2011,3,6,0,NULO,27,16
2011,3,7,0,NULO,31.5,12
2011,3,8,0,NULO,40,14.5
2011,3,9,0,NULO,30.5,18
2011,3,10,0,NULO,27,14
2011,3,11,0,NULO,29.5,10
2011,3,12,0,NULO,31.5,10
2011,3,13,0,NULO,32,12.5
2011,3,14,0,NULO,30.5,18
2011,3,15,0,NULO,30,19
2011,3,16,0,NULO,33,16.5
2011,3,17,0,NULO,33.5,17
2011,3,18,0,NULO,32.5,18.5
2011,3,19,0,NULO,32,18
2011,3,20,0,NULO,32,20
2011,3,21,0,NULO,32.5,20
2011,3,22,0,NULO,33.5,16.5
2011,3,23,0,NULO,33,18
2011,3,24,0,NULO,34,18
2011,3,25,0,NULO,35,19
2011,3,26,0,NULO,37,18
2011,3,27,0,NULO,37.5,20.5
2011,3,28,0,NULO,33,21
2011,3,29,0,NULO,36.5,22
2011,3,30,0,NULO,33,23
2011,3,31,0,NULO,33.5,20
2011,4,1,0,NULO,37,21.5
2011,4,2,0,NULO,34,22
2011,4,3,0,NULO,36.5,23
2011,4,4,0,NULO,43.5,21
2011,4,5,0,NULO,30.5,20
2011,4,6,0,NULO,35,16
2011,4,7,0,NULO,37,16
2011,4,8,0,NULO,37,19.5
2011,4,9,0,NULO,36,21
2011,4,10,0,NULO,38,21.5
2011,4,11,0,NULO,34,20.5
2011,4,12,0,NULO,34,16
2011,4,13,0,NULO,35.5,16
2011,4,14,0,NULO,36,17
2011,4,15,0,NULO,31.5,21
2011,4,16,0,NULO,30,22
2011,4,17,0,NULO,35.5,20.5
2011,4,18,0,NULO,39.5,21
2011,4,19,0,NULO,41,22
2011,4,20,0,NULO,37.5,23
2011,4,21,0,NULO,37.5,24
2011,4,22,0,NULO,37.5,23
2011,4,23,0,NULO,36.5,21
2011,4,24,0,NULO,37.5,22
2011,4,25,0,NULO,37.5,22.5
2011,4,26,0,NULO,45,22
2011,4,27,0,NULO,47.5,20
2011,4,28,0,NULO,33,19
2011,4,29,0,NULO,36,19.5
2011,4,30,0,NULO,38,21
2011,5,1,0,NULO,40.5,22.5
2011,5,2,0,NULO,35,24
2011,5,3,0,NULO,30.5,19.5
2011,5,4,0,NULO,30.5,14.5
2011,5,5,0,NULO,34.5,15.5
2011,5,6,0,NULO,34.5,18.5
2011,5,7,0,NULO,38,20
2011,5,8,0,NULO,38,22
2011,5,9,0,NULO,37.5,21
2011,5,10,0,NULO,38,23
2011,5,11,0,NULO,37.5,24
2011,5,12,0,NULO,38,24.5
2011,5,13,0,NULO,35.5,26
2011,5,14,0,NULO,36,24
2011,5,15,0,NULO,33,25
2011,5,16,0,NULO,29,23
2011,5,17,0,NULO,33,23
2011,5,18,0,NULO,37,22.5
2011,5,19,0,NULO,44,24
2011,5,20,0,NULO,42,24
2011,5,21,0,NULO,37.5,22.5
2011,5,22,0,NULO,37.5,22.5
2011,5,23,0,NULO,38,23
2011,5,24,0,NULO,38.5,24.5
2011,5,25,0,NULO,37,23
2011,5,26,0,NULO,38,24.5
2011,5,27,0,NULO,40,25
2011,5,28,0,NULO,39,24
2011,5,29,0,NULO,38.5,24
2011,5,30,0,NULO,40,25
2011,5,31,0,NULO,39,25
2011,6,1,0,NULO,36,24
2011,6,2,0,NULO,36.5,21.5
2011,6,3,0,NULO,37,20
2011,6,4,0,NULO,36,20
2011,6,5,17,NULO,35,22.5
2011,6,6,0,NULO,37,21
2011,6,7,0,NULO,37.5,21
2011,6,8,0,NULO,37.5,21.5
2011,6,9,0,NULO,39,22
2011,6,10,0,NULO,38.5,22
2011,6,11,0,NULO,38.5,22
2011,6,12,0,NULO,39,22.5
2011,6,13,0,NULO,38,22
2011,6,14,0,NULO,39,21
2011,6,15,0,NULO,38,24
2011,6,16,0,NULO,39,24
2011,6,17,7,NULO,40,25.5
2011,6,18,1.5,NULO,40,24
2011,6,19,0,NULO,39,24.5
2011,6,20,0,NULO,39,24
2011,6,21,0,NULO,40,26
2011,6,22,3,NULO,40.5,25.5
2011,6,23,0,NULO,36,23.5
2011,6,24,25.5,NULO,39,24
2011,6,25,14.5,NULO,35,23
2011,6,26,2.5,NULO,31.5,23
2011,6,27,20,NULO,36,24
2011,6,28,2,NULO,29,24.5
2011,6,29,146,NULO,28,23.5
2011,6,30,200,NULO,27,22.5
2011,7,1,31.5,NULO,28.5,23
2011,7,2,46,NULO,29.5,24
2011,7,3,4.5,NULO,30.5,22
2011,7,4,0,NULO,31,22.5
2011,7,5,0,NULO,33.5,21
2011,7,6,0,NULO,33.5,22
2011,7,7,0,NULO,34,22
2011,7,8,0,NULO,34.5,23.5
2011,7,9,0,NULO,36,23
2011,7,10,0,NULO,34,24
2011,7,11,0,NULO,34.5,24
2011,7,12,8,NULO,34.5,23
2011,7,13,14.5,NULO,32,24
2011,7,14,0,NULO,34,24
2011,7,15,20.5,NULO,33,23
2011,7,16,1,NULO,32,24
2011,7,17,70.5,NULO,30,24
2011,7,18,0,NULO,32,22.5
2011,7,19,0,NULO,35,22.5
2011,7,20,0,NULO,35,23
2011,7,21,0,NULO,34.5,24.5
2011,7,22,0,NULO,36,24
2011,7,23,0,NULO,36,24
2011,7,24,0,NULO,31,24
2011,7,25,0,NULO,35,23
2011,7,26,0,NULO,35,23
2011,7,27,0,NULO,36,23.5
2011,7,28,0,NULO,35,24
2011,7,29,0,NULO,33.5,23
2011,7,30,21,NULO,33,23
2011,7,31,24.5,NULO,24,23.5
2011,8,1,17.5,NULO,33,24
2011,8,2,9,NULO,32,22.5
2011,8,3,0,NULO,34,23
2011,8,4,0,NULO,34,23.5
2011,8,5,0,NULO,35,23.5
2011,8,6,0,NULO,36,23.5
2011,8,7,0,NULO,35.5,24
2011,8,8,0,NULO,36,24
2011,8,9,0,NULO,37,24
2011,8,10,0,NULO,37,25
2011,8,11,0,NULO,37,23
2011,8,12,0,NULO,36,24
2011,8,13,0,NULO,36,25
2011,8,14,10,NULO,34.5,23
2011,8,15,0,NULO,36.5,23
2011,8,16,0,NULO,36,22.5
2011,8,17,0,NULO,35,22
2011,8,18,0,NULO,36,22.5
2011,8,19,0,NULO,37,22.5
2011,8,20,0,NULO,37,21
2011,8,21,77,NULO,35.5,21.5
2011,8,22,0,NULO,29,22
2011,8,23,6,NULO,34,22
2011,8,24,0,NULO,36,23
2011,8,25,0,NULO,36,23.5
2011,8,26,8.5,NULO,35,24
2011,8,27,0,NULO,NULO,NULO
2011,8,28,0,NULO,36,24
2011,8,29,0,NULO,36,24
2011,8,30,15,NULO,32,24
2011,8,31,16.5,NULO,31,23
2011,9,1,4,NULO,31,23
2011,9,2,0,NULO,31,23.5
2011,9,3,0,NULO,37.5,23.5
2011,9,4,0,NULO,37,24
2011,9,5,48,NULO,33,24
2011,9,6,0,NULO,32.5,22
2011,9,7,0,NULO,32.5,21.5
2011,9,8,0,NULO,34,19
2011,9,9,34.5,NULO,33,20
2011,9,10,72.5,NULO,28,19
2011,9,11,0,NULO,34,20
2011,9,12,0,NULO,36,22
2011,9,13,0,NULO,35,22.5
2011,9,14,0,NULO,35,22
2011,9,15,1.5,NULO,32,22
2011,9,16,0,NULO,35,21
2011,9,17,0,NULO,35,22
2011,9,18,0,NULO,35,22
2011,9,19,0,NULO,35,20.5
2011,9,20,0,NULO,35.5,21
2011,9,21,0,NULO,35,21
2011,9,22,0,NULO,36,21
2011,9,23,0,NULO,36,22.5
2011,9,24,0,NULO,36.5,22
2011,9,25,0,NULO,36.5,21
2011,9,26,0,NULO,36,21
2011,9,27,0,NULO,36.5,23
2011,9,28,0,NULO,36.5,22.5
2011,9,29,15.5,NULO,35,23
2011,9,30,2,NULO,30.5,21
2011,10,1,5,NULO,29,21
2011,10,2,0,NULO,30,21
2011,10,3,0,NULO,31,21
2011,10,4,0,NULO,33,19
2011,10,5,0,NULO,34,20
2011,10,6,0,NULO,33.5,19
2011,10,7,0,NULO,34,20
2011,10,8,0,NULO,35,21.5
2011,10,9,0,NULO,33.5,22
2011,10,10,0,NULO,32,23
2011,10,11,0,NULO,35.5,21.5
2011,10,12,0,NULO,35,21
2011,10,13,0,NULO,33.5,21
2011,10,14,0,NULO,33,20.5
2011,10,15,0,NULO,31,20.5
2011,10,16,0,NULO,34.5,19
2011,10,17,0,NULO,33.5,19.5
2011,10,18,0,NULO,29,19
2011,10,19,0,NULO,32,19
2011,10,20,0,NULO,33,12
2011,10,21,0,NULO,32.5,12
2011,10,22,0,NULO,33.5,15
2011,10,23,0,NULO,33,16
2011,10,24,0,NULO,33,16
2011,10,25,0,NULO,33,17
2011,10,26,0,NULO,33.5,16
2011,10,27,0,NULO,22.5,16
2011,10,28,0,NULO,26.5,16
2011,10,29,0,NULO,33,17
2011,10,30,0,NULO,30,11
2011,10,31,0,NULO,30,14
2011,11,1,0,NULO,30,15
2011,11,2,0,NULO,33,16.5
2011,11,3,57.5,NULO,23.5,21
2011,11,4,0,NULO,25,13
2011,11,5,0,NULO,29.5,16
2011,11,6,0,NULO,31,19.5
2011,11,7,0,NULO,32,21
2011,11,8,0,NULO,32.5,20
2011,11,9,44,NULO,24.5,20
2011,11,10,0,NULO,19,13
2011,11,11,0,NULO,24,13.5
2011,11,12,0,NULO,29,13
2011,11,13,0,NULO,31,16
2011,11,14,0,NULO,31,19
2011,11,15,0,NULO,33.5,20.5
2011,11,16,0,NULO,32.5,20
2011,11,17,0,NULO,27,20
2011,11,18,0,NULO,30,17
2011,11,19,0,NULO,31,18
2011,11,20,0,NULO,30,20
2011,11,21,0,NULO,32,19
2011,11,22,0,NULO,31.5,20
2011,11,23,0,NULO,29,21
2011,11,24,0,NULO,29,14
2011,11,25,0,NULO,30.5,14
2011,11,26,3,NULO,30,16.5
2011,11,27,0,NULO,15,12
2011,11,28,0,NULO,24,3.5
2011,11,29,0,NULO,29,5
2011,11,30,0,NULO,28,7.5
2011,12,1,0,NULO,28,9
2011,12,2,0,NULO,29,11.5
2011,12,3,0,NULO,30,14.5
2011,12,4,0,NULO,29.5,15
2011,12,5,0,NULO,27,16
2011,12,6,0,NULO,17,15
2011,12,7,0,NULO,18.5,11
2011,12,8,0,NULO,23.5,11
2011,12,9,0,NULO,23.5,12.5
2011,12,10,5.5,NULO,22.5,16
2011,12,11,0,NULO,20,15
2011,12,12,0,NULO,26.5,14
2011,12,13,0,NULO,28.5,15
2011,12,14,0,NULO,31,16.5
2011,12,15,0,NULO,30.5,18.5
2011,12,16,3,NULO,25,19
2011,12,17,0,NULO,27,16.5
2011,12,18,0,NULO,28,13
2011,12,19,0,NULO,29,15
2011,12,20,0,NULO,29,16
2011,12,21,0,NULO,29,16
2011,12,22,0,NULO,25,17
2011,12,23,0,NULO,25,14
2011,12,24,0,NULO,21.5,16
2011,12,25,0,NULO,13,11.5
2011,12,26,0,NULO,22,12
2011,12,27,0,NULO,24.5,9.5
2011,12,28,0,NULO,28,9
2011,12,29,0,NULO,28,10
2011,12,30,0,NULO,29,14
2011,12,31,0,NULO,28,15
2012,1,1,0,NULO,20,14
2012,1,2,0,NULO,20,15
2012,1,3,0,NULO,24,10
2012,1,4,0,NULO,26,10
2012,1,5,8,NULO,25.5,11.5
2012,1,6,0,NULO,24,15
2012,1,7,0,NULO,29,12
2012,1,8,0,NULO,28,13
2012,1,9,0,NULO,32,12
2012,1,10,0,NULO,21,16
2012,1,11,0,NULO,29,11
2012,1,12,0,NULO,22,12
2012,1,13,0,NULO,17,11.5
2012,1,14,18.5,NULO,18,11
2012,1,15,4,NULO,21,13.5
2012,1,16,0,NULO,28,15
2012,1,17,0,NULO,30,17.5
2012,1,18,0,NULO,23.5,20
2012,1,19,0,NULO,29,17.5
2012,1,20,0,NULO,30.5,16
2012,1,21,0,NULO,29,16.5
2012,1,22,0,NULO,31,17.5
2012,1,23,0,NULO,30,19
2012,1,24,0,NULO,31.5,19.5
2012,1,25,0,NULO,30,18
2012,1,26,0,NULO,26,18
2012,1,27,0,NULO,29,11
2012,1,28,2.5,NULO,24.5,11.5
2012,1,29,9,NULO,19.5,13.5
2012,1,30,1,NULO,19,15
2012,1,31,0,NULO,26.5,15.5
2012,2,1,0,NULO,28,16
2012,2,2,0,NULO,27,18
2012,2,3,0,NULO,30,17
2012,2,4,3,NULO,31,18
2012,2,5,13.5,NULO,17,14
2012,2,6,0,NULO,17,12
2012,2,7,3.5,NULO,21,12
2012,2,8,16.5,NULO,18,13.5
2012,2,9,2,NULO,18,13
2012,2,10,1,NULO,20,13
2012,2,11,24,NULO,16.5,14.5
2012,2,12,2.5,NULO,15.5,12.5
2012,2,13,0,NULO,27,10.5
2012,2,14,0,NULO,29,14
2012,2,15,0,NULO,29.5,15
2012,2,16,3,NULO,27,20
2012,2,17,0,NULO,31,21.5
2012,2,18,0,NULO,28.5,20.5
2012,2,19,0,NULO,24,18
2012,2,20,0,NULO,29,13
2012,2,21,0,NULO,29,13.5
2012,2,22,0,NULO,31.5,18.5
2012,2,23,0,NULO,33,18.5
2012,2,24,0,NULO,29,18
2012,2,25,0,NULO,17,10
2012,2,26,0,NULO,28,12.5
2012,2,27,0,NULO,30,13
2012,2,28,0,NULO,31.5,14
2012,3,1,0,NULO,32.5,20
2012,3,2,0,NULO,35,17
2012,3,3,0,NULO,29,19.5
2012,3,4,0,NULO,27.5,12
2012,3,5,0,NULO,28,12
2012,3,6,0,NULO,24,11
2012,3,7,0,NULO,28,12.5
2012,3,8,0,NULO,31,19
2012,3,9,0,NULO,25,20
2012,3,10,0,NULO,21,13
2012,3,11,0,NULO,28,14
2012,3,12,0,NULO,31,17
2012,3,13,0,NULO,32,18
2012,3,14,0,NULO,32.5,20
2012,3,15,0,NULO,31.5,20
2012,3,16,0,NULO,31.5,19.5
2012,3,17,0,NULO,31,19
2012,3,18,0,NULO,32,20.5
2012,3,19,0,NULO,34,21.5
2012,3,20,0,NULO,36.5,22
2012,3,21,0,NULO,28,17
2012,3,22,0,NULO,31,15
2012,3,23,0,NULO,32.5,15
2012,3,24,0,NULO,35,17
2012,3,25,0,NULO,33,20
2012,3,26,0,NULO,33.5,19
2012,3,27,0,NULO,33.5,18
2012,3,28,0,NULO,32,20
2012,3,29,0,NULO,34,21
2012,3,30,0,NULO,35.5,21
2012,3,31,0,NULO,35,22
2012,4,1,0,NULO,36.5,21.5
2012,4,2,0,NULO,38,21
2012,4,3,0,NULO,38.5,19
2012,4,4,0,NULO,36,20.5
2012,4,5,0,NULO,35.5,21
2012,4,6,0,NULO,34.5,22
2012,4,7,0,NULO,32.5,21.5
2012,4,8,0,NULO,30,22
2012,4,9,10,NULO,31.5,19.5
2012,4,10,0,NULO,33.5,18.5
2012,4,11,0,NULO,32.5,19
2012,4,12,0,NULO,33,18.5
2012,4,13,0,NULO,35.5,19
2012,4,14,0,NULO,38,21
2012,4,15,2.5,NULO,34.5,23
2012,4,16,26.5,NULO,30,19.5
2012,4,17,0,NULO,30.5,19.5
2012,4,18,0,NULO,32,17.5
2012,4,19,0,NULO,31,18.5
2012,4,20,0,NULO,33.5,19
2012,4,21,0,NULO,33,15.5
2012,4,22,0,NULO,33.5,14.5
2012,4,23,0,NULO,34.5,14.5
2012,4,24,0,NULO,35.5,16.5
2012,4,25,0,NULO,34,17
2012,4,26,0,NULO,35,18
2012,4,27,0,NULO,35,15.5
2012,4,28,0,NULO,35,17
2012,4,29,0,NULO,35,20
2012,4,30,0,NULO,34,18
2012,5,1,0,NULO,34.5,22
2012,5,2,0,NULO,35,22
2012,5,3,0,NULO,36,22
2012,5,4,0,NULO,35.5,24
2012,5,5,0,NULO,38,23
2012,5,6,0,NULO,39,23.5
2012,5,7,0,NULO,37.5,23
2012,5,8,2,NULO,35,23.5
2012,5,9,26,NULO,31,25
2012,5,10,0,NULO,34,22.5
2012,5,11,0,NULO,35,23
2012,5,12,38,NULO,29.5,25.5
2012,5,13,0,NULO,31,20
2012,5,14,0,NULO,33,19
2012,5,15,0,NULO,33,19
2012,5,16,0,NULO,33,19.5
2012,5,17,0,NULO,33,21
2012,5,18,0,NULO,35,19
2012,5,19,0,NULO,34,20
2012,5,20,6,NULO,34,19.5
2012,5,21,0,NULO,33,21
2012,5,22,0,NULO,35,19
2012,5,23,0,NULO,36,17.5
2012,5,24,0,NULO,37.5,19
2012,5,25,0,NULO,37.5,21
2012,5,26,0,NULO,36,24
2012,5,27,0,NULO,34,15
2012,5,28,0,NULO,36,17
2012,5,29,0,NULO,38,21
2012,5,30,0,NULO,37.5,21
2012,5,31,0,NULO,38,22
2012,6,1,0,NULO,31.5,24
2012,6,2,0,NULO,36,23
2012,6,3,6,NULO,37,24
2012,6,4,0,NULO,37,21
2012,6,5,14,NULO,36.5,22
2012,6,6,0,NULO,35,19.5
2012,6,7,0,NULO,37,21
2012,6,8,0,NULO,38,23
2012,6,9,0,NULO,39,22
2012,6,10,0,NULO,40,24.5
2012,6,11,1.5,NULO,38,23.5
2012,6,12,0,NULO,38,25
2012,6,13,0,NULO,37,22
2012,6,14,0,NULO,37.5,22
2012,6,15,0,NULO,37.5,22.5
2012,6,16,19,NULO,33,22.5
2012,6,17,0,NULO,34,22
2012,6,18,0,NULO,36,21.5
2012,6,19,23,NULO,34,23.5
2012,6,20,5,NULO,30,22
2012,6,21,2,NULO,32,22.5
2012,6,22,6.5,NULO,31,22
2012,6,23,0,NULO,35,21.5
2012,6,24,0,NULO,37,22.5
2012,6,25,0,NULO,36.5,24
2012,6,26,0,NULO,38,22
2012,6,27,0,NULO,37.5,23
2012,6,28,0,NULO,37,23
2012,6,29,0,NULO,37.5,24
2012,6,30,60,NULO,36.5,24
2012,7,1,1,NULO,35,22
2012,7,2,0,NULO,33.5,22.5
2012,7,3,0,NULO,35.5,23
2012,7,4,3.5,NULO,35,22.5
2012,7,5,2.5,NULO,35.5,22
2012,7,6,0,NULO,35,22.5
2012,7,7,0,NULO,34.5,22
2012,7,8,0,NULO,36,21
2012,7,9,15,NULO,34,22
2012,7,10,0,NULO,35,22
2012,7,11,0,NULO,35,22
2012,7,12,0,NULO,35,23
2012,7,13,62.5,NULO,32,22
2012,7,14,3.5,NULO,27,21
2012,7,15,37,NULO,28,22
2012,7,16,0,NULO,32,21
2012,7,17,7.5,NULO,34,23.5
2012,7,18,10,NULO,30,22.5
2012,7,19,12,NULO,32,22.5
2012,7,20,0,NULO,34.5,21.5
2012,7,21,0,NULO,33.5,22
2012,7,22,0,NULO,35,22
2012,7,23,3,NULO,34,22
2012,7,24,0,NULO,34.5,23
2012,7,25,0,NULO,34,23
2012,7,26,0,NULO,35,23
2012,7,27,12.5,NULO,36,23
2012,7,28,0,NULO,34.5,22.5
2012,7,29,0,NULO,34.5,22.5
2012,7,30,0,NULO,36,22
2012,7,31,0,NULO,36,21.5
2012,8,1,0,NULO,37,22
2012,8,2,0,NULO,36,22
2012,8,3,0,NULO,36,23
2012,8,4,3,NULO,37.5,22
2012,8,5,0,NULO,36.5,24
2012,8,6,20,NULO,35,23
2012,8,7,0,NULO,36,22
2012,8,8,9,NULO,36,22.5
2012,8,9,9,NULO,35.5,23
2012,8,10,15,NULO,35.5,23
2012,8,11,0,NULO,35,22
2012,8,12,11.5,NULO,35.5,22.5
2012,8,13,38.5,NULO,30.5,22.5
2012,8,14,0,NULO,30,23
2012,8,15,0,NULO,35,22
2012,8,16,0,NULO,35.5,22.5
2012,8,17,63.5,NULO,34.5,24
2012,8,18,3.5,NULO,32.5,23.5
2012,8,19,0,NULO,33,23
2012,8,20,0,NULO,32,24
2012,8,21,0,NULO,33.5,22
2012,8,22,0,NULO,35,22.5
2012,8,23,4.5,NULO,33,24
2012,8,24,1.5,NULO,35,22
2012,8,25,0,NULO,34,22
2012,8,26,0,NULO,34,22.5
2012,8,27,0,NULO,35,23
2012,8,28,0,NULO,36.5,23
2012,8,29,0,NULO,39,22.5
2012,8,30,0,NULO,39,23
2012,8,31,10,NULO,37,24
2012,9,1,0,NULO,35,23
2012,9,2,10,NULO,36,23
2012,9,3,0,NULO,36.5,22
2012,9,4,0,NULO,36.5,22
2012,9,5,0,NULO,37,23
2012,9,6,0,NULO,37,23
2012,9,7,0,NULO,37.5,23.5
2012,9,8,0,NULO,37,22
2012,9,9,30.5,NULO,35,22.5
2012,9,10,0,NULO,33.5,21.5
2012,9,11,14.5,NULO,34,22
2012,9,12,7,NULO,30.5,22.5
2012,9,13,13.5,NULO,36,23.5
2012,9,14,17,NULO,31.5,22
2012,9,15,14,NULO,31.5,22
2012,9,16,0,NULO,33,21
2012,9,17,0,NULO,34,21
2012,9,18,3,NULO,36,22
2012,9,19,0,NULO,33.5,21.5
2012,9,20,0,NULO,34,21.5
2012,9,21,0,NULO,34.5,20.5
2012,9,22,20,NULO,33.5,19.5
2012,9,23,23.5,NULO,29.5,21
2012,9,24,11.5,NULO,29,21.5
2012,9,25,4,NULO,33,22
2012,9,26,0,NULO,33,22
2012,9,27,0,NULO,33,22.5
2012,9,28,1,NULO,34,23
2012,9,29,0,NULO,36,23
2012,9,30,0,NULO,30,22.5
2012,10,1,0,NULO,30,21.5
2012,10,2,0,NULO,35,19.5
2012,10,3,0,NULO,36,19
2012,10,4,0,NULO,35,17.5
2012,10,5,0,NULO,34,17.5
2012,10,6,0,NULO,35,18.5
2012,10,7,0,NULO,33,20
2012,10,8,0,NULO,30,20
2012,10,9,0,NULO,34,20
2012,10,10,0,NULO,35,21
2012,10,11,8,NULO,34,22
2012,10,12,0,NULO,34,22
2012,10,13,0,NULO,32.5,23
2012,10,14,0,NULO,35,20.5
2012,10,15,0,NULO,33.5,20
2012,10,16,0,NULO,34,19
2012,10,17,0,NULO,31,19
2012,10,18,0,NULO,36.5,20
2012,10,19,0,NULO,35,22
2012,10,20,0,NULO,35.5,22.5
2012,10,21,0,NULO,34.5,20
2012,10,22,0,NULO,35,19
2012,10,23,7.5,NULO,29.5,19.5
2012,10,24,0,NULO,34.5,20.5
2012,10,25,0,NULO,35,18
2012,10,26,0,NULO,34,19
2012,10,27,0,NULO,22,21
2012,10,28,0,NULO,23.5,16.5
2012,10,29,1,NULO,24.5,18
2012,10,30,0,NULO,31,19.5
2012,10,31,0,NULO,34,20
2012,11,1,0,NULO,32,18
2012,11,2,0,NULO,33,10
2012,11,3,5.5,NULO,33,18
2012,11,4,0,NULO,26.5,20
2012,11,5,0,NULO,28,20
2012,11,6,0,NULO,34,18
2012,11,7,0,NULO,29.5,18.5
2012,11,8,0,NULO,32.5,17
2012,11,9,0,NULO,32.5,15.5
2012,11,10,0,NULO,33,15.5
2012,11,11,0,NULO,33,17.5
2012,11,12,12.5,NULO,28,19
2012,11,13,6,NULO,19.5,13.5
2012,11,14,3,NULO,20,14.5
2012,11,15,0,NULO,27.5,15.5
2012,11,16,22.5,NULO,22,17
2012,11,17,1,NULO,22,17
2012,11,18,0,NULO,27,17.5
2012,11,19,0,NULO,30,17.5
2012,11,20,0,NULO,30,16.5
2012,11,21,3.5,NULO,27.5,16
2012,11,22,0,NULO,27.5,17
2012,11,23,0,NULO,29.5,18.5
2012,11,24,0,NULO,22.5,17.5
2012,11,25,0,NULO,30,15
2012,11,26,0,NULO,30.5,16
2012,11,27,0,NULO,29,17
2012,11,28,1.5,NULO,23,17
2012,11,29,0,NULO,28,17.5
2012,11,30,0,NULO,32,17
2012,12,1,0,NULO,32,18
2012,12,2,0,NULO,31.5,17
2012,12,3,0,NULO,29,17
2012,12,4,0,NULO,31,18
2012,12,5,0,NULO,30,18
2012,12,6,0,NULO,31,16
2012,12,7,0,NULO,31.5,17
2012,12,8,0,NULO,31,18
2012,12,9,0,NULO,31.5,18.5
2012,12,10,0,NULO,29,19
2012,12,11,3,NULO,17,13.5
2012,12,12,0,NULO,16.5,12
2012,12,13,1,NULO,23,12.5
2012,12,14,0,NULO,28,15
2012,12,15,0,NULO,31.5,17.5
2012,12,16,0,NULO,32,18
2012,12,17,0,NULO,28,19
2012,12,18,0,NULO,32,16
2012,12,19,0,NULO,32,17
2012,12,20,0,NULO,24.5,19
2012,12,21,0,NULO,22,9.5
2012,12,22,0,NULO,22,10
2012,12,23,0,NULO,29,13
2012,12,24,0,NULO,30,13
2012,12,25,0,NULO,31,14.5
2012,12,26,0,NULO,19,15
2012,12,27,0,NULO,26,13.5
2012,12,28,0,NULO,31,14.5
2012,12,29,0,NULO,20,15.5
2012,12,30,1.5,NULO,21,13
2012,12,31,0,NULO,26,13
2013,1,1,0,NULO,27.5,16
2013,1,2,18,NULO,15,14
2013,1,3,5.5,NULO,14.5,10.5
2013,1,4,2.5,NULO,14,10
2013,1,5,0,NULO,16.5,10
2013,1,6,0,NULO,15,10.5
2013,1,7,0,NULO,22,12
2013,1,8,1,NULO,26,12.5
2013,1,9,0,NULO,28,16
2013,1,10,0,NULO,27.5,17
2013,1,11,0,NULO,32,17
2013,1,12,0,NULO,31,17.5
2013,1,13,0,NULO,24.5,19
2013,1,14,0,NULO,21,15
2013,1,15,1.5,NULO,22.5,15
2013,1,16,0,NULO,13,9
2013,1,17,0,NULO,22,10
2013,1,18,0,NULO,24,6
2013,1,19,0,NULO,27,6
2013,1,20,0,NULO,27.5,9
2013,1,21,0,NULO,24.5,12.5
2013,1,22,0,NULO,27.5,14.5
2013,1,23,0,NULO,27.5,14.5
2013,1,24,0,NULO,31.5,14
2013,1,25,0,NULO,30.5,13
2013,1,26,0,NULO,31,11.5
2013,1,27,0,NULO,30,12
2013,1,28,0,NULO,30.5,18
2013,1,29,0,NULO,33.5,19.5
2013,1,30,0,NULO,24,19
2013,1,31,0,NULO,24,11
2013,2,1,6,NULO,21.5,14
2013,2,2,1,NULO,26,16.5
2013,2,3,0,NULO,25,17
2013,2,4,0,NULO,31,14.5
2013,2,5,0,NULO,31.5,15
2013,2,6,0,NULO,34,18.5
2013,2,7,0,NULO,31.5,21
2013,2,8,0,NULO,29,18
2013,2,9,0,NULO,33,19
2013,2,10,0,NULO,36,19.5
2013,2,11,0,NULO,32,19.5
2013,2,12,0,NULO,37.5,21
2013,2,13,0,NULO,23.5,21
2013,2,14,0,NULO,27,16
2013,2,15,0,NULO,23,17
2013,2,16,0,NULO,21.5,16.5
2013,2,17,1.5,NULO,23,14.5
2013,2,18,0,NULO,30.5,15
2013,2,19,0,NULO,30,14
2013,2,20,0,NULO,31.5,15.5
2013,2,21,0,NULO,37,18
2013,2,22,0,NULO,32.5,20
2013,2,23,0,NULO,29,21.5
2013,2,24,0,NULO,33,18.5
2013,2,25,0,NULO,36.5,19
2013,2,26,0,NULO,27,16
2013,2,27,0,NULO,31.5,12.5
2013,2,28,0,NULO,22,13.5
2013,3,1,0,NULO,20,13.5
2013,3,2,0,NULO,28,10
2013,3,3,0,NULO,30,7
2013,3,4,0,NULO,37.5,9
2013,3,5,0,NULO,33.5,11
2013,3,6,0,NULO,27,13
2013,3,7,0,NULO,29,12
2013,3,8,0,NULO,30.5,14
2013,3,9,0,NULO,32,19.5
2013,3,10,0,NULO,31.5,18
2013,3,11,0,NULO,26.5,18.5
2013,3,12,0,NULO,30,10.5
2013,3,13,0,NULO,27,12.5
2013,3,14,0,NULO,29.5,11.5
2013,3,15,0,NULO,29,12
2013,3,16,0,NULO,29,14.5
2013,3,17,0,NULO,39.5,13
2013,3,18,0,NULO,42.5,16
2013,3,19,0,NULO,37,18
2013,3,20,2,NULO,28,17
2013,3,21,0,NULO,34.5,20
2013,3,22,0,NULO,42.5,20
2013,3,23,0,NULO,44,21
2013,3,24,0,NULO,33,16
2013,3,25,5.5,NULO,25.5,17
2013,3,26,6,NULO,19.5,16
2013,3,27,3,NULO,23.5,14.5
2013,3,28,0,NULO,29,15
2013,3,29,0,NULO,32.5,19
2013,3,30,0,NULO,32.5,19
2013,3,31,0,NULO,30,18
2013,4,1,3.5,NULO,28.5,19.5
2013,4,2,0,NULO,34,21
2013,4,3,0,NULO,33,21.5
2013,4,4,0,NULO,25.5,20
2013,4,5,0,NULO,31.5,15
2013,4,6,0,NULO,31.5,13.5
2013,4,7,0,NULO,33.5,18
2013,4,8,0,NULO,37,20
2013,4,9,0,NULO,39,20.5
2013,4,10,0,NULO,40,19
2013,4,11,0,NULO,29,21
2013,4,12,0,NULO,30.5,18
2013,4,13,0,NULO,34.5,19
2013,4,14,0,NULO,37,21
2013,4,15,0,NULO,39,19.5
2013,4,16,0,NULO,35.5,19.5
2013,4,17,0,NULO,37,21
2013,4,18,0,NULO,40,22
2013,4,19,0,NULO,26.5,20
2013,4,20,0,NULO,29,12.5
2013,4,21,0,NULO,33,13
2013,4,22,0,NULO,33,17
2013,4,23,0,NULO,34.5,18.5
2013,4,24,1.5,NULO,28,20.5
2013,4,25,0,NULO,25,16.5
2013,4,26,0,NULO,35,18.5
2013,4,27,0,NULO,35,19
2013,4,28,0,NULO,35,21
2013,4,29,0,NULO,34,22
2013,4,30,0,NULO,37.5,22.5
2013,5,1,0,NULO,41,22
2013,5,2,0,NULO,35,22
2013,5,3,1.5,NULO,24,19
2013,5,4,0,NULO,29.5,15
2013,5,5,0,NULO,31.5,13.5
2013,5,6,0,NULO,34,15
2013,5,7,0,NULO,35,18.5
2013,5,8,0,NULO,36,21
2013,5,9,0,NULO,37,21
2013,5,10,0,NULO,37,23
2013,5,11,1,NULO,34,23
2013,5,12,6,NULO,25,22
2013,5,13,1,NULO,24,18
2013,5,14,4,NULO,28,18
2013,5,15,0,NULO,35,19.5
2013,5,16,0,NULO,31.5,21
2013,5,17,0,NULO,37,21.5
2013,5,18,0,NULO,39,23
2013,5,19,0,NULO,38,22.5
2013,5,20,0,NULO,39,23.5
2013,5,21,0,NULO,38.5,23.5
2013,5,22,0,NULO,37,24
2013,5,23,0,NULO,39.5,25
2013,5,24,13,NULO,38,24
2013,5,25,13,NULO,35,23
2013,5,26,6.5,NULO,33,22
2013,5,27,0,NULO,33.5,21
2013,5,28,2,NULO,36,22.5
2013,5,29,0,NULO,30.5,24
2013,5,30,0,NULO,38,24
2013,5,31,0,NULO,39.5,25
2013,6,1,0,NULO,40,23
2013,6,2,23,NULO,38,23
2013,6,3,8,NULO,34,23
2013,6,4,0,NULO,37,21.5
2013,6,5,0,NULO,33,22
2013,6,6,0,NULO,38,22
2013,6,7,0,NULO,36.5,22.5
2013,6,8,0,NULO,39,22
2013,6,9,0,NULO,38.5,24
2013,6,10,27,NULO,35,24.5
2013,6,11,0,NULO,36,22.5
2013,6,12,9,NULO,33,23.5
2013,6,13,1.5,NULO,35,23.5
2013,6,14,0,NULO,35.5,24.5
2013,6,15,0,NULO,36,24
2013,6,16,0,NULO,37.5,24.5
2013,6,17,0,NULO,37,22.5
2013,6,18,0,NULO,37,22.5
2013,6,19,11.5,NULO,33.5,23
2013,6,20,14,NULO,33,23
2013,6,21,26.5,NULO,28,21
2013,6,22,0,NULO,34,21
2013,6,23,0,NULO,34.5,20
2013,6,24,0,NULO,35,21
2013,6,25,13,NULO,34.5,24
2013,6,26,0,NULO,35,23
2013,6,27,0,NULO,35.5,22.5
2013,6,28,0,NULO,36.5,23
2013,6,29,0,NULO,37.5,21
2013,6,30,0,NULO,37,22
2013,7,1,0,NULO,36,22
2013,7,2,5,NULO,35,22.5
2013,7,3,0,NULO,34,22
2013,7,4,0,NULO,34,22.5
2013,7,5,0,NULO,36,23
2013,7,6,63,NULO,35,24
2013,7,7,26,NULO,25.5,22.5
2013,7,8,8.5,NULO,30,22.5
2013,7,9,0,NULO,30,23
2013,7,10,5,NULO,33,21
2013,7,11,4.5,NULO,34,22
2013,7,12,0,NULO,35,22
2013,7,13,3.5,NULO,34,22
2013,7,14,0,NULO,36,22
2013,7,15,0,NULO,36,23
2013,7,16,9.5,NULO,32.5,22
2013,7,17,21.5,NULO,32.5,23
2013,7,18,9,NULO,31,22
2013,7,19,0,NULO,34,23
2013,7,20,0,NULO,35,23
2013,7,21,0,NULO,35,24
2013,7,22,1.5,NULO,35,25
2013,7,23,1.8,NULO,34,24
2013,7,24,0,NULO,34.5,22
2013,7,25,0.3,NULO,35,22.5
2013,7,26,0,NULO,36,23.5
2013,7,27,0,NULO,36.5,23
2013,7,28,0,NULO,36.5,23.5
2013,7,29,0,NULO,37.5,22.5
2013,7,30,0,NULO,37.5,23
2013,7,31,0,NULO,37.5,23
2013,8,1,0,NULO,38,22.5
2013,8,2,0,NULO,37,21
2013,8,3,0,NULO,37,21
2013,8,4,0,NULO,35,22
2013,8,5,0,NULO,37.5,22
2013,8,6,0,NULO,37,23
2013,8,7,0,NULO,38,23
2013,8,8,0,NULO,38.5,23
2013,8,9,8,NULO,38,23
2013,8,10,10.5,NULO,28.5,20.5
2013,8,11,0,NULO,32,21
2013,8,12,13,NULO,32.5,23
2013,8,13,0,NULO,34.5,22.5
2013,8,14,0,NULO,35,22
2013,8,15,0,NULO,36,23
2013,8,16,0,NULO,37,23
2013,8,17,0,NULO,36.5,23.5
2013,8,18,0,NULO,36,23
2013,8,19,0,NULO,35.5,20
2013,8,20,0,NULO,35,20.5
2013,8,21,4,NULO,32,23
2013,8,22,0,NULO,34,20.5
2013,8,23,9.5,NULO,35,21
2013,8,24,0,NULO,34.5,23
2013,8,25,46,NULO,32,23.5
2013,8,26,97,NULO,29,22.5
2013,8,27,2.5,NULO,31,22.5
2013,8,28,5,NULO,33,22
2013,8,29,13.5,NULO,32,22.5
2013,8,30,0,NULO,34,22.5
2013,8,31,0,NULO,36,22.5
2013,9,1,0,NULO,37,22
2013,9,2,20.5,NULO,34.5,22.5
2013,9,3,4.5,NULO,32,22.5
2013,9,4,6,NULO,34,23
2013,9,5,34,NULO,31,23
2013,9,6,34,NULO,25,23
2013,9,7,24,NULO,28,23
2013,9,8,0,NULO,31,23
2013,9,9,0,NULO,32,22
2013,9,10,35,NULO,32,23
2013,9,11,7.5,NULO,30.5,23
2013,9,12,76,NULO,32,23
2013,9,13,12.5,NULO,26.5,23
2013,9,14,36,NULO,27,23
2013,9,15,14,NULO,30.5,23
2013,9,16,2,NULO,31,23
2013,9,17,95,NULO,26,23.5
2013,9,18,4,NULO,32,23
2013,9,19,1,NULO,31.5,23
2013,9,20,0,NULO,34.5,24
2013,9,21,15.5,NULO,27.5,25
2013,9,22,0,NULO,31.5,22.5
2013,9,23,0,NULO,30,21
2013,9,24,0,NULO,35.5,21.5
2013,9,25,0,NULO,34,21.5
2013,9,26,6,NULO,33,22.5
2013,9,27,0,NULO,32.5,24
2013,9,28,0,NULO,36,24.5
2013,9,29,0,NULO,35,24.5
2013,9,30,0,NULO,33,22.5
2013,10,1,0,NULO,35.5,22
2013,10,2,0,NULO,35.5,23
2013,10,3,0,NULO,35.5,21
2013,10,4,0,NULO,36,21.5
2013,10,5,1,NULO,36.5,21.5
2013,10,6,18.5,NULO,28.5,23
2013,10,7,0,NULO,27.5,20
2013,10,8,0,NULO,30.5,16
2013,10,9,0,NULO,32,16
2013,10,10,0,NULO,34,17
2013,10,11,0,NULO,35,20.5
2013,10,12,0,NULO,34,21.5
2013,10,13,0,NULO,35,23.5
2013,10,14,0,NULO,32.5,21.5
2013,10,15,0,NULO,35,21
2013,10,16,0,NULO,30,20
2013,10,17,0,NULO,31,20.5
2013,10,18,0,NULO,34.5,22
2013,10,19,111.5,NULO,26,22.5
2013,10,20,0,NULO,24.5,20.5
2013,10,21,0,NULO,32,19
2013,10,22,7,NULO,24,19.5
2013,10,23,0,NULO,25,20
2013,10,24,0,NULO,28,16.5
2013,10,25,62.5,NULO,24,16.5
2013,10,26,24.5,NULO,25,17
2013,10,27,0,NULO,28,21
2013,10,28,0,NULO,33,21.5
2013,10,29,2.5,NULO,32.5,21
2013,10,30,0,NULO,32,22.5
2013,10,31,0,NULO,34,23.5
2013,11,1,3.5,NULO,35,23.5
2013,11,2,0,NULO,25,23
2013,11,3,0,NULO,29.5,14.5
2013,11,4,0,NULO,31.5,15
2013,11,5,0,NULO,32,19
2013,11,6,12.9,NULO,32,19
2013,11,7,27,NULO,NULO,NULO
2013,11,8,0,NULO,22,14
2013,11,9,0,NULO,27.5,15
2013,11,10,0,NULO,27,17
2013,11,11,3,NULO,25.5,19
2013,11,12,8.5,NULO,24,20
2013,11,13,0,NULO,15.5,15
2013,11,14,0,NULO,21.5,12
2013,11,15,0,NULO,30.5,13.5
2013,11,16,0,NULO,31.5,15.5
2013,11,17,0,NULO,33,19
2013,11,18,0,NULO,31,20
2013,11,19,0,NULO,29,21.5
2013,11,20,0,NULO,31,21.5
2013,11,21,0,NULO,33,21
2013,11,22,0,NULO,32,23
2013,11,23,1.5,NULO,NULO,NULO
2013,11,24,0,NULO,18,11
2013,11,25,2,NULO,24.5,11.5
2013,11,26,0,NULO,20,10.5
2013,11,27,0,NULO,20,8.5
2013,11,28,0,NULO,19.5,7
2013,11,29,0,NULO,23,8.5
2013,11,30,0,NULO,27,15
2013,12,1,0,NULO,29,15
2013,12,2,0,NULO,30,15
2013,12,3,0,NULO,31,16
2013,12,4,0,NULO,34,17
2013,12,5,0,NULO,35.5,19
2013,12,6,2,NULO,24.5,20
2013,12,7,0,NULO,15,11
2013,12,8,0,NULO,25,11
2013,12,9,3.5,NULO,26.5,14
2013,12,10,6,NULO,14,13
2013,12,11,17.5,NULO,20,12
2013,12,12,10,NULO,14.5,13
2013,12,13,0,NULO,26,11.5
2013,12,14,0,NULO,23.5,13
2013,12,15,0,NULO,21,12.5
2013,12,16,0,NULO,24,8
2013,12,17,0,NULO,27,8.5
2013,12,18,0,NULO,25.5,10.5
2013,12,19,0,NULO,28,15
2013,12,20,0,NULO,30,16
2013,12,21,0,NULO,33,12.5
2013,12,22,0,NULO,28,18
2013,12,23,0,NULO,21.5,17
2013,12,24,0,NULO,20,13
2013,12,25,0,NULO,22.5,10
2013,12,26,43.5,NULO,15.5,12
2013,12,27,17,NULO,14.5,11
2013,12,28,0,NULO,14.5,12
2013,12,29,2,NULO,23,11
2013,12,30,16.5,NULO,18,12.5
2013,12,31,19,NULO,15.5,11
2016,1,1,15,NULO,16.5,14
2016,1,2,8.5,NULO,15,10
2016,1,3,0,NULO,14,9.5
2016,1,4,0,NULO,16,10
2016,1,5,2,NULO,22,13
2016,1,6,0,NULO,28,14
2016,1,7,0,NULO,32,14
2016,1,8,0,NULO,29,14
2016,1,9,0,NULO,25.5,13.5
2016,1,10,0,NULO,18.5,13.5
2016,1,11,0,NULO,21.5,12.5
2016,1,12,5.5,NULO,16,13
2016,1,13,1,NULO,18,13.5
2016,1,14,0,NULO,28.5,13
2016,1,15,0,NULO,32,13
2016,1,16,0,NULO,30,14
2016,1,17,0,NULO,25,9
2016,1,18,0,NULO,19.5,9
2016,1,19,0,NULO,25,14.5
2016,1,20,0,NULO,27.5,13
2016,1,21,0,NULO,31,12
2016,1,22,0,NULO,26,13
2016,1,23,0,NULO,26,6.5
2016,1,24,0,NULO,27.5,7.5
2016,1,25,0,NULO,26.5,9.5
2016,1,26,0,NULO,29,11.5
2016,1,27,2,NULO,14.5,13
2016,1,28,0,NULO,22.5,7
2016,1,29,0,NULO,25.5,8
2016,1,30,0,NULO,28.5,7.5
2016,1,31,0,NULO,34.5,10.5
2016,2,1,0,NULO,33,12.5
2016,2,2,0,NULO,29.5,15
2016,2,3,0,NULO,30,11
2016,2,4,0,NULO,22,11
2016,2,5,0,NULO,21.5,12
2016,2,6,0,NULO,27,12
2016,2,7,0,NULO,23.5,8
2016,2,8,0,NULO,26.5,10
2016,2,9,0,NULO,23,9.5
2016,2,10,0,NULO,29,9.5
2016,2,11,0,NULO,30,7
2016,2,12,0,NULO,31,8
2016,2,13,0,NULO,29,11
2016,2,14,0,NULO,29.5,12
2016,2,15,0,NULO,31,14
2016,2,16,0,NULO,31,16
2016,2,17,0,NULO,30,14
2016,2,18,0,NULO,32,15
2016,2,19,0,NULO,30,15
2016,2,20,0,NULO,31,18
2016,2,21,0,NULO,30,16
2016,2,22,0,NULO,31,17
2016,2,23,0,NULO,38,18.5
2016,2,24,0,NULO,21,16
2016,2,25,0,NULO,27,8
2016,2,26,0,NULO,22,10
2016,2,27,0,NULO,22.5,14.5
2016,2,28,0,NULO,30,10
2016,2,29,0,NULO,29.5,16.5
2016,3,1,0,NULO,30.5,19
2016,3,2,0,NULO,27.5,19
2016,3,3,0,NULO,34,19
2016,3,4,0,NULO,30,20
2016,3,5,0,NULO,33,18
2016,3,6,0,NULO,33.5,18
2016,3,7,0,NULO,37,20
2016,3,8,27.5,NULO,32.5,18
2016,3,9,0,NULO,26,14.5
2016,3,10,0,NULO,31.5,14
2016,3,11,0,NULO,33,14
2016,3,12,0,NULO,35,16
2016,3,13,0,NULO,33,13.5
2016,3,14,0,NULO,35,19
2016,3,15,0,NULO,31.5,20
2016,3,16,0,NULO,32,22
2016,3,17,0,NULO,32.5,21
2016,3,18,0,NULO,25.5,22
2016,3,19,0,NULO,23,15
2016,3,20,0,NULO,24.5,15
2016,3,21,0,NULO,28,15.5
2016,3,22,0,NULO,33.5,15
2016,3,23,0,NULO,32.5,18
2016,3,24,0,NULO,31,15
2016,3,25,0,NULO,30,16
2016,3,26,0,NULO,35,18
2016,3,27,0,NULO,31.5,17
2016,3,28,0,NULO,34,20
2016,3,29,0,NULO,38,22
2016,3,30,0,NULO,38.5,22.5
2016,3,31,0,NULO,38,22
2016,4,1,0,NULO,42,22
2016,4,2,0,NULO,27.5,19
2016,4,3,0,NULO,28,16.5
2016,4,4,0,NULO,33.5,13
2016,4,5,0,NULO,32,14
2016,4,6,0,NULO,34.5,15
2016,4,7,0,NULO,33,16.5
2016,4,8,0,NULO,33.5,18
2016,4,9,0,NULO,33,18.5
2016,4,10,0,NULO,32.5,19
2016,4,11,0,NULO,36,20
2016,4,12,0,NULO,32,22
2016,4,13,0,NULO,32,22
2016,4,14,0,NULO,28,22
2016,4,15,0,NULO,31,22
2016,4,16,0,NULO,36.5,22
2016,4,17,0,NULO,37,23
2016,4,18,46,NULO,36,24
2016,4,19,2.5,NULO,33,19
2016,4,20,2,NULO,33,20.5
2016,4,21,0,NULO,35,20
2016,4,22,9.5,NULO,32.5,21
2016,4,23,0,NULO,35,18
2016,4,24,0,NULO,37.5,20
2016,4,25,0,NULO,36.5,23
2016,4,26,0,NULO,39,23
2016,4,27,0,NULO,37,23
2016,4,28,0,NULO,38,23
2016,4,29,0,NULO,37,23
2016,4,30,0,NULO,39,23
2016,5,1,0,NULO,38,22
2016,5,2,0,NULO,35,24
2016,5,3,4.5,NULO,28,21
2016,5,4,4,NULO,23,20.5
2016,5,5,0,NULO,33.5,20.5
2016,5,6,0,NULO,34,22.5
2016,5,7,0,NULO,34,15
2016,5,8,0,NULO,34,17
2016,5,9,0,NULO,34,20
2016,5,10,0,NULO,37,22
2016,5,11,0,NULO,36,24
2016,5,12,0,NULO,36.5,24.5
2016,5,13,0,NULO,36,22.5
2016,5,14,0,NULO,37,22
2016,5,15,24,NULO,36,21.5
2016,5,16,0,NULO,36.5,21
2016,5,17,0,NULO,32.5,22
2016,5,18,6,NULO,35,24
2016,5,19,0,NULO,37.5,25
2016,5,20,0,NULO,36,26
2016,5,21,0,NULO,37.5,26
2016,5,22,0,NULO,38.5,25
2016,5,23,0,NULO,37.5,26
2016,5,24,0,NULO,37,26.5
2016,5,25,0,NULO,37.5,26.5
2016,5,26,0,NULO,36,26
2016,5,27,0,NULO,38.5,25
2016,5,28,0,NULO,37,25
2016,5,29,0,NULO,37.5,25
2016,5,30,0,NULO,38,23
2016,5,31,6,NULO,38,24.5
2016,6,1,17,NULO,29,24
2016,6,2,0,NULO,36,22
2016,6,3,0,NULO,37,23
2016,6,4,0,NULO,39,21
2016,6,5,0,NULO,35.5,20
2016,6,6,0,NULO,37,20
2016,6,7,0,NULO,39,20.5
2016,6,8,0,NULO,39,20.5
2016,6,9,0,NULO,38.5,22
2016,6,10,4,NULO,38,23
2016,6,11,0,NULO,36.5,23
2016,6,12,0,NULO,37,23
2016,6,13,0,NULO,38.5,23
2016,6,14,0,NULO,39,23
2016,6,15,0,NULO,39.5,24
2016,6,16,0,NULO,39,25
2016,6,17,0,NULO,40,24
2016,6,18,29,NULO,38,24
2016,6,19,95,NULO,32.5,21.5
2016,6,20,68.5,NULO,26,22
2016,6,21,10,NULO,31.5,22
2016,6,22,0,NULO,34.5,21
2016,6,23,0,NULO,35.5,21
2016,6,24,0,NULO,35,22
2016,6,25,18,NULO,37.5,23
2016,6,26,0,NULO,33.5,22
2016,6,27,0,NULO,35,22
2016,6,28,0,NULO,35,24
2016,6,29,0,NULO,37,22
2016,6,30,0,NULO,38.5,22
2016,7,1,0,NULO,36.5,23
2016,7,2,0,NULO,35,23
2016,7,3,0,NULO,39,23.5
2016,7,4,0,NULO,37,23.5
2016,7,5,0,NULO,37.5,24
2016,7,6,0,NULO,36.5,23
2016,7,7,0,NULO,37.5,23
2016,7,8,0,NULO,38,23
2016,7,9,0,NULO,38,23.5
2016,7,10,0,NULO,39,25
2016,7,11,0,NULO,35,23.5
2016,7,12,0,NULO,34,24
2016,7,13,0,NULO,37.5,24
2016,7,14,0,NULO,38,23.5
2016,7,15,0,NULO,38,22
2016,7,16,0,NULO,38,23.5
2016,7,17,0,NULO,39,23
2016,7,18,0,NULO,37.5,22
2016,7,19,0,NULO,37.5,22
2016,7,20,40,NULO,35,23
2016,7,21,5.5,NULO,33.5,22
2016,7,22,0,NULO,35,22.5
2016,7,23,0,NULO,37,22.5
2016,7,24,0,NULO,37.5,23
2016,7,25,0,NULO,38,22.5
2016,7,26,0,NULO,37.5,23
2016,7,27,0,NULO,36,24
2016,7,28,20,NULO,33,23.5
2016,7,29,0,NULO,37.5,23.5
2016,7,30,6.5,NULO,35.5,23.5
2016,7,31,6.5,NULO,35.5,22
2016,8,1,0,NULO,36,23
2016,8,2,0,NULO,37.5,22
2016,8,3,0,NULO,39,22
2016,8,4,0,NULO,36.5,23
2016,8,5,22.5,NULO,35.5,23
2016,8,6,25.5,NULO,30.5,23
2016,8,7,0,NULO,34.5,23
2016,8,8,0,NULO,34,24
2016,8,9,5,NULO,35.5,24.5
2016,8,10,0,NULO,38,24
2016,8,11,0,NULO,38,24
2016,8,12,0,NULO,38,23
2016,8,13,0,NULO,38,24
2016,8,14,0,NULO,37.5,25
2016,8,15,0,NULO,39.5,23
2016,8,16,21.5,NULO,38,24
2016,8,17,4.5,NULO,33,22.5
2016,8,18,0,NULO,33,23
2016,8,19,0,NULO,34.5,21
2016,8,20,0,NULO,36,22
2016,8,21,3,NULO,36,24
2016,8,22,7,NULO,34,23
2016,8,23,20,NULO,36.5,22
2016,8,24,0,NULO,32,21
2016,8,25,0,NULO,35.5,22
2016,8,26,0,NULO,36.5,22.5
2016,8,27,0,NULO,37,23
2016,8,28,0,NULO,37.5,22
2016,8,29,0,NULO,38.5,22
2016,8,30,0,NULO,38,22.5
2016,8,31,0,NULO,36.5,22.5
2016,9,1,0,NULO,36,23.5
2016,9,2,0,NULO,33,23
2016,9,3,6,NULO,31,23
2016,9,4,16,NULO,28.5,22
2016,9,5,6,NULO,33.5,21
2016,9,6,3.5,NULO,35,22.5
2016,9,7,5,NULO,33,23
2016,9,8,0,NULO,36,22.5
2016,9,9,0,NULO,37,21
2016,9,10,0,NULO,37.5,22
2016,9,11,0,NULO,36.5,23
2016,9,12,0,NULO,38,22.5
2016,9,13,0,NULO,38,22.5
2016,9,14,0,NULO,36.5,22.5
2016,9,15,0,NULO,38,22
2016,9,16,0,NULO,36.5,22
2016,9,17,4,NULO,36.5,22.5
2016,9,18,0,NULO,37.5,23
2016,9,19,0,NULO,37,23.5
2016,9,20,0,NULO,36,23.5
2016,9,21,0,NULO,37.5,21
2016,9,22,0,NULO,37.5,21
2016,9,23,0,NULO,37,21.5
2016,9,24,0,NULO,38,21.5
2016,9,25,0,NULO,37,22
2016,9,26,30.5,NULO,34,22.5
2016,9,27,46,NULO,27,23
2016,9,28,26,NULO,26,21
2016,9,29,2,NULO,29.5,21.5
2016,9,30,18,NULO,29,22
2016,10,1,0,NULO,33,22
2016,10,2,0,NULO,33,21
2016,10,3,0,NULO,35.5,21
2016,10,4,0,NULO,36.5,21.5
2016,10,5,0,NULO,37,21.5
2016,10,6,0,NULO,35,23
2016,10,7,3,NULO,37,22
2016,10,8,9,NULO,32.5,21
2016,10,9,11,NULO,28.5,23
2016,10,10,0,NULO,29,21
2016,10,11,0,NULO,35,20
2016,10,12,0,NULO,35.5,20
2016,10,13,0,NULO,24,20
2016,10,14,0,NULO,32,20
2016,10,15,0,NULO,34.5,20
2016,10,16,0,NULO,36,21
2016,10,17,0,NULO,36.5,21
2016,10,18,0,NULO,38,20.5
2016,10,19,0,NULO,33.5,21
2016,10,20,30,NULO,37.5,19.5
2016,10,21,0,NULO,21,16.5
2016,10,22,0,NULO,29,20
2016,10,23,0,NULO,29.5,19
2016,10,24,0,NULO,36,20
2016,10,25,0,NULO,34,20
2016,10,26,0,NULO,34.5,20
2016,10,27,0,NULO,31.5,20
2016,10,28,5,NULO,34,19.5
2016,10,29,0,NULO,31,18
2016,10,30,0,NULO,33.5,18
2016,10,31,0,NULO,34,19.5
2016,11,1,0,NULO,35,20
2016,11,2,0,NULO,35,22
2016,11,3,40,NULO,25,22
2016,11,4,15,NULO,34,21.5
2016,11,5,0,NULO,35,19
2016,11,6,5.5,NULO,29,20
2016,11,7,0,NULO,25.5,19
2016,11,8,4,NULO,23,18
2016,11,9,0,NULO,23,18
2016,11,10,0,NULO,20.5,17
2016,11,11,0,NULO,28,16
2016,11,12,0,NULO,29,18
2016,11,13,0,NULO,29,18
2016,11,14,0,NULO,29.5,21
2016,11,15,0,NULO,31,17
2016,11,16,2,NULO,32.5,19
2016,11,17,0,NULO,21,16.5
2016,11,18,0,NULO,25.5,14.5
2016,11,19,0,NULO,29.5,14
2016,11,20,0,NULO,33,15
2016,11,21,0,NULO,31,16
2016,11,22,0,NULO,33,15.5
2016,11,23,0,NULO,30.5,16
2016,11,24,0,NULO,28,18
2016,11,25,0,NULO,31.5,16
2016,11,26,0,NULO,37.5,16
2016,11,27,0,NULO,38,18
2016,11,28,0,NULO,30,19
2016,11,29,0,NULO,30,17
2016,11,30,0,NULO,30,16
2016,12,1,0,NULO,31,19
2016,12,2,0,NULO,31.5,19
2016,12,3,0,NULO,33.5,20
2016,12,4,0,NULO,30,21
2016,12,5,0,NULO,22.5,17
2016,12,6,0,NULO,32,17
2016,12,7,0,NULO,30.5,18
2016,12,8,0,NULO,28,20
2016,12,9,0,NULO,13,9.5
2016,12,10,4,NULO,17,9
2016,12,11,0,NULO,31,11.5
2016,12,12,0,NULO,32,14
2016,12,13,0,NULO,33,14.5
2016,12,14,36,NULO,31,19
2016,12,15,0,NULO,25.5,21
2016,12,16,0,NULO,31,20
2016,12,17,0,NULO,33,20
2016,12,18,0,NULO,24,20
2016,12,19,0,NULO,13.5,10
2016,12,20,11.5,NULO,18,10.5
2016,12,21,0,NULO,26,10.5
2016,12,22,0,NULO,30,13.5
2016,12,23,0,NULO,31.5,15.5
2016,12,24,0,NULO,30.5,17
2016,12,25,0,NULO,32,17
2016,12,26,33,NULO,30,19
2016,12,27,33,NULO,32,19.5
2016,12,28,33,NULO,32,18
2016,12,29,0,NULO,31,18
2016,12,30,5,NULO,15,14
2016,12,31,0,NULO,30,11
2017,1,1,0,NULO,31,15.5
2017,1,2,0,NULO,34.5,17
2017,1,3,0,NULO,30,18
2017,1,4,0,NULO,30,19
2017,1,5,0,NULO,29,19
2017,1,6,0,NULO,23,19
2017,1,7,0,NULO,10,8
2017,1,8,0,NULO,16.5,7
2017,1,9,0,NULO,28,9
2017,1,10,0,NULO,29,12.5
2017,1,11,0,NULO,30,13
2017,1,12,0,NULO,32,14.5
2017,1,13,8.5,NULO,30.5,17
2017,1,14,0,NULO,31,16
2017,1,15,1,NULO,27,17
2017,1,16,0,NULO,31,17.5
2017,1,17,0,NULO,31.5,18
2017,1,18,0,NULO,34,19
2017,1,19,0,NULO,32,19
2017,1,20,0,NULO,29.5,19
2017,1,21,0,NULO,30.5,18
2017,1,22,0,NULO,30,16.5
2017,1,23,0,NULO,31.5,12.5
2017,1,24,0,NULO,33.5,11.5
2017,1,25,0,NULO,32,13
2017,1,26,0,NULO,26,16
2017,1,27,0,NULO,27,16.5
2017,1,28,0,NULO,19,16.5
2017,1,29,0,NULO,22.5,6
2017,1,30,0,NULO,28,6
2017,1,31,0,NULO,29,8
2017,2,1,0,NULO,29,10
2017,2,2,0,NULO,30,10
2017,2,3,0,NULO,33.5,15
2017,2,4,48,NULO,29,17
2017,2,5,3,NULO,26.5,17
2017,2,6,3.5,NULO,28.5,18
2017,2,7,0,NULO,31.5,19
2017,2,8,0,NULO,34,19
2017,2,9,0,NULO,34,19.5
2017,2,10,0,NULO,28,18.5
2017,2,11,0,NULO,32.5,18.5
2017,2,12,0,NULO,32,17.5
2017,2,13,0,NULO,32.5,18
2017,2,14,0,NULO,31,18
2017,2,15,0,NULO,32,18
2017,2,16,0,NULO,23,17.5
2017,2,17,0,NULO,33,16
2017,2,18,0,NULO,34.5,16
2017,2,19,0,NULO,34.5,17.5
2017,2,20,0,NULO,31.5,19
2017,2,21,0,NULO,34,17
2017,2,22,0,NULO,37,11.5
2017,2,23,0,NULO,32,10
2017,2,24,0,NULO,36.5,12
2017,2,25,0,NULO,32.5,14
2017,2,26,0,NULO,33.5,9.5
2017,2,27,0,NULO,34.5,19
2017,2,28,23.5,NULO,36,19.5
2017,3,1,0,NULO,NULO,NULO
2017,3,2,0,NULO,23.5,16
2017,3,3,17,NULO,22,16
2017,3,4,0,NULO,23.5,14
2017,3,5,0,NULO,32,14.5
2017,3,6,0,NULO,32.5,18
2017,3,7,0,NULO,34,14
2017,3,8,0,NULO,31.5,19
2017,3,9,1.5,NULO,33,18
2017,3,10,0,NULO,32.5,18.5
2017,3,11,21,NULO,27,20
2017,3,12,0,NULO,29,18
2017,3,13,0,NULO,30.5,18
2017,3,14,0,NULO,30,18
2017,3,15,0,NULO,32,17
2017,3,16,0,NULO,32,18.5
2017,3,17,0,NULO,31.5,16
2017,3,18,0,NULO,32.5,18
2017,3,19,0,NULO,32,16.5
2017,3,20,0,NULO,32.5,15
2017,3,21,0,NULO,32.5,14
2017,3,22,0,NULO,33,16.5
2017,3,23,0,NULO,33,16
2017,3,24,0,NULO,33,18.5
2017,3,25,0,NULO,34,18.5
2017,3,26,0,NULO,34.5,19
2017,3,27,0,NULO,36,19.5
2017,3,28,0,NULO,34.5,19.5
2017,3,29,0,NULO,37,21.5
2017,3,30,0,NULO,32.5,21.5
2017,3,31,NULO,NULO,NULO,NULO
2017,4,1,0,NULO,33,19
2017,4,2,0,NULO,40.5,21.5
2017,4,3,0,NULO,33,21
2017,4,4,0,NULO,36.5,17.5
2017,4,5,0,NULO,32.5,18
2017,4,6,0,NULO,30.5,15.5
2017,4,7,0,NULO,28,16.5
2017,4,8,0,NULO,33,17
2017,4,9,0,NULO,35,19.5
2017,4,10,0,NULO,35,21.5
2017,4,11,0,NULO,35,22.5
2017,4,12,0,NULO,34,21.5
2017,4,13,0,NULO,35,17
2017,4,14,0,NULO,35,19
2017,4,15,0,NULO,36.5,19
2017,4,16,0,NULO,35.5,18
2017,4,17,0,NULO,35.5,22
2017,4,18,0,NULO,35.5,15.5
2017,4,19,0,NULO,35.5,17
2017,4,20,0,NULO,36.5,18
2017,4,21,0,NULO,37,18
2017,4,22,NULO,NULO,30,20
2017,4,23,0,NULO,34,19
2017,4,24,0,NULO,34.5,19.5
2017,4,25,0,NULO,40.5,19
2017,4,26,0,NULO,44.5,19
2017,4,27,0,NULO,38.5,19
2017,4,28,0,NULO,38.5,21
2017,4,29,0,NULO,41,22
2017,4,30,0,NULO,34,19
2017,5,1,0,NULO,35,15
2017,5,2,0,NULO,35,17
2017,5,3,0,NULO,38.5,21
2017,5,4,0,NULO,32,23
2017,5,5,0,NULO,34,16
2017,5,6,0,NULO,35,16
2017,5,7,0,NULO,35,18
2017,5,8,0,NULO,34.5,20
2017,5,9,0,NULO,36,22
2017,5,10,0,NULO,36,22.5
2017,5,11,0,NULO,38.5,23
2017,5,12,0,NULO,37,23
2017,5,13,0,NULO,37.5,24
2017,5,14,0,NULO,37.5,22
2017,5,15,0,NULO,45,22
2017,5,16,0,NULO,39,22.5
2017,5,17,0,NULO,38.5,24
2017,5,18,0,NULO,36,23.5
2017,5,19,0,NULO,37,22
2017,5,20,0,NULO,39,24.5
2017,5,21,0,NULO,39.5,26
2017,5,22,0,NULO,39,25
2017,5,23,0,NULO,34,26
2017,5,24,0,NULO,40,21
2017,5,25,0,NULO,43,21
2017,5,26,0,NULO,42,16
2017,5,27,0,NULO,42,27
2017,5,28,0,NULO,41,24
2017,5,29,0,NULO,32,24
2017,5,30,0,NULO,36,21
2017,5,31,23.5,NULO,35,26
2017,6,1,3,NULO,36.5,22
2017,6,2,1,NULO,36,22
2017,6,3,0,NULO,38,21
2017,6,4,0,NULO,39,21
2017,6,5,0,NULO,42,24
2017,6,6,7.5,NULO,42,23
2017,6,7,0,NULO,40,21.5
2017,6,8,0,NULO,40,22
2017,6,9,0,NULO,39,21
2017,6,10,0,NULO,39,21
2017,6,11,0,NULO,40,26
2017,6,12,0,NULO,40,25
2017,6,13,0,NULO,39,23
2017,6,14,0,NULO,39,22
2017,6,15,0,NULO,40,21
2017,6,16,0,NULO,40,22
2017,6,17,0,NULO,41,22
2017,6,18,0,NULO,40,22
2017,6,19,0,NULO,41,22.5
2017,6,20,0,NULO,42,21
2017,6,21,0,NULO,40,22
2017,6,22,0,NULO,46,22.5
2017,6,23,0,NULO,33,22
2017,6,24,28,NULO,35,23
2017,6,25,1,NULO,38,23.5
2017,6,26,0,NULO,40,20.5
2017,6,27,0,NULO,40,21
2017,6,28,0,NULO,39,22
2017,6,29,18,NULO,37,26
2017,6,30,NULO,NULO,37,26.5
2017,7,1,4,NULO,38,25
2017,7,2,0,NULO,38,23
2017,7,3,0,NULO,38,22
2017,7,4,0,NULO,38,21
2017,7,5,0,NULO,39,22
2017,7,6,0,NULO,38,21
2017,7,7,20,NULO,33,21
2017,7,8,14,NULO,32,20
2017,7,9,22,NULO,31,21
2017,7,10,1,NULO,39,19.5
2017,7,11,1,NULO,37,21
2017,7,12,0,NULO,40,21
2017,7,13,0,NULO,41,25
2017,7,14,0,NULO,40,22.5
2017,7,15,0,NULO,41,21
2017,7,16,0,NULO,39,18
2017,7,17,0,NULO,40,18
2017,7,18,6.5,NULO,39.5,21
2017,7,19,1,NULO,40,20
2017,7,20,0,NULO,41,21
2017,7,21,0,NULO,38,20.5
2017,7,22,0,NULO,38.5,21.5
2017,7,23,11,NULO,37.5,20
2017,7,24,32,NULO,34,21
2017,7,25,0,NULO,38,21.5
2017,7,26,0,NULO,39,20
2017,7,27,0,NULO,40,20
2017,7,28,0,NULO,40.5,21
2017,7,29,0,NULO,41.5,20.5
2017,7,30,0,NULO,42,22
2017,7,31,0,NULO,42.5,21
2017,8,1,0,NULO,43,21.5
2017,8,2,0,NULO,40,21
2017,8,3,0,NULO,42.5,22
2017,8,4,0,NULO,42.5,21.5
2017,8,5,0,NULO,42,21.5
2017,8,6,0,NULO,42.5,22
2017,8,7,0,NULO,42,22
2017,8,8,0,NULO,38,22.5
2017,8,9,28,NULO,33,21.5
2017,8,10,0,NULO,39,22
2017,8,11,0,NULO,39.5,21
2017,8,12,0,NULO,39.5,22
2017,8,13,0,NULO,40,20.5
2017,8,14,0,NULO,41,21.5
2017,8,15,0,NULO,39.5,22.5
2017,8,16,0,NULO,39.5,23
2017,8,17,0,NULO,40.5,21
2017,8,18,0,NULO,41.5,21
2017,8,19,0,NULO,42,21
2017,8,20,0,NULO,40,20
2017,8,21,17,NULO,40,22
2017,8,22,0,NULO,39.5,21.5
2017,8,23,0,NULO,41,21
2017,8,24,0,NULO,42.5,21
2017,8,25,0,NULO,42.5,21.5
2017,8,26,0,NULO,41.5,22
2017,8,27,0,NULO,41,23
2017,8,28,0,NULO,42.5,22.5
2017,8,29,9,NULO,38,22.5
2017,8,30,0,NULO,40,22.5
2017,8,31,0,NULO,38,22
2017,9,1,0,NULO,38.5,20.5
2017,9,2,5,NULO,38,21.5
2017,9,3,22.5,NULO,34.5,21
2017,9,4,40,NULO,33,21.5
2017,9,5,0,NULO,32.5,21.5
2017,9,6,28,NULO,30,20.5
2017,9,7,7.5,NULO,30,20
2017,9,8,50,NULO,32,21
2017,9,9,38,NULO,36,20
2017,9,10,0,NULO,37,19.5
2017,9,11,0,NULO,39,18.5
2017,9,12,0,NULO,40.5,18.5
2017,9,13,0,NULO,41,18
2017,9,14,0,NULO,40.5,18.5
2017,9,15,0,NULO,40,19
2017,9,16,0,NULO,39,21.5
2017,9,17,0,NULO,38.5,22
2017,9,18,0,NULO,40.5,23
2017,9,19,0,NULO,41,22
2017,9,20,0,NULO,38,21
2017,9,21,0,NULO,39.5,21.5
2017,9,22,0,NULO,41,21.5
2017,9,23,2.5,NULO,36,21
2017,9,24,0,NULO,35,21
2017,9,25,0,NULO,39,22
2017,9,26,3.5,NULO,36.5,22
2017,9,27,8.5,NULO,37,22
2017,9,28,8,NULO,35,22.5
2017,9,29,21.5,NULO,29,21
2017,9,30,112.5,NULO,31.5,22.5
2017,10,1,13,NULO,34,21
2017,10,2,1,NULO,32,20.5
2017,10,3,40,NULO,40,21
2017,10,4,6,NULO,38.5,21
2017,10,5,0,NULO,37.5,22.5
2017,10,6,0,NULO,39,21
2017,10,7,0,NULO,40.5,20
2017,10,8,0,NULO,41,20
2017,10,9,0,NULO,39,21
2017,10,10,15.5,NULO,29,22
2017,10,11,6,NULO,28,18.5
2017,10,12,0,NULO,36.5,18
2017,10,13,0,NULO,36,18.5
2017,10,14,0,NULO,37.5,19.5
2017,10,15,0,NULO,37.5,20
2017,10,16,0,NULO,34.5,21
2017,10,17,0,NULO,35.5,18
2017,10,18,0,NULO,37,14
2017,10,19,0,NULO,38,14.5
2017,10,20,0,NULO,39,18.5
2017,10,21,0,NULO,38.5,19
2017,10,22,6,NULO,37,20.5
2017,10,23,5,NULO,34.5,22
2017,10,24,0,NULO,23,20
2017,10,25,0,NULO,36.5,14
2017,10,26,0,NULO,37.5,14
2017,10,27,0,NULO,26,14
2017,10,28,0,NULO,30,11
2017,10,29,0,NULO,33.5,14
2017,10,30,0,NULO,37,15
2017,10,31,0,NULO,38,16.5
2017,11,1,0,NULO,38,21
2017,11,2,0,NULO,38,20
2017,11,3,0,NULO,38,20
2017,11,4,0,NULO,38,23.5
2017,11,5,0,NULO,38,23
2017,11,6,0,NULO,36.5,20.5
2017,11,7,0,NULO,35,17
2017,11,8,2,NULO,28,17
2017,11,9,0,NULO,33,17
2017,11,10,0,NULO,37,16
2017,11,11,0,NULO,32.5,16
2017,11,12,0,NULO,36,17
2017,11,13,0,NULO,38,18.5
2017,11,14,0,NULO,26,16
2017,11,15,0,NULO,33,17
2017,11,16,0,NULO,36,13.5
2017,11,17,0,NULO,32,15.5
2017,11,18,0,NULO,34.5,8.5
2017,11,19,0,NULO,36.5,8
2017,11,20,0,NULO,32,10.5
2017,11,21,0,NULO,32,13
2017,11,22,0,NULO,32,14
2017,11,23,0,NULO,33,14
2017,11,24,0,NULO,32,15
2017,11,25,0,NULO,32,15
2017,11,26,0,NULO,34.5,13
2017,11,27,0,NULO,36,14
2017,11,28,0,NULO,36,14
2017,11,29,0,NULO,36,14
2017,11,30,0,NULO,34,14.5
2017,12,1,0,NULO,34,16
2017,12,2,0,NULO,34,17
2017,12,3,0,NULO,35,18
2017,12,4,0,NULO,34,19
2017,12,5,0,NULO,34,16
2017,12,6,3,NULO,19,16
2017,12,7,4,NULO,13,11
2017,12,8,0,NULO,25,7
2017,12,9,0,NULO,29.5,4.5
2017,12,10,0,NULO,31,3
2017,12,11,0,NULO,31.5,3.5
2017,12,12,0,NULO,32,6
2017,12,13,0,NULO,33.5,7
2017,12,14,0,NULO,22,12
2017,12,15,1,NULO,23,12
2017,12,16,0,NULO,31,10
2017,12,17,0,NULO,33,11
2017,12,18,0,NULO,31,14
2017,12,19,0,NULO,35,20
2017,12,20,0,NULO,36,21.5
2017,12,21,0,NULO,36,21
2017,12,22,3,NULO,34,21
2017,12,23,0,NULO,35,20
2017,12,24,0,NULO,31.5,16.5
2017,12,25,0,NULO,35,23
2017,12,26,0,NULO,34,13
2017,12,27,5,NULO,36,24
2017,12,28,0.5,NULO,24.5,13
2017,12,29,0,NULO,32.5,13
2017,12,30,0,NULO,33,11
2017,12,31,NULO,NULO,NULO,NULO
2018,1,1,20,NULO,18,14
2018,1,2,1,NULO,14,9.5
2018,1,3,1,NULO,24.5,7
2018,1,4,0,NULO,22.5,2
2018,1,5,0,NULO,31,4
2018,1,6,0,NULO,33.5,9
2018,1,7,0,NULO,32.5,13
2018,1,8,0,NULO,33,13
2018,1,9,0,NULO,34,8
2018,1,10,0,NULO,37,11
2018,1,11,0,NULO,30,9.5
2018,1,12,0,NULO,23,14.5
2018,1,13,0,NULO,27,6
2018,1,14,0,NULO,28.5,6.5
2018,1,15,2.5,NULO,22.5,11.5
2018,1,16,20,NULO,15,8
2018,1,17,3,NULO,16.5,4
2018,1,18,3,NULO,23.5,4
2018,1,19,2,NULO,31,5
2018,1,20,0,NULO,33,10
2018,1,21,0,NULO,29,13
2018,1,22,0,NULO,24.5,16
2018,1,23,0,NULO,22,13.5
2018,1,24,0,NULO,23,13
2018,1,25,0,NULO,30,10
2018,1,26,0,NULO,32,10.5
2018,1,27,23.5,NULO,24.5,13
2018,1,28,6,NULO,27.5,18
2018,1,29,0,NULO,29,16
2018,1,30,0,NULO,29,6
2018,1,31,0,NULO,33.5,6
2018,2,1,0,NULO,29,8.5
2018,2,2,0,NULO,33,13.5
2018,2,3,0,NULO,36.5,13
2018,2,4,0,NULO,33.5,24.5
2018,2,5,0,NULO,33,16
2018,2,6,0,NULO,33.5,19
2018,2,7,0,NULO,18.5,15
2018,2,8,0,NULO,24.5,15
2018,2,9,0,NULO,37,14.5
2018,2,10,1,NULO,37,14
2018,2,11,0,NULO,21,14.5
2018,2,12,0,NULO,31,11
2018,2,13,0,NULO,33.5,12.5
2018,2,14,0,NULO,36,14
2018,2,15,0,NULO,34,16
2018,2,16,0,NULO,35,17
2018,2,17,0,NULO,35.5,17
2018,2,18,0,NULO,35.5,18.5
2018,2,19,0,NULO,31,17
2018,2,20,0,NULO,36,18
2018,2,21,0,NULO,36,19
2018,2,22,0,NULO,38,19.5
2018,2,23,0,NULO,36,17.5
2018,2,24,0,NULO,38,20
2018,2,25,0,NULO,38,18
2018,2,26,0,NULO,33,17
2018,2,27,0,NULO,32,14
2018,2,28,0.6,NULO,32,15
2018,3,1,0,NULO,33,15
2018,3,2,0,NULO,38,18
2018,3,3,0,NULO,36,16
2018,3,4,0,NULO,36,16.5
2018,3,5,0,NULO,21,19
2018,3,6,6.5,NULO,38.5,18
2018,3,7,0,NULO,31,17.5
2018,3,8,0,NULO,34,15
2018,3,9,0,NULO,36,18
2018,3,10,0,NULO,39,19
2018,3,11,0,NULO,22,18
2018,3,12,0,NULO,19.5,15
2018,3,13,0,NULO,24,13
2018,3,14,2.5,NULO,32,6
2018,3,15,0,NULO,37.5,17
2018,3,16,0,NULO,39,17
2018,3,17,0,NULO,43,18
2018,3,18,0,NULO,33.5,20
2018,3,19,0,NULO,29,19
2018,3,20,0,NULO,31,18
2018,3,21,0,NULO,34.5,19
2018,3,22,0,NULO,37,17
2018,3,23,0,NULO,37.5,18
2018,3,24,0,NULO,36,17
2018,3,25,0,NULO,38.5,17.5
2018,3,26,0,NULO,38.5,19
2018,3,27,0,NULO,35.5,21
2018,3,28,0,NULO,35,21
2018,3,29,0,NULO,36,16
2018,3,30,0,NULO,36,16
2018,3,31,0,NULO,37.5,13
2018,4,1,0,NULO,37,22.5
2018,4,2,0,NULO,40.5,17.5
2018,4,3,0,NULO,40,19
2018,4,4,0,NULO,35,18
2018,4,5,0,NULO,39.5,18
2018,4,6,0,NULO,39.5,17.5
2018,4,7,0,NULO,31.5,20
2018,4,8,0,NULO,39,18
2018,4,9,0,NULO,31,19
2018,4,10,20,NULO,32,21
2018,4,11,0,NULO,37,16.5
2018,4,12,0,NULO,43,17
2018,4,13,0,NULO,35,20
2018,4,14,0,NULO,35,19
2018,4,15,0,NULO,35,12.5
2018,4,16,0,NULO,35.5,11.5
2018,4,17,0,NULO,37,12.5
2018,4,18,0,NULO,37,15.5
2018,4,19,0,NULO,36.5,19
2018,4,20,0,NULO,37,16
2018,4,21,0,NULO,36,17
2018,4,22,0,NULO,35,20.5
2018,4,23,0,NULO,35.5,21
2018,4,24,7.5,NULO,37.5,22.5
2018,4,25,3.5,NULO,35,18
2018,4,26,0,NULO,32,18.5
2018,4,27,3,NULO,29,19
2018,4,28,14,NULO,31,20
2018,4,29,1,NULO,30,18
2018,4,30,0,NULO,38,19
2018,5,1,0,NULO,38,21.5
2018,5,2,0,NULO,39,21
2018,5,3,0,NULO,38.5,21.5
2018,5,4,0,NULO,37.5,23.5
2018,5,5,0,NULO,37.5,21
2018,5,6,10.5,NULO,38.5,19.5
2018,5,7,0,NULO,35.5,20
2018,5,8,0,NULO,37,19
2018,5,9,0,NULO,38.5,17.5
2018,5,10,0,NULO,39.5,18.5
2018,5,11,0,NULO,40,16
2018,5,12,0,NULO,40,19
2018,5,13,0,NULO,40.5,21.5
2018,5,14,0,NULO,39,22
2018,5,15,0,NULO,38.5,23
2018,5,16,0,NULO,40.5,21.5
2018,5,17,0,NULO,40.5,19
2018,5,18,0,NULO,39.5,18
2018,5,19,0,NULO,37,17
2018,5,20,0,NULO,38,25
2018,5,21,7.5,NULO,38.5,21.5
2018,5,22,0,NULO,40,20
2018,5,23,0,NULO,41,21.5
2018,5,24,0,NULO,40.5,21
2018,5,25,0,NULO,42.5,20
2018,5,26,0,NULO,43,21
2018,5,27,0,NULO,42,20
2018,5,28,0,NULO,42.5,20
2018,5,29,0,NULO,42.5,21.5
2018,5,30,0,NULO,42,21
2018,5,31,0,NULO,42,22.5
2018,6,1,0,NULO,42.5,24
2018,6,2,0,NULO,42.5,22
2018,6,3,0,NULO,42.5,21.5
2018,6,4,0,NULO,40,21
2018,6,5,0,NULO,43,20
2018,6,6,1.5,NULO,42,22
2018,6,7,0,NULO,40,24
2018,6,8,9,NULO,37,22.5
2018,6,9,4.5,NULO,40,21
2018,6,10,0,NULO,40.5,21.5
2018,6,11,0,NULO,41,21
2018,6,12,6,NULO,34,22
2018,6,13,18,NULO,36,21
2018,6,14,0,NULO,40,21
2018,6,15,0,NULO,40,21
2018,6,16,0,NULO,40,21.5
2018,6,17,0,NULO,39,22
2018,6,18,0,NULO,40,20
2018,6,19,0,NULO,39,22
2018,6,20,0,NULO,39.5,21
2018,6,21,0,NULO,40,23
2018,6,22,0,NULO,42,22.5
2018,6,23,0,NULO,39,23
2018,6,24,19,NULO,36,22
2018,6,25,0,NULO,36.5,21.5
2018,6,26,0,NULO,38.5,22
2018,6,27,0,NULO,40,22
2018,6,28,0,NULO,40,21.5
2018,6,29,0,NULO,40,22
2018,6,30,0,NULO,40.5,23.5
2018,7,1,0,NULO,41,22.5
2018,7,2,0,NULO,40,22.5
2018,7,3,0,NULO,40.5,22
2018,7,4,0,NULO,41,21.5
2018,7,5,15,NULO,36,23
2018,7,6,4,NULO,32,21
2018,7,7,0,NULO,32,20.4
2018,7,8,0,NULO,38,21
2018,7,9,0,NULO,36.5,21
2018,7,10,15,NULO,38.5,20
2018,7,11,0,NULO,39.5,20
2018,7,12,1.5,NULO,39,20
2018,7,13,0,NULO,40,20.5
2018,7,14,0,NULO,40,21.5
2018,7,15,0,NULO,41,22
2018,7,16,0,NULO,40.5,23
2018,7,17,0,NULO,41,22
2018,7,18,0,NULO,43.5,22.5
2018,7,19,0,NULO,41.5,21.5
2018,7,20,0,NULO,42.5,21
2018,7,21,0,NULO,42.5,21.5
2018,7,22,0,NULO,43.5,21
2018,7,23,0,NULO,43.5,21
2018,7,24,0,NULO,43.5,23
2018,7,25,0,NULO,42.5,23
2018,7,26,0,NULO,41,23
2018,7,27,5,NULO,43,22
2018,7,28,0,NULO,40,21
2018,7,29,0,NULO,42.5,22
2018,7,30,0,NULO,43,21
2018,7,31,0,NULO,43,21.5
2018,8,1,0,NULO,37.5,24
2018,8,2,0,NULO,38,23
2018,8,3,0,NULO,37.5,22
2018,8,4,0,NULO,37,22.5
2018,8,5,0,NULO,38.5,22.5
2018,8,6,0,NULO,35,22.5
2018,8,7,0,NULO,37,23
2018,8,8,1.5,NULO,38,24
2018,8,9,0,NULO,37,21.5
2018,8,10,31.5,NULO,32.5,22
2018,8,11,0,NULO,35,22.5
2018,8,12,0,NULO,36,23
2018,8,13,0,NULO,33,23
2018,8,14,0,NULO,37.5,22
2018,8,15,0,NULO,37,23
2018,8,16,0,NULO,38.5,22
2018,8,17,7,NULO,32,22
2018,8,18,15,NULO,34,23
2018,8,19,0,NULO,31,21
2018,8,20,0,NULO,31,21.5
2018,8,21,0,NULO,33,21
2018,8,22,1.5,NULO,36,22
2018,8,23,0,NULO,36.5,22.5
2018,8,24,0,NULO,36.5,22
2018,8,25,0,NULO,38,21.5
2018,8,26,0,NULO,39,21
2018,8,27,0,NULO,39,21.5
2018,8,28,0,NULO,38,22
2018,8,29,0,NULO,36,23
2018,8,30,0,NULO,36,24
2018,8,31,0,NULO,36,23
2018,9,1,0,NULO,37,23
2018,9,2,35.5,NULO,35,23.5
2018,9,3,26,NULO,28,21.5
2018,9,4,5.5,NULO,30.5,19
2018,9,5,0,NULO,34,20
2018,9,6,6,NULO,32,22.5
2018,9,7,0,NULO,34,21.5
2018,9,8,3,NULO,32.5,21
2018,9,9,0,NULO,35,22
2018,9,10,0,NULO,36,22.5
2018,9,11,1,NULO,35.5,22.5
2018,9,12,40,NULO,28.5,23
2018,9,13,117.5,NULO,32.5,22
2018,9,14,34,NULO,27.5,22
2018,9,15,11,NULO,27.5,21.5
2018,9,16,1,NULO,32,22.5
2018,9,17,0,NULO,34,22
2018,9,18,0,NULO,35,22.5
2018,9,19,30,NULO,37,23
2018,9,20,0,NULO,34,23
2018,9,21,5,NULO,32,24
2018,9,22,60,NULO,32,23.5
2018,9,23,33,NULO,30,24
2018,9,24,11.5,NULO,30.5,22
2018,9,25,1,NULO,32,23
2018,9,26,0,NULO,33,22.5
2018,9,27,2.5,NULO,33,22
2018,9,28,0,NULO,32.5,22.5
2018,9,29,0,NULO,33.5,22
2018,9,30,0,NULO,35,22.5
2018,10,1,0,NULO,35.5,22.5
2018,10,2,0,NULO,35.5,23
2018,10,3,123,NULO,35.5,23
2018,10,4,50,NULO,24.5,22
2018,10,5,0,NULO,31,21.5
2018,10,6,0,NULO,35.5,21.5
2018,10,7,0,NULO,34,22
2018,10,8,0,NULO,33,23
2018,10,9,0,NULO,34,20
2018,10,10,0,NULO,34.5,21
2018,10,11,14,NULO,34,21
2018,10,12,0,NULO,34.5,22
2018,10,13,0,NULO,35.5,22
2018,10,14,3,NULO,30,20
2018,10,15,0,NULO,30.5,15.5
2018,10,16,0,NULO,32,15
2018,10,17,0,NULO,33,15.5
2018,10,18,47,NULO,32,18
2018,10,19,55,NULO,25.5,22
2018,10,20,6,NULO,26.5,22
2018,10,21,80,NULO,27,21
2018,10,22,3,NULO,30,21
2018,10,23,0,NULO,31,21.5
2018,10,24,0,NULO,30.5,20.5
2018,10,25,0,NULO,31.5,19
2018,10,26,0,NULO,32,18.5
2018,10,27,0,NULO,32.5,17.5
2018,10,28,0,NULO,33.5,18
2018,10,29,0,NULO,32,19.5
2018,10,30,0,NULO,31.5,20
2018,10,31,0,NULO,30.5,19
2018,11,1,0,NULO,23,19.5
2018,11,2,1.5,NULO,29,18
2018,11,3,6,NULO,27,19
2018,11,4,0,NULO,30.5,20
2018,11,5,0,NULO,31.5,19.5
2018,11,6,1.5,NULO,22.5,20
2018,11,7,0,NULO,23.5,18.5
2018,11,8,0,NULO,20.5,16
2018,11,9,0,NULO,28,17
2018,11,10,0,NULO,31,14.5
2018,11,11,0,NULO,31,16
2018,11,12,13.5,NULO,18.5,18
2018,11,13,7,NULO,13,11
2018,11,14,0,NULO,18,9.5
2018,11,15,0,NULO,26.5,10
2018,11,16,0,NULO,30.5,16
2018,11,17,0,NULO,15,14
2018,11,18,0,NULO,18.5,10
2018,11,19,2,NULO,20,11.5
2018,11,20,0,NULO,27.5,13
2018,11,21,1,NULO,26,17
2018,11,22,0,NULO,30.5,19
2018,11,23,0,NULO,31.5,18
2018,11,24,0,NULO,24.5,18
2018,11,25,0,NULO,20.5,15
2018,11,26,0,NULO,27,7
2018,11,27,0,NULO,26,9
2018,11,28,0,NULO,22.5,10.5
2018,11,29,0,NULO,26,12
2018,11,30,0,NULO,27,16
2018,12,1,0,NULO,40,14
2018,12,2,0,NULO,31.5,14
2018,12,3,0,NULO,27,17.5
2018,12,4,0,NULO,23,17
2018,12,5,5.5,NULO,32,16.5
2018,12,6,0,NULO,32,16
2018,12,7,0,NULO,26,17
2018,12,8,3,NULO,26.5,19
2018,12,9,0,NULO,23,13
2018,12,10,0,NULO,23,13.5
2018,12,11,0,NULO,31,10
2018,12,12,0,NULO,32,11
2018,12,13,0,NULO,33,13
2018,12,14,0,NULO,30,13
2018,12,15,0,NULO,32,6
2018,12,16,0,NULO,32,5
2018,12,17,0,NULO,32,7
2018,12,18,0,NULO,33,7
2018,12,19,0,NULO,34,13
2018,12,20,0,NULO,29,12.5
2018,12,21,0,NULO,33.5,7
2018,12,22,0,NULO,33,10
2018,12,23,0,NULO,30,9.5
2018,12,24,0,NULO,31.5,11
2018,12,25,0,NULO,33,14
2018,12,26,0,NULO,34.5,16
2018,12,27,0,NULO,33,16.5
2018,12,28,0,NULO,30,16
2018,12,29,2,NULO,20,18
2018,12,30,0,NULO,26,11
2018,12,31,0,NULO,33,12
2019,1,1,10,NULO,22,13.5
2019,1,2,0,NULO,18.5,13.5
2019,1,3,0,NULO,21,14.5
2019,1,4,0,NULO,18,14
2019,1,5,0,NULO,17,12.5
2019,1,6,5,NULO,20,12
2019,1,7,8,NULO,20,14
2019,1,8,0,NULO,13,11
2019,1,9,0,NULO,22.5,10
2019,1,10,0,NULO,15,10
2019,1,11,0,NULO,19,10
2019,1,12,0,NULO,21.5,11
2019,1,13,3.5,NULO,17,13.5
2019,1,14,1,NULO,12,11
2019,1,15,0,NULO,14,11
2019,1,16,0,NULO,20.5,10.5
2019,1,17,0,NULO,25.5,10
2019,1,18,0,NULO,25.5,9
2019,1,19,0,NULO,27.5,11
2019,1,20,0,NULO,29,11.5
2019,1,21,0,NULO,26,13.5
2019,1,22,0,NULO,30,15
2019,1,23,0,NULO,14,13
2019,1,24,0,NULO,19,11
2019,1,25,0,NULO,24.5,9.5
2019,1,26,0,NULO,23.5,10
2019,1,27,0,NULO,28,7.5
2019,1,28,0,NULO,28,8.5
2019,1,29,0,NULO,28,10.5
2019,1,30,0,NULO,22,11
2019,1,31,0,NULO,26,15
2019,2,1,0,NULO,21,13.5
2019,2,2,8.5,NULO,19.5,15
2019,2,3,0,NULO,13.5,8.5
2019,2,4,0,NULO,23,10
2019,2,5,0,NULO,24,11
2019,2,6,0,NULO,23,12
2019,2,7,0,NULO,27.5,12
2019,2,8,0,NULO,29,11
2019,2,9,0,NULO,30,12
2019,2,10,0,NULO,28.5,12.5
2019,2,11,0,NULO,28,13
2019,2,12,0,NULO,26.5,14.5
2019,2,13,0,NULO,25.5,12
2019,2,14,0,NULO,28,15
2019,2,15,0,NULO,28,15.5
2019,2,16,0,NULO,31,13
2019,2,17,0,NULO,17.5,13
2019,2,18,0,NULO,18,11.5
2019,2,19,0,NULO,22.5,11
2019,2,20,0,NULO,25.5,12.5
2019,2,21,0,NULO,29.5,15.5
2019,2,22,0,NULO,31,17
2019,2,23,0,NULO,25.5,17.5
2019,2,24,0,NULO,17,12
2019,2,25,0,NULO,22.5,10.5
2019,2,26,0,NULO,25.5,7
2019,2,27,0,NULO,21,9.5
2019,2,28,0,NULO,25,10.5
2019,3,1,0,NULO,26.5,15.5
2019,3,2,12.5,NULO,20.5,15.5
2019,3,3,0,NULO,29.5,17.5
2019,3,4,0,NULO,33,18
2019,3,5,0,NULO,21.5,19
2019,3,6,0,NULO,15,10
2019,3,7,0,NULO,19.5,10
2019,3,8,0,NULO,25.5,12.5
2019,3,9,0,NULO,26.5,14.5
2019,3,10,20,NULO,28.5,17
2019,3,11,1.5,NULO,23,10.5
2019,3,12,0,NULO,26,11.5
2019,3,13,0,NULO,26,12
2019,3,14,46.5,NULO,18.5,14.5
2019,3,15,15.5,NULO,18,15
2019,3,16,2,NULO,21,15.5
2019,3,17,1,NULO,24.5,17
2019,3,18,0,NULO,28.5,17.5
2019,3,19,0,NULO,30.5,18
2019,3,20,0,NULO,31,19
2019,3,21,0,NULO,31,21
2019,3,22,0,NULO,29.5,21.5
2019,3,23,0,NULO,30,20
2019,3,24,0,NULO,31,17
2019,3,25,2,NULO,32.5,19
2019,3,26,78,NULO,33,20.5
2019,3,27,0,NULO,29.5,14.5
2019,3,28,0,NULO,28.5,12
2019,3,29,0,NULO,30,14
2019,3,30,0,NULO,32,16.5
2019,3,31,0,NULO,31.5,19
2019,4,1,0,NULO,32,20
2019,4,2,0,NULO,33.5,21
2019,4,3,0,NULO,35,20
2019,4,4,0,NULO,32.5,22
2019,4,5,0,NULO,28,21
2019,4,6,0,NULO,31,19
2019,4,7,0,NULO,34,18
2019,4,8,0,NULO,34,20.5
2019,4,9,0,NULO,33,21
2019,4,10,0,NULO,33.5,21.5
2019,4,11,0,NULO,34.5,22
2019,4,12,0,NULO,33.5,23
2019,4,13,14,NULO,33,23
2019,4,14,1,NULO,33.5,22.5
2019,4,15,0,NULO,28.5,20
2019,4,16,0,NULO,32,21
2019,4,17,0,NULO,34,22
2019,4,18,0,NULO,31.5,23
2019,4,19,0,NULO,34,21.5
2019,4,20,0,NULO,35,21
2019,4,21,9.5,NULO,34,22
2019,4,22,0,NULO,31,21
2019,4,23,0,NULO,34,25
2019,4,24,0,NULO,36,25
2019,4,25,0,NULO,39,26
2019,4,26,0,NULO,39,25
2019,4,27,0,NULO,38.5,23
2019,4,28,0,NULO,33,22
2019,4,29,5.5,NULO,21.5,19
2019,4,30,0,NULO,28,15
2019,5,1,0,NULO,30.5,14
2019,5,2,0,NULO,31.5,18
2019,5,3,0,NULO,34,18.5
2019,5,4,0,NULO,32.5,21
2019,5,5,0,NULO,34,21.5
2019,5,6,0,NULO,33.5,22.5
2019,5,7,0,NULO,36,24.5
2019,5,8,0,NULO,37,24.5
2019,5,9,0,NULO,37,23
2019,5,10,0,NULO,35,22.5
2019,5,11,0,NULO,34,24
2019,5,12,50,NULO,28.5,24.5
2019,5,13,0,NULO,32,20
2019,5,14,0,NULO,35,21
2019,5,15,0,NULO,33.5,22.5
2019,5,16,0,NULO,35.5,23.5
2019,5,17,0,NULO,35.5,24.5
2019,5,18,0,NULO,36,24
2019,5,19,0,NULO,34.5,23
2019,5,20,0,NULO,35.5,23
2019,5,21,5,NULO,35,24
2019,5,22,0,NULO,34.5,22
2019,5,23,0,NULO,36.5,22.5
2019,5,24,0,NULO,34,23.5
2019,5,25,0,NULO,36,24.5
2019,5,26,0,NULO,36,23
2019,5,27,0,NULO,36,23
2019,5,28,0,NULO,35.5,23.5
2019,5,29,0,NULO,34.5,22
2019,5,30,0,NULO,34.5,21.5
2019,5,31,51,NULO,28,22.5
2019,6,1,0,NULO,32.5,21
2019,6,2,0,NULO,35,20
2019,6,3,0,NULO,34,20.5
2019,6,4,0,NULO,34.5,21.5
2019,6,5,0,NULO,34.5,21
2019,6,6,0,NULO,35.5,21
2019,6,7,0,NULO,34.5,20.5
2019,6,8,0,NULO,35.5,18
2019,6,9,0,NULO,35.5,21
2019,6,10,0,NULO,36,21
2019,6,11,0,NULO,36,23
2019,6,12,0,NULO,36.5,23
2019,6,13,0,NULO,36,24
2019,6,14,0,NULO,35,23.5
2019,6,15,0,NULO,36.5,23
2019,6,16,0,NULO,36.5,22
2019,6,17,0,NULO,37,24
2019,6,18,5,NULO,33,23
2019,6,19,33,NULO,34,23.5
2019,6,20,14,NULO,23,22
2019,6,21,7.5,NULO,27,22
2019,6,22,0,NULO,33,23
2019,6,23,6.5,NULO,32.5,23.5
2019,6,24,3,NULO,33.5,23
2019,6,25,21,NULO,31,22
2019,6,26,0,NULO,34,22
2019,6,27,0,NULO,33,23
2019,6,28,0,NULO,34,22
2019,6,29,22,NULO,35,21.5
2019,6,30,16,NULO,25.5,21
2019,7,1,11,NULO,25,21
2019,7,2,0,NULO,31.5,20.5
2019,7,3,24.5,NULO,33,21
2019,7,4,0,NULO,33,21
2019,7,5,15,NULO,33.5,22
2019,7,6,0,NULO,33,22.5
2019,7,7,8,NULO,34,22
2019,7,8,0,NULO,35.5,22.5
2019,7,9,4.5,NULO,33,23
2019,7,10,0,NULO,34,21
2019,7,11,0,NULO,34,22
2019,7,12,0,NULO,34,22
2019,7,13,0,NULO,35,22.5
2019,7,14,0,NULO,31,22
2019,7,15,0,NULO,34,22
2019,7,16,0,NULO,36,21
2019,7,17,5.5,NULO,35.5,23
2019,7,18,0,NULO,35,23
2019,7,19,0,NULO,35,21
2019,7,20,0,NULO,36.5,23
2019,7,21,0,NULO,35,22
2019,7,22,0,NULO,35.5,23
2019,7,23,0,NULO,36.5,23
2019,7,24,0,NULO,37.5,24
2019,7,25,0,NULO,38.5,23
2019,7,26,0,NULO,37.5,22
2019,7,27,0,NULO,36.5,22.5
2019,7,28,0,NULO,36,22.5
2019,7,29,0,NULO,37,22.5
2019,7,30,0,NULO,36.5,23
2019,7,31,0,NULO,38,22
2019,8,1,0,NULO,38,21.5
2019,8,2,0,NULO,37.5,22
2019,8,3,0,NULO,37.5,22
2019,8,4,0,NULO,37.5,23
2019,8,5,0,NULO,37.5,23
2019,8,6,0,NULO,37.5,23
2019,8,7,0,NULO,37.5,22.5
2019,8,8,0,NULO,37.5,23.5
2019,8,9,0,NULO,38.5,23.5
2019,8,10,0,NULO,38.5,24
2019,8,11,0,NULO,35.5,22
2019,8,12,0,NULO,36.5,23
2019,8,13,0,NULO,37,21
2019,8,14,0,NULO,39,21
2019,8,15,0,NULO,38.5,20
2019,8,16,0,NULO,38,21.5
2019,8,17,0,NULO,38,22
2019,8,18,0,NULO,38,23
2019,8,19,0,NULO,40,24
2019,8,20,18,NULO,39,22.5
2019,8,21,0,NULO,38.5,22
2019,8,22,0,NULO,38,23
2019,8,23,0,NULO,38,24
2019,8,24,5,NULO,37.5,22
2019,8,25,3.5,NULO,36,23
2019,8,26,6,NULO,36,21
2019,8,27,7,NULO,36,22
2019,8,28,0,NULO,35,21.5
2019,8,29,9.5,NULO,34,22
2019,8,30,0,NULO,37,22
2019,8,31,0,NULO,37,22
2019,9,1,0,NULO,38,22
2019,9,2,0,NULO,37.5,24
2019,9,3,0,NULO,38.5,23.5
2019,9,4,0,NULO,38,23
2019,9,5,0,NULO,37.5,23
2019,9,6,0,NULO,37.5,23
2019,9,7,0,NULO,38.5,22
2019,9,8,0,NULO,38.5,22.5
2019,9,9,0,NULO,37,22.5
2019,9,10,0,NULO,36,22.5
2019,9,11,7,NULO,38.5,23
2019,9,12,5,NULO,27.5,23.5
2019,9,13,12.5,NULO,31,21.5
2019,9,14,0,NULO,32.5,22
2019,9,15,7.5,NULO,35,22
2019,9,16,12,NULO,29,22.5
2019,9,17,15,NULO,33,23
2019,9,18,0,NULO,35,23
2019,9,19,0,NULO,37,23
2019,9,20,15,NULO,34,22
2019,9,21,0,NULO,36,21.5
2019,9,22,17,NULO,35,21
2019,9,23,7.5,NULO,32,21.5
2019,9,24,0,NULO,33,22.5
2019,9,25,0,NULO,32.5,21
2019,9,26,0,NULO,34,20
2019,9,27,0,NULO,34.5,19
2019,9,28,0,NULO,36,20
2019,9,29,0,NULO,36,20
2019,9,30,0,NULO,36,20
2019,10,1,0,NULO,35,20.5
2019,10,2,0,NULO,35.5,21
2019,10,3,0,NULO,37,19
2019,10,4,0,NULO,35.5,20
2019,10,5,0,NULO,35,22
2019,10,6,0,NULO,33,22
2019,10,7,0,NULO,35,22
2019,10,8,0,NULO,36.5,20
2019,10,9,0,NULO,36.5,21
2019,10,10,0,NULO,33,21
2019,10,11,0,NULO,31.5,22
2019,10,12,0,NULO,38,21.5
2019,10,13,0,NULO,37,21
2019,10,14,5.5,NULO,32,23
2019,10,15,0,NULO,33,20
2019,10,16,25,NULO,33,19
2019,10,17,25,NULO,30.5,20
2019,10,18,0,NULO,30.5,20.5
2019,10,19,0,NULO,30.5,18
2019,10,20,0,NULO,31,19
2019,10,21,0,NULO,32,19
2019,10,22,40,NULO,33,21
2019,10,23,0,NULO,31,23
2019,10,24,42,NULO,30,24
2019,10,25,7,NULO,33,25
2019,10,26,0,NULO,31,20
2019,10,27,0,NULO,30,17
2019,10,28,0,NULO,33,18
2019,10,29,0,NULO,34,20
2019,10,30,0,NULO,36.5,22
2019,10,31,10,NULO,35,23
2019,11,1,0,NULO,31,19.5
2019,11,2,0,NULO,31.5,17
2019,11,3,0,NULO,34,18
2019,11,4,0,NULO,34,20.5
2019,11,5,0,NULO,34,22
2019,11,6,0,NULO,34.5,20.5
2019,11,7,10,NULO,35,21
2019,11,8,0,NULO,26,20
2019,11,9,0,NULO,30.5,17.5
2019,11,10,0,NULO,33.5,19
2019,11,11,0,NULO,34.5,21
2019,11,12,1,NULO,33.5,22
2019,11,13,12,NULO,29,16.5
2019,11,14,15,NULO,33,16.5
2019,11,15,2,NULO,26,23
2019,11,16,0,NULO,32,20
2019,11,17,0,NULO,33.5,21
2019,11,18,0,NULO,25,19.5
2019,11,19,0,NULO,26.5,19
2019,11,20,0,NULO,27,20.5
2019,11,21,0,NULO,32,21
2019,11,22,0,NULO,23.5,16.5
2019,11,23,0,NULO,22,13
2019,11,24,0,NULO,27,14
2019,11,25,0,NULO,28,16.5
2019,11,26,0,NULO,31.5,19
2019,11,27,8,NULO,22,20
2019,11,28,0,NULO,32,20.5
2019,11,29,1.5,NULO,24.5,17
2019,11,30,0,NULO,27.5,16.5
2019,12,1,0,NULO,26,18.5
2019,12,2,0,NULO,20,17.5
2019,12,3,0,NULO,18.5,14
2019,12,4,0,NULO,24,14
2019,12,5,0,NULO,23.5,13.5
2019,12,6,0,NULO,26.5,12
2019,12,7,0,NULO,27,13
2019,12,8,0,NULO,27.5,13
2019,12,9,0,NULO,27,15
2019,12,10,0,NULO,30,13
2019,12,11,0,NULO,29.5,14.5
2019,12,12,0,NULO,31,19
2019,12,13,0,NULO,30,19.5
2019,12,14,0,NULO,31,15
2019,12,15,0,NULO,33,15
2019,12,16,0,NULO,27,18.5
2019,12,17,0,NULO,23,17.5
2019,12,18,0,NULO,24,15
2019,12,19,0,NULO,27,14
2019,12,20,0,NULO,29,12
2019,12,21,0,NULO,30,16
2019,12,22,0,NULO,33,17
2019,12,23,0,NULO,35.5,18.5
2019,12,24,0,NULO,38,18
2019,12,25,0,NULO,31,19.5
2019,12,26,0,NULO,33,19.5
2019,12,27,0,NULO,35,20
2019,12,28,0,NULO,21,14
2019,12,29,0,NULO,26,13
2019,12,30,0,NULO,22.5,14
2019,12,31,4,NULO,24,16
2020,1,1,0,NULO,32,15
2020,1,2,0,NULO,32,16
2020,1,3,0,NULO,29.5,15
2020,1,4,0,NULO,28,16
2020,1,5,0,NULO,29,8
2020,1,6,0,NULO,35,7
2020,1,7,0,NULO,33,8
2020,1,8,0,NULO,32,12
2020,1,9,0,NULO,35,14
2020,1,10,0,NULO,29,15
2020,1,11,0,NULO,32,13
2020,1,12,0,NULO,32,13
2020,1,13,0,NULO,35,14
2020,1,14,4,NULO,31,17
2020,1,15,1,NULO,29,18.5
2020,1,16,11.5,NULO,35,18
2020,1,17,0,NULO,30.5,19
2020,1,18,4,NULO,20,19
2020,1,19,7.5,NULO,19,14
2020,1,20,0,NULO,20,12
2020,1,21,0,NULO,26,12
2020,1,22,0,NULO,27.5,13
2020,1,23,0,NULO,27,15
2020,1,24,0,NULO,32.5,16
2020,1,25,0,NULO,30,17
2020,1,26,0,NULO,35,17
2020,1,27,0,NULO,36,10.5
2020,1,28,0,NULO,28.5,16
2020,1,29,0,NULO,21,16
2020,1,30,0,NULO,24.5,13.5
2020,1,31,0,NULO,24,13.5
2020,2,1,0,NULO,29,14
2020,2,2,0,NULO,30,12
2020,2,3,0,NULO,33,13
2020,2,4,0,NULO,32,14
2020,2,5,0,NULO,22,14
2020,2,6,0,NULO,27.5,12
2020,2,7,5,NULO,28,12.5
2020,2,8,0,NULO,35.5,13
2020,2,9,0,NULO,36,17
2020,2,10,0,NULO,33.5,19
2020,2,11,0,NULO,33,18
2020,2,12,0,NULO,25,19
2020,2,13,0,NULO,29,15
2020,2,14,0,NULO,31.5,15
2020,2,15,0,NULO,34,15
2020,2,16,0,NULO,36.5,13.5
2020,2,17,0,NULO,37,14
2020,2,18,0,NULO,35,15
2020,2,19,0,NULO,30.5,19
2020,2,20,0,NULO,21,20
2020,2,21,0,NULO,28.5,12
2020,2,22,1.5,NULO,33,12
2020,2,23,0,NULO,36.5,13
2020,2,24,0,NULO,37.5,16
2020,2,25,0,NULO,22,16
2020,2,26,0,NULO,28.5,14.5
2020,2,27,0,NULO,30,10
2020,2,28,0,NULO,28,6
2020,2,29,0,NULO,36,8
2020,3,1,0,NULO,40,10
2020,3,2,0,NULO,42,15
2020,3,3,0,NULO,38.5,17
2020,3,4,0,NULO,29,18.5
2020,3,5,0,NULO,29,18.5
2020,3,6,0,NULO,30,14
2020,3,7,0,NULO,28.5,10
2020,3,8,1,NULO,33,13
2020,3,9,0,NULO,31.5,17.5
2020,3,10,10.5,NULO,31.5,19
2020,3,11,0,NULO,36.5,15.5
2020,3,12,0,NULO,38,15
2020,3,13,0,NULO,37,16
2020,3,14,0,NULO,37,16
2020,3,15,0,NULO,35.5,18
2020,3,16,0,NULO,32.5,18
2020,3,17,0,NULO,37,18
2020,3,18,0,NULO,38.5,17
2020,3,19,0,NULO,37.5,18
2020,3,20,1,NULO,37.5,19.5
2020,3,21,0,NULO,38,21.5
2020,3,22,0,NULO,39,21
2020,3,23,0,NULO,42,18
2020,3,24,0,NULO,42,18
2020,3,25,0,NULO,42,19
2020,3,26,0,NULO,43.5,20.5
2020,3,27,0,NULO,43,20
2020,3,28,0,NULO,36,21
2020,3,29,0,NULO,40,23.5
2020,3,30,0,NULO,38,22
2020,3,31,0,NULO,38,18.5
2020,4,1,0,NULO,40.5,20
2020,4,2,0,NULO,40,20
2020,4,3,0,NULO,41,23.5
2020,4,4,0,NULO,33,23.5
2020,4,5,0,NULO,37.5,22
2020,4,6,0,NULO,40.5,21
2020,4,7,0,NULO,39,22
2020,4,8,0,NULO,43,23
2020,4,9,0,NULO,38.5,22.5
2020,4,10,0,NULO,42,23.5
2020,4,11,0,NULO,48,23
2020,4,12,0,NULO,42,21
2020,4,13,0,NULO,38.5,20
2020,4,14,0,NULO,25,21
2020,4,15,5,NULO,25.5,19
2020,4,16,0,NULO,38.5,15.5
2020,4,17,0,NULO,39.5,16
2020,4,18,0,NULO,44.5,21
2020,4,19,0,NULO,40.5,22
2020,4,20,0,NULO,42,23
2020,4,21,0,NULO,44,23
2020,4,22,0,NULO,41,22
2020,4,23,0,NULO,42.5,22.5
2020,4,24,0,NULO,41.5,22
2020,4,25,0,NULO,37,23
2020,4,26,0,NULO,40.5,23
2020,4,27,0,NULO,42,20
2020,4,28,0,NULO,43,19
2020,4,29,2.5,NULO,34,21
2020,4,30,18.5,NULO,39,20.5
2020,5,1,0,NULO,39,17.5
2020,5,2,0,NULO,39.5,19
2020,5,3,0,NULO,41,20
2020,5,4,0,NULO,41.5,22
2020,5,5,0,NULO,35.5,21
2020,5,6,4,NULO,39,22.5
2020,5,7,0,NULO,40.5,19
2020,5,8,40,NULO,33.5,20
2020,5,9,0,NULO,35.5,19.5
2020,5,10,1,NULO,36,20
2020,5,11,0,NULO,37,19.5
2020,5,12,0,NULO,39,19.5
2020,5,13,0,NULO,39.5,17.5
2020,5,14,0,NULO,40,19
2020,5,15,0,NULO,40,25
2020,5,16,0,NULO,40,25
2020,5,17,0,NULO,40.5,23.5
2020,5,18,0,NULO,41.5,21
2020,5,19,0,NULO,40,22
2020,5,20,0,NULO,40,23
2020,5,21,0,NULO,38,24.5
2020,5,22,1,NULO,38.5,18.5
2020,5,23,0,NULO,39,20
2020,5,24,0,NULO,39,23
2020,5,25,0,NULO,39,24.5
2020,5,26,44,NULO,40,23
2020,5,27,0,NULO,35,20.5
2020,5,28,20,NULO,30,18
2020,5,29,50,NULO,33.5,16
2020,5,30,4,NULO,36,18.5
2020,5,31,0,NULO,NULO,NULO
2020,6,1,6.5,NULO,36,21.5
2020,6,2,0,NULO,36.5,21.5
2020,6,3,0,NULO,37.5,22
2020,6,4,0,NULO,37.5,22
2020,6,5,0,NULO,39,22
2020,6,6,0,NULO,40.5,21
2020,6,7,0,NULO,41,21
2020,6,8,0,NULO,42.5,22
2020,6,9,0,NULO,40,25
2020,6,10,6,NULO,33,26
2020,6,11,9,NULO,34.5,23
2020,6,12,1.5,NULO,35.5,21
2020,6,13,0,NULO,37,20
2020,6,14,0,NULO,38,18.5
2020,6,15,0,NULO,38,19
2020,6,16,0,NULO,38,22
2020,6,17,0,NULO,39,23
2020,6,18,0,NULO,38,22
2020,6,19,0,NULO,39,22
2020,6,20,0,NULO,40,22
2020,6,21,0,NULO,40,23
2020,6,22,0,NULO,40.5,23
2020,6,23,90,NULO,32,24
2020,6,24,21,NULO,35.5,20
2020,6,25,5,NULO,36.5,21
2020,6,26,0,NULO,37.5,22
2020,6,27,0,NULO,37.5,22.5
2020,6,28,0,NULO,39.5,22
2020,6,29,0,NULO,39,21.5
2020,6,30,0,NULO,38,22.5
2020,7,1,0,NULO,39.5,18
2020,7,2,0,NULO,39.5,22.5
2020,7,3,0,NULO,40,23
2020,7,4,0,NULO,40,22
2020,7,5,0,NULO,40.5,21
2020,7,6,0,NULO,40,22
2020,7,7,0,NULO,40,24
2020,7,8,0,NULO,41,23
2020,7,9,0,NULO,40.5,23.5
2020,7,10,0,NULO,41.5,23
2020,7,11,0,NULO,41.5,23.5
2020,7,12,0,NULO,41,22
2020,7,13,0,NULO,40,21.5
2020,7,14,0,NULO,40,22
2020,7,15,0,NULO,38,22
2020,7,16,15.5,NULO,39.5,23
2020,7,17,2.5,NULO,39,22.5
2020,7,18,0,NULO,40,23
2020,7,19,0,NULO,42,22
2020,7,20,0,NULO,40.5,21
2020,7,21,0,NULO,40,21
2020,7,22,0,NULO,42,21.5
2020,7,23,0,NULO,42,22
2020,7,24,0,NULO,43,23
2020,7,25,0,NULO,41,23
2020,7,26,40,NULO,35,23
2020,7,27,0,NULO,35,23
2020,7,28,4.5,NULO,30,22
2020,7,29,0,NULO,36.5,23
2020,7,30,8,NULO,38.5,20
2020,7,31,NULO,NULO,NULO,NULO
2020,8,1,0,NULO,39,22
2020,8,2,0,NULO,38.5,22
2020,8,3,0,NULO,41,21
2020,8,4,0,NULO,40,22
2020,8,5,13.5,NULO,31.5,22
2020,8,6,0,NULO,30,21.5
2020,8,7,0,NULO,30,22
2020,8,8,18.5,NULO,30.5,21
2020,8,9,21,NULO,32.5,21
2020,8,10,1,NULO,36.5,20
2020,8,11,0,NULO,38,22
2020,8,12,15,NULO,37.5,22
2020,8,13,0,NULO,39,20
2020,8,14,0,NULO,38,22
2020,8,15,0,NULO,39.5,21
2020,8,16,0,NULO,40,21.5
2020,8,17,0,NULO,40,21
2020,8,18,0,NULO,41,21
2020,8,19,0,NULO,41,21
2020,8,20,0,NULO,37.5,22
2020,8,21,4,NULO,35,22
2020,8,22,0,NULO,35,21.5
2020,8,23,31,NULO,35.5,21
2020,8,24,0,NULO,32,21
2020,8,25,44,NULO,36.5,21
2020,8,26,5,NULO,38.5,21
2020,8,27,0,NULO,39,21
2020,8,28,0,NULO,40,22.5
2020,8,29,10.5,NULO,39.5,22.5
2020,8,30,0,NULO,42.5,23.5
2020,8,31,0,NULO,42.5,22
2020,9,1,0,NULO,40,24
2020,9,2,0,NULO,41,23
2020,9,3,1,NULO,36,23
2020,9,4,16.5,NULO,30,23
2020,9,5,32,NULO,30,22
2020,9,6,11.5,NULO,35.5,22
2020,9,7,0,NULO,38.5,22
2020,9,8,0,NULO,36,21
2020,9,9,2.5,NULO,33,22
2020,9,10,3.5,NULO,36.5,22
2020,9,11,0,NULO,39,22
2020,9,12,0,NULO,36,21
2020,9,13,2,NULO,33,22
2020,9,14,13.5,NULO,31,21
2020,9,15,0,NULO,34.5,21
2020,9,16,9,NULO,35,22
2020,9,17,0,NULO,37,21
2020,9,18,0,NULO,37.5,20
2020,9,19,0,NULO,37.5,20
2020,9,20,0,NULO,39.5,19
2020,9,21,0,NULO,39,19
2020,9,22,0,NULO,40.5,19
2020,9,23,0,NULO,39.5,17
2020,9,24,0,NULO,39.5,18
2020,9,25,0,NULO,41,19
2020,9,26,0,NULO,41,21
2020,9,27,0,NULO,41,21
2020,9,28,0,NULO,38,22
2020,9,29,0,NULO,NULO,NULO
2020,9,30,NULO,NULO,NULO,NULO
2020,10,1,0,NULO,39,24
2020,10,2,0,NULO,38,23.5
2020,10,3,0,NULO,36,22
2020,10,4,0,NULO,36,20
2020,10,5,0,NULO,35,12
2020,10,6,0,NULO,37,16
2020,10,7,0,NULO,37,17
2020,10,8,0,NULO,38,16
2020,10,9,0,NULO,34,16
2020,10,10,0,NULO,32,17
2020,10,11,0,NULO,40,18
2020,10,12,8,NULO,38,18
2020,10,13,0,NULO,39.5,21
2020,10,14,0,NULO,40,21
2020,10,15,0,NULO,37.5,20.5
2020,10,16,0,NULO,36,21.5
2020,10,17,0,NULO,40,20
2020,10,18,0,NULO,40,20
2020,10,19,0,NULO,40,19
2020,10,20,NULO,NULO,NULO,NULO
2020,10,22,NULO,NULO,NULO,NULO
2020,10,23,NULO,NULO,NULO,NULO
2020,10,24,NULO,NULO,NULO,NULO
2020,10,25,NULO,NULO,NULO,NULO
2020,10,26,NULO,NULO,NULO,NULO
2020,10,27,NULO,NULO,NULO,NULO
2020,10,28,NULO,NULO,NULO,NULO
2020,10,29,NULO,NULO,NULO,NULO
2020,10,30,NULO,NULO,NULO,NULO
2020,10,31,NULO,NULO,NULO,NULO
2021,1,1,0,NULO,22,10
2021,1,2,0,NULO,30,9.5
2021,1,3,0,NULO,35,7.5
2021,1,4,0,NULO,34,12
2021,1,5,0,NULO,35,15
2021,1,6,0,NULO,27.5,18
2021,1,7,0,NULO,31,17
2021,1,8,0,NULO,25,8
2021,1,9,10,NULO,30.5,9
2021,1,10,0,NULO,26,10
2021,1,11,0,NULO,22,11
2021,1,12,1.5,NULO,28,8
2021,1,13,0,NULO,27.5,7
2021,1,14,0,NULO,30.5,9.5
2021,1,15,0,NULO,27,10.5
2021,1,16,0,NULO,26,9
2021,1,17,0,NULO,32,8.5
2021,1,18,0,NULO,30.5,12
2021,1,19,9.5,NULO,26,17
2021,1,20,25,NULO,32.5,19
2021,1,21,0,NULO,33,19.5
2021,1,22,0,NULO,34.5,18.5
2021,1,23,0,NULO,32.5,18.5
2021,1,24,0,NULO,38.5,18
2021,1,25,0,NULO,34,19
2021,1,26,0,NULO,28.5,20
2021,1,27,0,NULO,25,19.5
2021,1,28,0,NULO,26.5,16
2021,1,29,0,NULO,33,16
2021,1,30,0,NULO,33.5,16
2021,1,31,0,NULO,30.5,16.5
2021,2,1,0,NULO,31.5,18
2021,2,2,0,NULO,31.5,9.5
2021,2,3,0,NULO,34.5,9
2021,2,4,0,NULO,35,11.5
2021,2,5,0,NULO,37,12.5
2021,2,6,0,NULO,31,6
2021,2,7,0,NULO,35,11
2021,2,8,0,NULO,34,15.5
2021,2,9,1,NULO,36,18
2021,2,10,0,NULO,36.5,19.5
2021,2,11,0,NULO,26,19
2021,2,12,0,NULO,22.5,12.5
2021,2,13,0,NULO,24.5,10
2021,2,14,0,NULO,16.5,8.5
2021,2,15,0,NULO,11,4.5
2021,2,16,0,NULO,24.5,4
2021,2,17,0,NULO,21.5,7
2021,2,18,0,NULO,19.5,13
2021,2,19,0,NULO,28,8
2021,2,20,0,NULO,32,4
2021,2,21,0,NULO,28,10
2021,2,22,0,NULO,35.5,11
2021,2,23,0,NULO,33,15
2021,2,24,0,NULO,35,15
2021,2,25,0,NULO,37.5,15
2021,2,26,0,NULO,36.5,19
2021,2,27,0,NULO,38,18
2021,2,28,0,NULO,32,18
2021,3,1,0,NULO,22,19
2021,3,2,0,NULO,32,15
2021,3,3,0,NULO,32,14
2021,3,4,0,NULO,34,15
2021,3,5,0,NULO,30,12
2021,3,6,6.5,NULO,28,17
2021,3,7,0,NULO,27,15
2021,3,8,0,NULO,31,15
2021,3,9,0,NULO,35,13
2021,3,10,0,NULO,37,13
2021,3,11,0,NULO,37,15
2021,3,12,0,NULO,36,18
2021,3,13,9.5,NULO,38,17
2021,3,14,2.5,NULO,38,19
2021,3,15,0,NULO,39,21
2021,3,16,0,NULO,38,21
2021,3,17,0,NULO,40,20
2021,3,18,0,NULO,40,21
2021,3,19,0,NULO,28,11
2021,3,20,0,NULO,30,13
2021,3,21,0,NULO,39,16
2021,3,22,0,NULO,38,16
2021,3,23,0,NULO,40,15
2021,3,24,0,NULO,35,15
2021,3,25,0,NULO,35,17
2021,3,26,0,NULO,38,14
2021,3,27,0,NULO,32,17
2021,3,28,0,NULO,34,16
2021,3,29,0,NULO,38,16
2021,3,30,0,NULO,38,14
2021,3,31,0,NULO,37.5,17
2021,4,1,9,NULO,31.5,18
2021,4,2,1,NULO,32.5,13
2021,4,3,0,NULO,33,14
2021,4,4,0,NULO,36,13
2021,4,5,0,NULO,38,13
2021,4,6,0,NULO,39,14
2021,4,7,0,NULO,39,18
2021,4,8,0,NULO,45,19
2021,4,9,0,NULO,43.5,20
2021,4,10,0,NULO,38.5,18
2021,4,11,0,NULO,38,20
2021,4,12,0,NULO,41.5,18
2021,4,13,0,NULO,42,21
2021,4,14,0,NULO,41,22
2021,4,15,0,NULO,42,22
2021,4,16,0,NULO,35,21.5
2021,4,17,0,NULO,26,20
2021,4,18,0,NULO,32,10
2021,4,19,0,NULO,36,16
2021,4,20,0,NULO,35,18
2021,4,21,0,NULO,37,18
2021,4,22,0,NULO,40,20
2021,4,23,0,NULO,38,21
2021,4,24,0,NULO,39,22
2021,4,25,0,NULO,39,21
2021,4,26,0,NULO,39.5,20
2021,4,27,0,NULO,41.5,21
2021,4,28,0,NULO,40.5,24
2021,4,29,0,NULO,38,22
2021,4,30,0,NULO,38,22
2021,5,1,0,NULO,35,22
2021,5,2,0,NULO,40.5,22
2021,5,3,0,NULO,46,21.5
2021,5,4,0,NULO,38,21
2021,5,5,0,NULO,37,21
2021,5,6,0,NULO,39,21
2021,5,7,12,NULO,39,22
2021,5,8,0,NULO,41,21
2021,5,9,0,NULO,40.5,21
2021,5,10,2,NULO,40,23
2021,5,11,0,NULO,32,21
2021,5,12,13,NULO,37,23
2021,5,13,4.5,NULO,32,24
2021,5,14,4.5,NULO,38,20.5
2021,5,15,0,NULO,39,20
2021,5,16,0,NULO,38.5,21
2021,5,17,0,NULO,40.5,21.5
2021,5,18,0,NULO,41.5,23.4
2021,5,19,7,NULO,38,23.5
2021,5,20,0,NULO,39,21
2021,5,21,0,NULO,38,19.5
2021,5,22,0,NULO,38,20.5
2021,5,23,0,NULO,39,21
2021,5,24,0,NULO,38,21
2021,5,25,0,NULO,39,22
2021,5,26,0,NULO,41,21
2021,5,27,0,NULO,40,21
2021,5,28,0,NULO,39.5,21.5
2021,5,29,3,NULO,37.5,22
2021,5,30,0,NULO,37,23
2021,5,31,0,NULO,42,22
2021,6,1,1,NULO,35,22
2021,6,2,10.5,NULO,33,21
2021,6,3,17.5,NULO,35.5,22
2021,6,4,0,NULO,38,20
2021,6,5,0,NULO,40.5,22
2021,6,6,0,NULO,40.5,23
2021,6,7,0,NULO,40.5,23.5
2021,6,8,0,NULO,40,22
2021,6,9,0,NULO,36,23
2021,6,10,0,NULO,29,23
2021,6,11,1,NULO,38,20
2021,6,12,30,NULO,34,22
2021,6,13,30,NULO,40.5,22
2021,6,14,0,NULO,37.5,22.5
2021,6,15,0,NULO,37,23
2021,6,16,17,NULO,31.5,21
2021,6,17,3,NULO,33,21
2021,6,18,3,NULO,37,21
2021,6,19,0,NULO,37,21.5
2021,6,20,0,NULO,41,22.5
2021,6,21,0,NULO,32.5,25
2021,6,22,0,NULO,38,24
2021,6,23,1.5,NULO,38,21
2021,6,24,0,NULO,38.5,22
2021,6,25,6,NULO,37.5,24
2021,6,26,0,NULO,35,21
2021,6,27,0,NULO,34.5,22
2021,6,28,10,NULO,34,23
2021,6,29,0,NULO,33.5,22
2021,6,30,2.5,NULO,35.5,22
2021,7,1,6,NULO,36,22.5
2021,7,2,0,NULO,38,22
2021,7,3,0,NULO,38.5,22
2021,7,4,0,NULO,40,22
2021,7,5,0,NULO,39,23
2021,7,6,11,NULO,34.5,24
2021,7,7,0,NULO,35,21
2021,7,8,0,NULO,35,22
2021,7,9,0,NULO,37.5,23
2021,7,10,0,NULO,35,23
2021,7,11,0,NULO,39,21.5
2021,7,12,0,NULO,33.5,17
2021,7,13,0,NULO,37,18
2021,7,14,4,NULO,37,20
2021,7,15,16,NULO,35.5,22
2021,7,16,0,NULO,38,22.5
2021,7,17,0,NULO,38.5,22
2021,7,18,0,NULO,40,22
2021,7,19,0,NULO,38.5,21
2021,7,20,0,NULO,38,21
2021,7,21,1,NULO,37,22
2021,7,22,0,NULO,39,23
2021,7,23,0,NULO,39,22
2021,7,24,0,NULO,39.5,22
2021,7,25,0,NULO,40.5,20.5
2021,7,26,0,NULO,39,20
2021,7,27,0,NULO,40,21.5
2021,7,28,0,NULO,40,21.5
2021,7,29,2,NULO,38.5,22
2021,7,30,0,NULO,40,22.5
2021,7,31,0,NULO,40.5,22
2021,8,1,0,NULO,41,23
2021,8,2,0,NULO,40,23
2021,8,3,0,NULO,38.5,23
2021,8,4,4,NULO,40,23
2021,8,5,0,NULO,40.5,22
2021,8,6,0,NULO,41,23
2021,8,7,0,NULO,40,21.5
2021,8,8,0,NULO,41,21.5
2021,8,9,0,NULO,41,21.5
2021,8,10,0,NULO,41,21
2021,8,11,0,NULO,41,21
2021,8,12,0,NULO,40.5,21
2021,8,13,0,NULO,40,20.5
2021,8,14,0,NULO,40,22
2021,8,15,0,NULO,40,22
2021,8,16,0,NULO,43.5,22
2021,8,17,0,NULO,41.5,23
2021,8,18,0,NULO,42,23
2021,8,19,20,NULO,33,24
2021,8,20,60,NULO,33.5,22.5
2021,8,21,13.5,NULO,36,22
2021,8,22,0,NULO,37.5,22.5
2021,8,23,0,NULO,36,23
2021,8,24,0,NULO,37,21.5
2021,8,25,0,NULO,38,21
2021,8,26,0,NULO,40,20
2021,8,27,0,NULO,39,19
2021,8,28,0,NULO,36.5,20
2021,8,29,1,NULO,40,21.5
2021,8,30,0,NULO,39.5,23
2021,8,31,0,NULO,39,23
2021,9,1,0,NULO,36,23
2021,9,2,8,NULO,37.5,23.5
2021,9,3,0,NULO,36,22.5
2021,9,4,0,NULO,38.5,22
2021,9,5,1,NULO,38,22
2021,9,6,0,NULO,40,22.5
2021,9,7,0,NULO,40,22
2021,9,8,0,NULO,38,22
2021,9,9,0,NULO,38,21.5
2021,9,10,0,NULO,35.5,21
2021,9,11,0,NULO,34,21
2021,9,12,0,NULO,38,21.5
2021,9,13,0,NULO,38,21
2021,9,14,0,NULO,39.5,22
2021,9,15,0,NULO,37,22.5
2021,9,16,0,NULO,39.5,23
2021,9,17,0,NULO,40,24
2021,9,18,0,NULO,40,23
2021,9,19,0,NULO,40,23
2021,9,20,0,NULO,40.5,23
2021,9,21,17.5,NULO,35,22.5
2021,9,22,0,NULO,35,19
2021,9,23,0,NULO,46.5,19
2021,9,24,0,NULO,37,18
2021,9,25,0,NULO,38.5,19.5
2021,9,26,0,NULO,39.5,21
2021,9,27,0,NULO,39,19
2021,9,28,0,NULO,40.5,22
2021,9,29,0,NULO,31,22
2021,9,30,0,NULO,33,22
2021,10,1,0,NULO,33,21
2021,10,2,0,NULO,37,19
2021,10,3,32,NULO,33,18
2021,10,4,4,NULO,33.5,21
2021,10,5,2,NULO,36,21.5
2021,10,6,0,NULO,36.5,18
2021,10,7,0,NULO,36.5,18.5
2021,10,8,0,NULO,39.5,18
2021,10,9,0,NULO,40,18
2021,10,10,0,NULO,40,21
2021,10,11,0,NULO,40,21
2021,10,12,0,NULO,38.5,23
2021,10,13,0,NULO,40,23.5
2021,10,14,0,NULO,38,24.5
2021,10,15,1.5,NULO,31,23
2021,10,16,0,NULO,32,22
2021,10,17,0,NULO,35.5,16
2021,10,18,0,NULO,39,14
2021,10,19,0,NULO,36,14
2021,10,20,0,NULO,37.5,18
2021,10,21,9,NULO,35.5,18
2021,10,22,7.5,NULO,36.5,20.5
2021,10,23,0,NULO,31,21
2021,10,24,0,NULO,34,21
2021,10,25,0,NULO,40,21
2021,10,26,0,NULO,39,22
2021,10,27,0,NULO,43,22
2021,10,28,0,NULO,38,22
2021,10,29,0,NULO,37,17
2021,10,30,0,NULO,39,15
2021,10,31,0,NULO,37,16
2021,11,1,0,NULO,36.5,11.5
2021,11,2,0,NULO,38.5,17
2021,11,3,0,NULO,34,15
2021,11,4,0,NULO,35,16
2021,11,5,0,NULO,32,14
2021,11,6,0,NULO,37,14
2021,11,7,0,NULO,37,15
2021,11,8,0,NULO,34.5,20
2021,11,9,0,NULO,35,21
2021,11,10,0,NULO,37,18
2021,11,11,0,NULO,35.5,16
2021,11,12,0,NULO,33,16.5
2021,11,13,0,NULO,37.5,16
2021,11,14,0,NULO,38,16
2021,11,15,0,NULO,37,15
2021,11,16,0,NULO,33.5,14
2021,11,17,0,NULO,35,14.5
2021,11,18,8,NULO,36,17
2021,11,19,0,NULO,34,15
2021,11,20,0,NULO,35,16
2021,11,21,0,NULO,33,16
2021,11,22,0,NULO,29.5,20
2021,11,23,0,NULO,36,17
2021,11,24,0,NULO,36,16
2021,11,25,0,NULO,31,19
2021,11,26,0,NULO,33,17
2021,11,27,0,NULO,31.5,14
2021,11,28,0,NULO,34,11.5
2021,11,29,0,NULO,32,11
2021,11,30,0,NULO,35,15
2021,12,1,0,NULO,34,11.5
2021,12,2,0,NULO,33,14
2021,12,3,0,NULO,33,15
2021,12,4,0,NULO,36.5,15
2021,12,5,0,NULO,38,15.5
2021,12,6,1,NULO,38.5,17.5
2021,12,7,0,NULO,35,19
2021,12,8,0,NULO,39,19
2021,12,9,0,NULO,38,17
2021,12,10,0,NULO,34,17
2021,12,11,0,NULO,22,18
2021,12,12,0,NULO,25,16
2021,12,13,0,NULO,26,11
2021,12,14,0,NULO,37,13
2021,12,15,0,NULO,35,14
2021,12,16,0,NULO,38,17
2021,12,17,0,NULO,38,17
2021,12,18,0,NULO,22,18
2021,12,19,3,NULO,32,18
2021,12,20,0,NULO,34.5,11
2021,12,21,0,NULO,35,12
2021,12,22,0,NULO,34,12
2021,12,23,0,NULO,34.5,13
2021,12,24,0,NULO,37,13
2021,12,25,0,NULO,36,13.5
2021,12,26,0,NULO,37.5,14
2021,12,27,0,NULO,40.5,16
2021,12,28,0,NULO,41,17
2021,12,29,0,NULO,40.5,16.5
2021,12,30,0,NULO,37,17
2021,12,31,0,NULO,36,17
2022,1,1,0,NULO,27,18
2022,1,2,0,NULO,27,20
2022,1,3,0,NULO,33.5,16
2022,1,4,0,NULO,36,13
2022,1,5,0,NULO,37,7.5
2022,1,6,0,NULO,31,8
2022,1,7,0,NULO,31,13
2022,1,8,0,NULO,39,17
2022,1,9,0,NULO,23,18
2022,1,10,9,NULO,25.5,16
2022,1,11,9,NULO,30,10
2022,1,12,0,NULO,32,10
2022,1,13,0,NULO,34.5,14
2022,1,14,0,NULO,29.5,11
2022,1,15,0,NULO,28,13
2022,1,16,0,NULO,33,8
2022,1,17,0,NULO,34,5
2022,1,18,0,NULO,36,5
2022,1,19,0,NULO,16,11
2022,1,20,0,NULO,NULO,NULO
2022,1,21,0,NULO,15,8
2022,1,22,4,NULO,18,7
2022,1,23,3.5,NULO,30,9
2022,1,24,0,NULO,29.5,9
2022,1,25,0,NULO,24.5,14
2022,1,26,0,NULO,29,12
2022,1,27,0,NULO,18,14
2022,1,28,0,NULO,22,14
2022,1,29,0,NULO,30,11
2022,1,30,0,NULO,30,11
2022,1,31,NULO,NULO,36,13
2022,2,1,0,NULO,37,15
2022,2,2,0,NULO,21,16
2022,2,3,0,NULO,20,18
2022,2,4,0,NULO,22,7
2022,2,5,0,NULO,37,8
2022,2,6,0,NULO,20,8
2022,2,7,0,NULO,34.5,10
2022,2,8,0,NULO,36,10
2022,2,9,0,NULO,28,7
2022,2,10,0,NULO,30,8
2022,2,11,0,NULO,31,14
2022,2,12,0,NULO,24,13
2022,2,13,0,NULO,22.5,11
2022,2,14,0,NULO,32,8
2022,2,15,0,NULO,34,7
2022,2,16,0,NULO,42,10
2022,2,17,0,NULO,41,14
2022,2,18,0,NULO,22,14
2022,2,19,0,NULO,35.5,12.5
2022,2,20,0,NULO,37.5,13
2022,2,21,0,NULO,38,12
2022,2,22,0,NULO,37,16
2022,2,23,0,NULO,34,16
2022,2,24,0,NULO,23,19
2022,2,25,1.5,NULO,30,16
2022,2,26,0,NULO,20.5,13
2022,2,27,0,NULO,19.5,13
2022,2,28,0,NULO,28,12
2022,3,1,0,NULO,24,8
2022,3,2,0,NULO,32,12
2022,3,3,0,NULO,32,16
2022,3,4,0,NULO,37,18
2022,3,5,0,NULO,38,8
2022,3,6,0,NULO,33,10
2022,3,7,0,NULO,31,17
2022,3,8,1.5,NULO,27,13
2022,3,9,0,NULO,37,13
2022,3,10,0,NULO,40,15
2022,3,11,0,NULO,20,16
2022,3,12,0,NULO,27,14
2022,3,13,0,NULO,36,8
2022,3,14,0,NULO,35,11
2022,3,15,0,NULO,36.5,15
2022,3,16,0,NULO,41,11
2022,3,17,0,NULO,32,15
2022,3,18,0,NULO,33,19
2022,3,19,0,NULO,32,19
2022,3,20,0,NULO,38,17
2022,3,21,0,NULO,38,18
2022,3,22,0,NULO,30,16
2022,3,23,0,NULO,34,13
2022,3,24,0,NULO,38.5,15
2022,3,25,0,NULO,38,10
2022,3,26,0,NULO,36.5,11.9
2022,3,27,0,NULO,36,9
2022,3,28,0,NULO,38,12
2022,3,29,0,NULO,46,16
2022,3,30,0,NULO,36,16
2022,3,31,0,NULO,37,16
2022,7,1,0,NULO,39,21
2022,7,2,0,NULO,39,23
2022,7,3,0,NULO,32.5,23
2022,7,4,0,NULO,30,22
2022,7,5,0,NULO,32.5,21
2022,7,6,0,NULO,38,22
2022,7,7,0,NULO,40,22
2022,7,8,0,NULO,40.5,23
2022,7,9,0,NULO,41,23
2022,7,10,0,NULO,41,22
2022,7,11,0,NULO,41,21
2022,7,12,0,NULO,41,23
2022,7,13,0,NULO,35,24
2022,7,14,20,NULO,35.5,21
2022,7,15,0,NULO,37.5,21
2022,7,16,0,NULO,37,21
2022,7,17,0,NULO,40,21
2022,7,18,0,NULO,40,20
2022,7,19,0,NULO,40,22
2022,7,20,0,NULO,40,22.5
2022,7,21,0,NULO,32,21
2022,7,22,0,NULO,34,22
2022,7,23,3,NULO,40,22
2022,7,24,0,NULO,40,21
2022,7,25,0,NULO,40,21
2022,7,26,0,NULO,36.5,22
2022,7,27,0,NULO,38,21
2022,7,28,2,NULO,37,21
2022,7,29,2,NULO,35,23
2022,7,30,0,NULO,39,21
2022,7,31,0,NULO,38,21
2022,8,1,1,NULO,39,20
2022,8,2,0,NULO,40,21
2022,8,3,0,NULO,40.5,22
2022,8,4,0,NULO,41,22
2022,8,5,0,NULO,40,23
2022,8,6,0,NULO,40,21.5
2022,8,7,0,NULO,40,22
2022,8,8,0,NULO,39,21
2022,8,9,0,NULO,42,21
2022,8,10,0,NULO,40,22
2022,8,11,0,NULO,43.5,21
2022,8,12,0,NULO,42,20
2022,8,13,0,NULO,42,21.5
2022,8,14,0,NULO,39,22
2022,8,15,0,NULO,38.5,23
2022,8,16,0,NULO,40,22
2022,8,17,0,NULO,40,22
2022,8,18,0,NULO,43,22
2022,8,19,0,NULO,42,21
2022,8,20,0,NULO,34,21
2022,8,21,0,NULO,35,23
2022,8,22,0,NULO,35,23
2022,8,23,0,NULO,37,20
2022,8,24,0,NULO,39,24
2022,8,25,0,NULO,41,23
2022,8,26,0,NULO,43,25
2022,8,27,0,NULO,44,19
2022,8,28,4,NULO,43,19
2022,8,29,0,NULO,35,24
2022,8,30,0,NULO,38,24
2022,8,31,NULO,NULO,NULO,NULO
2022,9,1,0,NULO,47,23
2022,9,2,4,NULO,36,23
2022,9,3,8.5,NULO,38,23
2022,9,4,6.5,NULO,36,21
2022,9,5,5.5,NULO,34,23
2022,9,6,7.5,NULO,36,20
2022,9,7,0,NULO,39,20
2022,9,8,0,NULO,40,21
2022,9,9,0,NULO,41,21
2022,9,10,0,NULO,39,21
2022,9,11,13.5,NULO,38,20
2022,9,12,0,NULO,40,20
2022,9,13,0,NULO,39,20
2022,9,14,0,NULO,35.5,20
2022,9,15,3,NULO,35,21
2022,9,16,10,NULO,33,20
2022,9,17,3,NULO,36,21
2022,9,18,26,NULO,33,20
2022,9,19,3,NULO,37,21
2022,9,20,0,NULO,37,21
2022,9,21,0,NULO,33,19
2022,9,22,6,NULO,37.5,19
2022,9,23,4.5,NULO,40,20
2022,9,24,0,NULO,40,20
2022,9,25,7,NULO,32,20
2022,9,26,10.5,NULO,32,20
2022,9,27,7.5,NULO,33,20
2022,9,28,0,NULO,35,22
2022,9,29,0,NULO,36,21
2022,9,30,NULO,NULO,NULO,NULO
2023,1,1,0,NULO,37,15
2023,1,2,0,NULO,36,19
2023,1,3,0,NULO,28,19
2023,1,4,0,NULO,22,18
2023,1,5,0,NULO,19,15
2023,1,6,0,NULO,20,10
2023,1,7,0,NULO,19,17
2023,1,8,0,NULO,17,15
2023,1,9,0,NULO,17,13
2023,1,10,0,NULO,35,13
2023,1,11,0,NULO,32.5,16
2023,1,12,0,NULO,32,19
2023,1,13,0,NULO,32,13
2023,1,14,0,NULO,34,2
2023,1,15,0,NULO,40.5,8
2023,1,16,0,NULO,38,12
2023,1,17,0,NULO,37,13
2023,1,18,0,NULO,36,15
2023,1,19,0,NULO,36,16
2023,1,20,0,NULO,37,16
2023,1,21,0,NULO,26,19
2023,1,22,6,NULO,20,17
2023,1,23,8,NULO,35,16
2023,1,24,0,NULO,27,17
2023,1,25,0,NULO,21,18
2023,1,26,0,NULO,26,14
2023,1,27,0,NULO,34,13
2023,1,28,0,NULO,35,16
2023,1,29,0,NULO,35,16
2023,1,30,0,NULO,34.5,16
2023,1,31,0,NULO,20,17
2023,10,1,0,NULO,30,15
2023,10,2,0,NULO,37,20
2023,10,3,0,NULO,36,23
2023,10,4,0,NULO,38,21
2023,10,5,0,NULO,37,24
2023,10,6,10.5,NULO,30,21
2023,10,7,8.5,NULO,NULO,NULO
2023,10,8,0,NULO,23,20
2023,10,9,0,NULO,30,17
2023,10,10,0,NULO,22,19
2023,10,11,0,NULO,37,18
2023,10,12,0,NULO,37,19
2023,10,13,0,NULO,32,23
2023,10,14,22,NULO,27,21
2023,10,15,0,NULO,24,20
2023,10,16,0,NULO,32,15
2023,10,17,0,NULO,32,13
2023,10,18,0,NULO,25,12
2023,10,19,0,NULO,35,15
2023,10,20,0,NULO,34,20
2023,10,21,0,NULO,25,18
2023,10,22,0,NULO,34,17
2023,10,23,2,NULO,31,21
2023,10,24,12,NULO,28,24
2023,10,25,13,NULO,29,23
2023,10,26,1,NULO,33,21
2023,10,27,6,NULO,33,20
2023,10,28,1,NULO,31,19
2023,10,29,3,NULO,29,18
2023,10,30,0,NULO,22,17
2023,10,31,0,NULO,17,10
