year,mes,dia,pcp_mm,evap_mm,TMAX_C,TMIN_C
1979,1,1,0,1.3,21,13.5
1979,1,2,0.5,1.3,23,13
1979,1,3,3,0.4,24,16.5
1979,1,4,0,1.3,21,10.5
1979,1,5,0,1.8,23.5,9
1979,1,6,0,1.5,23.5,10
1979,1,7,0,0.8,26.5,12
1979,1,8,0,0.7,23.5,13.5
1979,1,9,0,1.5,23.5,16.5
1979,1,10,0,2,26.5,18.5
1979,1,11,0,0.8,25.5,15
1979,1,12,0,1.3,18.1,16.5
1979,1,13,0,2.2,25,13.5
1979,1,14,0,0.2,26.5,14
1979,1,15,0,2,26.5,14.5
1979,1,16,0,1.5,26.5,17.5
1979,1,17,0,2.3,28.5,18.5
1979,1,18,0,2,26.5,19.5
1979,1,19,1,1.8,27,18.5
1979,1,20,2,0.9,27,19.5
1979,1,21,4,1.4,25,18.5
1979,1,22,8,0.2,29,19.5
1979,1,23,2,1.1,19.6,19.5
1979,1,24,0,2.1,17.5,8.5
1979,1,25,2.5,1.3,19.5,10.5
1979,1,26,4.5,3.8,26.5,12.5
1979,1,27,0,1.8,27.5,16
1979,1,28,0,0.9,21,16.5
1979,1,29,0,2.3,26,19
1979,1,30,1,1.3,26.5,19.5
1979,1,31,12,0.5,19.6,18.5
1979,2,10,0,1.71,20.5,12
1979,2,11,8.5,1.6,20.5,10
1979,2,12,0,1,18,10.5
1979,2,13,0,3.13,20,15
1979,2,14,0,2.14,23,10.5
1979,2,15,0,1.99,20.5,15
1979,2,16,0,0.84,27,17
1979,2,17,0,0.45,30.5,12.5
1979,2,18,2.5,1.1,22.5,12.5
1979,2,19,3,1.65,18,8.5
1979,2,20,0,2.16,13.5,10.5
1979,2,21,1,2.71,18.5,13.5
1979,2,22,0,1.03,27.5,15.5
1979,2,23,0,3.76,26.5,18
1979,2,24,0,3.39,27,18.5
1979,2,25,0,3.35,30,16.5
1979,2,26,0,3.38,30.5,13
1979,2,27,0,2.36,23.5,11.5
1979,2,28,0,2.37,23.5,13
1979,3,1,0,1.6,27.5,15.5
1979,3,2,0,3.6,30.5,16.5
1979,3,3,0,2.4,29,17.5
1979,3,4,0,1.6,27.5,15.5
1979,3,5,10.9,3.7,21.5,16
1979,3,6,4,1.6,25.5,13
1979,3,7,0,2,23.5,13.5
1979,3,8,0,3.7,28,13
1979,3,9,0,3.5,29,13.5
1979,3,10,0.5,2.3,26.5,14.5
1979,3,11,3.5,0.5,16.5,13.5
1979,3,12,1,1,21.5,13.5
1979,3,13,0,1.7,25.5,14
1979,3,14,0,1.6,25,17
1979,3,15,3.5,3.2,27.5,18.5
1979,3,16,2,1.1,25.5,18.5
1979,3,17,0.5,1.9,27,19.5
1979,3,18,0.5,2,26,19
1979,3,19,0,5.4,33,19.5
1979,3,20,0,2.6,31.5,21.5
1979,3,21,0,5.4,33,22
1979,3,22,0,5.2,37.5,20.5
1979,3,23,0,6.5,30.5,20
1979,3,24,0,4.5,28.5,18.5
1979,3,25,0.5,1.7,24.5,18.5
1979,3,26,0,1.7,26,15.5
1979,3,27,1,2.2,26,17.5
1979,3,28,0,1.4,27,20.5
1979,3,29,0,2.1,30.5,21
1979,3,30,0,2.7,31.5,21.5
1979,3,31,0,5.1,30.5,22.5
1979,4,1,0,4.6,34.5,21.5
1979,4,2,0,7.2,33,22.5
1979,4,3,0,0.88,33,22.5
1979,4,4,0,0.89,22.5,21.5
1979,4,5,0.5,1.48,22.5,19
1979,4,6,0.5,1.59,23.5,19
1979,4,7,0,2.38,28.5,20
1979,4,8,0,3.28,32.5,17.5
1979,4,9,0,4.44,33.5,20
1979,4,10,0,6.84,36.5,21.5
1979,4,11,0,8.82,42,21.5
1979,4,12,0,5.46,39.5,20.5
1979,4,13,0,4.78,32,22.5
1979,4,14,0,2.19,29,21.5
1979,4,15,0,5.41,32,20.5
1979,4,16,14.8,5.79,32,21.5
1979,4,17,0,5.18,33,20.5
1979,4,18,0,2.33,33.5,20
1979,4,19,6,7.93,33.5,22.5
1979,4,20,1.5,5.24,39,23.5
1979,4,21,12,5.73,35,20.5
1979,4,22,7,2.22,27.5,19
1979,4,23,0,2.87,28.5,19
1979,4,24,0,3.49,31,20.5
1979,4,25,0,6.06,35,20.5
1979,4,26,0,6.26,36.5,21
1979,4,27,0,5.21,32,23
1979,4,28,0,3.1,31,24.5
1979,4,29,0,3.61,35.5,21.5
1979,4,30,0,6.04,34,24.5
1979,5,1,0,3.8,33,21.5
1979,5,2,0,6,36,23
1979,5,3,0,5.3,36.5,23
1979,5,4,0,4.8,35.5,23.5
1979,5,5,0,3,28.5,19.5
1979,5,6,0,6.3,32.5,18
1979,5,7,0,4.7,34.5,18.5
1979,5,8,0,5,35.5,22.5
1979,5,9,0,3.9,38.5,22
1979,5,10,0,4.1,35.5,23.5
1979,5,11,5,6.2,32,24
1979,5,12,5,0.8,21,20.5
1979,5,13,3,0.6,21.5,17.5
1979,5,14,0,1.4,25.5,17.5
1979,5,15,0,3,29,19
1979,5,16,0,2.1,26,20.5
1979,5,17,0,4.1,30.5,18.5
1979,5,18,0,4.8,31.5,19
1979,5,19,0,5.3,33,19
1979,5,20,0,5.4,33,20.5
1979,5,21,0,6.2,35.5,21
1979,5,22,0,4.6,37,23
1979,5,23,3.5,4.9,34.5,24.5
1979,5,24,0,2.4,30,24.5
1979,5,25,0,3.1,28.5,21.5
1979,5,26,0,1.9,30,22
1979,5,27,0,5.1,36.5,22.5
1979,5,28,0,5.1,34,21
1979,5,29,0,6,37,23.5
1979,5,30,0,6.9,38,23.5
1979,5,31,0,4.5,33,25.5
1979,6,1,0,5.1,35.5,25
1979,6,2,0,4.8,34.5,22.5
1979,6,3,0,4.7,33.5,23.5
1979,6,4,0,5.2,34.5,24.5
1979,6,5,7,2.2,35.5,24.5
1979,6,6,0,3.8,32.5,23.5
1979,6,7,0,4.3,35.5,24.5
1979,6,8,1,4.2,34.5,24.5
1979,6,9,40,1.5,35,25.5
1979,6,10,82.5,1.5,30,21.5
1979,6,11,1,3.6,26.5,21.5
1979,6,12,0,3.7,24.5,21.5
1979,6,13,0,6.3,31.5,20
1979,6,14,0,5.8,32,18.5
1979,6,15,0,4.6,32.5,19.5
1979,6,16,0,5.8,34.5,20
1979,6,17,0,6.2,33.5,21
1979,6,18,0,3.8,32.5,22.5
1979,6,19,0,5.3,33,24
1979,6,20,0,3.9,34,23.5
1979,6,21,0,6.2,34.5,23.5
1979,6,22,0,6.5,34.5,23
1979,6,23,0,6.4,34,21.5
1979,6,24,0,3,31.5,23
1979,6,25,7.5,3.4,28.5,21.5
1979,6,26,0,4.8,31.5,22.5
1979,6,27,0,4.7,37.5,23
1979,6,28,0,2.8,35,24.5
1979,6,29,0,5.9,33.5,20.5
1979,6,30,0,5.4,35.5,22
1979,7,1,0,6.3,34.5,22
1979,7,2,0,5.9,38.5,22.5
1979,7,3,0,5.1,34.5,22.5
1979,7,4,0,6.4,34.5,21
1979,7,5,6,5.8,35.5,22.5
1979,7,6,17,6.6,34.5,21
1979,7,7,2,3.5,34,23
1979,7,8,19,6,35.5,23
1979,7,9,0,7.4,38.5,22.5
1979,7,10,3,7,35.5,20
1979,7,11,0,3.2,38.5,21
1979,7,12,0,6.1,37.5,23
1979,7,13,0,2.6,37.5,21
1979,7,14,0,5.9,35.5,22
1979,7,16,9,5.3,35.5,21.5
1979,7,17,0,6.6,33.5,22.5
1979,7,19,0,5.9,36.5,21
1979,7,20,0,3.8,38.5,21.5
1979,7,21,0,4.4,38,22.5
1979,7,22,0,4.2,38,23
1979,7,23,0,5.5,35.5,22.5
1979,7,24,0,6.3,39.5,24.5
1979,7,25,0,7,39,23
1979,7,26,0,5.6,38,22.5
1979,7,27,0,3.5,35.5,22.5
1979,7,28,1.5,5.3,35.5,23.5
1979,7,29,0,4,35.5,21.5
1979,7,30,0,4.3,36.5,22.5
1979,7,31,0,4.7,36.5,23
1979,8,1,0,5.2,34,23
1979,8,2,0,3.8,34,22.5
1979,8,3,7,4.4,33,22.5
1979,8,4,40,5.2,28.5,23
1979,8,5,49.5,3.7,25.5,22.5
1979,8,6,0.5,1.8,27,22.5
1979,8,7,0,2.8,32,22
1979,8,8,13.5,4.7,32,22.5
1979,8,9,0.5,5,30.5,22.5
1979,8,10,3.5,2.4,29.5,23.5
1979,8,11,1,2.4,31.5,22.5
1979,8,12,1,2.1,31.5,23
1979,8,13,0,2.3,30,22.5
1979,8,14,18.5,3.7,29.5,23.5
1979,8,15,30.5,3.6,27,20.5
1979,8,16,0,3.2,31,20.5
1979,8,17,0,3.5,31.5,20.5
1979,8,18,0,3.5,32.5,21.5
1979,8,19,0,4.9,31.5,22
1979,8,20,4.5,3.5,30.5,21.5
1979,8,21,20.5,4.5,31.5,22.5
1979,8,22,0,5.2,31.5,21.5
1979,8,23,0,4.4,32,22
1979,8,24,11,5.2,28.5,22
1979,8,25,10,2.5,26.5,21
1979,8,26,1,3,27,21
1979,8,27,32,4.9,31,22
1979,8,28,0,3.1,29.5,22.5
1979,8,29,35,4.3,30.5,23
1979,8,30,0,3.7,32.5,23.5
1979,8,31,2,3.3,31.5,22.5
1979,9,1,0,4.2,32,22
1979,9,2,0,4,32.5,23
1979,9,3,0,4.1,32.5,23
1979,9,4,0,4,32.5,23
1979,9,5,0,3.9,33,22
1979,9,6,7,2,30,22.5
1979,9,7,61.5,3.1,26.5,22.5
1979,9,8,62,2.4,29,22.5
1979,9,9,9.5,2.5,27,22
1979,9,10,5,4.3,29.5,22.5
1979,9,11,26.5,5.8,29.5,22.5
1979,9,12,0,4.5,31.5,22.5
1979,9,13,0,4.7,32.5,23
1979,9,14,0,2.8,32,22.5
1979,9,15,4,2.1,29,22.5
1979,9,16,0,3.2,26,19.5
1979,9,17,19.5,4,21.6,19.5
1979,9,18,8,5,24.5,17.5
1979,9,19,0,5.1,27,17.5
1979,9,20,0,4.6,31,21.5
1979,9,21,0,5.3,31.5,21.5
1979,9,22,0,4,30,22.5
1979,9,23,0,5.5,30.5,20.5
1979,9,24,0,3.7,30.5,20.5
1979,9,25,0,4.1,30.5,19.5
1979,9,26,0,2.2,30,19
1979,9,27,0,4.8,30.5,17.5
1979,9,28,0,2.8,30.5,18
1979,9,29,0,2.5,30.5,18.5
1979,9,30,0,4.1,31,17
1979,10,1,0,4.1,32.5,18.5
1979,10,2,0,2.8,33.5,18.5
1979,10,3,0,3.1,32,19
1979,10,4,0,3.3,32,18.5
1979,10,5,0,3.7,31.5,19
1979,10,6,0,1.8,31.5,19.5
1979,10,7,0,3.3,31.5,20
1979,10,8,0,3.5,31.5,19.5
1979,10,9,0,2.1,32,18.5
1979,10,10,0,2.1,30,20.5
1979,10,11,0,4.1,32.5,19.5
1979,10,12,0,4,32,19.5
1979,10,13,0,3.4,32.5,18.5
1979,10,14,0,3.1,31,21
1979,10,15,0,2.7,33.5,20.5
1979,10,16,0,3.3,33.5,20.5
1979,10,17,0,2.9,32.5,20.5
1979,10,18,0,2.6,32.5,19.5
1979,10,19,0,2.3,32,20.5
1979,10,20,0,3.3,33.5,20
1979,10,21,0,3.3,32.5,20.5
1979,10,22,0,4.3,33,21.5
1979,10,23,0,2,28.5,18.5
1979,10,24,0,3,28,15
1979,10,25,0,1.8,26,16.5
1979,10,26,0,1,26.5,17.5
1979,10,27,0,2.4,31.5,17.5
1979,10,28,0,2,30.5,16.5
1979,10,29,5,4.1,31.5,19
1979,10,30,0,5,32.5,22
1979,10,31,0,4.7,29.5,20.5
1979,11,1,0,2,29.5,16.5
1979,11,2,10,2,23.5,19
1979,11,3,2,0.2,19.5,17
1979,11,4,0,0.7,26.5,17.5
1979,11,5,0,2.2,29.5,17
1979,11,6,0,2.6,28.5,18.5
1979,11,7,0,1.9,24.5,19
1979,11,8,0,2.1,29.5,15.5
1979,11,9,0,2.9,32.5,15
1979,11,10,4.5,2.9,31.5,18.5
1979,11,11,3,0.5,17.5,14.5
1979,11,12,11,1,21.5,14.5
1979,11,13,10,1.9,18.5,17.5
1979,11,14,5,2.6,18.5,14
1979,11,15,0,0.8,19.5,14.5
1979,11,16,0,0.4,22.5,16.5
1979,11,17,0,2.8,28,17.5
1979,11,18,0,1.7,27.5,15
1979,11,19,0,2.3,30,16
1979,11,20,0,3,29.5,19
1979,11,21,11,0.6,29.5,19
1979,11,22,8,0.7,16.6,16.5
1979,11,23,2,1.5,17,8
1979,11,24,0,0.4,23.5,9.5
1979,11,25,0,1.5,24.5,11
1979,11,26,0,1.8,26.5,10
1979,11,27,0,1.5,29.5,13
1979,11,28,0,3.8,26.5,16.5
1979,11,29,0,3.2,17,13.5
1979,11,30,0,2,16.5,10.5
1979,12,1,2.5,0.85,15.5,11.5
1979,12,2,11,1.88,17.5,11.5
1979,12,3,51,1.17,14.5,10
1979,12,4,39.5,2.58,18.5,11
1979,12,5,0,2.73,22,14
1979,12,6,0,1.03,27,11
1979,12,7,0,2.91,28,12
1979,12,8,7.2,2.26,20,12
1979,12,9,12.5,2.32,21.5,13
1979,12,10,0,2.21,26.5,17.5
1979,12,11,0,2.62,29.5,16.5
1979,12,12,0.5,1.29,28,13.5
1979,12,13,2,1.31,21,13
1979,12,14,3,0.85,19.5,12.5
1979,12,15,0,0.55,16.5,11.5
1979,12,16,4.5,0.65,20,11.5
1979,12,17,0,0.95,15.5,13.5
1979,12,18,0,1.29,17.5,9
1979,12,19,0,0.91,22.5,9.5
1979,12,20,0,1.62,25.5,14
1979,12,21,0,1.63,30,16
1979,12,22,0,0.96,30,16.5
1979,12,23,0,1.48,29.5,17.5
1979,12,24,0,1.83,20.5,17
1979,12,25,0,1.93,24.5,15
1979,12,26,0,0.81,24.5,11
1979,12,27,0,0.68,25,12.5
1979,12,28,0,1.58,25.5,13.5
1979,12,29,4,0.45,22,18
1979,12,30,0,1.72,19.5,14.5
1979,12,31,1.5,1.47,17.5,14.5
1980,1,1,0,1.28,21,13.5
1980,1,2,0.5,1.27,23,13
1980,1,3,3,0.37,24,11
1980,1,4,0,1.26,21,10
1980,1,5,0,1.77,23.5,9
1980,1,6,0,1.46,23.5,10
1980,1,7,0,0.82,26.5,12
1980,1,8,0,0.72,23.5,13.5
1980,1,9,0,1.52,23.5,16.5
1980,1,10,0,1.96,26.5,18.5
1980,1,11,0,0.79,25.5,15
1980,1,12,0,1.29,18,16.5
1980,1,13,0,2.21,25,13.5
1980,1,14,0,0.21,26.5,14
1980,1,15,0,1.98,26.5,14.5
1980,1,16,0,1.48,26.5,17.5
1980,1,17,0,2.32,28.5,18.5
1980,1,18,0,1.98,26.5,19.5
1980,1,19,1,1.79,27,18.5
1980,1,20,2,0.85,27,19.5
1980,1,21,4,1.39,25,18.5
1980,1,22,8,0.24,29,19.5
1980,1,23,2,1.13,20,15
1980,1,24,0.1,2.07,19.5,13.5
1980,1,25,2.5,1.27,19.5,10.5
1980,1,26,4.5,3.75,26.5,12.5
1980,1,27,0,1.84,27.5,16
1980,1,28,0,0.89,21,16.5
1980,1,29,0,2.27,26,19
1980,1,30,1,1.25,26.5,19.5
1980,1,31,12,0.54,20,18.5
1980,2,1,0,0.9,11.5,10.5
1980,2,2,0,1,18.5,8
1980,2,3,0,2.6,22,10.5
1980,2,4,0,2.1,24.5,10
1980,2,5,0,1.9,26.5,11
1980,2,6,0,0.6,22,11
1980,2,7,0,1.2,23.5,13.5
1980,2,8,1,2.4,25.5,13.5
1980,2,9,4,0.6,14.6,14.5
1980,2,10,0,0.5,12.5,8
1980,2,11,0,0.5,15.5,8.5
1980,2,12,0,0.9,18.5,11.5
1980,2,13,0,1.5,25.5,13
1980,2,14,0,1.1,24.5,14
1980,2,15,0,3.8,29.5,11
1980,2,16,0,1.3,26.5,15
1980,2,17,0,0.5,12,10.5
1980,2,18,0,1.7,20.5,8.5
1980,2,19,0,1.9,27.5,10
1980,2,20,0,2.8,29.5,13.5
1980,2,21,0,3.3,29.5,16
1980,2,22,0,2.8,30,16.5
1980,2,23,0,1.3,25.5,16.5
1980,2,24,52,2.2,26.5,17.5
1980,2,25,7.5,1.6,19.5,18
1980,2,26,0,1,21.5,12
1980,2,27,0,4.7,19.5,13
1980,2,28,0.5,3.2,25.5,14
1980,2,29,0,2.4,29.5,14.5
1980,3,1,0,3.2,23,16.5
1980,3,2,0,1.3,12,7.5
1980,3,3,0,1.6,18.5,8
1980,3,4,0,2.3,27.5,9
1980,3,5,0,2,30,11
1980,3,6,0,4.1,27.5,14
1980,3,7,0,3.2,30.5,16.5
1980,3,8,0,1.8,27.5,18
1980,3,9,0,2.1,29.5,19.5
1980,3,10,0,0.9,26.5,18
1980,3,11,0,3,29.5,19
1980,3,12,0,5.4,37.5,19
1980,3,13,0,2.6,32.5,17.5
1980,3,14,0,2.7,25,16
1980,3,15,0,3.3,28,18
1980,3,16,0,4.7,31,17.5
1980,3,17,13,2.3,31.5,19.5
1980,3,18,0,4.6,21.5,13.5
1980,3,19,0,4.4,28,15
1980,3,20,0,4.4,33.5,15.5
1980,3,21,0,3.6,28,19
1980,3,22,0,2.4,25,18.5
1980,3,23,0,4.4,32.5,17.5
1980,3,24,0,3.3,29.5,19.5
1980,3,25,1,2,29,19.5
1980,3,26,0,1.3,31.5,20
1980,3,27,0,3.2,31,21.5
1980,3,28,0,4.4,32.5,20.5
1980,3,29,0,3.9,32.5,21.5
1980,3,30,0,6.1,28,20.5
1980,3,31,0,4.8,28.5,19.5
1980,4,1,0,5.02,32.5,20.5
1980,4,2,0,6.19,35.5,22
1980,4,3,0,2.53,33,22
1980,4,4,0,2.17,29,19.5
1980,4,5,0,2.29,24,17
1980,4,6,0,3.47,32.5,18.5
1980,4,7,0,0.08,35,21.5
1980,4,8,70,3.12,30.5,22.5
1980,4,9,0,2.8,25.5,15.5
1980,4,10,0,5.13,29.5,14
1980,4,11,0,6.37,35,18
1980,4,12,0,7.99,38.5,20.5
1980,4,13,0,2.21,18.5,16.5
1980,4,14,0,3.91,22,14
1980,4,15,0,2.78,25.5,12.5
1980,4,16,0,2.38,24,16
1980,4,17,6,1.29,24.5,19
1980,4,18,0.01,1.83,26,19
1980,4,19,0,3.01,33,19
1980,4,20,0,4.28,27.5,16.5
1980,4,21,0,1.29,26,16.5
1980,4,22,1,3.82,27.5,17.5
1980,4,23,0,4.18,31.5,16.5
1980,4,24,0,6.95,36.5,18.5
1980,4,25,0,6.12,41.5,18.5
1980,4,26,0,7.01,33.5,19
1980,4,27,0,6.91,30,16.5
1980,4,28,0,4.08,28.5,19
1980,4,29,0,6.37,31.5,17.5
1980,4,30,0,4.6,34,18.5
1980,5,1,0,5.34,33.5,19.5
1980,5,2,0.5,3.15,34.5,22.5
1980,5,3,0,4.07,31,23
1980,5,4,5,1.71,31.5,22.5
1980,5,5,0.01,3.74,30,22.5
1980,5,6,0,3.38,32,22
1980,5,7,0,4.81,37,21.5
1980,5,8,0,7.92,41,23.5
1980,5,9,0,5.35,34,25
1980,5,10,0,3.99,35.5,23.5
1980,5,11,0,7.45,39.5,23.5
1980,5,12,1,6.47,38,25
1980,5,13,0,5.08,37,22.5
1980,5,14,0,6.65,35,24
1980,5,15,0,6.16,39.5,24
1980,5,16,0,7.73,43.5,24.5
1980,5,17,0,6.1,37,25
1980,5,18,0,5.9,36.5,24.5
1980,5,19,9,2.5,33.5,25
1980,5,20,0,4.26,31,20.5
1980,5,21,0,8.9,35.5,22.5
1980,5,22,0,4.42,34,23
1980,5,23,0,4.95,35.5,24.5
1980,5,24,0,5.81,39.5,25
1980,5,25,0,7.99,40,24.5
1980,5,26,20.5,9.02,39,23.5
1980,5,27,0,5.88,39,21.5
1980,5,28,0,6.08,35,21.5
1980,5,29,0,5.58,35.5,24.5
1980,5,30,0,6.64,36.5,23.5
1980,5,31,0,6.69,36.5,23
1980,6,1,0,7.6,36,23
1980,6,2,0,7,35.5,22.5
1980,6,3,0,6.4,35,23
1980,6,4,1,2.9,32.5,23.5
1980,6,5,0,6.1,35.5,22.5
1980,6,6,0,6.8,36,23.5
1980,6,7,0,6.7,36,24
1980,6,8,0,7.5,37,24
1980,6,9,0,7.6,36.5,22
1980,6,10,0,5.7,31.5,21.5
1980,6,11,0,8.6,36.5,21.5
1980,6,12,0,7.8,36.5,21
1980,6,13,0,7.2,36.5,22
1980,6,14,0,6.6,36.5,22.5
1980,6,15,0,7.6,35.5,23
1980,6,16,0,6.9,35.5,23
1980,6,17,0,6.2,36.5,23.5
1980,6,18,0,5.6,37.5,23
1980,6,19,0,5,34.5,23.5
1980,6,20,6,2.3,29.5,24
1980,6,21,0,3.1,32.5,23
1980,6,22,1.5,1.5,29,25
1980,6,23,0,4.8,30.5,23
1980,6,24,0,3.9,34,23
1980,6,25,1.5,4.8,34.5,23.5
1980,6,26,0,4.1,34.5,22.5
1980,6,27,0,7.6,36,23
1980,6,28,0,4.5,33.5,22
1980,6,29,0,6.9,35.5,24
1980,6,30,0,6.4,34.5,24.5
1980,7,1,0,6.4,36,23
1980,7,2,0,8.4,37.5,24.5
1980,7,3,0,6.3,37.5,23.5
1980,7,4,0,5.1,34,22.5
1980,7,5,0,3.4,35.5,23
1980,7,6,0,7.7,36.5,23.5
1980,7,7,1,4.5,33,22.5
1980,7,8,0,2.5,34.5,22.5
1980,7,9,0,5.5,35.5,22.5
1980,7,10,0,7.5,35,23
1980,7,11,0,7.2,36,23
1980,7,12,0,6.3,34.5,24
1980,7,13,0,8.6,37.5,23
1980,7,14,1,3.2,33,24
1980,7,15,0,5.4,33.5,22.5
1980,7,16,0,7.1,35.5,22.5
1980,7,17,0,6.5,36.5,23.5
1980,7,18,0,8.5,37,23.5
1980,7,19,0,7.3,38,24.5
1980,7,20,0,5.4,38,25
1980,7,21,0,7.4,37.5,24.5
1980,7,22,0,6.9,37.5,24
1980,7,23,0,8.5,37.5,23.5
1980,7,24,0,7,36.5,24
1980,7,25,0,7.3,38.5,24.5
1980,7,26,0,4.9,36,24
1980,7,27,0,6.6,36,23.5
1980,7,28,0,7.6,36.5,23.5
1980,7,29,0,2,30.5,24
1980,7,30,0,4.5,35,21.5
1980,7,31,0,7.2,36,22.5
1980,8,1,0,5.7,34.5,23
1980,8,2,0,8.4,38.5,23.5
1980,8,3,0,7.8,37,24
1980,8,4,0,6.3,38.5,24
1980,8,5,0,8.1,36.5,23
1980,8,6,87,1.1,33.5,22.5
1980,8,7,8.5,3.3,29.5,22
1980,8,8,0,6,34.5,22.5
1980,8,9,0,7.4,38.5,24
1980,8,10,0,6.1,38,24.5
1980,8,11,9,5.8,35,25.5
1980,8,12,24,4,30,24.5
1980,8,13,0,5.5,33,23.5
1980,8,14,0,5.9,34,23.5
1980,8,15,0,6.9,35,20
1980,8,16,0,5.2,35,24.5
1980,8,17,0,4.3,33.5,25
1980,8,18,2,2.1,30,24
1980,8,19,0,3.7,33,24
1980,8,20,0,4.6,33.5,23.5
1980,8,21,0,2.5,32,23.5
1980,8,22,0,3.5,34,22.5
1980,8,23,0,5,32,22.5
1980,8,24,2.5,7.2,30.5,22.5
1980,8,25,0,6.8,33.5,22
1980,8,26,0,4.3,34,22
1980,8,27,0,7.2,34,21.5
1980,8,28,0,5.2,34,23
1980,8,29,0,5.1,33,23
1980,8,30,0,6.6,38.5,23.5
1980,8,31,0,3.8,32.5,22
1980,9,1,61,3.3,30,23.5
1980,9,2,9.5,2.6,28.5,22
1980,9,3,5.5,3.1,29,22
1980,9,4,0,1.4,34.5,22.5
1980,9,5,0,4.4,33.5,23
1980,9,6,0,4.3,34.5,22
1980,9,7,0,5.5,32.5,23
1980,9,8,0,3.5,32.5,22.5
1980,9,9,7,3.4,31.5,23.5
1980,9,10,4,1.6,30,23.5
1980,9,11,4,1.2,30,22
1980,9,12,0,2.1,29,20.5
1980,9,13,8,4.5,32,22
1980,9,14,10.5,1.2,30.5,22.5
1980,9,15,0,3.1,31,21.5
1980,9,16,0,3.7,34,21.5
1980,9,17,0,5.5,33,22
1980,9,18,0,4.1,33,23
1980,9,19,6.5,1.3,30.5,23.5
1980,9,20,0,2.8,28,21.5
1980,9,21,0,4,31.5,22
1980,9,22,0,2.9,32,22.5
1980,9,23,58,1.8,31.5,23.5
1980,9,24,67,1.2,29.5,23
1980,9,25,22,2.1,28,23
1980,9,26,48.5,4.5,28,24
1980,9,27,3.5,3.9,30.5,23
1980,9,28,2,2.4,30.5,23.5
1980,9,29,0,2.6,31,23.5
1980,9,30,0,4.1,33.5,22.5
1980,10,1,0,1,31,19.5
1980,10,2,0,4.1,34.5,21
1980,10,3,2.5,2.4,29.5,19.5
1980,10,4,0,2.8,29.5,21.5
1980,10,5,0,3.4,30,20
1980,10,6,16,2.6,29.5,19
1980,10,7,4,1.8,26,20.5
1980,10,8,0,4.4,29,18
1980,10,9,0,2.8,28,17.5
1980,10,10,0,2.9,29,18
1980,10,11,0,2.7,30,19.5
1980,10,12,0,2.7,30,20.5
1980,10,13,0,2.9,30,21
1980,10,14,0,3.4,31,20.5
1980,10,15,0,2.6,30.5,21.5
1980,10,16,0,2.4,31,22.5
1980,10,17,0,2.8,32,23
1980,10,18,0,2.6,32,23.5
1980,10,19,29.5,0.9,29,23
1980,10,20,4,1,19,17.5
1980,10,21,0,0.9,22,16.5
1980,10,22,0,2.1,24.5,17.5
1980,10,23,0,2.3,28.5,20.5
1980,10,24,76,1.4,28.5,21
1980,10,25,1,2.4,22,16.5
1980,10,26,0,1.8,27,17
1980,10,27,0,2.5,30.5,20.5
1980,10,28,11,3.8,32.5,22
1980,10,29,3,1,13,11
1980,10,30,0,1,16,10
1980,10,31,0,1.8,22.5,12
1980,11,1,0,1.6,25,12
1980,11,2,0,1.3,25,15.5
1980,11,3,0,0.7,27.5,17
1980,11,4,2,1,26.5,20
1980,11,5,0,4.2,26.5,19.5
1980,11,6,0,1.8,28,19
1980,11,7,0,1.4,28,15.5
1980,11,8,0,1.1,30.5,17
1980,11,9,0,1.1,30.5,17
1980,11,10,0,3,29,17.5
1980,11,11,0,0.4,28.5,14.5
1980,11,12,0,2.1,27,16.5
1980,11,13,0,2.3,31,14.5
1980,11,14,0,2.2,30,14.5
1980,11,15,0,0.8,30,15
1980,11,16,4,1.3,23,17
1980,11,17,6.5,1.7,14,10
1980,11,18,2,0.7,14.5,10.5
1980,11,19,0,0.6,15,11
1980,11,20,6,1.8,17.5,11.5
1980,11,21,4.8,0.3,15,13
1980,11,22,0,1.4,24.5,12
1980,11,23,5.5,1,21,14.5
1980,11,24,0,2,22,16.5
1980,11,25,5.5,0.1,23.5,17.5
1980,11,26,0,1,13,11
1980,11,27,0,0.8,15.5,10
1980,11,28,0,0.3,18,12
1980,11,29,0,1.7,20,12
1980,11,30,0,1.2,23.5,15
1980,12,1,0,1.7,25.5,15.5
1980,12,2,15.5,1.6,25.5,17
1980,12,3,10.5,1,20.5,18
1980,12,4,0,2.5,25.5,19
1980,12,5,0,1.2,25,18.5
1980,12,6,5,1.8,26.5,18.5
1980,12,7,0,0.1,26,20
1980,12,8,0,1.4,27,20
1980,12,9,7,1.8,25,21
1980,12,10,4.5,0.6,14.1,13.5
1980,12,11,0,1.2,19.5,10.5
1980,12,12,0,0.6,19,11
1980,12,13,0,1.7,24.5,15.5
1980,12,14,0,1,23.5,16.5
1980,12,15,0,2,26.5,16
1980,12,16,0,1.8,26.5,14
1980,12,17,0,1.4,25,14.5
1980,12,18,0,2.6,26,13
1980,12,19,1,1.5,25.5,12.5
1980,12,20,2,0.4,11.1,11
1980,12,21,6,0.1,13.5,8
1980,12,22,0,0.9,18.5,9
1980,12,23,0,1.2,22,12
1980,12,24,1.5,1.4,23,13
1980,12,25,0,1,16.5,12
1980,12,26,0,1,25,11
1980,12,27,0,1.3,24,11
1980,12,28,0,1.8,25,12
1980,12,29,0,1.4,26.5,12
1980,12,30,0,1.1,17.5,12.5
1980,12,31,0,2.3,23,10.5
1981,1,1,0,2.3,24,11
1981,1,2,0,1.8,23,10
1981,1,3,0,1.5,23.5,11
1981,1,4,0,1.5,23,10
1981,1,5,0,0.6,23,12
1981,1,6,0,2.3,25,12.5
1981,1,7,0,0.5,18.5,14
1981,1,8,0,0.8,26,14.5
1981,1,9,8.5,0.8,22,15
1981,1,10,13,0.7,15.5,14.5
1981,1,11,41.5,0.6,15,14
1981,1,12,9.5,1.1,13.5,12
1981,1,13,0,0.4,18.5,11.5
1981,1,14,0,1.5,22,12
1981,1,15,0,1,19,13.5
1981,1,16,23,1.4,15.5,14
1981,1,17,47,1.2,12.5,11
1981,1,18,5,0.7,11.5,9.5
1981,1,19,0.5,0.4,16,9
1981,1,20,0,1.9,19,10
1981,1,21,12,1.2,16.5,10.5
1981,1,22,8.5,0.9,12.5,10.5
1981,1,23,0,1.4,20,8.5
1981,1,24,0,2.2,24,9
1981,1,25,0,2,24.5,9.5
1981,1,26,0,1.9,26,10
1981,1,27,0,0.5,25.5,12.5
1981,1,28,0,4.3,26.5,14
1981,1,29,0,0.8,26.5,13
1981,1,30,0,2.5,24,13
1981,1,31,0,1.4,26.5,13.5
1981,2,1,0,2.3,24,15
1981,2,2,8.5,1,16.5,15
1981,2,3,0.5,0.5,16,12
1981,2,4,0,0.5,22,13
1981,2,5,0,2,24.5,15
1981,2,6,0.5,0.2,21,15.5
1981,2,7,0,3.3,27,15.5
1981,2,8,0,1.6,23.5,16
1981,2,9,0,0.9,26.5,16
1981,2,10,0,4.9,34,15
1981,2,11,0,1.7,13,10
1981,2,12,0,0.5,14,8
1981,2,13,23.5,1.5,15.5,10
1981,2,14,17,2.7,13.5,11.5
1981,2,15,0,2,19.5,12
1981,2,16,1,0.3,18.5,12.5
1981,2,17,0,0.1,25.5,16
1981,2,18,0,1.5,26.5,16
1981,2,19,0,2.4,27.5,17
1981,2,20,0,2.8,27,16.5
1981,2,21,1.5,2.2,27.5,16
1981,2,22,7,1.2,20.5,16
1981,2,23,0,1.5,23.5,13.5
1981,2,24,0,1.9,23.5,12
1981,2,25,0,3.5,27,13
1981,2,26,0,2.3,27.5,18
1981,2,27,0,1.5,28,17
1981,2,28,0,2.7,27.5,16.5
1981,3,1,0,4.8,28.5,18.5
1981,3,2,0,2.7,27,18
1981,3,3,0,2,25.5,19
1981,3,4,0,3.9,33.5,17
1981,3,5,0,2.9,28,18.5
1981,3,6,0,0.9,27,15.5
1981,3,7,4,2.5,26.5,16.5
1981,3,8,0.5,0.3,21,17
1981,3,9,0,1.6,22,16.5
1981,3,10,1.5,1,24.5,16.5
1981,3,11,2.5,0.3,23.5,17
1981,3,12,4,0.6,20.5,17.5
1981,3,13,0,1.2,22,15.5
1981,3,14,0,1.3,22,15.5
1981,3,15,0,3.4,29.5,17
1981,3,16,0,NULO,26,18.5
1981,3,17,0,NULO,25,17
1981,3,18,0,4.3,32,16
1981,3,19,0,2.7,24.5,16
1981,3,20,0,3,24,16
1981,3,21,0,4.3,32.5,14
1981,3,22,0,5.6,29.5,16
1981,3,23,0,3.5,25.5,15.5
1981,3,24,0.5,1.1,20,16
1981,3,25,0,2.8,26,16.5
1981,3,26,0,3.7,27.5,17
1981,3,27,0,3.7,27,17
1981,3,28,0,3.3,29.5,17.5
1981,3,29,0,1.5,28.5,20
1981,3,30,0,1.4,30.5,19.5
1981,3,31,0,4.7,31,19
1981,4,1,0,3.7,29.5,20
1981,4,2,0,5,31,22
1981,4,3,0,3.4,31,19
1981,4,4,0,5.6,34,19
1981,4,5,0.5,1.4,26,17
1981,4,6,0,1.9,24.5,16
1981,4,7,0,3.6,28,16
1981,4,8,0,2.9,28,17.5
1981,4,9,0,3.4,30,19
1981,4,10,0,4.3,29,20.5
1981,4,11,0,2.1,26,19.5
1981,4,12,0,2.3,27,20
1981,4,13,0,4.1,30,19.5
1981,4,14,2,1.5,28,20
1981,4,15,0.5,2.5,27.5,20.5
1981,4,16,3,1.5,26.5,20.5
1981,4,17,0,1.5,25,21
1981,4,18,0,3.9,29.5,19.5
1981,4,19,0,3.1,30,20
1981,4,20,0,4.6,31,20
1981,4,21,0,3.6,30,20
1981,4,22,12,3.1,28,20.5
1981,4,23,0,2.7,31,21.5
1981,4,24,5.5,2.9,28,19
1981,4,25,0,1.7,25,20
1981,4,26,0,1.8,28,20
1981,4,27,0,4.5,31,21
1981,4,28,0,3.7,31,21.5
1981,4,29,0.5,4,33,23
1981,4,30,0,3.8,31.5,24.5
1981,5,1,0,3.1,30,23
1981,5,2,9,2,29.5,23.5
1981,5,3,0,2.5,29.5,22
1981,5,4,0,1.4,33,22.5
1981,5,5,0,5.3,33,22
1981,5,6,0,5.1,32,21
1981,5,7,0,6.7,32,21.5
1981,5,8,0,4.1,31.5,23
1981,5,9,1.5,3.8,34,24
1981,5,10,0,4.3,28.5,21
1981,5,11,0,5.1,28.5,17.5
1981,5,12,0,5.8,31,18
1981,5,13,0,3.7,32,20
1981,5,14,0,5.4,33,22
1981,5,15,0,4.6,33,24
1981,5,16,0,7.1,36,24
1981,5,17,0,7,40,23.5
1981,5,18,0,6.6,38,24.5
1981,5,19,30,5.8,35,25.5
1981,5,20,0,3.2,31.5,21.5
1981,5,21,0.5,1.7,30,22
1981,5,22,2.5,5.9,34,22.5
1981,5,23,8.5,6.3,33,21
1981,5,24,0.5,5.2,33,21
1981,5,25,0,5.4,34,23
1981,5,26,0,4.7,34.5,22.5
1981,5,27,0,6.1,35.5,22.5
1981,5,28,37.5,6.1,34,25
1981,5,29,0,4.6,33,22
1981,5,30,0,5.3,33,24
1981,5,31,0,4.4,33,23
1981,6,1,0,4.2,33.5,24
1981,6,2,0,3.6,31,23.5
1981,6,3,2,3.9,30.5,24
1981,6,4,0,5.2,33.5,22.5
1981,6,5,0,4.8,35,22.5
1981,6,6,0,6.7,34.5,25
1981,6,7,0,4.2,33.5,23.5
1981,6,8,0,5.2,35,23.5
1981,6,9,0,5.3,36,23.5
1981,6,10,0,6.1,31,25
1981,6,11,0,8,36,25
1981,6,12,0,4.1,36,24
1981,6,13,0,5.6,34.5,22.5
1981,6,14,20.5,4.7,34,24
1981,6,15,5.5,2.5,30,23.5
1981,6,16,142.5,3.3,30,23.5
1981,6,17,96,1.5,30,23
1981,6,18,26,1.5,24,22
1981,6,19,0,2.2,28,22
1981,6,20,0,3.4,30.5,23
1981,6,21,0,5.4,32,23.5
1981,6,22,0,3.4,32,23.5
1981,6,23,0,5.5,32,23.5
1981,6,24,36.5,4.5,31,24
1981,6,25,14,1.5,27,23
1981,6,26,25,1.6,27.5,22.5
1981,6,27,0,3.4,29.5,22
1981,6,28,2.5,5.2,30.5,22
1981,6,29,29.5,2.2,28.5,22
1981,6,30,31,0.9,27.5,22.5
1981,7,1,1.5,3.3,28.5,22
1981,7,2,0,5.3,31,22.5
1981,7,3,0,6.4,31.5,23
1981,7,4,1,4,32,23.5
1981,7,5,0,3.9,31,22.5
1981,7,6,14.5,5,33,23
1981,7,7,0,1.6,33,22
1981,7,8,0,2.2,30.5,23
1981,7,9,2,3.1,30,23
1981,7,10,0,1.2,30,22
1981,7,11,10,5.6,31,21.5
1981,7,12,0,3.3,30.5,21
1981,7,13,0,4.1,31.5,22.5
1981,7,14,22,5.2,28,22.5
1981,7,15,6,4.1,30,21
1981,7,16,10,4.3,32,22.5
1981,7,17,0,3.5,31.5,23
1981,7,18,0,4.2,33,23
1981,7,19,0,4.9,33.5,23.5
1981,7,20,0.5,5,32,23.5
1981,7,21,0,2.3,31,23
1981,7,22,0,6.4,32,22.5
1981,7,23,0,4.4,32.5,23
1981,7,24,0,4.2,33,22.5
1981,7,25,0,4.6,32,22
1981,7,26,0,5.2,32.5,22.5
1981,7,27,2.5,2,31,23
1981,7,28,1,0.9,27.5,22
1981,7,29,0,5,31,22.5
1981,7,30,4,2.3,32.5,23
1981,7,31,9.5,4.2,33,22.5
1981,8,1,6.5,4.7,29.5,21.5
1981,8,2,0,2.8,29.5,22
1981,8,3,0,5.7,31,22.5
1981,8,4,0,4.8,31.5,23
1981,8,5,0,3.1,30,23.5
1981,8,6,0,4.9,32,22
1981,8,7,0,4.8,31.5,22
1981,8,8,0,5.6,32,22
1981,8,9,1.5,2.3,31,22.5
1981,8,10,0,2.1,29,22
1981,8,11,0,5.8,32,22.5
1981,8,12,0,3.6,32.5,23
1981,8,13,0,5.7,32,23
1981,8,14,1,1.8,27.5,23
1981,8,15,0,4.7,32,22
1981,8,16,0,5,34.5,22.5
1981,8,17,0,4.8,33,23.5
1981,8,18,0,6.6,33,24
1981,8,19,0,4,31,23.5
1981,8,20,0,1.6,30,24
1981,8,21,0,1.8,32,23
1981,8,22,0,2.9,32.5,22.5
1981,8,23,30,5.4,32.5,22.5
1981,8,24,0,4,29,22.5
1981,8,25,2.5,2.3,29,22.5
1981,8,26,28,2.9,29.5,22
1981,8,27,140.5,1.1,26.5,22
1981,8,28,22.5,1.9,33.5,22
1981,8,29,0,3.3,29.5,22
1981,8,30,0,1.9,31,23.5
1981,8,31,0,4.1,32,23.5
1981,9,1,0,3.7,33,23.5
1981,9,2,0,5.3,32,24
1981,9,3,14.5,1.2,31,23.5
1981,9,4,67,2.6,28,23.5
1981,9,5,0,4.5,30,22.5
1981,9,6,0,3,31,22
1981,9,7,0,3.8,31,22
1981,9,8,0,3.6,31.5,22.5
1981,9,9,0,3.4,32.5,23
1981,9,10,0,4.3,32,22
1981,9,11,0,5.5,31.5,22.5
1981,9,12,3,2.1,32,23
1981,9,13,0,3.2,32.5,22
1981,9,14,0,3.8,32,23
1981,9,15,0,4.3,32,22
1981,9,16,4.5,3.8,31.5,22.5
1981,9,17,12,2.9,28.5,22.5
1981,9,18,0,1.7,21.5,19
1981,9,19,0,3,27,18.5
1981,9,20,0,3.6,29.5,17
1981,9,21,0,2.4,31,20
1981,9,22,0,4.3,32,22
1981,9,23,1.5,4.4,31,22.5
1981,9,24,0.5,2.2,30,22
1981,9,25,0,2.9,31,21
1981,9,26,0,2.9,31,20
1981,9,27,24.5,2.7,27.5,21
1981,9,28,49.5,1.5,25,22.5
1981,9,29,21.5,2.4,27,22
1981,9,30,23,1.6,26,21.5
1981,10,1,0,1.9,30,22
1981,10,2,0,1.6,29,22.5
1981,10,3,0,1.8,30,22
1981,10,4,0,2.5,29,22
1981,10,5,0,2.9,30.5,22
1981,10,6,0,2.2,31,22
1981,10,7,0,1.5,31,23
1981,10,8,0,2.8,31,22
1981,10,9,0,3.8,32,23
1981,10,10,0,2.6,32,24.5
1981,10,11,0,1.6,31.5,23
1981,10,12,0,3.9,32,23
1981,10,13,0,1.3,33,23
1981,10,14,0,3.7,32,23
1981,10,15,0,2.4,30,23
1981,10,16,0,2.3,31,20
1981,10,17,0,1.8,30,22
1981,10,18,4.5,2.1,31,21
1981,10,19,6.5,0.6,19.5,16
1981,10,20,0,2.6,26,16
1981,10,21,0,1.4,29,19
1981,10,22,0,2.1,30.5,19.5
1981,10,23,4,0.7,21.1,19.5
1981,10,24,0,0.2,23,14.5
1981,10,25,0,1.1,29,16
1981,10,26,0,3.8,26.5,18.5
1981,10,27,0,1.7,27,16
1981,10,28,0,2.1,27.5,16.5
1981,10,29,0,2,27.5,18
1981,10,30,0,2.2,30.5,19.5
1981,10,31,18.5,3.3,31,19.5
1981,11,1,1,1.1,21,15.5
1981,11,2,0,2,24.5,16
1981,11,3,0,1.2,25.5,14
1981,11,4,0,2.8,27.5,14
1981,11,5,0,1.4,29,15.5
1981,11,6,0,2.2,28,16
1981,11,7,0,2.7,28,16.5
1981,11,8,0,1.4,29,15.5
1981,11,9,0,2.7,23,20
1981,11,10,0,1,19.5,16
1981,11,11,0,2.1,23.5,11
1981,11,12,0,0.9,24.5,12
1981,11,13,0,2.6,28,13.5
1981,11,14,0,0.6,28,16
1981,11,15,0,2.2,28.5,15
1981,11,16,0,2,29,16
1981,11,17,0,1.2,31,16
1981,11,18,0,1.9,29,16
1981,11,19,0.5,1.5,30,14
1981,11,20,0,2,23,15.5
1981,11,21,0,2,25.5,12
1981,11,22,0,2.7,28,13
1981,11,23,0,2,31,14
1981,11,24,0,2,30,15
1981,11,25,0,2,29,16
1981,11,26,0,1.9,32,17
1981,11,27,0,1.6,29,16
1981,11,28,3,2.1,29,17
1981,11,29,0,2.4,29.5,19.5
1981,11,30,0,2.7,32,19
1981,12,1,3,4.4,28,19
1981,12,2,10,0.4,22,17.5
1981,12,3,0,1.5,23.5,17
1981,12,4,84.5,0.3,24,19.5
1981,12,5,3,1.1,16.5,14
1981,12,6,0,1.2,23,14.5
1981,12,7,0.5,2.5,27,16
1981,12,8,7,3.1,25.5,18
1981,12,9,13.5,2.1,25,17
1981,12,10,0,1.5,25,17
1981,12,11,0,2.4,28,16
1981,12,12,0,1.6,27,16
1981,12,13,0,1.5,28,17
1981,12,14,0,2.8,26.5,19
1981,12,15,0,1.3,20.5,14
1981,12,16,0,0.5,21.5,14
1981,12,17,5.5,2.2,26,15
1981,12,18,2,1.1,12.1,12
1981,12,19,0,0.6,16,10
1981,12,20,0,1,26.5,11
1981,12,21,0,2,26.5,15.5
1981,12,22,0,1.3,28,14.5
1981,12,23,0,1.2,22,14.5
1981,12,24,0,0.8,17.1,15.5
1981,12,25,0,1.1,18.5,11
1981,12,26,0,1.3,27,13
1981,12,27,0,2,28,14.5
1981,12,28,0,2.6,29,17
1981,12,29,0,1.7,23,17.5
1981,12,30,0,2,23,17
1981,12,31,0,1.7,27,16
1982,1,1,0,1.4,26,16
1982,1,2,0,2.2,29,16.5
1982,1,3,0,2.3,31,17
1982,1,4,0,2,22,16
1982,1,5,0,3,24,13
1982,1,6,0,1.8,27,12
1982,1,7,4,3,27,15
1982,1,8,2.5,4.1,11.1,11
1982,1,9,0,2.9,19.5,9.5
1982,1,10,3,2,23,9.5
1982,1,11,1.5,0.9,11.1,11
1982,1,12,0,1.5,23,9.5
1982,1,13,0,2.5,21.5,10
1982,1,14,0,0.7,14,8
1982,1,15,0,1.9,21.5,7
1982,1,16,15.5,2.7,24.5,9
1982,1,17,2,0.9,15,13
1982,1,18,0,1.1,26,13
1982,1,19,0,2.6,26.5,14.5
1982,1,20,0,0.9,26.5,15
1982,1,21,0,1.6,28.5,19.5
1982,1,22,0,3.4,28,18
1982,1,23,0,1.2,22.5,18
1982,1,24,0,2.8,25,16
1982,1,25,0,2.7,28,16
1982,1,26,0,1.9,26,16
1982,1,27,0,4.1,26,15.5
1982,1,28,0,2,26,16
1982,1,29,0,2.3,27,18
1982,1,30,0,3.1,29,16.5
1982,1,31,0,3,20.5,16
1982,2,1,0,2,21,11.5
1982,2,2,0,1.9,27.5,12
1982,2,3,0,1.8,21,12
1982,2,4,0,0.4,22.5,14
1982,2,5,0,3.9,27,14.5
1982,2,6,2,1,13,11
1982,2,7,0,0.9,14,6
1982,2,8,0,2.1,25,7
1982,2,9,0,3,28,6.5
1982,2,10,0,2.7,26,13
1982,2,11,0,1.9,23,13
1982,2,12,1,0.9,24,17
1982,2,13,1.5,0.4,17.1,16.5
1982,2,14,0,1.2,19,13
1982,2,15,0,2.8,29,14
1982,2,16,0,3.2,29,16
1982,2,17,0,2.2,27.5,18
1982,2,18,0,1.2,26,17.5
1982,2,19,0,0.8,26.5,18.5
1982,2,20,0,1.7,28,19.5
1982,2,21,0,0.3,20.5,19
1982,2,22,0,2.6,28,17.5
1982,2,23,0,2.8,27.5,17
1982,2,24,0,4.6,28,18
1982,2,25,29,3.9,27,17
1982,2,26,3.5,1.4,16,14
1982,2,27,0,1,14,10.5
1982,2,28,2,0.8,21.5,11
1982,3,1,0,1.8,18,12.5
1982,3,2,0,2.5,25,14.5
1982,3,3,0,3.1,29,14.5
1982,3,4,0,1.9,29,14.5
1982,3,5,0,3.9,31.5,18
1982,3,6,2.5,1.7,21,19
1982,3,7,0,1.8,19.5,9.5
1982,3,8,0,3.1,22,7
1982,3,9,0,2.9,25,8
1982,3,10,0,3.4,26,13
1982,3,11,0,3.6,28,16
1982,3,12,0,3.5,29,16.5
1982,3,13,0,3,30,19
1982,3,14,0,3.6,31,21
1982,3,15,0,3.8,31.5,22
1982,3,16,0,3.6,32.5,20
1982,3,17,0,0.1,30,20
1982,3,18,0,3.7,30,20.5
1982,3,19,0,3.3,31,20.5
1982,3,20,0,4.5,33,20.5
1982,3,21,0,4.3,33,22
1982,3,22,0,3.8,31,22
1982,3,23,0,1,25,20.5
1982,3,24,0,4.3,32,21
1982,3,25,21,6.4,31,20.5
1982,3,26,4,1.1,25,22
1982,3,27,0,4.5,29.5,20
1982,3,28,3,0.6,23.5,20
1982,3,29,0,1.6,27,16.5
1982,3,30,0,6.2,32.5,17
1982,3,31,0,3.4,32,18
1982,4,1,0,6.1,34.5,22
1982,4,2,0,6,35,22
1982,4,3,0,2.7,32,23
1982,4,4,0,7.3,34,23
1982,4,5,0,4.7,36,22
1982,4,6,0,4.3,32,23.5
1982,4,7,0,4.1,31.5,24
1982,4,8,0,6.3,40,22.5
1982,4,9,0,6.2,36,22
1982,4,10,0,5.1,34.5,22.5
1982,4,11,0,0.9,23,20
1982,4,12,0,4.9,29,20
1982,4,13,0,6.2,35,19
1982,4,14,0,7,36,20
1982,4,15,0,5.1,36,20.5
1982,4,16,0,6.9,38.5,22
1982,4,17,0,2.1,34,23
1982,4,18,0,4,34,24
1982,4,19,0,7,36,21.5
1982,4,20,5,6.5,36,23
1982,4,21,23.5,2.9,23,22
1982,4,22,3.5,1,20,18
1982,4,23,0,2.4,23,15
1982,4,24,0,5.4,29,16
1982,4,25,0,3.6,31,17
1982,4,26,0,5.2,33,20
1982,4,27,0,3.6,32,20
1982,4,28,1,2.3,30.5,20
1982,4,29,0,0.5,24,20
1982,4,30,0,4.9,31,21
1982,5,1,3.5,1.2,26,21
1982,5,2,2,1.3,25,20
1982,5,3,0,1.8,27,20.5
1982,5,4,0,3.8,30.5,20.5
1982,5,5,0,4.7,31.5,21
1982,5,6,0,4.7,31,22
1982,5,7,2,0.5,27,22.5
1982,5,8,0,3.4,28,20.5
1982,5,9,0,4.6,32,21
1982,5,10,0,4.5,32.5,23
1982,5,11,0,4.5,32,24
1982,5,12,0,5.4,33,22
1982,5,13,0,8.3,37,23.5
1982,5,14,18,5.2,34,24
1982,5,15,0,5,32,21
1982,5,16,0.5,6.5,31,22
1982,5,17,21,6.4,32,23
1982,5,18,0,2.9,29,22
1982,5,19,0,3.4,32,21.5
1982,5,20,3.5,6.1,32,21.5
1982,5,21,49,1.3,26,21.5
1982,5,22,0,3.3,26,21
1982,5,23,0,3.3,29,22
1982,5,24,0,3.2,30,23
1982,5,25,0,3.9,31,24
1982,5,26,0,2.2,32,22
1982,5,27,0,4.9,33,23.5
1982,5,28,0,4.3,34,24
1982,5,29,0,3.1,33.5,26
1982,5,30,0,5.3,33,25
1982,5,31,0,4.7,34,24.5
1982,6,1,0,6.8,35,26
1982,6,2,0,6.1,34.5,23.5
1982,6,3,0,5.2,34,23
1982,6,4,0,6.1,35,23
1982,6,5,0,4.4,34,24.5
1982,6,6,1,2.5,32,24.5
1982,6,7,0,5,34,26
1982,6,8,0,5.9,33,23.5
1982,6,9,0,5,33,23
1982,6,10,0,7.3,34.5,23
1982,6,11,0,5.2,33,23
1982,6,12,0,5.4,32.5,23.5
1982,6,13,13.5,5.5,31,24
1982,6,14,0,5.2,33,23
1982,6,15,0,6.8,34,23.5
1982,6,16,0,4.8,35,23.5
1982,6,17,0,7.3,35.5,24
1982,6,18,0,7.1,35,23
1982,6,19,0,8.1,36.5,24
1982,6,20,0,4.4,33.5,23.5
1982,6,21,0,7.6,35.5,24
1982,6,22,0,7,36,23
1982,6,23,0,6.2,35,24.5
1982,6,24,0,5.9,35.5,23.5
1982,6,25,0,7.8,36.5,23
1982,6,26,0,8.1,36,24
1982,6,27,0,8.3,36,24
1982,6,28,14.5,7.1,33.5,24
1982,6,29,4,6.5,33,23.5
1982,6,30,25,2.4,27,23
1982,7,1,0,3.3,31,23.5
1982,7,2,3.5,2.9,29,23.5
1982,7,3,0,4.5,32,23.5
1982,7,4,0,7.5,33,24
1982,7,5,0,5.4,33.5,22.5
1982,7,6,0,8.6,33.5,23
1982,7,7,0,4.5,33,22.5
1982,7,8,13,6.2,32.5,22
1982,7,9,0,7,33.5,22.5
1982,7,10,0,7,33.5,23
1982,7,11,0,6.3,33,23
1982,7,12,0,3.8,33,22.5
1982,7,13,0,7.4,34,22.5
1982,7,14,0,4.4,33,23
1982,7,15,0,4.2,34,23
1982,7,16,2.5,3.8,31,23
1982,7,17,0.5,4.4,32,22.5
1982,7,18,0,5.1,32,22.5
1982,7,19,0,4.2,31.5,23
1982,7,20,0,5.7,33,22
1982,7,21,0,6.3,35,23
1982,7,22,0,5,34,22.5
1982,7,23,0,4.5,34.5,22.5
1982,7,24,0,6.6,35.5,22
1982,7,25,0,7.4,35,23
1982,7,26,3.5,3.6,32,22
1982,7,27,0,5.5,34.5,22.5
1982,7,28,0,7.9,36.5,22.5
1982,7,29,0,8.1,35,22
1982,7,30,0,5.8,35,23
1982,7,31,5.5,4.4,34,24
1982,8,1,0,6.3,34,22
1982,8,2,0,6.4,34,23
1982,8,3,0,4.9,32,23.5
1982,8,4,0,6.2,33,22
1982,8,5,0,7.3,35,22.5
1982,8,6,0,7.1,35,22
1982,8,7,0,6.9,35.5,22
1982,8,8,0,7.4,35,23
1982,8,9,3,3.8,33,23
1982,8,10,0,4.4,34,23
1982,8,11,1.5,5.4,34,23
1982,8,12,0,6.6,33,23
1982,8,13,1.5,5.3,32,22.5
1982,8,14,0,6.9,34,23
1982,8,15,0,7.9,35,23.5
1982,8,16,0,6.9,35,24
1982,8,17,0,7.6,37,23
1982,8,18,7,5.8,29.5,25
1982,8,19,0,4.9,35.5,22.5
1982,8,20,20.5,4.9,34.5,22
1982,8,21,5,6.6,31.5,22
1982,8,22,1.5,4.8,32.5,23
1982,8,23,0,3.1,32,21.5
1982,8,24,0,5.4,32,22
1982,8,25,0,4.7,34,23
1982,8,26,0,7.6,35.5,24
1982,8,27,0,5,35,22.5
1982,8,28,0,6.7,34,23.5
1982,8,29,0,2.9,34.5,24
1982,8,30,6,4.4,33,22
1982,8,31,0,4.5,34,21
1982,9,1,0,2.8,33,23
1982,9,2,0,5.2,37.5,22
1982,9,3,0,8.3,38.5,24
1982,9,4,0,5.2,38,22.5
1982,9,5,0,7.1,35.5,22.5
1982,9,6,0,5.6,36.5,22
1982,9,7,25,6.3,35,23
1982,9,8,0,4.4,36,22.5
1982,9,9,0,6.3,37.5,22.5
1982,9,10,0,7.4,39,23
1982,9,11,0,7.5,39.5,23.5
1982,9,12,1.5,7.1,39.5,23
1982,9,13,0,3.2,34,24
1982,9,14,1,3.7,34,23
1982,9,15,0,4.6,35,23
1982,9,16,20,5.4,34,22.5
1982,9,17,23,4.1,32,22
1982,9,18,3.5,2.1,28,21.5
1982,9,19,9,4,32,21
1982,9,20,3.5,3.3,31.5,21.5
1982,9,21,8,6.5,32,23
1982,9,22,18.5,7.3,22.5,22
1982,9,23,0,4.1,29.5,20.5
1982,9,24,0,3.5,33,18.5
1982,9,25,0,4.3,32.5,21
1982,9,26,0,3.9,34.5,23
1982,9,27,0,3.4,33.5,22
1982,9,28,0,6.2,34.5,21
1982,9,29,0,2.1,35,21
1982,9,30,0,5.4,34,22
1982,10,1,1,3.7,32.5,20.5
1982,10,2,0,5.6,32,22.5
1982,10,3,0,3.2,33.5,22
1982,10,4,9,3.8,33.5,23
1982,10,5,0,NULO,33,21.5
1982,10,6,2.5,2.7,32,23
1982,10,7,0,2.6,31.5,24
1982,10,8,0,5.3,33.5,24
1982,10,9,6,4.8,34.5,24.5
1982,10,10,28,3.6,27,21
1982,10,11,3,0.6,23.5,20.5
1982,10,12,8.5,2.7,25.5,20
1982,10,13,1.5,0.5,19,18
1982,10,14,0,1.1,22.5,17.5
1982,10,15,0,0.5,25.5,18
1982,10,16,0,3.3,28,20
1982,10,17,0,3.9,28,19
1982,10,18,0,4.3,30,19.5
1982,10,19,0,2.6,29,18.5
1982,10,20,9,4.2,27,20
1982,10,21,13.5,3.8,28.5,20.5
1982,10,22,5,1.2,26,20.5
1982,10,23,0,3.1,26.5,17.5
1982,10,24,2,3.8,25.5,18
1982,10,25,0,0.4,23.5,19
1982,10,26,0,4.3,27,15
1982,10,27,0,4,29,15.5
1982,10,28,0,2.9,29,16
1982,10,29,0,3.4,29,18.5
1982,10,30,0,3.1,31,19
1982,10,31,0,3.2,32,21
1982,11,1,0,3.7,30,21
1982,11,2,0,3.9,30.5,21
1982,11,3,0.5,2.2,25.5,21.5
1982,11,4,0,2,20,13
1982,11,5,0,2.7,23.5,9
1982,11,6,0,4.2,26,11
1982,11,7,0,4,28,15
1982,11,8,0,4.3,29,16
1982,11,9,0,4.1,29,16
1982,11,10,0,3.3,30,17
1982,11,11,0,3.8,29.5,17
1982,11,12,1.5,2.5,26,18
1982,11,13,0,1.1,21.5,15
1982,11,14,9,4.2,29,15.5
1982,11,15,5,0.4,15,14
1982,11,16,0,3.4,26.5,12
1982,11,17,0,1.8,26,12
1982,11,18,0,1.8,29,16
1982,11,19,0,2.5,28,20
1982,11,20,0,3.8,30,20
1982,11,21,0,3,30,21
1982,11,22,0,1.8,29,20
1982,11,23,0,2.1,29.5,19
1982,11,24,15.5,3,22.5,21
1982,11,25,0.5,1,15.5,11.5
1982,11,26,0.5,1,17.5,12
1982,11,27,0.5,0.9,19,14
1982,11,28,0,2.5,22,13
1982,11,29,0,1.3,27,14
1982,11,30,0,2.3,28.5,18
1982,12,1,0,3.4,29,20
1982,12,2,0,2,29.5,21.5
1982,12,3,0,2.8,21.5,20.5
1982,12,4,0,3.4,23,17
1982,12,5,0.5,1.8,25,14.5
1982,12,6,20.5,2.9,20,15
1982,12,7,2,0.8,23,17
1982,12,8,6.5,1.4,20,16
1982,12,9,3,1.7,20,18.5
1982,12,10,0,0.7,20,15
1982,12,11,10.5,0.7,22,16
1982,12,12,1,0.1,12.1,12
1982,12,13,1.5,0.7,17,9
1982,12,14,0,0.1,18,9
1982,12,15,0,1.7,24,13
1982,12,16,0,0.5,21,14.5
1982,12,17,0,3.1,24,8
1982,12,18,0,2.9,26.5,8
1982,12,19,0,3.5,24.5,13
1982,12,20,0,1.6,26,12
1982,12,21,0,3.7,27,13
1982,12,22,0,2.9,26,14
1982,12,23,0,1.4,27,14.5
1982,12,24,0,3,30,15.5
1982,12,25,0,1.8,24.5,16.5
1982,12,26,0,2.6,19,15.5
1982,12,27,0,3.1,21,15.5
1982,12,28,1.5,0.7,21,15
1982,12,29,7.5,1.1,15,14
1982,12,30,0,1,14,10
1982,12,31,0,2,20,10
1983,1,1,4.5,1,15,13.5
1983,1,2,0,1.8,15.5,10
1983,1,3,0,0.6,14.5,11
1983,1,4,0,1.5,15,11.5
1983,1,5,0.5,1.1,17,12
1983,1,6,0,1.4,19.5,14
1983,1,7,0,1.8,24,15
1983,1,8,0,0.9,25,16
1983,1,9,0,0.9,20,16.5
1983,1,10,0,1.1,21,15
1983,1,11,0.5,1.2,20,17
1983,1,12,0,0.8,19,17
1983,1,13,0,0.7,20,14.5
1983,1,14,0.5,1.7,22,15
1983,1,15,3.5,0.7,18.5,15.5
1983,1,16,5,0.3,13.5,11.5
1983,1,17,0,1.4,20.5,11
1983,1,18,9,0.8,18,13
1983,1,19,2,1,20,14
1983,1,20,0,1,19,15
1983,1,21,0,1.3,17,15
1983,1,22,0,1.7,18,13
1983,1,23,0,2.3,23,12
1983,1,24,0,3,24,13
1983,1,25,0,1.6,24,13
1983,1,26,0,3.1,25,13
1983,1,27,0,3.9,23,12
1983,1,28,0,4,25,12.5
1983,1,29,0,3.7,28,12
1983,1,30,0,1.9,25,13
1983,1,31,0,1.2,29,13
1983,2,1,0,4.6,26,15.5
1983,2,2,0,3.4,26,16
1983,2,3,1.5,1.5,23,16.5
1983,2,4,0,2.1,26,17
1983,2,5,0,2.9,28,16
1983,2,6,3.5,0.9,21,17.5
1983,2,7,2.5,1.3,17,15.5
1983,2,8,0,0.5,22,15.5
1983,2,9,0,3.6,31.5,16
1983,2,10,0,5.8,29,16
1983,2,11,19,2.2,20,16
1983,2,12,0,2.8,21,14
1983,2,13,0,3.2,23,12
1983,2,14,0,4.8,25.5,11
1983,2,15,0,3.7,22.5,12
1983,2,16,0,3.5,25,12
1983,2,17,0,3.1,25,10.5
1983,2,18,0,4.4,26,11
1983,2,19,0,3.8,27,10
1983,2,20,0,5.3,29,13
1983,2,21,0,6.2,26,15
1983,2,22,1.5,3,24,14
1983,2,23,0,1,27,14.5
1983,2,24,0,5.1,28,17
1983,2,25,2,3.6,24,17
1983,2,26,0,2.9,26,15
1983,2,27,0,3.3,25,15
1983,2,28,0,3.8,27,13.5
1983,3,1,0,5.5,28,14
1983,3,2,0,3,28,15
1983,3,3,0,5.1,32.5,18
1983,3,4,0,6.4,39.5,16
1983,3,5,0,6.5,31,17
1983,3,6,0,5.2,32,14.5
1983,3,7,0,5.6,30.5,15.5
1983,3,8,0,6.1,32,13.5
1983,3,9,0.5,3.8,29,13
1983,3,10,2,1,17,15
1983,3,11,1,1,21,15
1983,3,12,0,1.3,22.5,16
1983,3,13,0,4.4,24.5,18
1983,3,14,0,6.3,33,16
1983,3,15,0,7.6,35,16
1983,3,16,0,7,30,17
1983,3,17,0,2.4,29,15.5
1983,3,18,0,4,28,16
1983,3,19,0,5.8,35,16.5
1983,3,20,0,3.1,26.5,17
1983,3,21,1,1.9,20,17.5
1983,3,22,0,1.1,25.5,15.9
1983,3,23,0,4.3,34.5,16
1983,3,24,0,3.2,26,17
1983,3,25,0,2.8,31,17.5
1983,3,26,0,6.6,39,18
1983,3,27,0,3.5,28,18
1983,3,28,0,4.3,29,17
1983,3,29,0,4.7,31,17
1983,3,30,0,3.8,33,17
1983,3,31,0,5.7,34,21.5
1983,4,1,0,6.6,41,17
1983,4,2,0,6,28,17
1983,4,3,0,4.2,31,14
1983,4,4,0,6.2,41.5,17
1983,4,5,0,5.4,40,19
1983,4,6,0,6.6,29,20
1983,4,7,0,3.3,28,19.5
1983,4,8,6.5,3.9,26,19.5
1983,4,9,0,0.2,20,14
1983,4,10,0,2.8,25.5,14.5
1983,4,11,0,4.6,29,14
1983,4,12,0,4.7,38,16
1983,4,13,0,4.6,39.5,19
1983,4,14,0,7.5,27,20.5
1983,4,15,0,3.8,26,18
1983,4,16,1,4.8,21,17
1983,4,17,0,2.8,24,17
1983,4,18,0,5.2,32.5,16
1983,4,19,0,6.5,36,17.5
1983,4,20,0,4.3,35,17.5
1983,4,21,0,4.9,36,22
1983,4,22,0,5,42,23
1983,4,23,0,6.5,36,20.5
1983,4,24,0,3.7,30.5,19
1983,4,25,0,5.5,31,19.5
1983,4,26,0,3.7,32,20
1983,4,27,0,3.1,34.5,21
1983,4,28,0,4.6,35,21
1983,4,29,0,4.2,34,20
1983,4,30,0,4.4,36.5,20
1983,5,1,0,4.6,37,23
1983,5,2,0,3.7,40,22.5
1983,5,3,0,4.9,36,22.5
1983,5,4,0,5.9,32,18
1983,5,5,0,4.8,32,16
1983,5,6,0,3.1,32,17
1983,5,7,0,4.9,37,22
1983,5,8,0,2.5,34,24.5
1983,5,9,0,2,31,24.5
1983,5,10,0,5.6,36,24
1983,5,11,0,3.8,35,25
1983,5,12,0,3.5,35,24.5
1983,5,13,0,2.4,34,24
1983,5,14,0,4.4,38,24
1983,5,15,0,5.5,37,24
1983,5,16,0,3,31,23
1983,5,17,0,4.1,35,23
1983,5,18,0,4.6,37,24
1983,5,19,0,4.2,37,25
1983,5,20,0,2.7,38,25
1983,5,21,0,5.8,38,25
1983,5,22,0,1.4,32.5,25
1983,5,23,0,4,34,25
1983,5,24,1,1.7,33,24
1983,5,25,0,6.3,34,22
1983,5,26,17,3,27,23
1983,5,27,22.5,0.5,23,21
1983,5,28,42,4.9,31,21.5
1983,5,29,7.5,5.1,30,20.5
1983,5,30,0,5.8,30,21
1983,5,31,17,4,34.5,21
1983,6,1,1.5,6.1,31,24.5
1983,6,2,0,5.9,34,23.5
1983,6,3,0,5.5,33.5,24
1983,6,4,0,6.8,34,25
1983,6,5,0,7,35,24.5
1983,6,6,1,7.7,35,25
1983,6,7,3.5,0.2,23.5,21
1983,6,8,0,3.8,29,21
1983,6,9,0,5.7,33,23
1983,6,10,0,6.3,32.5,21.5
1983,6,11,0,7.6,32.5,22
1983,6,12,0,7.6,33,22
1983,6,13,0,5.4,34,23.5
1983,6,14,0,6.8,34,25
1983,6,15,0,6.8,34,24
1983,6,16,0,6.7,36,22.5
1983,6,17,0.5,8.1,36.5,22.5
1983,6,18,0,8,37,23
1983,6,19,0,7.8,36,23
1983,6,20,0,6.9,35,25
1983,6,21,0,8,35.5,23
1983,6,22,0,8.8,35.5,24
1983,6,23,0,8.9,36.5,23.5
1983,6,24,0,8.6,36,24.5
1983,6,25,0,7.4,36,25
1983,6,26,0,9.8,38.5,24.5
1983,6,27,0,8.9,39,25
1983,6,28,0,9,37,26
1983,6,29,0,8.8,37.5,25
1983,6,30,0,8.6,36,25
1983,7,1,3,3,34,25
1983,7,2,0,6.7,34.5,23
1983,7,3,1,6.2,34,23
1983,7,4,41,4.2,34,26
1983,7,5,10.5,2.6,27,21.5
1983,7,6,26,3.1,30,21.5
1983,7,7,0,5.2,31,22
1983,7,8,0,6.1,32,22
1983,7,9,7.5,5.4,31,22
1983,7,10,0,5,31,21
1983,7,11,2.5,6.6,31,23
1983,7,12,12,5.2,31.5,23
1983,7,13,0,4.6,31,23.5
1983,7,14,4,4.1,31,23.5
1983,7,15,0,5.8,31,24
1983,7,16,0,2.8,31,23
1983,7,17,0.5,4.2,31,23
1983,7,18,18.5,2.4,29,24
1983,7,19,58,2.9,28,22
1983,7,20,1.5,2.7,29,22
1983,7,21,29.5,1.4,29,22
1983,7,22,11,2.4,29,22
1983,7,23,41.5,2.7,29,22.5
1983,7,24,2.5,4.2,30,22
1983,7,25,0,4.4,31,21
1983,7,26,2.5,5.3,31,23
1983,7,27,1.5,3.9,31,23.5
1983,7,28,0,4.7,31,23.5
1983,7,29,7,4.1,32,23.5
1983,7,30,0,5.8,31.5,23
1983,7,31,2.5,3.1,32,23
1983,8,1,0,5.3,33,22
1983,8,2,0,6.4,34,22.5
1983,8,3,1,3.1,31,23.5
1983,8,4,2,1.6,30,23
1983,8,5,1.5,1.1,27,22.5
1983,8,6,15.5,1.9,27.5,23
1983,8,7,0,4.7,31,22.5
1983,8,8,0,5.1,31,23
1983,8,9,0,4.7,32,24
1983,8,10,54,4.9,33,24
1983,8,11,14.5,3.3,31,23
1983,8,12,0,1.4,30,24
1983,8,13,0,4.4,32,23
1983,8,14,0,4.1,31,23
1983,8,15,0,3.5,31.5,22
1983,8,16,0,5.9,32.5,23
1983,8,17,0,5.1,33.5,23.5
1983,8,18,0,5.3,33.5,24
1983,8,19,0,5.6,33,24
1983,8,20,0,5.7,33.5,23
1983,8,21,0,4.8,33,22
1983,8,22,9.5,3.8,31,22
1983,8,23,61,2.6,31,22.5
1983,8,24,8.5,4.1,31,22
1983,8,25,1.5,3.7,29,21
1983,8,26,0,4.4,32,22
1983,8,27,0,5.2,33.5,22
1983,8,28,0,5.6,33,22.5
1983,8,29,0,4.6,32.5,23
1983,8,30,0,6.1,35.5,22.5
1983,8,31,0,5.3,35,22
1983,9,1,0,4.7,34.5,23
1983,9,2,0,5,33,23
1983,9,3,0,3.9,33,23
1983,9,4,0,6.5,34,23.5
1983,9,5,0,5.3,34,23
1983,9,6,0,4,35,25
1983,9,7,11.5,4.1,33.5,24
1983,9,8,44.5,2.6,30,23
1983,9,9,4.5,3.7,30,22.5
1983,9,10,7.5,3.7,29.5,22.5
1983,9,11,8.5,3.6,31,22
1983,9,12,0,3.5,30,22
1983,9,13,19,4.9,31.5,23.5
1983,9,14,2.5,2.2,29,22.5
1983,9,15,1.5,2.6,31,23
1983,9,16,0,5.3,32,22
1983,9,17,0,2.2,33,22
1983,9,18,0,3.6,31.5,22
1983,9,19,0,5.4,33.5,22.5
1983,9,20,0,5,33.5,23
1983,9,21,27,4.9,26,25
1983,9,22,0,2.7,25,17
1983,9,23,3,3.2,26,17.5
1983,9,24,32.5,2.7,21,19.5
1983,9,25,2.5,1.8,26.5,19
1983,9,26,17.5,1,27,20
1983,9,27,7.5,1.5,28.5,22
1983,9,28,1.5,3.3,29,20
1983,9,29,0,3.7,29,20.5
1983,9,30,3.5,4.3,30.5,20
1983,10,1,0,4,29.5,21
1983,10,2,0,3.2,30,20.5
1983,10,3,0,3.7,31,20.5
1983,10,4,0,4.5,32.5,20
1983,10,5,0,2.7,31,21.5
1983,10,6,0,3,31.5,20.5
1983,10,7,0,4,32,21.5
1983,10,8,0,3.4,32,22
1983,10,9,7.5,5.4,31,22
1983,10,10,0,3.1,29.5,22
1983,10,11,0,3.1,34,20.5
1983,10,12,11.5,2.7,28,21
1983,10,13,0,1.9,26,18
1983,10,14,0,3.7,29,16
1983,10,15,0,3.1,29,17.5
1983,10,16,0,2.6,30,20
1983,10,17,1.5,1.5,29,22
1983,10,18,2.5,4.1,30,22
1983,10,19,0,2.6,30,22
1983,10,20,0,3.1,31.5,23
1983,10,21,16.5,4,31,23
1983,10,22,0,2.2,24,20
1983,10,23,0,2.5,29.5,20
1983,10,24,0,3.8,29,19.5
1983,10,25,1.5,3.9,26.5,20
1983,10,26,0,3,26,17
1983,10,27,0,2.1,26,17
1983,10,28,0,3.2,27,17
1983,10,29,0,2.3,28,16
1983,10,30,5,1.2,24.5,19
1983,10,31,4,1.3,27,21
1983,11,1,0,3.4,28,20.5
1983,11,2,0,3.4,28.5,19
1983,11,3,0,3,29,19
1983,11,4,0,1.5,29,18
1983,11,5,1,2.8,29.5,21
1983,11,6,0.5,2.7,30.5,22
1983,11,7,0,2.8,30,22.5
1983,11,8,0.5,1.9,26.5,21
1983,11,9,19,4.2,30,21.5
1983,11,10,0,1.8,23,17
1983,11,11,0,2.3,24,15
1983,11,12,0,3.9,28,16
1983,11,13,0,2.5,30,16
1983,11,14,0,3.5,30,19
1983,11,15,0,2.8,28,20
1983,11,16,0,0.8,23.5,17
1983,11,17,0,2.8,26,17.5
1983,11,18,0,2.7,26.5,17
1983,11,19,0,1.8,30,18
1983,11,20,0,2.9,24,18
1983,11,21,0,1.5,27.5,18
1983,11,22,0,3.5,31.5,18
1983,11,23,0,3.2,26.5,21
1983,11,24,0,2,22,17
1983,11,25,0,1.8,23,17
1983,11,26,0,2.4,29,16.5
1983,11,27,0,2.4,23,17.5
1983,11,28,0,2.4,23,17
1983,11,29,1,1,21,17
1983,11,30,0,0.7,28,18.5
1983,12,1,0.5,1.1,26,21
1983,12,2,0,1,28,21.5
1983,12,3,0,2.8,32,20
1983,12,4,0,2,28.5,20.5
1983,12,5,0,1.2,29,19.5
1983,12,6,0,2,24,17
1983,12,7,0,1.4,20,15
1983,12,8,0,1.6,27,15.5
1983,12,9,0,1.1,29,18
1983,12,10,0.5,1.5,29,18
1983,12,11,0,2.5,27,18.5
1983,12,12,0,3.4,28,17
1983,12,13,0,1.8,26,16
1983,12,14,0,2.2,27.5,15
1983,12,15,0,0.9,25,15
1983,12,16,2.5,1.6,28,15
1983,12,17,0.5,1.5,16,12.5
1983,12,18,2,0.1,22.5,13
1983,12,19,0,0.6,12.5,10
1983,12,20,0,0.9,19.5,10
1983,12,21,0,1.9,23.5,12
1983,12,22,0.5,3.7,25,16.5
1983,12,23,4,0.3,24,11
1983,12,24,16.5,0.7,NULO,NULO
1983,12,25,0,0.9,17.5,-1
1983,12,26,5,6.8,13,0.5
1983,12,27,0,1.9,26,5
1983,12,28,0,3.6,34.5,11
1983,12,29,0,1.1,18.5,7
1983,12,30,0,2.4,10.5,4
1983,12,31,0,1.9,19,5.5
1984,1,1,0,0.45,22,9
1984,1,2,7,1.73,19,10
1984,1,3,4,0.86,21,15
1984,1,4,0,1.17,18,14.5
1984,1,5,0,1.79,25,12
1984,1,6,0,1.39,27,12.5
1984,1,7,0,2.56,25,15.5
1984,1,8,0,2.23,26,17
1984,1,9,0,2.73,28,17
1984,1,10,5,0.69,17.5,17
1984,1,11,0.5,1.48,15,9
1984,1,12,0,3.29,24,8
1984,1,13,0,1.24,16.5,10
1984,1,14,0.01,0.66,19,13.5
1984,1,15,0,0.41,15,12
1984,1,16,0.5,1.53,18,12.5
1984,1,17,0,0.21,20,13
1984,1,18,3.5,1.45,16,13
1984,1,19,1,0.39,10,8.5
1984,1,20,3.5,0.53,11,8.5
1984,1,21,1,0.13,10.5,5
1984,1,22,0,1.2,18,5
1984,1,23,0,2.89,26,9
1984,1,24,5,0.81,25,13.5
1984,1,25,14,2.03,18,16
1984,1,26,0,2.03,23,13
1984,1,27,0,0.66,21,13
1984,1,28,0,1.98,23.5,14
1984,1,29,0,3.33,24,16.5
1984,1,30,36.5,1.65,19,16.5
1984,1,31,4,1.25,11,10
1984,2,1,0.01,0.61,15,10
1984,2,2,0.01,1.62,26,10
1984,2,3,0.01,1.47,19,14
1984,2,4,1,1.6,24,11
1984,2,5,15,2.25,16,11.5
1984,2,6,10.5,0.89,14.5,12.5
1984,2,7,1.5,1.38,16,11
1984,2,8,0,2.67,22,12
1984,2,9,0,1.14,23,13
1984,2,10,0,3.03,26,14
1984,2,11,0.01,2.42,27,16
1984,2,12,0,2.03,25,16
1984,2,13,0,4.56,28,15
1984,2,14,0,2.67,27,11.5
1984,2,15,0,1.87,27,12
1984,2,16,0.01,2.67,26,17
1984,2,17,0,3.1,27,18
1984,2,18,0,2.37,29,18
1984,2,19,2.5,4.02,27,19
1984,2,20,10.5,1.39,16.5,16
1984,2,21,0,1.36,16,9
1984,2,22,0,3.7,22,10
1984,2,23,0,3.74,28,10
1984,2,24,0,2.25,26.5,13
1984,2,25,0,3.05,27,17
1984,2,26,0,6.24,33,16
1984,2,27,0,2.09,21,14
1984,2,28,0,3.4,21,9
1984,2,29,3.5,0.36,16,11
1984,3,1,0,3.1,25,12
1984,3,2,0,4.18,26,13
1984,3,3,0,2.71,25,14
1984,3,4,0,2.72,29,16
1984,3,5,1.5,3.53,29,17
1984,3,6,2,1.74,13,10.5
1984,3,7,0,1.58,18,11
1984,3,8,0,3.23,21,12
1984,3,9,0,0.43,22,15
1984,3,10,0,3.35,26,16.5
1984,3,11,0,3.22,27,16
1984,3,12,0,4.27,31,15
1984,3,13,0,3.49,29,17
1984,3,14,0,1.74,27,20
1984,3,15,0.5,5.14,30.5,19
1984,3,16,0,3.07,30,19
1984,3,17,0,4.25,29.5,19
1984,3,18,0,5.16,31,19
1984,3,19,0,4.29,29.5,19
1984,3,20,0,5.98,27,17
1984,3,21,0,4.07,26,12
1984,3,22,0,3.66,29,13
1984,3,23,0,5.45,35,16
1984,3,24,0,2.18,27,17.5
1984,3,25,0,5.27,29,18
1984,3,26,0,3.89,31,19
1984,3,27,0,7.2,40,19
1984,3,28,0,5.48,29,22
1984,3,29,0,6.04,28,13.5
1984,3,30,0,5.27,28,14.5
1984,3,31,0,4.94,32,17
1984,4,1,0,3.02,28.5,20.5
1984,4,2,0,7.56,35,18.5
1984,4,3,0,6.41,35,20
1984,4,4,0,5.01,30,20.5
1984,4,5,0,4.57,28,19.5
1984,4,6,0,3.46,28,18
1984,4,7,0,6.44,34,18
1984,4,8,0,8.38,35.5,18.5
1984,4,9,0,6.81,34.5,16
1984,4,10,0.01,6.31,37,16
1984,4,11,0,6.9,36,17
1984,4,12,0,7.22,40.5,20
1984,4,13,0,6.4,34.5,21
1984,4,14,0,6.66,33.5,22
1984,4,15,0,5.67,29,20
1984,4,16,0,5.82,31,18
1984,4,17,0,8.31,32,16
1984,4,18,0,6.35,36.5,16
1984,4,19,0,8.47,40,18
1984,4,20,0,7.97,41,19
1984,4,21,0,8.21,43,17
1984,4,22,0,5.75,34,20.5
1984,4,23,0,3.12,27,21
1984,4,24,0,6.63,33,17.5
1984,4,25,0,6.04,37,18
1984,4,26,0,9.26,43,21
1984,4,27,0,10.23,45,22
1984,4,28,0,6.55,39,23
1984,4,29,0,7.51,40,21
1984,4,30,0,3.63,33,21.5
1984,5,1,0,7.23,35,24
1984,5,2,0,7.71,42,23
1984,5,3,0,8.55,45,23.5
1984,5,4,0,6.79,39.5,20
1984,5,5,0,8.41,40.5,21
1984,5,6,0,7.25,43,24
1984,5,7,0,6.08,41,24
1984,5,8,8,5.04,29,24
1984,5,9,0,7.11,31,18
1984,5,10,0,7.45,32.5,15
1984,5,11,0,7.11,32.5,17
1984,5,12,0,5.16,33,19
1984,5,13,5,3.58,30,20
1984,5,14,3.5,3.31,29,21
1984,5,15,0.01,3.11,31,21
1984,5,16,0,3.51,33,21
1984,5,17,1,5.15,33,22
1984,5,18,0,7,34,21.5
1984,5,19,0,6.88,35,21
1984,5,20,23.5,8.01,36,22
1984,5,21,0,7.33,35.5,19.5
1984,5,22,0,6.42,38,23
1984,5,23,23.5,7.8,36,23
1984,5,24,0,4.6,32,20.5
1984,5,25,0,5.81,33,22.5
1984,5,26,0,6,33.5,22.5
1984,5,27,7,4.89,32,22
1984,5,28,25,2.91,29,21
1984,5,29,67.5,0.58,25,20
1984,5,30,0.01,3.01,27,20.5
1984,5,31,0,5.73,28,18.5
1984,6,1,0,5.32,29,19
1984,6,2,0,5.4,30,19
1984,6,3,0,4.4,31,20
1984,6,4,0,5.01,31,22
1984,6,5,0.01,5.53,32,23.5
1984,6,6,0,6.86,33,22
1984,6,7,0,6.29,34,24
1984,6,8,0,4.65,33,25
1984,6,9,0,8.24,33,24
1984,6,10,6,3.01,31,24
1984,6,11,10.5,4.61,31,21
1984,6,12,29,1.56,27,22
1984,6,13,4.5,2.31,27,22
1984,6,14,8.5,2.77,28,21.5
1984,6,15,7.5,3.21,31,21
1984,6,16,0,1.94,31,21
1984,6,17,11,2.97,30,21
1984,6,18,0.5,3.22,30,22
1984,6,19,0.01,3.06,31,22.5
1984,6,20,2.5,0.95,27,23
1984,6,21,0.01,1.28,31,23
1984,6,22,0,4.58,30,21
1984,6,23,0,4.22,32,22
1984,6,24,0,5.92,32,23
1984,6,25,0,5.19,33,23
1984,6,26,0,6.02,32.5,22
1984,6,27,0,5.81,32,23
1984,6,28,0,5.49,33,24
1984,6,29,0,6.82,34,24.5
1984,6,30,0.5,4.49,34,23
1984,7,1,1,3.99,26,22
1984,7,2,18,2.39,29,22.5
1984,7,3,6.5,4.49,30,20
1984,7,4,23.5,3.35,29,21
1984,7,5,3,2.8,29.5,22
1984,7,6,12,2.12,26,22
1984,7,7,57,3.81,28,20
1984,7,8,39,3.31,29,22
1984,7,9,12,4.02,29,21
1984,7,10,3,2.67,29,22
1984,7,11,38,4.14,30,22
1984,7,12,65,3.93,28.5,22
1984,7,13,5,1.14,26,21
1984,7,14,8,1.3,24.5,21
1984,7,15,33,3.12,29,21
1984,7,16,0,3,29.5,21
1984,7,17,0,2.71,30,22
1984,7,18,0,3.48,32,23
1984,7,19,0,5.22,31,22
1984,7,20,0,4.72,32,22
1984,7,21,0,5.35,32,23
1984,7,22,0,4.01,32,22
1984,7,23,0.01,4.88,31,21
1984,7,24,0,3.77,31,22
1984,7,25,3.5,5.22,31,22
1984,7,26,3,4.48,30,20
1984,7,27,0,3.53,31.5,21
1984,7,28,0,4.11,32,21.5
1984,7,29,6,5.08,29,22
1984,7,30,0,3.98,30,22
1984,7,31,0,5,32,22
1984,8,1,0,4.63,32,22
1984,8,2,0,4.64,32,22
1984,8,3,62,4.65,32,22
1984,8,4,2,4.06,31,21
1984,8,5,6.5,4.82,30,21
1984,8,6,0.01,0.09,30,21
1984,8,7,2.5,1.61,32,21
1984,8,8,3,2.21,30,22
1984,8,9,4.5,5.05,30,22
1984,8,10,12.5,5.54,30,21
1984,8,11,0,5.29,30,21
1984,8,12,0,5.03,32,21
1984,8,13,0,7.33,32,22
1984,8,14,0,4.14,30,22
1984,8,15,6,2.25,30,21
1984,8,16,0,3.79,28,20
1984,8,17,0,3.62,30,22
1984,8,18,0,2.96,31,22
1984,8,19,0,6.76,32.5,22
1984,8,20,0,6.32,32,22
1984,8,21,7,6.25,32.5,22
1984,8,22,59,1.83,27,22
1984,8,23,9.5,2.81,26,22
1984,8,24,0,4.13,31,22
1984,8,25,0,5.3,30,22
1984,8,26,5.5,2.05,30,21.5
1984,8,27,2,3.47,29,22
1984,8,28,0,2.55,31,21
1984,8,29,0,6.64,31,22
1984,8,30,0,5.09,31,22
1984,8,31,0,4.29,32,21
1984,9,1,0.5,6.24,31.5,21
1984,9,2,0.5,5.64,32,22
1984,9,3,41,3.99,29,22
1984,9,4,25,1.94,24,22
1984,9,5,68,2.01,25,21.5
1984,9,6,2,1.02,26,20.5
1984,9,7,68,2.88,26,22
1984,9,8,0.01,1.47,27,21.5
1984,9,9,14,1.06,26,22
1984,9,10,2.5,2.61,28,22
1984,9,11,19,5.27,28,21.5
1984,9,12,36.5,2.92,24,21
1984,9,13,38,0.24,26,21.5
1984,9,14,63,3.08,26,21
1984,9,15,13,2.65,27,22
1984,9,16,34,2.34,28.5,21
1984,9,17,0.01,3.26,26.5,21
1984,9,18,2,1.09,28,21
1984,9,19,0,1.53,29,20
1984,9,20,0,4.01,30,20
1984,9,21,0,4.44,31,20.5
1984,9,22,0.5,3.62,29,22
1984,9,23,9.5,1.61,31,23
1984,9,24,11,4.52,31,22
1984,9,25,3,3.43,30,23.5
1984,9,26,95.5,2.76,29,23
1984,9,27,2.5,2.7,28,21
1984,9,28,0,2.51,29,20.5
1984,9,29,41.5,2.88,28.5,21
1984,9,30,0.5,0.33,18,16
1984,10,1,2,0.7,23,16
1984,10,2,0,0.97,26,18
1984,10,3,0,0.76,27,19
1984,10,4,0,2.75,29,19
1984,10,5,1,2.19,30,20
1984,10,6,0.5,2.79,30.5,22
1984,10,7,0,2.63,30.5,21.5
1984,10,8,0.01,4.47,30,22
1984,10,9,0,2.48,31,21
1984,10,10,0,3.68,30,21
1984,10,11,0,0.62,27,19.5
1984,10,12,0,3.99,30,19
1984,10,13,0,2.95,30,19.5
1984,10,14,0,1.83,32,20
1984,10,15,0,4.63,33,22
1984,10,16,0,2.79,34,21.5
1984,10,17,0,2.3,31,24
1984,10,18,0,3.17,32,23.5
1984,10,19,0,3.28,31.5,24
1984,10,20,0,2.97,32,23
1984,10,21,0,1.94,33,23
1984,10,22,15,3.89,31,23
1984,10,23,15.5,2.48,26,24
1984,10,24,0,0.97,24,18
1984,10,25,0,1.85,29,19
1984,10,26,0,1.99,29,20.5
1984,10,27,0,3.66,30,21
1984,10,28,0,2.88,30,20
1984,10,29,0,0.61,29,21
1984,10,30,0,1.32,27,20.5
1984,10,31,0,3.25,28,21
1984,11,1,0,1.67,31,21.5
1984,11,2,0,1.83,30,20.5
1984,11,3,0,2.5,26,19.5
1984,11,4,0,2.8,30,19
1984,11,5,0,4.25,27.5,19
1984,11,6,0,1.7,26.5,17
1984,11,7,0,1.61,29,15.5
1984,11,8,0,2.16,29,16
1984,11,9,0,1.78,30,19
1984,11,10,3,2.05,28,17
1984,11,11,0,2.32,28,16
1984,11,12,0,0.86,28,18
1984,11,13,1,1.42,24,18
1984,11,14,0,1.18,28,16
1984,11,15,0,2.09,28,17
1984,11,16,0,2.73,28,17
1984,11,17,2.5,3.35,29,17.5
1984,11,18,0.01,0.76,30.5,16
1984,11,19,13,1.09,23,16
1984,11,20,3.5,0.35,19.5,15
1984,11,21,0,0.47,14,11
1984,11,22,0,0.33,16,11.5
1984,11,23,0,1.21,23,12
1984,11,24,0,1.83,24.5,13
1984,11,25,0,1.66,26,15.5
1984,11,26,0,1.68,29,16
1984,11,27,0,1.96,22,18.5
1984,11,28,0,1.56,23,13
1984,11,29,0,2.5,26,13.5
1984,11,30,0,2.27,26.5,15
1984,12,1,0,0.48,28,16.5
1984,12,2,0,1.28,27,19
1984,12,3,10.5,1.36,24,21
1984,12,4,0,0.72,26,19
1984,12,5,3.5,0.8,21,16
1984,12,6,0,0.67,19.5,13
1984,12,7,0,1.61,19,10.5
1984,12,8,0,1.69,24,11
1984,12,9,0,1.05,25,13
1984,12,10,0,2.11,26,15
1984,12,11,0,1.93,26,15
1984,12,12,0,0.68,28,14
1984,12,13,0,2.44,27,14
1984,12,14,0,1.77,30.5,15
1984,12,15,0,3.21,28,18
1984,12,16,0,0.4,27,18
1984,12,17,0,1.58,25,19
1984,12,18,0,2.2,26,16
1984,12,19,0,1.5,27,17
1984,12,20,0,3.06,27.5,17
1984,12,21,0,3.48,27,15.5
1984,12,22,4,2.85,27,16
1984,12,23,0,1.64,28,17
1984,12,24,4,3.32,27,17
1984,12,25,14,1.23,25,18
1984,12,26,0.5,2.18,24,18.5
1984,12,27,0.1,1.23,24,18
1984,12,28,0,1.13,26,18
1984,12,29,0,1.18,25,16
1984,12,30,0.1,1.05,26,19
1984,12,31,0,1.81,29,19
1985,1,1,1,2.02,28,14.5
1985,1,2,7.5,1.53,22,10
1985,1,3,0,1.71,17,6
1985,1,4,0,1.12,17,4
1985,1,5,0,3.95,21,5
1985,1,6,0,2.67,23,5
1985,1,7,0,2.97,25,6
1985,1,8,0,2.1,24,8
1985,1,9,0,2.03,25,11
1985,1,10,1,1.72,25,13
1985,1,11,12,0.68,19,10
1985,1,12,5,0.4,18,10
1985,1,13,0.1,1.13,15,8
1985,1,14,1,0.3,11,9
1985,1,15,0,1.06,19,8
1985,1,16,0.1,1.57,23,10
1985,1,17,0.1,0.64,16,13.5
1985,1,18,0,3.3,21,9
1985,1,19,0,0.93,24,11
1985,1,20,0.1,1.59,20,9.5
1985,1,21,0,1.14,16,8
1985,1,22,0,1.62,15,4
1985,1,23,0,2.09,21,8
1985,1,24,0,1.23,26,11
1985,1,25,0,2.48,24,13
1985,1,26,0.1,0.83,23,17
1985,1,27,0,3.27,29,16.5
1985,1,28,0,1.73,26,16.5
1985,1,29,0,2.87,28,17
1985,1,30,0,3.2,28,17.5
1985,1,31,1.5,3.53,32,15.5
1985,3,1,0,2.73,26,15
1985,3,2,0.1,1.55,27,15
1985,3,3,0,4.64,28,16
1985,3,4,0.1,3.88,30,19
1985,3,5,1.5,1.76,23,17
1985,3,6,0.1,0.36,23,18
1985,3,7,0,3.26,27,17
1985,3,8,0.1,2.96,27.5,15.5
1985,3,9,1.5,2.76,27,17
1985,3,10,1.5,0.74,26,19
1985,3,11,0,4.34,29,17
1985,3,12,0,4.14,29,17
1985,3,13,0.1,3.98,30,17
1985,3,14,1,1.57,27.5,18
1985,3,15,0.5,2.05,22,15.5
1985,3,16,1.5,2.54,25,16
1985,3,17,1.5,1.78,18,16.5
1985,3,18,0,1.78,21,15
1985,3,19,0,3.54,26,13
1985,3,20,0,6.79,33.5,14.5
1985,3,21,0,6.53,27,15
1985,3,22,0,4.5,27,18
1985,3,23,0,1.35,28.5,17
1985,3,24,0,3.41,30,18
1985,3,25,0,3.66,29,19
1985,3,26,0,4.45,30,19.5
1985,3,27,0,3.83,31,19.5
1985,3,28,0,2.53,31,20
1985,3,29,0,5.34,33,20
1985,3,30,0,5.74,36,20
1985,3,31,0,3.91,24,19
1985,4,1,0,6.14,28,16
1985,4,2,0,5.05,28,17
1985,4,3,0,6.19,30,14
1985,4,4,0,6.12,32,15
1985,4,5,0,6.75,32,17
1985,4,6,0,5.92,33,17.5
1985,4,7,10,5.99,32,21
1985,4,8,44.5,4.48,28.5,20
1985,4,9,0.1,1.83,22,17
1985,4,10,0,2.34,26.5,17.5
1985,4,11,1,4.66,30,18.5
1985,4,12,16,7.39,28,19.5
1985,4,13,14.5,3.97,28,18
1985,4,14,0.1,1.57,26,18.5
1985,4,15,0,5.42,29,19
1985,4,16,0,6.38,30.5,18
1985,4,17,0,4.4,30,20
1985,4,18,0,6.52,30,19
1985,4,19,0,3.56,30,19
1985,4,20,0.1,4.24,32,21
1985,4,21,0,5.09,31.5,21.5
1985,4,22,0,3.94,31,22.5
1985,4,23,32.5,6.42,32,22
1985,4,24,4,6.47,32,21
1985,4,25,0,4.01,29,20.5
1985,4,26,0,6.54,34,20.5
1985,4,27,0,4.83,34,22
1985,4,28,0,2.65,32,23
1985,4,29,0,4.67,31,23
1985,4,30,0,4.38,32.5,21
1985,5,1,0,4.97,32,20
1985,5,2,0.5,5.7,32,21
1985,5,3,0,5.45,29,19
1985,5,4,0,4.47,30,17
1985,5,5,0,3.49,30,19
1985,5,6,0,5.83,31,21
1985,5,7,0,4.31,32,21.5
1985,5,8,0,6.3,33,21
1985,5,9,0,4.56,32.5,21.5
1985,5,10,0,7.14,33,21.5
1985,5,11,0,7.46,34,20.5
1985,5,12,0,4.83,34,22
1985,5,13,0,5.2,35,23
1985,5,14,0,4.75,35,24
1985,5,15,0,3.79,31,24.5
1985,5,16,0,3.86,32,23
1985,5,17,1.5,1.95,29,23
1985,5,18,0,4.81,32.5,20.5
1985,5,19,0.5,4.58,32,21
1985,5,20,0,5.19,30,21
1985,5,21,147.5,3.22,32,24
1985,5,22,0,4.15,32,20
1985,5,23,0,5.95,33,20
1985,5,24,0,7.42,33,21
1985,5,25,0,4.87,33,23
1985,5,26,0,5.66,33,22
1985,5,27,0,6.86,33,23
1985,5,28,0,4.21,34,22
1985,5,29,0,5.29,33.5,23
1985,5,30,0,5.74,33,21
1985,5,31,0,7.87,34,21
1985,6,1,0,4.23,34,22
1985,6,2,0,4.87,32.5,21
1985,6,3,4.5,7.3,33,23
1985,6,4,7.5,3.3,30.5,23
1985,6,5,0,3.53,33,24
1985,6,6,0,6.31,34,25
1985,6,7,0,4.95,33,22
1985,6,8,0,6.98,33,22
1985,6,9,0,6.01,34,21
1985,6,10,0,5.98,34,23
1985,6,11,0,7.99,36,24
1985,6,12,40,5.45,33,23
1985,6,13,11.5,3.5,26,22
1985,6,14,0,5.66,33,21.5
1985,6,15,0,5.4,33,22
1985,6,16,1,5.37,34,24
1985,6,17,0,4.08,32,22
1985,6,18,11,5.67,31,23.5
1985,6,19,11,1.82,29,21.5
1985,6,20,0,3.43,30,22.5
1985,6,21,0.1,4.15,33,22
1985,6,22,2.5,5.75,32,24
1985,6,23,0,3.03,33,22
1985,6,24,0,3.55,32,22
1985,6,25,0.1,5.19,31,23
1985,6,26,0,5.38,32,21
1985,6,27,6.5,4.72,31,22
1985,6,28,9.5,1.83,29,22
1985,6,29,0,2.32,27,21
1985,6,30,0,3.72,29,22
1985,7,1,1,5.53,31,21
1985,7,2,0,4.06,29,21
1985,7,3,0,5.1,31.5,21.5
1985,7,4,19,7.77,33,22
1985,7,5,0,3.24,32,21
1985,7,6,4,4.28,32,23
1985,7,7,2,5.35,32,19
1985,7,8,0,2.74,28,20
1985,7,9,6.5,5.2,31,21
1985,7,10,0,4.35,32,21
1985,7,11,2,5.33,33,22
1985,7,12,0,4.76,33,22
1985,7,13,30,3.33,30,21.5
1985,7,14,112.5,1.12,26,22
1985,7,15,17,1.96,25,21
1985,7,16,27.5,5.24,26,21
1985,7,17,0,3.12,31,22
1985,7,18,0,5.59,32,22
1985,7,19,0,3.98,32,21.5
1985,7,20,0,3.97,31,21.5
1985,7,21,0,3.98,31,22
1985,7,22,0,2.64,32,23
1985,7,23,4,5.36,33,23.5
1985,7,24,0.5,2.46,32,21.5
1985,7,25,0,2.99,33,22
1985,7,26,4.5,3.2,31,22
1985,7,27,31.5,5.17,34,21
1985,7,28,11,5.45,33,21
1985,7,29,98,5.37,31.5,21.5
1985,7,30,0.5,1.32,28.5,22
1985,7,31,1,3.5,30.5,22.5
1985,8,1,0,4.71,31,22
1985,8,2,0,3.38,31.5,22
1985,8,3,0,3.97,31.5,22
1985,8,4,0,4.96,31,21.5
1985,8,5,0,6.56,31,20
1985,8,6,0,4.97,32,22
1985,8,7,0,5.84,32,23
1985,8,8,0,5.38,32,22
1985,8,9,0,4.38,32,22
1985,8,10,0,6.37,33,22
1985,8,11,0,4.33,31.5,23
1985,8,12,0,5.79,33,22.5
1985,8,13,0,4.37,33,23
1985,8,14,0,4.99,32,23
1985,8,15,0,5.57,32,23
1985,8,16,0,4.01,32,23
1985,8,17,0,3.74,32,22.5
1985,8,18,2,3.61,31,21
1985,8,19,0,4.89,32,22
1985,8,20,0,4.71,33,22
1985,8,21,0,3.94,32,22
1985,8,22,0,6.63,33,22
1985,8,23,2.5,2.99,31,22
1985,8,24,2.5,2.51,32,22
1985,8,25,0,4.7,32,23
1985,8,26,14.5,4.52,33,22
1985,8,27,17.5,3.66,29,22
1985,8,28,27.5,4.11,32,20.5
1985,8,29,0.1,3.41,31,22
1985,8,30,0.5,2.27,31,21
1985,8,31,0,5.67,32,21
1985,9,1,0,5.96,33,22
1985,9,2,0,5,32,22
1985,9,3,0,5.91,32,23
1985,9,4,0,4.88,33,23.5
1985,9,5,0,5.54,34,23
1985,9,6,0,5.47,33.5,23
1985,9,7,0,4.59,32,22
1985,9,8,0,5.39,32,22
1985,9,9,0,3.32,32,21
1985,9,10,0,6.78,32.5,21
1985,9,11,0,3.44,32,21
1985,9,12,0,4.14,32,22
1985,9,13,54,7.04,31,22
1985,9,14,36,6.58,28,22
1985,9,15,0,4.34,29,22
1985,9,16,3,4,31,20
1985,9,17,0,4.11,31,20
1985,9,18,2.5,2.7,31,22
1985,9,19,1,3.09,31,22
1985,9,20,3.5,4.46,31,23
1985,9,21,0,3.37,31,21
1985,9,22,0,5.52,32,21
1985,9,23,1.5,3.8,33,22
1985,9,24,20,3.53,29,21.5
1985,9,25,0,5.04,31,21
1985,9,26,0.5,3.78,32,21
1985,9,27,0,2.42,29,22
1985,9,28,0,2.81,31,21
1985,9,29,0,4.61,32,22
1985,9,30,21,2.91,28.5,22.5
1985,10,1,0,1.37,23,16.5
1985,10,2,0,3.39,28,17
1985,10,3,0,3.29,29.5,18
1985,10,4,23,3.38,31.5,20
1985,10,5,1,2.8,23,21
1985,10,6,0,4.03,27,18
1985,10,7,0,0.3,28,18.5
1985,10,8,0,3.49,31,20
1985,10,9,0,2.85,32,22
1985,10,10,0,3.3,32.5,22.5
1985,10,11,0,2.99,30,20.5
1985,10,12,0,3.57,31,20.5
1985,10,13,0,3.06,32,21
1985,10,14,0,2.87,32,22.5
1985,10,15,20,5.09,31,22
1985,10,16,3.5,1.23,29,21
1985,10,17,0.1,3.73,30,19.5
1985,10,18,0,2.98,31,20
1985,10,19,48.5,1.55,30,22
1985,10,20,3,1.27,30,21.5
1985,10,21,0,3,29,21
1985,10,22,0,2.33,28.5,22
1985,10,23,0,2.65,29,20.5
1985,10,24,0.5,3.7,31,21
1985,10,25,2.5,3.56,32,20.5
1985,10,26,0,4.56,30,20
1985,10,27,0,1.84,29,20
1985,10,28,0,4.63,29,18.5
1985,10,29,0,4.6,31,18
1985,10,30,0,2.51,29,17.5
1985,10,31,0,4.57,31,19
1985,11,1,0,2.08,32,19
1985,11,2,19,4.71,28,18.5
1985,11,3,0.5,2.49,22,14.5
1985,11,4,0,2.91,28,13
1985,11,5,0,3.12,28,12.5
1985,11,6,0,2.85,30,13
1985,11,7,0,1.59,29.5,14
1985,11,8,3,2.73,28,16
1985,11,9,0,1.34,32,17
1985,11,10,0,2.26,33,19
1985,11,11,0,3.03,32,20
1985,11,12,0,1.68,31,20.5
1985,11,13,0,3.72,33,21
1985,11,14,0,1.31,31,19.5
1985,11,15,0,2.46,32.5,20
1985,11,16,1,2.62,29.5,21
1985,11,17,0,1.41,29,20
1985,11,18,0,2.16,28,19
1985,11,19,0,2.88,30,20
1985,11,20,0,1.77,31,20
1985,11,21,0,1.51,24,17
1985,11,22,0,2.48,28,18
1985,11,23,0,3.39,29,19
1985,11,24,0,1.64,28,20.5
1985,11,25,0,1.83,30,21
1985,11,26,0,1.49,30,21
1985,11,27,5,2.94,29,20
1985,11,28,0,2,28,18
1985,11,29,0.1,3.69,30,17
1985,11,30,0,0.41,32,18
1985,12,1,0.1,4.16,28,18.5
1985,12,2,0,0.97,23.5,15
1985,12,3,0,0.87,20,15
1985,12,4,0,1.68,26,16
1985,12,5,0,3.1,26,11.5
1985,12,6,0,2.85,24,11
1985,12,7,0,1.31,28,11.5
1985,12,8,0,3.43,26.5,14.5
1985,12,9,0,0.98,27,15
1985,12,10,0,3.31,28,18
1985,12,11,0.5,1.69,30,17
1985,12,12,3.5,1.8,20,14
1985,12,13,0.1,2.41,16,11
1985,12,14,0,0.6,15,10
1985,12,15,0,2.44,20,10.5
1985,12,16,7.5,1.95,24,11
1985,12,17,3.5,1.11,18,12
1985,12,18,2,0.14,16,12
1985,12,19,2,0.4,19,11
1985,12,20,14.5,1.13,17,12
1985,12,21,26.5,0.46,19,15
1985,12,22,0.5,1.07,19,15.5
1985,12,23,0,2.06,23,16
1985,12,24,0,0.6,26,16
1985,12,25,0,2.81,18,13.5
1985,12,26,0,1.33,20,13
1985,12,27,0,2.01,26,13
1985,12,28,0,1.8,25,15
1985,12,29,0,1.17,24,17
1985,12,30,0,2.05,26,17.5
1985,12,31,0,3.52,27,19
1986,1,1,0.5,1.56,25,18
1986,1,2,0,1.51,23,17.5
1986,1,3,0,2.35,25,17
1986,1,4,0.5,1.09,26,17
1986,1,5,0,1.62,19,14
1986,1,6,0,3.72,24,12
1986,1,7,0,2.93,28,13
1986,1,8,0,0.64,14,8.5
1986,1,9,0,2.54,14,7.5
1986,1,10,0,0.34,17,8
1986,1,11,0,3.75,21,8
1986,1,12,0,1.53,22,8
1986,1,13,0,4.37,23,8
1986,1,14,0,3.06,24,6.5
1986,1,15,0,2.71,25,7
1986,1,16,0,1.46,25,9
1986,1,17,0,2.78,24,11
1986,1,18,0,2.52,26,13
1986,1,19,0,3.08,28,13.5
1986,1,20,0,2.89,26,12
1986,1,21,0,2.84,27,12.5
1986,1,22,0,2.31,25,13
1986,1,23,0,1.65,23,16
1986,1,24,0,2.5,26,14
1986,1,25,0,2.83,26,14.5
1986,1,26,0,3.68,20,11.5
1986,1,27,0,4.25,23,10
1986,1,28,0,2.65,25,10
1986,1,29,0,3.23,28,11
1986,1,30,0,1.9,24,14
1986,1,31,0,1.7,26,13
1986,2,1,0,3.15,20.5,13
1986,2,2,0,1.51,27,15.5
1986,2,3,0,4.28,28,17
1986,2,4,0,4.56,31,17
1986,2,5,0,4.8,33,16
1986,2,6,0,3.55,28,16
1986,2,7,0,5.44,31,15
1986,2,8,0,1.44,26,16
1986,2,9,0.5,1.3,25.5,17
1986,2,10,1,0.99,21,13
1986,2,11,3,1.21,16,10
1986,2,12,3.5,0.4,16,10.5
1986,2,13,0.5,0.36,19,12
1986,2,14,0.1,2.5,29,15
1986,2,15,0,2.87,27,17
1986,2,16,0,4.32,30,19
1986,2,17,0,4.77,32,17
1986,2,18,0,5.52,33,18
1986,2,19,0,4.98,34,16
1986,2,20,0,4.11,36,14
1986,2,21,0,3.59,31,14
1986,2,22,3,1.04,24,17
1986,2,23,0,5.72,25,13
1986,2,24,0,4.52,28,11
1986,2,25,0,3.65,30,11
1986,2,26,0,5.74,31,12
1986,2,27,0,5.81,36,13
1986,2,28,0,4.98,36,14
1986,3,1,0,3.93,23,13
1986,3,2,0,5.53,28,13
1986,3,3,0,3.98,32,14
1986,3,4,2,3.18,27,16
1986,3,5,0.1,0.35,22,17
1986,3,6,0.1,3.98,29,17
1986,3,7,0,4.27,29,17
1986,3,8,0,4.9,30,17
1986,3,9,0,5.1,32,19
1986,3,10,0,6.56,35,20
1986,3,11,0,7.15,35,21
1986,3,12,0,8.44,35,19
1986,3,13,0,4.05,35,16
1986,3,14,0,8.74,32,18
1986,3,15,0,7.35,33.5,20
1986,3,16,0,6.01,30,17.5
1986,3,17,0,4.85,32,18
1986,3,18,0,7.37,37,19
1986,3,19,0,7.67,31,20
1986,3,20,0,4.4,24,16.5
1986,3,21,0,5.86,25,13.5
1986,3,22,0,4.18,26,14
1986,3,23,0,6.55,26,12
1986,3,24,0,4.83,25,14
1986,3,25,0,3.45,26,15
1986,3,26,0,5.2,29,16
1986,3,27,14,4.44,26,15.5
1986,3,28,0,2.91,26,15
1986,3,29,0,6.11,29,16
1986,3,30,0,4.93,29,16
1986,3,31,0,5.74,30,16
1986,4,1,0,4.77,31,18
1986,4,2,0,7.25,31,19
1986,4,3,0,5.46,36,17
1986,4,4,0,7.84,35,18
1986,4,5,0,5.79,32,23
1986,4,6,0,6.04,33,23
1986,4,7,0,5.66,33,23
1986,4,8,0,7.55,34,20
1986,4,9,0,6.91,34,19
1986,4,10,0,5.97,32,20
1986,4,11,0,6.03,33,20
1986,4,12,0,5.47,36,21
1986,4,13,0,5.59,36,22
1986,4,14,0,6.87,36,22
1986,4,15,0,4.72,29,23
1986,4,16,0,5.6,31.5,20
1986,4,17,0,4.69,33,22
1986,4,18,1,7.49,36.5,22
1986,4,19,0,6.37,38,22
1986,4,20,0,3.97,30,22
1986,4,21,0,5.87,31,20
1986,4,22,0,4.7,31,21
1986,4,23,0,3.28,29,21
1986,4,24,0,5.72,31,21
1986,4,25,0,2.44,33,21
1986,4,26,0,8.6,35,21
1986,4,27,0,6.47,34,22
1986,4,28,16,5.3,32.5,23
1986,4,29,0,6.05,35,22
1986,4,30,0,6.05,35,22
1986,5,1,3.5,7.13,35,22
1986,5,2,16.5,5.6,31,20.5
1986,5,3,0,7.24,31,20
1986,5,4,0,5.8,32,20
1986,5,5,0,7.22,33,21
1986,5,6,0,5.8,35,22
1986,5,7,0,4.88,34,23
1986,5,8,0,4.93,34,23
1986,5,9,7,7,35,24
1986,5,10,1.5,5.29,36,21.5
1986,5,11,0,6.35,33,22
1986,5,12,0,4.95,33,23.5
1986,5,13,0,4.76,34,24
1986,5,14,0,6.45,35,25
1986,5,15,0,6.4,37,25
1986,5,16,0,7.4,36,24.5
1986,5,17,0.1,4.49,35,23
1986,5,18,1.5,3.03,26,19.5
1986,5,19,0,3.03,26,19.5
1986,5,20,0,4.44,32,20
1986,5,21,0,5.91,32,20
1986,5,22,0,7.22,34,20
1986,5,23,0,8.27,36,21
1986,5,24,0,5.19,35,25
1986,5,25,0,4.83,34,23
1986,5,26,0,5.19,33,23
1986,5,27,0,5.55,33,22.5
1986,5,28,9,2.7,31,23
1986,5,29,0,3.03,32,22
1986,5,30,1,3.48,31,22.5
1986,5,31,0,2.09,33,22
1986,6,1,0,6.8,33,22
1986,6,2,18,4.48,32,23
1986,6,3,48,6.91,32,23.5
1986,6,4,2.5,2.53,30,22.5
1986,6,5,0,5.37,33,23
1986,6,6,0,6.32,34.5,24
1986,6,7,0,6.03,36,24.5
1986,6,8,0.1,4.64,34,24.5
1986,6,9,0,4.42,33,23
1986,6,10,0,5.35,33,22
1986,6,11,0.5,3.37,31,23
1986,6,12,0.1,4.67,31,24
1986,6,13,0,5.45,33,22
1986,6,14,0,4.21,32,22
1986,6,15,0,6.32,35,23
1986,6,16,0,5.49,35,23
1986,6,17,1,4.61,36,22.5
1986,6,18,1,4.8,33,22.5
1986,6,19,0.5,4.6,33,22.5
1986,6,20,0,3.89,32,23
1986,6,21,4,2.39,34,23.5
1986,6,22,4,3.61,32,23
1986,6,23,18.5,6.15,34,22
1986,6,24,0,3.51,32,22
1986,6,25,3,3.96,31,21
1986,6,26,21.5,4.19,30,22
1986,6,27,9.5,3.24,29,23
1986,6,28,5.5,3.77,34,22
1986,6,29,0,5.62,34,23
1986,6,30,0,5.45,34,22.5
1986,7,1,5.5,4.08,31,23
1986,7,2,0,3.3,27,22
1986,7,3,0,4.85,31,22
1986,7,4,0,4.98,31.5,22
1986,7,5,0,5.2,32,22
1986,7,6,59,1.56,32,20
1986,7,7,2.5,2.48,26,19
1986,7,8,10.5,2.75,27,19.5
1986,7,9,0,4.75,29,21
1986,7,10,0,2.58,30,22
1986,7,11,3.5,3.28,29,23
1986,7,12,3.5,1.99,31,23
1986,7,13,1,1.74,31,23
1986,7,14,30,4.39,27,22
1986,7,15,0.5,2.27,28,23
1986,7,16,0,2.73,29,19
1986,7,17,0.1,2.25,28,20
1986,7,18,0,2.82,30,22.5
1986,7,19,0,4.91,30,21
1986,7,20,0,3.66,31,21
1986,7,21,0,5.56,31,22
1986,7,22,0,4.89,31,22
1986,7,23,0,4.11,31,23
1986,7,24,5,3.61,31,22.5
1986,7,25,0,4.45,31,22
1986,7,26,0,4.21,31.5,22
1986,7,27,0,5.79,33,22.5
1986,7,28,0,4.92,33,23
1986,7,29,0,5.59,33,23
1986,7,30,0,5.62,33,23
1986,7,31,0,5.98,33,23
1986,8,1,0,5.28,34,23
1986,8,2,0,4.71,34,23
1986,8,3,3,6.24,34,22
1986,8,4,30,2.74,33,23
1986,8,5,0,4.73,32,22
1986,8,6,0.1,5.45,33,23
1986,8,7,0,6.14,33,23
1986,8,8,5,4.04,33,23
1986,8,9,0.1,4.74,32.5,22
1986,8,10,2,2.97,30,22
1986,8,11,32,5.09,32,22
1986,8,12,0,5.12,32,22
1986,8,13,0,6.99,33,22
1986,8,14,0.1,3.44,29,22
1986,8,15,0,3.07,31,22
1986,8,16,0,7.12,34,22.5
1986,8,17,0,5.33,33,24
1986,8,18,0,6.77,34,23
1986,8,19,0,6.03,34,22.5
1986,8,20,0,6.8,36,22.5
1986,8,21,3,7.55,36,22.5
1986,8,22,0,4.83,31,22
1986,8,23,3.5,3.63,33,21.5
1986,8,24,18,6.4,28,21.5
1986,8,25,0.1,6.7,31,21.5
1986,8,26,0,4.14,32,22
1986,8,27,0,7.65,33.5,22
1986,8,28,0,7.75,34,22
1986,8,29,2,3.1,32,23
1986,8,30,0,6.16,32,20
1986,8,31,0,3.56,32.5,21
1986,9,1,0,3.41,34,21
1986,9,2,28.5,1.38,33,22.5
1986,9,3,20,3.39,25.5,22.5
1986,9,4,0,5.32,27,21.5
1986,9,5,10,4.53,31,22
1986,9,6,29,3.36,31,22.5
1986,9,7,0.1,4.53,31.5,22.5
1986,9,8,23,3.77,30,22.5
1986,9,9,0.1,3.12,30.5,21.5
1986,9,10,0,4.97,32,22
1986,9,11,0,5.01,32,22.5
1986,9,12,3,2.52,32,23
1986,9,13,12,2.85,29,20.5
1986,9,14,2,1.19,29,21
1986,9,15,4,3.46,30,22
1986,9,16,0,2.57,30,21.5
1986,9,17,2,4.12,31,21.5
1986,9,18,0,4.69,30,21
1986,9,19,12.5,4.68,29,21
1986,9,20,0.1,1.59,29,21
1986,9,21,0,2.76,29,21
1986,9,22,0,3.24,30,23
1986,9,23,0,3.7,31,22
1986,9,24,0,4.31,31,22
1986,9,25,0,4.82,33,22
1986,9,26,0,4.4,32,23
1986,9,27,22.5,4.96,31,23
1986,9,28,14,4.44,30,23
1986,9,29,0.5,4.41,30,23
1986,9,30,0,0.45,31,24
1986,10,1,0,3.95,35,23
1986,10,2,0,4.78,35,23
1986,10,3,3.5,1.44,32,23
1986,10,4,25,1.33,27,24
1986,10,5,2,1.71,26,22.5
1986,10,6,12.5,1.24,27,23
1986,10,7,1,2.85,29,22
1986,10,8,0,1.79,28,22
1986,10,9,0,2.24,30,21
1986,10,10,0,1.87,31,21.5
1986,10,11,0,2.86,32,22
1986,10,12,73,1.88,33,22
1986,10,13,4.5,3.69,25,20
1986,10,14,0.5,2.11,23,15
1986,10,15,2,0.8,21,14
1986,10,16,0,0.86,25,16
1986,10,17,0,1.98,26,19
1986,10,18,0,2.27,26,19
1986,10,19,0,1.18,26,20
1986,10,20,0,2.43,27,18.5
1986,10,21,0,1.42,29,19
1986,10,22,0,3.01,31,21
1986,10,23,0,2.96,33,22
1986,10,24,0,2.19,28,23
1986,10,25,0.5,1.02,25,20
1986,10,26,0.5,1.79,24,19.5
1986,10,27,1,0.83,26,19
1986,10,28,0,3.11,29,17
1986,10,29,0,2.63,31,17
1986,10,30,0,5.46,30.5,17
1986,10,31,0,1.76,29,17
1986,11,1,0,1.76,27,20
1986,11,2,0.5,2.83,28,17
1986,11,3,0,1.38,28,21
1986,11,4,2,3.84,30,18
1986,11,5,26,1.33,22,18
1986,11,6,0.5,2,22,15.5
1986,11,7,0,0.4,28,16
1986,11,8,0,1.12,29,18
1986,11,9,0.5,0.36,28,21
1986,11,10,12,4.89,26,21
1986,11,11,22,0.46,26,18
1986,11,12,14.5,1.3,23,16
1986,11,13,30,1.3,18,11.5
1986,11,14,4,1.91,18,10
1986,11,15,0.1,2.24,29,11
1986,11,16,0,0.89,28,15
1986,11,17,0,3.15,28,19
1986,11,18,0,0.78,29,20
1986,11,19,0.1,3.38,28,20.5
1986,11,20,0.5,1.65,27,20
1986,11,21,0.1,0.23,27,21
1986,11,22,0,1.99,28,19
1986,11,23,0,1.38,28,20
1986,11,24,2.5,2.19,22.5,15.5
1986,11,25,1.5,0.59,20,11.5
1986,11,26,15.5,2.06,18,12
1986,11,27,32,0.45,17,16
1986,11,28,0,1.41,19,15
1986,11,29,0,1.85,23,11
1986,11,30,0,1.77,26,10
1986,12,1,0,2.98,27,14
1986,12,2,0,1.7,18,16
1986,12,3,1,0.76,20,14
1986,12,4,14.5,3.95,18,15.5
1986,12,5,1.5,1.66,19,16
1986,12,6,0,1.19,24,16
1986,12,7,0,1.89,25,17
1986,12,8,0,2.63,26.5,16
1986,12,9,0.5,1.28,26,17
1986,12,10,0.5,0.47,20,14.5
1986,12,11,5,0.26,19,10
1986,12,12,0.1,1.69,14.5,9
1986,12,13,1.5,0.64,15,10
1986,12,14,1,2.14,23,13
1986,12,15,0.1,1.47,24,14
1986,12,16,0,1.62,25,14
1986,12,17,0,0.18,25,18
1986,12,18,3.5,1.69,26,17
1986,12,19,0.5,2.14,19,16
1986,12,20,1,0.72,22,15
1986,12,21,0,1.25,20,16
1986,12,22,0.5,1.17,21,17
1986,12,23,0,0.86,20,17
1986,12,24,0,0.55,18.5,13
1986,12,25,0,2.05,23,14
1986,12,26,0,1.75,22,16
1986,12,27,0.5,0.9,18,15
1986,12,28,0.5,1.32,20,15
1986,12,29,4.5,1.49,20,16
1986,12,30,11,0.89,19,12
1986,12,31,0,3.05,24,9
1987,1,1,0,0.72,21,8
1987,1,2,0,0.9,20,12
1987,1,3,0,1.14,24,12
1987,1,4,0,5.04,21,9
1987,1,5,0,1.42,23,8
1987,1,6,0,2.02,25,8.5
1987,1,7,0,1.94,24,11
1987,1,8,0,3.4,25,14
1987,1,9,0,2.46,27,14
1987,1,10,0,1.97,18,14
1987,1,11,0,1.1,16,13
1987,1,12,4,0.91,18,11
1987,1,13,0,0.56,17,11
1987,1,14,0,0.82,25,12
1987,1,15,0,3.17,27,12
1987,1,16,0,3.53,30,14
1987,1,17,0.5,2.18,27,17.5
1987,1,18,0.1,1.94,26,13.5
1987,1,19,0,1.31,16,10
1987,1,20,0,0.95,18.5,10.5
1987,1,21,2,0.52,14,7
1987,1,22,0,1.68,18,5.5
1987,1,23,0,2.03,19,6
1987,1,24,0,4.69,26,7
1987,1,25,0,1.51,25,8
1987,1,26,0,4.24,26,10
1987,1,27,0,1.56,27,11
1987,1,28,0,4.37,27,11.5
1987,1,29,0,1.93,27,12
1987,1,30,0,2.53,25,13
1987,1,31,0,1.18,24,13.5
1987,2,1,0,2.64,25,15
1987,2,2,0,1.16,24,17
1987,2,3,0.5,0.33,24,16
1987,2,4,0,3.3,29,16
1987,2,5,3,2.4,27,16
1987,2,6,2.5,0.49,27,15.5
1987,2,7,0,1.8,19,11
1987,2,8,0,4.52,23,10
1987,2,9,0,2.31,25,11
1987,2,10,0,4.45,25,10
1987,2,11,0,3.16,25,10.5
1987,2,12,0,2.57,26,11
1987,2,13,0,2.3,25,15
1987,2,14,0,3.96,30,16
1987,2,15,0,5.35,32,16
1987,2,16,0,4.88,29,12
1987,2,17,1.5,0.81,21,13
1987,2,18,3,1.82,16.5,14
1987,2,19,0,0.58,23,14
1987,2,20,0,2.49,27,14
1987,2,21,2,0.69,18,13.5
1987,2,22,0.5,0.6,14,11.5
1987,2,23,0,2.03,21,12
1987,2,24,0,2.71,28,12.5
1987,2,25,0,1.01,24,13
1987,2,26,0,4.74,26,17
1987,2,27,0,4.74,33,19
1987,2,28,0,3.95,26,15
1987,3,1,0,4.48,25,16
1987,3,2,0.1,0.52,25,17
1987,3,3,26,3.62,22,17
1987,3,4,5.5,0.51,26,14
1987,3,5,0,2.31,23,12
1987,3,6,0,4.19,26,9
1987,3,7,0,3.94,25,10.5
1987,3,8,0,5.65,27,11
1987,3,9,0,3.56,28,14
1987,3,10,6,0.07,22,16
1987,3,11,33,1,20,16.5
1987,3,12,8,0.36,20,13
1987,3,13,6,0.17,17,13
1987,3,14,0.1,0.62,22,15.5
1987,3,15,0,1.36,25,16
1987,3,16,0.1,2.72,27,16
1987,3,17,0,4.2,27,16
1987,3,18,0,4.65,29,13
1987,3,19,0,4.32,28,14
1987,3,20,0,1.92,26,17
1987,3,21,0,3.33,29,18
1987,3,22,0,3.54,28,22
1987,3,23,0,4.72,31,20
1987,3,24,0,2.47,25,18.5
1987,3,25,0,2.92,29,19
1987,3,26,0.5,0.29,27,21
1987,3,27,1.5,0.64,24,18.5
1987,3,28,0.1,0.9,22,16
1987,3,29,0.1,4.51,25,14
1987,3,30,0,2.14,18,9.5
1987,3,31,0,4.81,22,8
1987,4,1,0,5.63,24,9
1987,4,2,3,4.82,28,11
1987,4,3,0,2.25,18,12
1987,4,4,0,3.16,22.5,12
1987,4,5,0,5.1,27,13.5
1987,4,6,5,2.15,24,15
1987,4,7,6.5,1.21,18,12.5
1987,4,8,0.1,1.14,17,12.5
1987,4,9,0,0.4,24,12.5
1987,4,10,0,3.29,27,15
1987,4,11,0,3.4,28,16
1987,4,12,0,2.79,27,16
1987,4,13,0,3.28,29,19
1987,4,14,0,3.09,25,20
1987,4,15,0,5.93,29,18
1987,4,16,0,7.58,32,18
1987,4,17,0,5.71,32,16
1987,4,18,0,3.02,29,19
1987,4,19,0,5.14,31,20
1987,4,20,0,2.5,29,20
1987,4,21,0,10.89,27,21.5
1987,4,22,0,4.65,28,20
1987,4,23,0,2.37,27,20
1987,4,24,0,4.39,27,19.5
1987,4,25,2,2.75,26,20
1987,4,26,0,2.34,29,18
1987,4,27,0,6.25,29,18
1987,4,28,0,2.09,28,19
1987,4,29,0,6.81,30,17
1987,4,30,0,6.47,31,17
1987,5,1,0,5.51,34,19
1987,5,2,0,8.35,36,21
1987,5,3,0,6.91,38,22
1987,5,4,0.5,4.83,34,22
1987,5,5,5,4.1,32,22.5
1987,5,6,5.5,4.15,27,21
1987,5,7,0.5,1.28,29,21
1987,5,8,0,3.43,27,20.5
1987,5,9,0,4.55,32,20
1987,5,10,0,5.7,31,20.5
1987,5,11,0.1,6.5,33,21
1987,5,12,0,5.04,32,21.5
1987,5,13,41,2.36,32,22
1987,5,14,0,1.98,33,19
1987,5,15,0,1.08,34,20
1987,5,16,0,2.62,33,22
1987,5,17,0,3.31,32,21
1987,5,18,0,2.12,31,22
1987,5,19,0.1,2.4,33,21
1987,5,20,0,2.41,33,21
1987,5,21,0,2.83,34,23
1987,5,22,0,6.22,34,22
1987,5,23,0,4.61,34,22
1987,5,24,0,6.45,34,23
1987,5,25,0,5.81,33,21
1987,5,26,0,7.8,34,22
1987,5,27,0,4.37,34,22
1987,5,28,0,6.49,34,24
1987,5,29,21,4.15,36,23
1987,5,30,0,7.39,34,21
1987,5,31,5.5,5.96,31,20
1988,11,16,0,NULO,34,24
1988,11,17,0,2.41,34,21
1988,11,18,0,2.06,34,21
1988,11,19,0,3.08,23,21
1988,11,20,0,1.31,25,19
1988,11,21,0,1.93,31,14.5
1988,11,22,0,3.17,26,12
1988,11,23,0,0.91,20.5,15
1988,11,24,0,3.17,26,16
1988,11,25,0,1.91,26,18.5
1988,11,26,0,5.07,27.5,18
1988,11,27,0,4.32,29,19.5
1988,11,28,0,2.23,34,15
1988,11,29,0,3.67,30,15
1988,11,30,0,1.09,24,16
1988,12,1,1,0.34,16,14
1988,12,2,2.5,0.4,17,11
1988,12,3,0,0.57,22,13
1988,12,4,4.5,1.54,21,15
1988,12,5,0,0.85,20,15
1988,12,6,0,2.39,24,15
1988,12,7,0,1.06,24,15.5
1988,12,8,2.5,1.6,27,15
1988,12,9,1.5,0.87,24,12
1988,12,10,0.5,1.85,24,11
1988,12,11,0,1.01,17,12
1988,12,12,0,1.23,16,14.5
1988,12,13,0,0.61,19,13
1988,12,14,0,1.98,26,13
1988,12,15,0,1.88,25,14.5
1988,12,16,0,1.66,19,14
1988,12,17,0,1.07,19,12
1988,12,18,0,1.4,19,12
1988,12,19,0,1.78,23,15
1988,12,20,0,2.32,27,15
1988,12,21,0,3.14,26,15
1988,12,22,0,1.95,27,17.5
1988,12,23,0,1.98,27,17
1988,12,24,0,1.95,29,19
1988,12,25,0,3.16,26,17.5
1988,12,26,0,0.46,27.5,17.5
1988,12,27,0.5,3.77,29,17
1988,12,28,0,3.1,19,16
1988,12,29,0,3,24,13.5
1988,12,30,0,2.51,28,13
1988,12,31,0,1.97,24,14
1989,1,1,0,1.19,27,17
1989,1,2,1.5,2.06,28,19
1989,1,3,0,2.16,27,20
1989,1,4,0,2.15,28,17
1989,1,5,0,1.26,29,17
1989,1,6,0,4.45,28,17
1989,1,7,0,1.92,29,17.5
1989,1,8,0,0.85,27,18
1989,1,9,0,3.17,21,17
1989,1,10,0,0.66,20,13
1989,1,11,0,4.76,27,14
1989,1,12,0,1.2,28,16.5
1989,1,13,2,1.72,17,12.5
1989,1,14,0,1.62,23,11
1989,1,15,0,1.62,23,11
1989,1,16,0,2.14,25,14
1989,1,17,0,3,26,17.5
1989,1,18,0,2.35,28,17
1989,1,19,5,1.84,28,17
1989,1,20,18,2.16,18,14
1989,1,21,0,1.7,16,12.5
1989,1,22,0,2.94,20,12
1989,1,23,0,1.16,22,12
1989,1,24,0,0.43,25,16
1989,1,25,0,3.06,27,17
1989,1,26,0,2.3,28,19
1989,1,27,0,3,28,20
1989,1,28,0,2.31,27,18
1989,1,29,0,1.59,28,18
1989,1,30,4,1.15,22,16
1989,1,31,0,1.54,24,15.5
1989,2,1,0,2.63,28,16
1989,2,2,1,3.62,21,16
1989,2,3,2.5,3.41,30,17
1989,2,4,1,0.29,20,13
1989,2,5,3.5,0.55,16,12
1989,2,6,0,0.27,17,13
1989,2,7,11.5,0.57,16,10
1989,2,8,10,3.62,12,6
1989,2,9,13,0.31,16,6
1989,2,10,0,0.03,24,10
1989,2,11,0,2.33,27,12
1989,2,12,0,2.45,28,12
1989,2,13,0,2.86,27,11
1989,2,14,0,2.04,29,12
1989,2,15,8.5,3.19,22,12
1989,2,16,0,1.19,25,15
1989,2,17,0,0.71,25,16
1989,2,18,1,0.08,20,16
1989,2,19,0,3.71,27,15
1989,2,20,0,3.28,30,15
1989,2,21,0,6.55,29,16
1989,2,22,0,3.88,21,15
1989,2,23,0,3.59,23,13
1989,2,24,0,3.42,25,12
1989,2,25,0,5.14,25,13
1989,2,26,0,3.82,27,12
1989,2,27,0,4.62,31,13
1989,2,28,0,5.69,34,14
1989,3,1,0,1.53,26,20
1989,3,2,0,2.39,24,18
1989,3,3,0,5.22,31,18
1989,3,4,0,7.77,31,15
1989,3,5,0,1.73,19,12.5
1989,3,6,0,4.74,25,10
1989,3,7,0,4.68,22,10
1989,3,8,0,4.51,24,14
1989,3,9,0,5.03,24,12
1989,3,10,0,4.28,26,10
1989,3,11,0,1.65,28,10
1989,3,12,0,4.6,29,12
1989,3,13,0,6.07,31,14
1989,3,14,0,5.87,32,13
1989,3,15,0,5.47,32,15
1989,3,16,0,4.04,30,19
1989,3,17,0,4.6,30,18
1989,3,18,0,5.61,30,18
1989,3,19,0,4.43,30,18
1989,3,20,0,6.86,32,19
1989,3,21,0,6.1,28,15
1989,3,22,0,4.05,21,13
1989,3,23,0,5.02,27,11
1989,3,24,0,5.18,28,12
1989,3,25,0,5.6,31,12
1989,3,26,0,5.21,33,12.5
1989,3,27,0,6.73,35,16.5
1989,3,28,0,7.36,33,20
1989,3,29,0,7.73,33,21
1989,3,30,0,6.92,34,19
1989,3,31,0,3.87,31,18
1989,4,1,0,5.6,30,19
1989,4,2,0,7.58,34,18
1989,4,3,0,8.37,37,20.5
1989,4,4,0,7.39,35,19
1989,4,5,10.5,4.61,31,21
1989,4,6,0,2.5,27,19
1989,4,7,0,7.18,33,19
1989,4,8,0,8.18,36,18
1989,4,9,0,6.11,37,17
1989,4,10,8,5.52,37,12.5
1989,4,11,0.5,1.23,22.5,11
1989,4,12,0,5.41,29,12
1989,4,13,0,4.43,28,16
1989,4,14,4.5,3,31,19.5
1989,4,15,108.5,3.27,26,20
1989,4,16,0,3.98,28,18
1989,4,17,0,4.69,30,19
1989,4,18,0,7.5,32,20.5
1989,4,19,0,5.62,32,22
1989,4,20,0,6.23,32,21
1989,4,21,0,6.59,32,20
1989,4,22,0,5.55,31,19
1989,4,23,0,5.12,31,19.5
1989,4,24,0,6.2,31,20
1989,4,25,0.5,4.38,32,20
1989,4,26,0,6.32,33,20
1989,4,27,0,4.51,32,20
1989,4,28,0,6.1,36,20
1989,4,29,0,6.67,35,24
1989,4,30,0,4.87,31,24
1989,5,1,2.5,3.68,23,22
1989,5,2,0,3.7,30,20
1989,5,3,0,7.74,33,20
1989,5,4,0,5.85,34,21
1989,5,5,0,5.41,34,22
1989,5,6,1.5,4.51,31,24
1989,5,7,0,4.9,32,23
1989,5,8,0,5.37,33,22
1989,5,9,0,6.01,34,21
1989,5,10,0,4.63,32,24
1989,5,11,0,5.48,35,25
1989,5,12,0,4.57,32,22
1989,5,13,0,6.08,36,24
1989,5,14,0,5.69,36,22
1989,5,15,0,5,35,25
1989,5,16,0,5.37,35,25
1989,5,17,0,4.56,38,24
1989,5,18,0,5.35,35,25
1989,5,19,0,4.21,34,24
1989,5,20,0,4.69,35,24
1989,5,21,0,5.12,35,25
1989,5,22,0,5.44,36,24
1989,5,23,0,6.76,36,23
1989,5,24,0,7.19,36,23
1989,5,25,0,7.31,27,20
1989,5,26,0,6.53,36,20
1989,5,27,0,4.13,33,24
1989,5,28,0,6.27,35,22
1989,5,29,0,8.73,35,23
1989,5,30,0,4.87,35,22
1989,5,31,0,6.57,34,22
1989,6,1,0,5.48,35,23
1989,6,2,0,5.24,35,23
1989,6,3,0,6.88,36,23
1989,6,4,0,6.97,36,23
1989,6,5,0,6.33,37,24
1989,6,6,0,5.71,37,26
1989,6,7,0,7.06,40,25
1989,6,8,0,5.95,40,25
1989,6,9,0,6.72,37,25
1989,6,10,0,7.95,38,25
1989,6,11,0,6.96,35,25
1989,6,12,0,6.61,37,23
1989,6,13,0,7.71,37,24
1989,6,14,20.5,9.39,36,25
1989,6,15,0,2.45,29,21
1989,6,16,0,5.74,33,22
1989,6,17,1,4.1,33,21
1989,6,18,0,1.97,29,23
1989,6,19,0,6.84,34,23
1989,6,20,0,6.32,35,22
1989,6,21,11,4.27,31,23
1989,6,22,43.5,4.29,25,22
1989,6,23,0,5.51,32,21
1989,6,24,0,6.72,33,21
1989,6,25,0,5.1,35,24
1989,6,26,0,5.05,34,24
1989,6,27,0,5.22,36,25
1989,6,28,0,5.78,36,24
1989,6,29,8,6.48,36,23
1989,6,30,9,4.17,33,22
1989,7,1,0,6.03,33,22
1989,7,2,0,5.05,34,24
1989,7,3,0,5.95,35,24
1989,7,4,0,4.86,35,25
1989,7,5,15.5,6.17,27,24
1989,7,6,3,2.36,27,22
1989,7,7,5,4.24,31,22
1989,7,8,25.5,5.48,30,22
1989,7,9,0,5.15,31,22
1989,7,10,0,5.68,32,23.5
1989,7,11,4.5,2.35,28,23
1989,7,12,23.5,2.43,26,22.5
1989,7,13,0,4.5,30,21
1989,7,14,0,4.98,32,22
1989,7,15,0,4.81,32,23
1989,7,16,0,4.79,34,24
1989,7,17,0,4.55,34,23
1989,7,18,0,5.09,33,24
1989,7,19,0,3.26,33,23
1989,7,20,0,4.82,34,23
1989,7,21,0,6.14,34,23
1989,7,22,0,5.23,35,23
1989,7,23,8.5,4.25,32,23
1989,7,24,0,3.6,32,23
1989,7,25,85.5,2.77,29,24
1989,7,26,7,4.1,28,21
1989,7,27,38.5,7.75,28,22
1989,7,28,22.5,2.57,28,21
1989,7,29,5,2.03,28,22
1989,7,30,0,3.77,30,22
1989,7,31,0,4.13,31,23
1989,8,1,0,4.19,33,23
1989,8,2,0,6.63,32,24
1989,8,3,15,5.9,32,23
1989,8,4,0,4.97,31,23
1989,8,5,0,4.34,30,23
1989,8,6,6.5,5.58,32,23
1989,8,7,59.5,7.64,32,23
1989,8,8,0,5.92,27,22
1989,8,9,0,4.2,30,21
1989,8,10,0,2.3,31,22
1989,8,11,0,6.29,31,22
1989,8,12,0,5.11,31,21
1989,8,13,0,4.99,32,22.5
1989,8,14,0,4.88,32,23
1989,8,15,0,5.4,31,23
1989,8,16,0,5.37,32,22
1989,8,17,28.5,6.97,31,23
1989,8,18,11.5,1.8,29,23
1989,8,19,1.5,3.98,30,22
1989,8,20,0,4.8,31,23
1989,8,21,0,5.53,32,24
1989,8,22,0,4.87,32,24
1989,8,23,0,3.63,32,24
1989,8,24,76,2.88,30,23
1989,8,25,0.5,3.54,28,22
1989,8,26,0,4.19,29,22
1989,8,27,1.5,0.22,30,23
1989,8,28,6.5,4.47,30,23
1989,8,29,11,9.08,29,22
1989,8,30,0,2.99,30,23
1989,8,31,0,4.38,31,23
1989,9,1,0,3.54,30,22
1989,9,2,9,3.16,30,23
1989,9,3,0.5,6.37,31,22
1989,9,4,10.5,0.41,32,23
1989,9,5,2.5,9.56,28,23
1989,9,6,0,5.43,30,22
1989,9,7,0,3.3,30,23
1989,9,8,0,3.68,30,23
1989,9,9,0,4.03,31,23
1989,9,10,0.5,2.55,32,24
1989,9,11,17.5,5.75,31,23
1989,9,12,0.5,3.09,31,23
1989,9,13,0,3.65,30,22
1989,9,14,4.5,4.94,31,23
1989,9,15,1.5,1.92,26,22
1989,9,16,4.5,0.21,26,21
1989,9,17,29,8.59,25,21
1989,9,18,62.5,5.52,26,22
1989,9,19,29.5,3.34,28,23
1989,9,20,5,1.16,27,20.5
1989,9,21,0,3.9,30,21
1989,9,22,12.5,3.88,30,22
1989,9,23,0,5.33,26,20
1989,9,24,0,3.77,26,20
1989,9,25,0,4.95,27,17
1989,9,26,0,4.04,28,17
1989,9,27,0,0.88,25,20
1989,9,28,0,1.21,24,18
1989,9,29,0,4.32,26,18
1989,9,30,0,3.5,30,17
1989,10,1,0,5.63,30,21
1989,10,2,0,4.04,30,18
1989,10,3,0,2.87,29,17
1989,10,4,0,3.89,30,20
1989,10,5,0,3.28,31,21
1989,10,6,0,3.27,32,24
1989,10,7,2,4.13,31,21
1989,10,8,71,3.96,28,23
1989,10,9,0,3.95,26,20
1989,10,10,0,3.93,28,20
1989,10,11,0,3.83,28,24
1989,10,12,0,5.48,29,19.5
1989,10,13,0,4.29,30,16
1989,10,14,0,3.94,31,17
1989,10,15,0,3.73,30,19
1989,10,16,0,3.15,30,20
1989,10,17,12.5,4.65,32,20
1989,10,18,8,0.5,24,16
1989,10,19,0,3,20,14
1989,10,20,0,3.05,22,12
1989,10,21,0,3.49,25,13
1989,10,22,0,2.39,27,14
1989,10,23,0,4.29,28,17
1989,10,24,0,2.77,28,17
1989,10,25,0,3.62,25,19
1989,10,26,0,2.88,28,22
1989,10,27,0,2.4,29,18
1989,10,28,0,2.89,29,17
1989,10,29,0,4.35,29,19
1989,10,30,21.5,4.73,29,20
1989,10,31,0.5,1.78,29,17
1989,11,1,0,0.04,25,16
1989,11,2,8.5,2.43,24,17
1989,11,3,0,0.54,21,13
1989,11,4,0,2.14,26,14
1989,11,5,0,1.65,27,16
1989,11,6,0,2.51,28,20
1989,11,7,0,1.05,30,22
1989,11,8,0,3.51,30,21
1989,11,9,0.5,1.19,28,22
1989,11,10,3,1.9,25,20.5
1989,11,11,0.5,1.44,27,20
1989,11,12,0,0.81,25,19
1989,11,13,0,1.37,29,19
1989,11,14,0,2.47,29,21
1989,11,15,0,4.26,29,17
1989,11,16,0,2.74,26,13
1989,11,17,0,1.52,23,11
1989,11,18,3.5,2.3,25,13
1989,11,19,3,0.51,20,13
1989,11,20,0,0.92,25,17
1989,11,21,0,2.16,29,18
1989,11,22,9,1.13,28,19
1989,11,23,0,1.51,21,18
1989,11,24,0,2.76,23,14
1989,11,25,0,0.32,26,17
1989,11,26,0,1.92,28,20
1989,11,27,0,2.25,28,20
1989,11,28,32,4.49,28,16
1989,11,29,7.5,0.95,22,11.5
1989,11,30,6,1.56,19,10
1989,12,1,7.5,0.65,13,9
1989,12,2,11,1.1,13,10
1989,12,3,16.5,2.72,12,10
1989,12,4,0.5,1.81,13,9
1989,12,5,0,0.89,22,11
1989,12,6,4,1.97,25,11
1989,12,7,41.5,5,28,12
1989,12,8,3.5,3.72,21,13
1989,12,9,0,2.44,18,11
1989,12,10,0,2.2,23,10
1989,12,11,0,1.37,28,11
1989,12,12,0,2.48,14,10
1989,12,13,0,2.08,15,9
1989,12,14,0,1.26,20,10
1989,12,15,0,0.94,28,11
1989,12,16,0,0.73,14,12
1989,12,17,0,0.42,15,10
1989,12,18,0.5,1.17,17,11
1989,12,19,1,0.23,28,12
1989,12,20,0,0.68,16,12.5
1989,12,21,7.5,2.51,23,10
1989,12,22,7.5,0.75,14,8
1989,12,23,0,0.44,14,5
1989,12,24,0,3.53,19,5
1989,12,25,0,0.54,22,9.5
1989,12,26,0,2.03,25,10
1989,12,27,0,3.62,22,10
1989,12,28,0,2.35,24,11
1989,12,29,0,0.91,26,12
1989,12,30,0,3.52,27,15
1989,12,31,3,1.22,20,16
1990,1,1,0,0.56,20,13
1990,1,2,0,0.94,19,13
1990,1,3,0,0.65,25,15
1990,1,4,0,2.51,22,16
1990,1,5,0,0.45,24,18
1990,1,6,0.5,2.2,22,14
1990,1,7,0,0.58,17,13
1990,1,8,0,3.15,23,10
1990,1,9,0.5,1.82,26,13
1990,1,10,0.5,0.52,19,14
1990,1,11,0,1.64,26,15
1990,1,12,43,7.02,27,12
1990,1,13,0,0.46,18,11
1990,1,14,0,2.36,23,12
1990,1,15,0,1.78,25,12
1990,1,16,0,3.31,26,15
1990,1,17,0,2.01,27,17
1990,1,18,0,1.96,27,18
1990,1,19,0,2.4,28,19
1990,1,20,0,1.14,21,19
1990,1,21,0,0.13,21,16.5
1990,1,22,0,2.83,23,16
1990,1,23,0,2.99,21,17
1990,1,24,0,2.02,28,18
1990,1,25,0,1.4,20,14
1990,1,26,0,3.72,21,10
1990,1,27,0,2.84,25,11
1990,1,28,1.5,2.58,27,14
1990,1,29,0,2.03,24,14
1990,1,30,0,1.03,27,12
1990,1,31,0,2.96,26,12
1990,2,1,0,2.28,27,10
1990,2,2,0,2.42,30,13
1990,2,3,1,4.22,28,17
1990,2,4,0,1.95,22,16
1990,2,5,0,3.15,19,12
1990,2,6,0,1.47,26,13
1990,2,7,0.5,2.3,26,16
1990,2,8,0,2.89,27,16
1990,2,9,0,4.36,30,17
1990,2,10,0,3.85,26,17
1990,2,11,0,3.14,25,13
1990,2,12,0,4.06,26,13
1990,2,13,0,3.99,28,14
1990,2,14,0,3.23,31,15
1990,2,15,0,5.11,35,12
1990,2,16,0,5.55,29,15
1990,2,17,3,2.27,25,13
1990,2,18,0,2.71,25,12
1990,2,19,0,1.5,24,15
1990,2,20,8,1.7,21,18
1990,2,21,0,4.11,28,18
1990,2,22,0,3.03,26,17
1990,2,23,0,3.31,23,13
1990,2,24,0,4.02,24,9
1990,2,25,0,4.33,24,11
1990,2,26,0,2.35,24,12
1990,2,27,0,1.71,23,14
1990,2,28,0,1.5,26,18
1990,3,1,4.5,2.34,22,11
1990,3,2,0,1.66,18,12
1990,3,3,0,0.8,25,12
1990,3,4,0.5,5.49,24,14
1990,3,5,0,1.82,26,15
1990,3,6,0,4.63,29,12
1990,3,7,0,2.75,29,16
1990,3,8,0,2.22,28,19
1990,3,9,1.5,1.7,28,18
1990,3,10,0,3.31,29,19
1990,3,11,0,2.51,28,20
1990,3,12,0,2.94,30,21
1990,3,13,0,1.44,28,21
1990,3,14,0,4.13,32,19
1990,3,15,0,4.6,26,19
1990,3,16,0,2.85,23,18
1990,3,17,0,3.93,25,17
1990,3,18,0,3.7,27,15
1990,3,19,12.5,0.58,22,17
1990,3,20,0,2.93,23,17
1990,3,21,0,5.28,26,13
1990,3,22,0,5.25,28,15
1990,3,23,0,2.51,18,15
1990,3,24,0,2.92,27,16
1990,3,25,0,5.31,28,18
1990,3,26,3,2.88,28,20
1990,3,27,0,2.11,25,19
1990,3,28,0,3.25,28,19
1990,3,29,0,3.8,30,21
1990,3,30,0,2.7,33,21
1990,3,31,0,5.41,31,22
1990,4,1,0,4.81,23,21
1990,4,2,0.5,3.36,30,22
1990,4,3,10.5,0.42,24,23
1990,4,4,0,2.04,25,19
1990,4,5,0,0.87,25,20
1990,4,6,64,0.84,35,19
1990,4,7,1,1.01,22,16
1990,4,8,0,2.11,25,17
1990,4,9,0,3.87,28,18
1990,4,10,31.5,3.19,31,20
1990,4,11,2.5,2.34,22,20
1990,4,12,0,1.39,22,18
1990,4,13,0,1.69,26,19
1990,4,14,0,4.07,30,20
1990,4,15,0,6.19,30,21
1990,4,16,0,4.98,35,20
1990,4,17,0,5.01,31,21
1990,4,18,0,4.09,30,22
1990,4,19,0,5.72,30,21
1990,4,20,0,5.07,30,20
1990,4,21,0,7.15,30,20
1990,4,22,0,5.09,29,20
1990,4,23,1.5,4.48,30,20
1990,4,24,0,3.29,29,21
1990,4,25,0,1.79,30,22
1990,4,26,0,6.32,33,22
1990,4,27,0,4.95,35,22
1990,4,28,0,5.88,33,21
1990,4,29,0,5.4,33,22
1990,4,30,0,3.43,34,22
1990,5,1,0,5.24,33,24
1990,5,2,0,3.69,33,23
1990,5,3,6.5,4.84,32,21
1990,5,4,16,2.38,26,21
1990,5,5,6.5,1.44,21,19
1990,5,6,0,1.16,20,16
1990,5,7,7,0.5,22,16
1990,5,8,0,5.47,30,17
1990,5,9,0,6.2,33,19
1990,5,10,0,4.61,33,20
1990,5,11,0,4.32,33,23
1990,5,12,0,4.77,35,23
1990,5,13,27.5,10.18,35,23
1990,5,14,0,3.45,32,20
1990,5,15,0,6.2,33,20
1990,5,16,0,7.43,34,23
1990,5,17,0,6.09,34,23
1990,5,18,0,5.07,33,23
1990,5,19,0,7.12,34,24
1990,5,20,0,5.5,33,24
1990,5,21,0,5.78,35,23
1990,5,22,3.5,3.31,31,24
1990,5,23,0,3.32,31,20
1990,5,24,0,5.96,33,21
1990,5,25,0,4.64,34,22
1990,5,26,0,5.82,35,22
1990,5,27,0,7.4,36,23
1990,5,28,0,5.32,36,24
1990,5,29,0,6.65,37,25
1990,5,30,0,5.43,39,25
1990,5,31,0,6.06,37,24
1990,6,1,0,7.38,37,25
1990,6,2,0,5.99,35,21
1990,6,3,8.5,4.9,34,17
1990,6,4,1.5,4.01,31,21
1990,6,5,0,6.27,34,22
1990,6,6,0,7.52,34,23
1990,6,7,0,7.08,34,23
1990,6,8,0,7.51,35,23
1990,6,9,0,6.77,35,23
1990,6,10,0,4.35,31,23
1990,6,11,0,3.66,32,23
1990,6,12,0,5.42,34,22
1990,6,13,0,5.65,35,23
1990,6,14,0,5.63,35,25
1990,6,15,0,6.2,35,24
1990,6,16,0,5.39,36,24
1990,6,17,0,12.23,36,24
1990,6,18,0,7.68,36,23
1990,6,19,0,6.48,36,23
1990,6,20,0,2.74,33,25
1990,6,21,0,2.88,34,23
1990,6,22,0,6.81,36,24
1990,6,23,21,5.92,32,25
1990,6,24,0.5,2.52,29,21
1990,6,25,3,0.64,28,22
1990,6,26,0,5.53,32,22
1990,6,27,11,5.76,33,22
1990,6,28,28,9.09,33,23
1990,6,29,0,5.49,32,23
1990,6,30,33.5,11.74,27,22
1990,7,1,33,0.92,24,22
1990,7,2,4,1.83,26,22
1990,7,3,1.5,2.74,30,22
1990,7,4,0,4.56,30,23
1990,7,5,74,0.41,31,23
1990,7,6,0,4.26,28,22
1990,7,7,0,3.85,31,23
1990,7,8,25,6.35,26,24
1990,7,9,1,4.38,30,22
1990,7,10,0.5,3.39,29,22
1990,7,11,0,2.48,30,22
1990,7,12,0,4.12,30,22
1990,7,13,20.5,4.84,30,23
1990,7,14,0.5,3.87,32,21
1990,7,15,0,5.79,32,21
1990,7,16,3.5,4.28,32,23
1990,7,17,0,3.64,32,22
1990,7,18,4,2.18,29,23
1990,7,19,4.5,3.86,30,22
1990,7,20,3.5,3.68,32,22
1990,7,21,0,5.38,31,22
1990,7,22,0,5.23,32,22
1990,7,23,0,4.21,31,23
1990,7,24,0,1.49,29,23
1990,7,25,0,5.25,32,22
1990,7,26,0,4.81,32,22
1990,7,27,0,5.4,32,22
1990,7,28,0,3.7,33,22
1990,7,29,0,5.14,33,23
1990,7,30,0,5.55,33,23
1990,7,31,0,3.93,33,23
1990,8,1,2.5,1.73,32,23
1990,8,2,0,4.6,32,24
1990,8,3,22.5,7.64,29,23
1990,8,4,0,3.63,32,22
1990,8,5,0,3.49,32,23
1990,8,6,69.5,3.63,28,22
1990,8,7,336.5,3.77,24,22
1990,8,8,128.5,3.91,25,21
1990,8,9,3.5,4.05,27,21
1990,8,10,0.5,4.19,28,22
1990,8,11,35.5,5.37,25,20
1990,8,12,0,6.55,29,22
1990,8,13,0,7.72,30,22
1990,8,14,16,3.67,30,22
1990,8,15,0,5.01,30,22
1990,8,16,16,3.65,29,22
1990,8,17,0,3.61,29,22
1990,8,18,5.5,2.47,30,23
1990,8,19,0,3.29,31,22
1990,8,20,0,5.3,31,22
1990,8,21,0,5.04,31,22
1990,8,22,7,3.55,31,21
1990,8,23,5,3.14,32,22
1990,8,24,0,2.63,29,23
1990,8,25,0,3.17,30,22
1990,8,26,0,3.92,31,23
1990,8,27,0,4.84,32,23
1990,8,28,0,4.91,32,23
1990,8,29,0,4.66,32,23
1990,8,30,0,2.71,32,24
1990,8,31,0,5.77,33,24
1990,9,1,0,4.94,32,22
1990,9,2,8.5,6.3,32,22
1990,9,3,28,3.76,28,22
1990,9,4,2.5,5.9,27,21
1990,9,5,16.5,8.04,29,22
1990,9,6,7,6.12,29,22
1990,9,7,0,4.19,30,21
1990,9,8,0,3.46,31,22
1990,9,9,18,4.48,30,22
1990,9,10,0,0.39,27,23
1990,9,11,1.5,4.08,31,22
1990,9,12,13.5,5.7,28,22
1990,9,13,72.5,5.23,29,23
1990,9,14,0,4.77,31,23
1990,9,15,0,4.31,32,23
1990,9,16,0,4.82,31,23
1990,9,17,17,3.13,30,23
1990,9,18,1.5,3.37,32,23
1990,9,19,1,2.35,31,23
1990,9,20,0,2.45,33,23
1990,9,21,0,3.84,31,24
1990,9,22,0,4.36,32,22
1990,9,23,0,3.23,30,23
1990,9,24,2,0.84,25,22
1990,9,25,0,1.77,29,21
1990,9,26,0,4.29,31,21
1990,9,27,0,3.19,31,21
1990,9,28,0,3.57,31,22
1990,9,29,0,3.44,30,21
1990,9,30,0,3.2,31,22
1990,10,1,0,2.32,31,22
1990,10,2,0,5.79,31,21
1990,10,3,0,3.7,31,22
1990,10,4,35.5,5.99,32,24
1990,10,5,44.5,4.96,29,22
1990,10,6,2.5,3.94,28,21
1990,10,7,0,2.92,30,21
1990,10,8,0,4.12,30,22
1990,10,9,12.5,4.44,31,18
1990,10,10,0,2.05,25,14
1990,10,11,0,4.78,25,13
1990,10,12,0,3.03,28,15
1990,10,13,0,1.48,25,18
1990,10,14,0,1.86,29,20
1990,10,15,0,3.92,30,21
1990,10,16,0,1.66,29,22
1990,10,17,0,2.58,30,19
1990,10,18,0,2,25,18
1990,10,19,0,1.15,23,19
1990,10,20,0,3.29,29,18
1990,10,21,65,2.16,31,20
1990,10,22,0,1.02,25,16
1990,10,23,0,3.44,24,13
1990,10,24,15,10.37,25,15
1990,10,25,0,2.75,23,19
1990,10,26,0,2.98,25,15
1990,10,27,0,1.14,23,15
1990,10,28,0,2.96,25,16
1990,10,29,0,2.64,26,17
1990,10,30,0,1.23,27,17
1990,10,31,1,1.27,27,18
1990,11,1,0,2.21,27,17
1990,11,2,0,3.56,28,18
1990,11,3,0,2.74,28,19
1990,11,4,1,2.73,29,19
1990,11,5,0,2.39,22,15
1990,11,6,0,1.87,25,16
1990,11,7,0,1.86,27,17
1990,11,8,0,3.11,29,17
1990,11,9,0,1.33,23,16
1990,11,10,0,1.16,23,12
1990,11,11,0,3.08,25,13
1990,11,12,0,3.76,25,13
1990,11,13,0,1.67,25,15
1990,11,14,0,1.43,23,17
1990,11,15,0,0.18,25,16
1990,11,16,8.5,1.73,26,19
1990,11,17,11.5,1.84,21,19
1990,11,18,0,1.94,26,19
1990,11,19,0,3.09,27,18
1990,11,20,0,1.8,27,16
1990,11,21,0,2.62,27,18
1990,11,22,0,1.44,26,20
1990,11,23,0,1.03,28,21
1990,11,24,0,3.22,28,19
1990,11,25,0,2.81,28,20
1990,11,26,0,1.57,28,19
1990,11,27,0,2.21,25,19
1990,11,28,2,1.33,28,16
1990,11,29,35,5.85,22,16
1990,11,30,0,0.25,17,11.5
1990,12,1,0,2.98,24,13
1990,12,2,0,1.92,22,16
1990,12,3,2,1.54,23,15
1990,12,4,0,1.58,19,13
1990,12,5,0,2.51,18,9
1990,12,6,0,2.06,24,10
1990,12,7,0,2.15,16,12
1990,12,8,0,2.38,13,8
1990,12,9,0,1.76,22,8
1990,12,10,0,1.12,22,9
1990,12,11,0,3.98,24,12
1990,12,12,0,2.49,25,12
1990,12,13,0,3.31,27,15
1990,12,14,0,1.52,27,15
1990,12,15,0,0.78,26,15
1990,12,16,0,3.25,26,15
1990,12,17,0,2.17,27,17
1990,12,18,0,0.96,23,14
1990,12,19,0,3.41,25,13
1990,12,20,0,0.84,26,14
1990,12,21,0,1.95,26,18
1990,12,22,1.5,2.58,26,14
1990,12,23,3.5,0.2,24,10
1990,12,24,0,2.51,18,7
1990,12,25,0,4.82,17,7
1990,12,26,0,5.21,23,9
1990,12,27,2.5,0.74,23,13
1990,12,28,0,0.39,24,16
1990,12,29,0,3,26,18
1990,12,30,1.5,0.36,26,17
1990,12,31,2.5,1.87,20,16
1991,1,1,0,0.6,23,14
1991,1,2,0,0.07,24,15
1991,1,3,0.5,0.56,20,17
1991,1,4,0,2.27,20,16
1991,1,5,0,2.1,24,17
1991,1,6,0,1.02,24,17
1991,1,7,3,5.08,20,19
1991,1,8,0.5,4.04,17,10
1991,1,9,0,0.87,19,15
1991,1,10,0,1.87,26,16
1991,1,11,0,1.88,20,16
1991,1,12,3,0.04,19,15
1991,1,13,0.5,1.46,23,12
1991,1,14,0,2.8,24,12
1991,1,15,0,3.93,24,13
1991,1,16,0,1.27,24,11
1991,1,17,0,1.03,24,11
1991,1,18,0,2.78,26,17
1991,1,19,0,1.72,19,16
1991,1,20,0,4.15,26,11
1991,1,21,3,0.06,18,8
1991,1,22,0,1.12,12,8
1991,1,23,0,3.02,24,9
1991,1,24,1,0.86,17,12
1991,1,25,0,2.39,22,13
1991,1,26,1,0.91,19,14
1991,1,27,0,2.22,22,17
1991,1,28,0,2.16,22,16
1991,1,29,0,1.49,28,17
1991,1,30,0,5.58,27,18
1991,1,31,0,1.86,20,12
1991,2,1,0,1.95,19,12
1991,2,2,3,1.34,21,13
1991,2,3,0.5,0.61,22,12
1991,2,4,0,1.97,20,17
1991,2,5,0,0.98,21,16
1991,2,6,0.5,1.91,21,12
1991,2,7,0,1,20,17
1991,2,8,0,0.01,20,14
1991,2,9,0,4.31,24,13
1991,2,10,0,3.14,25,12
1991,2,11,0,2.81,24,13
1991,2,12,0,4.04,26,13
1991,2,13,0,2.73,29,14
1991,2,14,0,4.49,27,18
1991,2,15,0,1.29,25,18
1991,2,16,0,3.13,26,18
1991,2,17,0,4.05,28,16
1991,2,18,0,3.56,31,17
1991,2,19,0,2.93,22,19
1991,2,20,0,3.41,22,17
1991,2,21,0,2.75,22,16
1991,2,22,0,2.42,24,16
1991,2,23,0,3.87,25,16
1991,2,24,0,3.11,27,17
1991,2,25,0.5,1.79,29,17
1991,2,26,4.5,0.69,19,15
1991,2,27,0,0.91,19,10
1991,2,28,0,5.92,26,15
1991,3,1,0,3.94,35,13
1991,3,2,0,5.22,38,14
1991,3,3,0,6.81,39,16
1991,3,4,0,5.36,38,13
1991,3,5,0,6.7,32,13
1991,3,6,0,3.45,36,12
1991,3,7,0,6.13,38,13
1991,3,8,0,4.73,29,16
1991,3,9,0,3.41,25,19
1991,3,10,0,2.4,25,15
1991,3,11,0,6.2,28,15
1991,3,12,0,4.98,33,15
1991,3,13,0,5.51,33,17
1991,3,14,0,2.28,39,20
1991,3,15,0,6.62,33,19
1991,3,16,0,5.32,33,20
1991,3,17,0,2.56,27,22
1991,3,18,0,5.67,32,20
1991,3,19,0,3.87,29,20
1991,3,20,0,6.62,32,21
1991,3,21,0,6.73,32,21
1991,3,22,0,5.95,39,20
1991,3,23,0,2.98,30,13
1991,3,24,0,5.14,30,21
1991,3,25,0,4.97,32,22
1991,3,26,0,4.75,33,20
1991,3,27,0,5.75,35,21
1991,3,28,0,5.29,36,21
1991,3,29,0,5.93,28,20
1991,3,30,0,10.59,30,15
1991,3,31,24,7.46,25,15
1991,4,1,0.5,2.37,23,18
1991,4,2,0,5.93,28,16
1991,4,3,0,3.82,29,16
1991,4,4,0.5,4.02,29,17
1991,4,5,1.5,0.77,23,21
1991,4,6,3,2.41,29,19
1991,4,7,0,2.37,29,19
1991,4,8,0,4.85,32,21
1991,4,9,0,3.44,30,21
1991,4,10,0,2.25,29,23
1991,4,11,0,3.08,31,22
1991,4,12,0,4.04,34,23
1991,4,13,0,3.96,33,22
1991,4,14,6,5.7,35,22
1991,4,15,0,4.79,31,21
1991,4,16,0,6.29,34,21
1991,4,17,0,5.99,34,22
1991,4,18,0,4.53,37,22
1991,4,19,0,7.52,39,22
1991,4,20,0,4.91,32,23
1991,4,21,0,6.61,32,23
1991,4,22,0,5.66,39,22
1991,4,23,0,8.13,37,24
1991,4,24,0,6.3,36,25
1991,4,25,0,6.9,39,25
1991,4,26,0,5.51,40,26
1991,4,27,0,8.01,43,24
1991,4,28,0,9.91,43,25
1991,4,29,0,8.22,37,25
1991,4,30,0,7.63,37,21
1991,5,1,0,6.03,35,23
1991,5,2,0,6.75,34,23
1991,5,3,0,6.01,38,24
1991,5,4,0,5.43,36,24
1991,5,5,32,8.9,36,24
1991,5,6,0,5.54,30,20
1991,5,7,0,4.79,37,21
1991,5,8,0,4.7,33,22
1991,5,9,0,6.14,34,22
1991,5,10,0,9.98,35,24
1991,5,11,0,0.79,34,25
1991,5,12,0,5.88,34,24
1991,5,13,0,7.8,35,23
1991,5,14,0,5.73,34,23
1991,5,15,1,5.02,37,25
1991,5,16,0,6.36,38,25
1991,5,17,0,4.48,34,25
1991,5,18,0,7.09,35,24
1991,5,19,0,7.34,35,22
1991,5,20,0,4.17,35,23
1991,5,21,0,6.69,35,22
1991,5,22,0,5.63,34,24
1991,5,23,0,7.69,35,24
1991,5,24,0,5.31,36,24
1991,5,25,0,7.89,36,24
1991,5,26,0,6.25,38,25
1991,5,27,0,5.87,37,25
1991,5,28,0,7.21,37,25
1991,5,29,0,6.77,37,24
1991,5,30,0,9.3,37,24
1991,5,31,0,6.6,39,25
1991,6,1,0,8.43,39,26
1991,6,2,0,5.57,38,26
1991,6,3,0,7.62,37,26
1991,6,4,0,7.09,39,26
1991,6,5,0,7.56,38,24
1991,6,6,0,7.34,37,24
1991,6,7,0,5.27,36,23
1991,6,8,5.5,8.99,37,24
1991,6,9,0,5.48,36,22
1991,6,10,0,7.64,35,23
1991,6,11,0.5,4.65,34,22
1991,6,12,0,7.31,36,23
1991,6,13,0,6.91,36,23
1991,6,14,0.5,6.73,37,24
1991,6,15,5,7.85,35,25
1991,6,16,0,4.81,36,24
1991,6,17,3.5,3.76,34,24
1991,6,18,0,6.45,35,24
1991,6,19,0,3.62,35,25
1991,6,20,20,6.8,33,23
1991,6,21,0,5.02,35,24
1991,6,22,0,7.07,36,24
1991,6,23,43,4.23,32,24
1991,6,24,23,2.62,26,23
1991,6,25,54.5,7.76,27,22
1991,6,26,54.5,1.59,27,22
1991,6,27,9,4.1,25,21
1991,6,28,0,8.64,31,22
1991,6,29,0,6.11,32,22
1991,6,30,35.5,6.15,28,24
1991,7,1,33,6.68,26,23
1991,7,2,24.5,0.58,25,23
1991,7,3,27,4.65,25,22
1991,7,4,2.5,2.11,28,22
1991,7,5,2.5,0.16,31,22
1991,7,6,0,0.67,30,25
1991,7,7,0,2.87,30,23
1991,7,8,64,0.17,25,22
1991,7,9,0,4.77,30,24
1991,7,10,0,3.78,31,23
1991,7,11,0,2,29,24
1991,7,12,5,2.35,31,23
1991,7,13,0,2.44,30,24
1991,7,14,14.5,5.9,25,23
1991,7,15,0,1.5,27,23
1991,7,16,1,3.21,31,23
1991,7,17,0,4.37,31,23
1991,7,18,5,4.18,31,23
1991,7,19,1,3,31,23
1991,7,20,3.5,3.7,32,24
1991,7,21,0,4.03,31,24
1991,7,22,2.5,3.13,30,23
1991,7,23,1.5,2.73,30,24
1991,7,24,1.5,2.56,27,23
1991,7,25,0,1.84,31,23
1991,7,26,0,5.71,31,23
1991,7,27,0,3.23,32,23
1991,7,28,0,5.21,32,23
1991,7,29,0,4.64,32,25
1991,7,30,0,3.85,32,23
1991,7,31,0,4.52,32,23
1991,8,1,0,3.97,32,23
1991,8,2,0,4.82,32,23
1991,8,3,0,3.91,32,24
1991,8,4,4.5,4.17,31,22
1991,8,5,2.5,5.23,32,23
1991,8,6,33.5,3.32,31,23
1991,8,7,0,3.67,29,22
1991,8,8,3,1.75,29,22
1991,8,9,0,3.87,30,22
1991,8,10,0,3.06,25,24
1991,8,11,0,5.3,32,23
1991,8,12,0,5.33,31,21
1991,8,13,0,5.23,32,22
1991,8,14,0,3.97,32,22
1991,8,15,0,7.02,32,23
1991,8,16,0,2.01,33,23
1991,8,17,0,4.62,33,24
1991,8,18,0,5.4,34,24
1991,8,19,0,5.53,34,24
1991,8,20,0,4.77,33,25
1991,8,21,0,4.55,33,24
1991,8,22,0,6.36,33,23
1991,8,23,0,6.67,34,23
1991,8,24,0,5.25,34,23
1991,8,25,0,5.93,33,23
1991,8,26,0,4.9,33,21
1991,8,27,0,3.84,32,23
1991,8,28,0,4.55,33,23
1991,8,29,0,4.29,33,23
1991,8,30,0,6.22,34,23
1991,8,31,0,5.95,34,24
1991,9,1,0,4.44,34,24
1991,9,2,0,6.29,34,24
1991,9,3,0,4.86,35,24
1991,9,4,0.5,5.32,33,24
1991,9,5,1.5,3.94,31,23
1991,9,6,0,2.69,30,23
1991,9,7,0,1.83,28,24
1991,9,8,40.5,6.66,32,22
1991,9,9,0,4.03,31,22
1991,9,10,10,3.58,28,22
1991,9,11,0,2.77,30,22
1991,9,12,0.5,4.09,31,23
1991,9,13,0,4.35,31,24
1991,9,14,0.5,3.94,32,23
1991,9,15,10.5,2.68,32,23
1991,9,16,28.5,2.51,29,22
1991,9,17,8,3.25,29,22
1991,9,18,0,2.77,31,21
1991,9,19,26.5,4.87,30,22
1991,9,20,1,0.75,21,19
1991,9,21,0,1.48,25,18
1991,9,22,66.5,2.91,25,19
1991,9,23,5.5,4.99,28,22
1991,9,24,0,2.7,30,22
1991,9,25,11.5,10.29,29,22
1991,9,26,0,6.23,28,19
1991,9,27,0,1.8,28,17
1991,9,28,1.5,1.09,23,19
1991,9,29,1.5,0.28,21,19
1991,9,30,0,0.8,24,19
1991,10,1,0,2.65,30,19
1991,10,2,0,3.75,31,20
1991,10,3,0,1.85,30,22
1991,10,4,0,5.19,31,23
1991,10,5,84.5,10.31,30,19
1991,10,6,44.5,1.93,25,18
1991,10,7,172.5,1.52,19,17
1991,10,8,56.5,2.18,19,17
1991,10,9,13.5,0.2,20,18
1991,10,10,8.5,0.97,22,18
1991,10,11,0,3.19,27,19
1991,10,12,0,2.83,28,18
1991,10,13,0,3.17,28,16
1991,10,14,0,2.24,29,18
1991,10,15,0,4.08,29,18
1991,10,16,0,2.55,29,19
1991,10,17,0,2.54,28,19
1991,10,18,0,2.96,28,19
1991,10,19,0,2.98,28,19
1991,10,20,1,2.04,28,20
1991,10,21,0,3.64,28,21
1991,10,22,0,1.67,29,21
1991,10,23,0,1.46,30,22
1991,10,24,0,3.32,35,21
1991,10,25,0,3.44,30,21
1991,10,26,0,1.4,30,22
1991,10,27,0,2.34,30,22
1991,10,28,0,2.95,31,23
1991,10,29,0,1.83,31,24
1991,10,30,0,2.33,31,23
1991,10,31,7.5,3.21,32,22
1991,11,1,1,0.3,28,16
1991,11,2,0,0.58,27,17
1991,11,3,24.5,2.92,27,16
1991,11,4,6.5,0.07,26,8
1991,11,5,4,0.37,19,9
1991,11,6,0,0.45,23,13
1991,11,7,0,1.56,27,19
1991,11,8,0,0.79,19,12
1991,11,9,0,1.35,19,12
1991,11,10,0,2.77,23,9
1991,11,11,6,1.02,22,11
1991,11,12,5,1.16,21,18
1991,11,13,0,1.06,22,18
1991,11,14,0,1.15,26,16
1991,11,15,0,2.61,27,16
1991,11,16,0,2.98,29,17
1991,11,17,0,1.41,29,20
1991,11,18,0,2.28,29,21
1991,11,19,1.5,2.14,29,20
1991,11,20,0,1.22,20,16
1991,11,21,0,3.77,23,14
1991,11,22,0,2.91,25,12
1991,11,23,0,0.29,24,14
1991,11,24,0,4.65,16,12
1991,11,25,0,0.15,18,12
1991,11,26,0,0.1,22,14
1991,11,27,0,1.21,25,15
1991,11,28,0,0.78,26,17
1991,11,29,0,1.26,26,17
1991,11,30,0,2.33,27,17
1991,12,1,0,1.89,27,18
1991,12,2,2.5,0.45,22,21
1991,12,3,1.5,0.48,15,13
1991,12,4,0,0.75,18,13
1991,12,5,0,2.1,21,11
1991,12,6,0,0.55,21,12
1991,12,7,0,0.34,24,18
1991,12,8,0,1.99,27,18
1991,12,9,0,0.97,26,19
1991,12,10,0,2.29,27,19
1991,12,11,0,0.67,27,17
1991,12,12,0,2.76,27,17
1991,12,13,0,0.95,26,18
1991,12,14,80.5,4.41,24,19
1991,12,15,20,2.5,22,12
1991,12,16,1,0.5,14,10
1991,12,17,0,0.04,21,11
1991,12,18,0,1.77,20,14
1991,12,19,0.5,0.13,22,17
1991,12,20,0,1.21,24,19
1991,12,21,6,0.06,25,19
1991,12,22,0,0.96,25,20
1991,12,23,5,0.82,25,18
1991,12,24,1.5,1.05,18,16
1991,12,25,0,2.27,16,13
1991,12,26,3.5,0.07,22,14
1991,12,27,0.5,2.45,16,13
1991,12,28,0,0.6,17,16
1991,12,29,0,0.35,19,14
1991,12,30,0,0.16,21,14
1991,12,31,0,1.42,24,16
1992,1,1,0,2.68,25,17
1992,1,2,14.5,1.73,21,17
1992,1,3,1.5,0.77,20,16
1992,1,4,0,1.21,20,16
1992,1,5,0,1.65,26,17
1992,1,6,0.5,1.93,24,16
1992,1,7,0,0.96,26,17
1992,1,8,1,2.46,24,19
1992,1,9,8.5,1.18,21,15
1992,1,10,6,0.43,19,12
1992,1,11,0,0.91,19,11
1992,1,12,0,2.5,24,10
1992,1,13,0,1.72,22,14
1992,1,14,0,7.37,16,13
1992,1,15,32.5,2.77,16,11
1992,1,16,15.5,4.58,13,9
1992,1,17,0,0.19,14,9
1992,1,18,8.5,2.79,19,10
1992,1,19,1,0.35,12,9
1992,1,20,0,1.79,16,8
1992,1,21,0,0.44,21,9
1992,1,22,0,2.06,25,11
1992,1,23,0.5,2.98,20,12
1992,1,24,0,0.76,17,12
1992,1,25,8.5,0.13,23,12
1992,1,26,0.5,0.98,19,13
1992,1,27,5.5,0.87,20,14
1992,1,28,29.5,0.66,18,15
1992,1,29,1.5,0.46,16,12
1992,1,30,0.5,0.26,16,13
1992,1,31,5,0.06,16,13
1992,2,1,3,0.86,17,13
1992,2,2,6,2.47,21,14
1992,2,3,0,2.62,23,16
1992,2,4,0,0.82,18,15
1992,2,5,0,3.58,21,13
1992,2,6,0,3.01,21,11
1992,2,7,0,1.84,24,12
1992,2,8,0,2.46,19,13
1992,2,9,0,1.99,23,14
1992,2,10,0,0.58,21,14
1992,2,11,0,0.73,24,16
1992,2,12,0,2.24,25,17
1992,2,13,0,3.33,26,18
1992,2,14,0,3.15,28,18
1992,2,15,0,1.03,28,19
1992,2,16,0,3.33,26,18
1992,2,17,0,3.21,28,16
1992,2,18,6.5,1.62,25,17
1992,2,19,0,2.23,21,15
1992,2,20,0,0.68,19,15
1992,2,21,0,0.99,26,16
1992,2,22,0.5,1.24,24,16
1992,2,23,1,3.37,27,17
1992,2,24,0,2.82,28,17
1992,2,25,0,2.55,23,13
1992,2,26,0.5,2.08,18,12
1992,2,27,0.5,1.04,18,12
1992,2,28,0,3.27,23,13
1992,2,29,0,1.9,25,13
1992,3,1,0,NULO,24,14
1992,3,2,0,NULO,26,18
1992,3,3,0,NULO,27,14
1992,3,4,0,NULO,29,17
1992,3,5,0,NULO,28,19
1992,3,6,0,NULO,28,18
1992,3,7,0,NULO,27,19
1992,3,8,0,NULO,28,18
1992,3,9,0,NULO,30,19
1992,3,10,0,NULO,23,16
1992,3,11,0,NULO,22,15
1992,3,12,0.5,NULO,21,16
1992,3,13,3.5,NULO,17,12
1992,3,14,0,NULO,24,12
1992,3,15,0,NULO,26,14
1992,3,16,0,NULO,26,15
1992,3,17,0,NULO,27,18
1992,3,18,0,NULO,31,19
1992,3,19,2.5,NULO,31,19
1992,3,20,0,NULO,23,20
1992,3,21,0,NULO,27,22
1992,3,22,0,NULO,31,18
1992,3,23,0.5,NULO,26,21
1992,3,24,1.5,NULO,24,17
1992,3,25,1.5,NULO,27,18
1992,3,26,13.5,NULO,26,20
1992,3,27,0,NULO,28,21
1992,3,28,0,NULO,28,21
1992,3,29,0,NULO,32,22
1992,3,30,19.5,NULO,29,22
1992,3,31,0,NULO,27,21
1992,4,1,0,NULO,28,20
1992,4,2,12.5,NULO,23,18
1992,4,3,5.5,NULO,23,17
1992,4,4,1,NULO,20,14
1992,4,5,0,NULO,25,15
1992,4,6,0,NULO,28,18
1992,4,7,0,NULO,29,21
1992,4,8,0,NULO,27,19
1992,4,9,0,NULO,26,20
1992,4,10,0,NULO,30,19
1992,4,11,0,NULO,29,18
1992,4,12,0,NULO,31,20
1992,4,13,6.5,NULO,27,21
1992,4,14,0,NULO,27,20
1992,4,15,0,NULO,28,21
1992,4,16,0,NULO,29,21
1992,4,17,0,NULO,30,21
1992,4,18,0,NULO,31,21
1992,4,19,0,NULO,29,21
1992,4,20,0,NULO,28,19
1992,4,21,0,NULO,28,17
1992,4,22,0,NULO,28,17
1992,4,23,0,NULO,28,19
1992,4,24,0,NULO,29,21
1992,4,25,87.5,NULO,30,22
1992,4,26,8.5,NULO,25,18
1992,4,27,3.5,NULO,22,18
1992,4,28,0,NULO,26,18
1992,4,29,0,NULO,29,18
1992,4,30,0,NULO,29,19
1992,5,1,0,NULO,29,19
1992,5,2,0,NULO,30,19
1992,5,3,0,NULO,30,20
1992,5,4,0,NULO,29,20
1992,5,5,0,NULO,29,19
1992,5,6,46.5,NULO,39,19
1992,5,7,19.5,NULO,27,19
1992,5,8,0,NULO,25,18
1992,5,9,0,NULO,25,18
1992,5,10,0,NULO,28,19
1992,5,11,0,NULO,29,22
1992,5,12,0,NULO,31,23
1992,5,13,19,NULO,31,23
1992,5,14,1,NULO,30,21
1992,5,15,44.5,NULO,31,22
1992,5,16,0.5,NULO,29,19
1992,5,17,16.5,NULO,31,20
1992,5,18,2.5,NULO,24,20
1992,5,19,0,NULO,30,20
1992,5,20,0,NULO,30,20
1992,5,21,0,NULO,30,20
1992,5,22,0,NULO,31,21
1992,5,23,0,NULO,31,22
1992,5,24,0,NULO,31,22
1992,5,25,0,NULO,31,22
1992,5,26,0,NULO,31,21
1992,5,27,0,NULO,32,22
1992,5,28,0,NULO,33,23
1992,5,29,15.5,NULO,31,22
1992,5,30,0,NULO,28,21
1992,5,31,33.5,NULO,30,22
1992,6,1,0,NULO,27,22
1992,6,2,21.5,NULO,30,22
1992,6,3,0.5,NULO,30,23
1992,6,4,0,NULO,33,23
1992,6,5,1.5,NULO,32,24
1992,6,6,0,NULO,32,22
1992,6,7,16.5,NULO,33,23
1992,6,8,0,NULO,31,22
1992,6,9,0,NULO,33,23
1992,6,10,0.5,NULO,31,23
1992,6,11,5.5,NULO,32,24
1992,6,12,0,NULO,33,23
1992,6,13,0,NULO,34,24
1992,6,14,0,NULO,34,24
1992,6,15,0,NULO,34,25
1992,6,16,0,NULO,34,23
1992,6,17,3.5,NULO,34,23
1992,6,18,8.5,NULO,30,24
1992,6,19,18,NULO,32,23
1992,6,20,0,NULO,33,22
1992,6,21,0,NULO,33,23
1992,6,22,0,NULO,32,21
1992,6,23,0,NULO,33,22
1992,6,24,0,NULO,33,23
1992,6,25,0,NULO,33,23
1992,6,26,0,NULO,33.5,23
1992,6,27,0,NULO,34,23.5
1992,6,28,0,NULO,35,25
1992,6,29,0,NULO,34.5,24
1992,6,30,0,NULO,34.5,25
1992,7,1,0,NULO,35,25
1992,7,2,0,NULO,33,25
1992,7,3,51.5,NULO,31,23
1992,7,4,3,NULO,28,21
1992,7,5,1.5,NULO,27,22
1992,7,6,0,NULO,31,21
1992,7,7,0,NULO,32,22
1992,7,8,0,NULO,32,23
1992,7,9,28.5,NULO,31,22
1992,7,10,5.5,NULO,30,21
1992,7,11,3,NULO,31,22
1992,7,12,15,NULO,31,22
1992,7,13,11.5,NULO,31,22
1992,7,14,0.5,NULO,30,23
1992,7,15,0.5,NULO,28,22
1992,7,16,12.5,NULO,30,22
1992,7,17,2.5,NULO,31,23
1992,7,18,60.5,NULO,27,23
1992,7,19,14.5,NULO,28,22
1992,7,20,1.5,NULO,29,23
1992,7,21,0,NULO,31,23
1992,7,22,0,NULO,32,22
1992,7,23,10.5,NULO,31,23
1992,7,24,2.5,NULO,31,23
1992,7,25,0,NULO,31,21
1992,7,26,17.5,NULO,32,22
1992,7,27,65.5,NULO,30,22
1992,7,28,0,NULO,30,22
1992,7,29,0,NULO,30,23
1992,7,30,0,NULO,31,24
1992,7,31,1.5,NULO,31,23
1992,8,1,0,2.43,30,23
1992,8,2,0,3.27,31,21
1992,8,3,0,9.61,32,22
1992,8,4,0,2.27,32,22
1992,8,5,0,2.4,32,23
1992,8,6,0,2.84,32,23
1992,8,7,0,4.52,32,24
1992,8,8,14.5,4.13,32,23
1992,8,9,13.5,2.3,29,22
1992,8,10,0,1.94,28,21
1992,8,11,0,3.86,31,22
1992,8,12,0,4.86,32,23
1992,8,13,0,4.19,32,23
1992,8,14,20.5,4.01,31,22
1992,8,15,61.5,3.93,30,22
1992,8,16,3,3.86,28,22
1992,8,17,12.5,3.79,29,22
1992,8,18,0,2.72,30,22
1992,8,19,9.5,3.56,31,21
1992,8,20,0,3.52,31,22
1992,8,21,0,4.81,32,22
1992,8,22,0,3.78,31,22
1992,8,23,0,2.98,30,21
1992,8,24,2,1.3,27,22
1992,8,25,2.5,3.45,31,21
1992,8,26,0,2.81,31,21
1992,8,27,0,3.4,31,22
1992,8,28,0,3.77,32,22
1992,8,29,0,5.02,33,23
1992,8,30,0,4.49,32,23
1992,8,31,0,3.57,32,23
1992,9,1,1,2.01,30,22
1992,9,2,0,4.05,32,23
1992,9,3,0,3.83,32,22
1992,9,4,0,3.75,32,23
1992,9,5,0,5.32,32,23
1992,9,6,0.5,3.04,32,22
1992,9,7,0,3.26,31,23
1992,9,8,5.5,4.79,32,22
1992,9,9,0,1.44,32,22
1992,9,10,14.5,7.78,33,22
1992,9,11,31.5,4.27,30,21
1992,9,12,21.5,3.42,29,22
1992,9,13,0,3.08,29,21
1992,9,14,3.5,0.53,29,21
1992,9,15,0.5,2.64,29,21
1992,9,16,0,3.74,30,21
1992,9,17,0,3.03,30,21
1992,9,18,0,2.96,31,22
1992,9,19,0,3.3,32,22
1992,9,20,0,4.79,32,23
1992,9,21,0,3.18,32,22
1992,9,22,57.5,9.93,33,23
1992,9,23,2.5,6,25,22
1992,9,24,0,2.27,27,22
1992,9,25,0,1.66,29,22
1992,9,26,40.5,1.61,30,23
1992,9,27,41.5,1.56,27,22
1992,9,28,37.5,1.51,28,21
1992,9,29,2.5,1.46,23,20
1992,9,30,0,4.63,27,16
1992,10,1,0,NULO,27,16
1992,10,2,0,NULO,28,15
1992,10,3,0,NULO,28,16
1992,10,4,0,NULO,29,18
1992,10,5,0,NULO,30,19
1992,10,6,0,NULO,30,20
1992,10,7,0,NULO,30,21
1992,10,8,52.5,NULO,29,20
1992,10,9,0,NULO,27,18
1992,10,10,0,NULO,28,20
1992,10,11,39.5,NULO,27,22
1992,10,12,25.5,NULO,25,22
1992,10,13,0,NULO,28,20
1992,10,14,0,NULO,29,21
1992,10,15,0,NULO,30,22
1992,10,16,0,NULO,30,22
1992,10,17,11.5,NULO,25,22
1992,10,18,58.5,NULO,25,21
1992,10,19,3.5,NULO,24,21
1992,10,20,0,NULO,27,18
1992,10,21,0,NULO,26,20
1992,10,22,12.5,NULO,25,20
1992,10,23,79.5,NULO,25,21
1992,10,24,1.5,NULO,23,20
1992,10,25,0,NULO,26,18
1992,10,26,0,NULO,27,15
1992,10,27,0,NULO,28,18
1992,10,28,0,NULO,29,19
1992,10,29,0,NULO,29,19
1992,10,30,0,NULO,29,20
1992,10,31,0,NULO,30,21
1992,11,1,0.5,NULO,31,23
1992,11,2,0,NULO,27,21
1992,11,3,0,NULO,29,19
1992,11,4,0,NULO,21,15
1992,11,5,0,NULO,21,13
1992,11,6,3.5,NULO,20,15
1992,11,7,20,NULO,19,13
1992,11,8,0,NULO,24,15
1992,11,9,0,NULO,28,17
1992,11,10,0,NULO,28,19
1992,11,11,0,NULO,29,20
1992,11,12,16.5,NULO,27,16
1992,11,13,0,NULO,29,14
1992,11,14,8,NULO,18,15
1992,11,15,1.5,NULO,20,16
1992,11,16,2.5,NULO,19,16
1992,11,17,0,NULO,25,15
1992,11,18,0,NULO,26,18
1992,11,19,0,NULO,27,19
1992,11,20,0,NULO,26,20
1992,11,21,0,NULO,29,19
1992,11,22,0,NULO,20,16
1992,11,23,0,NULO,19,16
1992,11,24,0,NULO,28,14
1992,11,25,1,NULO,24,14
1992,11,26,9.5,NULO,17,12
1992,11,27,0,NULO,18,12
1992,11,28,0,NULO,20,9
1992,11,29,0,NULO,22,10
1992,11,30,0,NULO,25,13
1992,12,1,0,NULO,26,15
1992,12,2,0,NULO,24,18
1992,12,3,0,NULO,25,16
1992,12,4,0,NULO,25,17
1992,12,5,0.5,NULO,26,17
1992,12,6,0,NULO,21,13
1992,12,7,0,NULO,17,14
1992,12,8,0,NULO,23,17
1992,12,9,0,NULO,26,16
1992,12,10,0,NULO,25,17
1992,12,11,0,NULO,25,13
1992,12,12,0,NULO,25,12
1992,12,13,0,NULO,26,15
1992,12,14,0.5,NULO,26,15
1992,12,15,0,NULO,19,14
1992,12,16,2.5,NULO,21,12
1992,12,17,0,NULO,17,14
1992,12,18,0,NULO,25,15
1992,12,19,0,NULO,27,16
1992,12,20,0,NULO,28,18
1992,12,21,0,NULO,25,20
1992,12,22,0,NULO,26,20
1992,12,23,0,NULO,22,18
1992,12,24,15.5,NULO,21,19
1992,12,25,1.5,NULO,24,18
1992,12,26,3.5,NULO,19,17
1992,12,27,0,NULO,24,16
1992,12,28,0,NULO,24,17
1992,12,29,0,NULO,25,18
1992,12,30,0,NULO,26,16
1992,12,31,0,NULO,26,16
1993,1,1,0,1.17,23,17
1993,1,2,0,1.46,22,17
1993,1,3,0,0.58,25,16
1993,1,4,2,2.3,28,16
1993,1,5,0,1.09,24,16
1993,1,6,0,2.11,23,17
1993,1,7,0,1.73,22,17
1993,1,8,0,0.79,27,19
1993,1,9,0,2.98,28,19
1993,1,10,0.5,1.65,26,19
1993,1,11,0,1.66,21,15
1993,1,12,1.5,0.61,20,14
1993,1,13,0,0.59,20,15
1993,1,14,0,2.45,24,16
1993,1,15,0,1.92,25,16
1993,1,16,0,0.93,24,15
1993,1,17,0,1.48,26,16
1993,1,18,0,2.15,27,17
1993,1,19,0,2.06,28,19
1993,1,20,0,1.73,26,19
1993,1,21,0,1.69,22,16
1993,1,22,0,3.14,26,16
1993,1,23,0,0.99,26,17
1993,1,24,6.5,8.38,21,13
1993,1,25,0,1.4,21,9.5
1993,1,26,0,1.31,19,10
1993,1,27,0,3.34,19,9
1993,1,28,0,1.88,22,10
1993,1,29,1,2.09,25,12
1993,1,30,6.5,1.8,15,14
1993,1,31,1.5,1.51,15,12
1993,2,1,0,1.22,22,12
1993,2,2,1.5,2.07,23,15
1993,2,3,0,1.67,25,17
1993,2,4,0,3.17,26,18
1993,2,5,10.5,0.84,19,15
1993,2,6,1.5,1.31,18,11
1993,2,7,0,2.97,21,11
1993,2,8,0,2.01,22,10
1993,2,9,0,3.06,26,11
1993,2,10,0,3.27,29,14
1993,2,11,0,3.47,29,15
1993,2,12,0,1.61,27,15
1993,2,13,0,4.33,27,17
1993,2,14,0,2.19,26,17
1993,2,15,0,2.92,27,16
1993,2,16,0,3.34,27,17
1993,2,17,0,1.71,24,16
1993,2,18,6.5,1.29,19,15
1993,2,19,0,3.14,29,13
1993,2,20,0,3.08,27,14
1993,2,21,0,2.32,31,16
1993,2,22,0,4.04,21,17
1993,2,23,0,6.88,27,18
1993,2,24,0,4.91,21,19
1993,2,25,0,3.11,28,20
1993,2,26,0,4.07,25,18
1993,2,27,3.5,6.15,33,19
1993,2,28,0,3.31,33,19
1993,3,1,0,4.85,30,19
1993,3,2,2,1.6,24,18
1993,3,3,0,2.58,26,19
1993,3,4,0,6.86,36,20
1993,3,5,0,5.91,30,19
1993,3,6,0,4.34,33,20
1993,3,7,0,3.65,35,19
1993,3,8,0,6.57,32,20
1993,3,9,0,6.62,29,19
1993,3,10,0,5.94,31,15
1993,3,11,0,5.48,32,16
1993,3,12,0,5.3,33,18
1993,3,13,0,6.48,35,20
1993,3,14,0,6.64,37,22
1993,3,15,0,6.53,28,21
1993,3,16,0,4.39,26,18
1993,3,17,0,1.46,28,18
1993,3,18,0,7.47,33,18
1993,3,19,0,4.67,32,17
1993,3,20,4.5,3.74,33,20
1993,3,21,2.5,0.93,26,21
1993,3,22,0,2,23,18
1993,3,23,0,6.44,31,15
1993,3,24,0,4.23,35,17
1993,3,25,0,5.66,34,20
1993,3,26,0,4.99,33,23
1993,3,27,0,4.73,33,21
1993,3,28,0,2.63,31,22
1993,3,29,0,4,32,18
1993,3,30,0,5.47,34,20
1993,3,31,0,NULO,34,20
1993,4,1,0,4.97,33,21
1993,4,2,0,8.23,40,23
1993,4,3,0,4.85,33,22
1993,4,4,0,5.47,33,22
1993,4,5,0,3.37,35,24
1993,4,6,0,5.11,35,23
1993,4,7,36.5,13.29,33,24
1993,4,8,0,6.83,34,20
1993,4,9,0,5.66,35,21
1993,4,10,27.5,6.17,26,20
1993,4,11,0,5.28,29,19
1993,4,12,0,5.07,31,15
1993,4,13,3.5,6.77,32,19
1993,4,14,0,6.04,31,19
1993,4,15,0,5,32,20
1993,4,16,0,4.26,33,21
1993,4,17,0,4.82,32,22
1993,4,18,7.5,7.18,34,22
1993,4,19,0,4.77,32,20
1993,4,20,5.5,3.98,30,21
1993,4,21,1.5,2.36,27,22
1993,4,22,0,1.59,29,22
1993,4,23,0,5.89,32,22
1993,4,24,20.5,5.49,33,22
1993,4,25,2.5,4.99,29,20
1993,4,26,11.5,4.52,29,19
1993,4,27,0,4.39,30,20
1993,4,28,0,5.16,31,20
1993,4,29,0,5.54,32,21
1993,4,30,0,6.15,33,22
1993,5,1,0,6.37,34,23
1993,5,2,0,5.22,34,21
1993,5,3,0,6.18,35,22
1993,5,4,0,6.39,34,23
1993,5,5,0,6.19,35,23
1993,5,6,0,4.85,35,24
1993,5,7,0,5.97,34,25
1993,5,8,0,4.43,35,25
1993,5,9,0,4.18,34,24
1993,5,10,0,4.45,33,23
1993,5,11,24.5,7.05,29,22
1993,5,12,33.5,1.98,28,21
1993,5,13,9.5,2.37,27,22
1993,5,14,59.5,2.76,28,22
1993,5,15,75.5,3.39,25,21
1993,5,16,0,4.02,30,21
1993,5,17,0,5.71,32,22
1993,5,18,0,4.94,33,22
1993,5,19,0,4.61,32,23
1993,5,20,21.5,4.54,31,23
1993,5,21,86.5,NULO,28,23
1993,5,22,106.5,NULO,27,22
1993,5,23,20.5,NULO,26,23
1993,5,24,16.5,2.07,29,23
1993,5,25,24.5,4.49,29,24
1993,5,26,33.5,6.03,30,22
1993,5,27,41.5,3.24,26,23
1993,5,28,55.5,NULO,27,22
1993,5,29,18.5,1.3,29,22
1993,5,30,0,2.87,29,22
1993,5,31,0,NULO,29,22
1993,6,1,9.5,4.09,27,22
1993,6,2,8.5,3.92,30,22
1993,6,3,6.5,1.6,28,22
1993,6,4,2.5,1.79,30,23
1993,6,5,0.5,2.29,28,24
1993,6,6,13.5,1.97,26,22
1993,6,7,8.5,1.88,29,21
1993,6,8,0,1.47,27,22
1993,6,9,6.5,2.83,29,22
1993,6,10,13,6.41,28,23
1993,6,11,3.5,5.53,29,22
1993,6,12,0,4.65,31,23
1993,6,13,0,2.4,34,22
1993,6,14,0,4.4,31,23
1993,6,15,0,4.54,32,21
1993,6,16,0,4.34,32,22
1993,6,17,0,4.52,32,24
1993,6,18,0,5.06,32,24
1993,6,19,0,5.3,32,24
1993,6,20,6.5,6.27,32,23
1993,6,21,0,0.64,31,22
1993,6,22,0,6.29,32,22
1993,6,23,0,3.1,32,23
1993,6,24,0,4.81,32,22
1993,6,25,0,5.77,32,21
1993,6,26,0,5.04,32,22
1993,6,27,0,5.09,32,22
1993,6,28,22.5,6.59,33,23
1993,6,29,3.5,5.26,32,23
1993,6,30,0,6.07,32,23
1993,7,1,0,4.19,32,24
1993,7,2,0,5.7,32,23
1993,7,3,0,4.42,32,23
1993,7,4,0,4.86,33,22
1993,7,5,0,3.67,31,22
1993,7,6,0,5.36,32,22
1993,7,7,0,4.56,33,22
1993,7,8,29.5,3.95,31,22
1993,7,9,0,6.3,32,22
1993,7,10,6.5,2.15,32,23
1993,7,11,0,4.66,31,22
1993,7,12,7.5,3.99,31,21
1993,7,13,14.5,4.12,32,22
1993,7,14,13.5,3.29,31,22
1993,7,15,0,2.43,31,22
1993,7,16,0,5.51,31,21
1993,7,17,6.5,0.9,30,22
1993,7,18,21.5,5.07,31,23
1993,7,19,1.5,2.19,30,22
1993,7,20,11.5,2.35,28,22
1993,7,21,5.5,0.4,28,22
1993,7,22,3.5,1.25,26,22
1993,7,23,0,2.64,31,22
1993,7,24,0,4.43,34,23
1993,7,25,0,3.1,32,21
1993,7,26,0,5.53,31,22
1993,7,27,0,5.38,32,22
1993,7,28,0,5.32,32,22
1993,7,29,2.5,3.3,32,22
1993,7,30,0,5.46,31,22
1993,7,31,6.5,0.17,31,22
1993,8,1,0,4.19,32,23
1993,8,2,0,5.7,32,23
1993,8,3,0,4.42,32,23
1993,8,4,0,4.88,33,22
1993,8,5,0,3.67,31,22
1993,8,6,0,5.36,32,22
1993,8,7,0,4.56,33,22
1993,8,8,29,3.95,31,22
1993,8,9,0,6.3,32,22
1993,8,10,6.5,2.15,32,23
1993,8,11,0,4.66,31,22
1993,8,12,7.5,3.99,31,21
1993,8,13,14.5,4.12,32,22
1993,8,14,13.5,3.29,31,22
1993,8,15,0,2.43,31,22
1993,8,16,0,5.51,31,21
1993,8,17,6.5,0.9,30,22
1993,8,18,21.5,5.07,31,23
1993,8,19,1.5,2.19,30,22
1993,8,20,11.5,2.35,28,22
1993,8,21,5.5,0.4,28,22
1993,8,22,3.5,1.25,26,22
1993,8,23,0,2.64,31,22
1993,8,24,0,4.43,34,23
1993,8,25,0,3.1,32,21
1993,8,26,0,5.53,31,22
1993,8,27,0,5.38,32,22
1993,8,28,0,5.32,32,22
1993,8,29,2.5,3.3,32,22
1993,8,30,6.5,5.46,31,22
1993,9,1,0,NULO,31,23
1993,9,2,0,NULO,31,22
1993,9,3,0,NULO,32,22
1993,9,4,0,NULO,31,21
1993,9,5,0,NULO,30,22
1993,9,6,0,NULO,32,22
1993,9,7,0,NULO,32,23
1993,9,8,0,NULO,30,24
1993,9,9,8.5,NULO,31,21
1993,9,10,16.5,NULO,30,23
1993,9,11,22.5,NULO,28,22
1993,9,12,0,NULO,30,22
1993,9,13,0,NULO,32,23
1993,9,14,1.5,NULO,33,23
1993,9,15,10.5,NULO,25,23
1993,9,16,0,NULO,29,21
1993,9,17,11.5,NULO,31,20
1993,9,18,0,NULO,31,20
1993,9,19,71.5,NULO,30,22
1993,9,20,311.5,NULO,25,22
1993,9,21,106.5,NULO,26,22
1993,9,22,9.5,NULO,26,23
1993,9,23,0,NULO,27,23
1993,9,24,0,NULO,29,21
1993,9,25,0,NULO,30,21
1993,9,26,5.5,NULO,31,22
1993,9,27,13.5,NULO,27,22
1993,9,28,2.5,NULO,23,18
1993,9,29,34.5,NULO,22,18
1993,9,30,7.5,NULO,22,18
1993,10,1,12.5,NULO,25,19
1993,10,2,0,NULO,29,20
1993,10,3,48.5,NULO,27,21
1993,10,4,0,NULO,29,19
1993,10,5,0,NULO,29,20
1993,10,6,0,NULO,30,20
1993,10,7,0,NULO,30,21
1993,10,8,0,NULO,30,20
1993,10,9,0,NULO,30,21
1993,10,10,19.5,NULO,30,21
1993,10,11,0,NULO,31,22
1993,10,12,0,NULO,31,22
1993,10,13,0,NULO,32,22
1993,10,14,0,NULO,31,22
1993,10,15,0,NULO,31,22
1993,10,16,0,NULO,31,22
1993,10,17,0,NULO,32,22
1993,10,18,0,NULO,32,22
1993,10,19,0,NULO,32,21
1993,10,20,135.5,NULO,32,22
1993,10,21,0,NULO,29,19
1993,10,22,0,NULO,23,18
1993,10,23,0,NULO,24,14
1993,10,24,0,NULO,26,15
1993,10,25,0,NULO,21,15
1993,10,26,0,NULO,28,15
1993,10,27,0,NULO,27,16
1993,10,28,0,NULO,27,16
1993,10,29,0,NULO,18,16
1993,10,30,1.5,NULO,17,12
1993,10,31,NULO,NULO,17,9
1993,11,1,0,NULO,20,9
1993,11,2,0,NULO,21,10
1993,11,3,0,NULO,28,10
1993,11,4,0,NULO,29,14
1993,11,5,0,NULO,31,18
1993,11,6,8.5,NULO,22,21
1993,11,7,0,NULO,22,17
1993,11,8,0,NULO,24,15
1993,11,9,25.5,NULO,24,16
1993,11,10,53.5,NULO,22,19
1993,11,11,0,NULO,27,19
1993,11,12,0,NULO,26,19
1993,11,13,0,NULO,27,19
1993,11,14,0,NULO,29,20
1993,11,15,0.5,NULO,29,21
1993,11,16,11.5,NULO,29,20
1993,11,17,12.5,NULO,24,20
1993,11,18,0,NULO,24,16
1993,11,19,0,NULO,28,17
1993,11,20,9.5,NULO,21,15
1993,11,21,0,NULO,21,17
1993,11,22,0.5,NULO,18,13
1993,11,23,0,NULO,25,14
1993,11,24,0,NULO,26,16
1993,11,25,3.5,NULO,26,14
1993,11,26,4.5,NULO,18,13
1993,11,27,0,NULO,16,9
1993,11,28,0,NULO,19,10
1993,11,29,0,NULO,23,11
1993,11,30,0,NULO,23,12
1993,12,1,0,NULO,25,16
1993,12,2,0,NULO,26,15
1993,12,3,0,NULO,26,16
1993,12,4,0.5,NULO,22,18
1993,12,5,0,NULO,24,15
1993,12,6,0,NULO,24,16
1993,12,7,0,NULO,25,18
1993,12,8,0,NULO,27,19
1993,12,9,0,NULO,27,18
1993,12,10,0,NULO,25,16
1993,12,11,0,NULO,25,17
1993,12,12,0,NULO,25,14
1993,12,13,0,NULO,29,15
1993,12,14,0,NULO,23,16
1993,12,15,0,NULO,24,17
1993,12,16,0,NULO,26,18
1993,12,17,0,NULO,27,18
1993,12,18,0,NULO,28,19
1993,12,19,0.5,NULO,28,18
1993,12,20,0,NULO,20,15
1993,12,21,4.5,NULO,26,13
1993,12,22,0,NULO,14,9
1993,12,23,0,NULO,14,10
1993,12,24,4.5,NULO,13,11
1993,12,25,0,NULO,16,8
1993,12,26,0,NULO,19,7
1993,12,27,0,NULO,24,8
1993,12,28,0,NULO,25,12
1993,12,29,4.5,NULO,22,12
1993,12,30,6.5,NULO,17,10
1993,12,31,0,NULO,18,10
1994,1,1,0.5,1.54,24,12
1994,1,2,0,0.73,24,13
1994,1,3,0,3.68,22,11
1994,1,4,0,1.99,24,9
1994,1,5,0,1.31,24,10
1994,1,6,0,2.71,26,11
1994,1,7,0,2.4,23,12
1994,1,8,0,3.39,19,9
1994,1,9,0,2.02,21,10
1994,1,10,0,1.7,24,14
1994,1,11,0,1.89,22,14
1994,1,12,0,2.74,26,16
1994,1,13,3.5,0.47,20,17
1994,1,14,0,2.1,23,15
1994,1,15,0,2.17,24,12
1994,1,16,0,3.28,25,13
1994,1,17,0,2.13,25,14
1994,1,18,4.5,1.7,19,12
1994,1,19,0,2.85,22,12
1994,1,20,5.5,1.66,25,13
1994,1,21,5.5,1.47,21,15
1994,1,22,3.5,1.39,22,18
1994,1,23,4.5,0.33,21,17
1994,1,24,0,0.44,23,17
1994,1,25,0,1.96,25,18
1994,1,26,0,2.81,26,17
1994,1,27,0,1.35,27,18
1994,1,28,0.5,0.4,22,16
1994,1,29,3.5,0.34,21,12
1994,1,30,3.5,1.74,13,10
1994,1,31,9.5,0.79,14,11
1994,2,1,9.5,4.01,14,7
1994,2,2,0,16.68,12,7
1994,2,3,0,2.81,26,8
1994,2,4,0,1.81,26,11
1994,2,5,0,2.7,27,15
1994,2,6,0,2.23,27,16
1994,2,7,0,3.21,27,17
1994,2,8,0,4.06,28,18
1994,2,9,0.5,2.75,32,15
1994,2,10,0,0.33,19,14
1994,2,11,0,3.93,24,13
1994,2,12,1,3.31,25,13
1994,2,13,0,0.37,19,14
1994,2,14,0,2.97,21,12
1994,2,15,9.5,2.93,25,13
1994,2,16,17.5,2.27,20,15
1994,2,17,0,1.81,23,17
1994,2,18,0,3.24,25,18
1994,2,19,0,2.25,27,16
1994,2,20,0,3.66,29,17
1994,2,21,0,2.59,28,19
1994,2,22,0,5.47,29,17
1994,2,23,0,0.78,26,18
1994,2,24,0,3,22,14
1994,2,25,0,2.77,27,15
1994,2,26,4.5,2.31,23,14
1994,2,27,0,0.91,20,13
1994,2,28,0,1.21,24,14
1994,3,1,0,4.55,31,15
1994,3,2,0,3.48,22,16
1994,3,3,0,4,26,12
1994,3,4,0,5.39,27,11
1994,3,5,0,4.05,29,14
1994,3,6,0,3.87,28,16
1994,3,7,0,4.88,29,20
1994,3,8,0,3.78,29,17
1994,3,9,1.5,0.95,21,13
1994,3,10,0,4.69,20,12
1994,3,11,0,1.94,21,9
1994,3,12,0,2.97,24,12
1994,3,13,4.5,0.78,23,15
1994,3,14,0.5,2.07,22,18
1994,3,15,0,0.99,27,14
1994,3,16,0,1.37,23,18
1994,3,17,0,5.63,28,14
1994,3,18,0,5.09,29,15
1994,3,19,0,4.72,30,15
1994,3,20,0,4.48,31,16
1994,3,21,0,1.61,29,20
1994,3,22,0,5.71,30,19
1994,3,23,0,6.7,33,18
1994,3,24,0,2.14,33,19
1994,3,25,0,5.51,30,21
1994,3,26,0,6.33,32,20
1994,3,27,0,4.01,29,19
1994,3,28,0,5.67,24,16
1994,3,29,0,1.8,23,15
1994,3,30,1.5,0.9,21,16
1994,3,31,0.5,0.13,21,16
1994,4,1,0,1.4,23,16
1994,4,2,0,2.23,26,18
1994,4,3,0,4.42,29,19
1994,4,4,0,4.06,30,21
1994,4,5,0,4.05,32,20
1994,4,6,0,4.27,25,18
1994,4,7,0,5.02,27,17
1994,4,8,0,5.31,28,16
1994,4,9,0,4.23,31,17
1994,4,10,0,4.14,33,19
1994,4,11,0,5.93,34,21
1994,4,12,5.5,1.08,27,23
1994,4,13,0,1.39,26,20
1994,4,14,0,3.91,32,20
1994,4,15,0,3.67,34,22
1994,4,16,12.5,3.57,26,19
1994,4,17,4.5,2.32,25,17
1994,4,18,0,2.3,25,18
1994,4,19,0,4.29,29,18
1994,4,20,0,3.88,29,19
1994,4,21,46.5,9.84,27,20
1994,4,22,0,4.44,28,18
1994,4,23,0,5.12,30,19
1994,4,24,0,4.83,31,21
1994,4,25,0,4.05,33,22
1994,4,26,0,4.85,34,22
1994,4,27,0,3.76,32,23
1994,4,28,0,4.54,33,24
1994,4,29,0,2.84,34,23
1994,4,30,6.5,4.4,34,24
1994,5,1,2.5,0.72,22,19
1994,5,2,0,1.27,28,19
1994,5,3,0,3,31,21
1994,5,4,0,2.76,31,23
1994,5,5,0.5,3.4,31,22
1994,5,6,0,4.63,33,21
1994,5,7,0,5.68,33,22
1994,5,8,0,3.74,32,22
1994,5,9,0,3.36,33,22
1994,5,10,0,4.42,33,22
1994,5,11,1.5,4.91,33,23
1994,5,12,1.5,2.71,32,23
1994,5,13,0,4.5,32,22
1994,5,14,0,4.12,33,23
1994,5,15,0,5.05,33,20
1994,5,16,0,4.98,32,20
1994,5,17,0,4.51,33,21
1994,5,18,0,5.21,33,22
1994,5,19,0.5,1.47,32,22
1994,5,20,0,6.35,32,20
1994,5,21,0,4.69,31,21
1994,5,22,0,3.85,31,21
1994,5,23,0,6.11,32,21
1994,5,24,0,6.84,33,20
1994,5,25,0,5.56,34,20
1994,5,26,0,5.32,35,20
1994,5,27,1.5,5.03,35,21
1994,5,28,0,3.65,34,23
1994,5,29,0,6.94,35,23
1994,5,30,0,5.48,25,23
1994,5,31,0,4.72,25,22
1994,6,1,0,3.63,34,23
1994,6,2,0,10.32,36,22
1994,6,3,0,4.83,35,22
1994,6,4,0,7.08,35,21
1994,6,5,0,5.32,32,23
1994,6,6,0,6.29,36,24
1994,6,7,0,5.3,38,25
1994,6,8,0,6.77,36,26
1994,6,9,0,5.09,35,25
1994,6,10,0.5,3.36,34,24
1994,6,11,37.5,3.27,29,23
1994,6,12,27.5,2.56,28,22
1994,6,13,5.5,1.86,28,22
1994,6,14,6.5,1.16,28,22
1994,6,15,0,3.94,30,23
1994,6,16,0,2.31,31,23
1994,6,17,3.5,5.3,33,23
1994,6,18,47.5,6.36,31,22
1994,6,19,0,7.42,31,21
1994,6,20,0,3.79,31,22
1994,6,21,0,4.07,32,23
1994,6,22,0,4.9,32,23
1994,6,23,0,6.5,33,24
1994,6,24,0,2.36,32,22
1994,6,25,0,7.28,34,23
1994,6,26,0,3.69,33,22
1994,6,27,0,4.92,33,23
1994,6,28,0,5.29,33,23
1994,6,29,0,5.78,33,23
1994,6,30,0,5.95,34,23
1994,7,1,0,7.38,33,23
1994,7,2,0,6.49,33,22
1994,7,3,0,4.09,34,23
1994,7,4,0,6.6,34,23
1994,7,5,0,4.47,35,23
1994,7,6,0,7.46,35,23
1994,7,7,0,6.44,35,24
1994,7,8,2.5,4.08,33,23
1994,7,9,0,3.84,34,24
1994,7,10,0,6.3,34,22
1994,7,11,0,5.13,33,22
1994,7,12,0,4.86,34,23
1994,7,13,0,7.14,35,24
1994,7,14,0,3.8,33,25
1994,7,15,0,3.26,31,24
1994,7,16,6.5,4.79,32,22
1994,7,17,0.5,4.23,31,20
1994,7,18,0,5.43,33,19
1994,7,19,0,4.25,34,20
1994,7,20,0,7.55,34,22
1994,7,21,0,2.55,33,23
1994,7,22,0,7.24,34,22
1994,7,23,0,5.29,35,23
1994,7,24,0,6.85,35,23
1994,7,25,0,6.17,34,21
1994,7,26,0,5.19,35,22
1994,7,27,0,7.09,36,22
1994,7,28,0,7,36,24
1994,7,29,0,7.39,35,23
1994,7,30,0,4.54,34,21
1994,7,31,0,7.48,35,22
1994,8,1,36.5,8.23,36,24
1994,8,2,0,4.36,30,21
1994,8,3,23.5,3.4,30,23
1994,8,4,42.5,4.31,31,23
1994,8,5,58,5.22,27,22
1994,8,6,0,6.13,31,18
1994,8,7,0,4.81,32,17
1994,8,8,0,4.69,33,20
1994,8,9,14.5,5.22,32,23
1994,8,10,17.5,2.75,30,22
1994,8,11,79.5,1.72,27,22
1994,8,12,2.5,1.72,30,22
1994,8,13,0.5,1.08,29,23
1994,8,14,0.5,3.52,31,22
1994,8,15,0,4.47,31,23
1994,8,16,0,5.16,32,22
1994,8,17,0,4.74,32,22
1994,8,18,0.5,5.31,33,23
1994,8,19,0,4.07,33,23
1994,8,20,0,3.81,32,22
1994,8,21,0,5.53,33,23
1994,8,22,0,4.28,33,23
1994,8,23,0,5.81,33,23
1994,8,24,2.5,3.45,32,23
1994,8,25,0,3.76,30,22
1994,8,26,9.5,3.5,30,23
1994,8,27,0,3.18,31,21
1994,8,28,0,2.34,31,22
1994,8,29,2.5,6.47,38,22
1994,8,30,29.5,3.98,28,22
1994,8,31,12.5,4.08,31,23
1994,9,1,30.5,4.01,27,23
1994,9,2,48.5,3.93,25,22
1994,9,3,2.5,3.85,27,19
1994,9,4,20.5,3.77,29,20
1994,9,5,0,3.51,30,21
1994,9,6,0,3.23,31,21
1994,9,7,0,4.62,31,22
1994,9,8,0,3.7,31,22
1994,9,9,0,4.88,31,22
1994,9,10,0,3.54,30,22
1994,9,11,9.5,1.52,29,21
1994,9,12,4.5,2.41,29,22
1994,9,13,4.5,5.02,30,23
1994,9,14,0,2.75,31,22
1994,9,15,0,2.81,31,22
1994,9,16,10.5,4.88,32,23
1994,9,17,33.5,7.21,27,22
1994,9,18,35.5,3.71,26,22
1994,9,19,0,2.96,29,19
1994,9,20,0,2.96,31,19
1994,9,21,0,5.45,30,20
1994,9,22,0,5.07,31,21
1994,9,23,1.5,0.2,27,21
1994,9,24,0,4.39,30,22
1994,9,25,0,3.05,31,22
1994,9,26,2.5,2.83,30,20
1994,9,27,0,5.01,30,19
1994,9,28,0,3.1,30,20
1994,9,29,0,3.57,30,20
1994,9,30,0,2.72,30,21
1994,10,1,0,2.97,32,23
1994,10,2,0,4.04,32,23
1994,10,3,0,4.22,33,22
1994,10,4,41.5,4.93,27,23
1994,10,5,26.5,3.91,24,22
1994,10,6,0,2.89,30,19
1994,10,7,0,2.91,32,21
1994,10,8,12.5,6.69,33,23
1994,10,9,11.5,5.14,25,19
1994,10,10,0,3.59,24,19
1994,10,11,0,2.13,25,15
1994,10,12,0,2.57,26,15
1994,10,13,2.5,1.51,27,16
1994,10,14,0,1.96,25,17
1994,10,15,0,2.39,30,19
1994,10,16,0,1.38,31,20
1994,10,17,3.5,4.09,24,20
1994,10,18,0,1.4,29,21
1994,10,19,0,0.91,30,22
1994,10,20,0,2.71,30,21
1994,10,21,0,1.36,30,21
1994,10,22,0,3,31,22
1994,10,23,0,2.73,30,22
1994,10,24,0,1.8,30,22
1994,10,25,0,1.56,31,22
1994,10,26,0,1.68,28,22
1994,10,27,0.5,2.33,26,20
1994,10,28,0,1.38,27,20
1994,10,29,0,3.07,29,19
1994,10,30,0,0.91,29,20
1994,10,31,0,3.75,30,21
1994,11,1,0,1.13,29,22
1994,11,2,0,2.93,31,19
1994,11,3,0,3.65,31,21
1994,11,4,0,2.94,31,22
1994,11,5,0,1.41,31,20
1994,11,6,10.5,2.75,29,21
1994,11,7,0,2.36,28,21
1994,11,8,0,1.68,29,20
1994,11,9,0,3.68,29,19
1994,11,10,0,1.74,28,19
1994,11,11,0,2.01,27,19
1994,11,12,0,2.91,29,19
1994,11,13,0,2.14,30,19
1994,11,14,0,3.13,29,21
1994,11,15,0,0.51,29,19
1994,11,16,0,1.82,25,18
1994,11,17,0,3.33,28,16
1994,11,18,0,1.68,29,18
1994,11,19,0,3.06,29,20
1994,11,20,0,2.57,30,19
1994,11,21,0,1.73,29,20
1994,11,22,0,1.41,29,20
1994,11,23,3.5,3.1,26,20
1994,11,24,3.5,1.41,27,16
1994,11,25,0,2.19,27,16
1994,11,26,0,1.38,28,15
1994,11,27,0,2.25,29,17
1994,11,28,0,2.49,25,19
1994,11,29,44.5,1.9,24,15
1994,11,30,0.5,1.3,20,12
1994,12,1,0,1.1,21,13
1994,12,2,0,2.02,27,16
1994,12,3,0,1.09,28,17
1994,12,4,0,2.32,27,18
1994,12,5,0,2.57,27,19
1994,12,6,0,1.62,28,19
1994,12,7,0,0.53,29,20
1994,12,8,0.5,3.02,28,19
1994,12,9,0,2.35,29,20
1994,12,10,8.5,1.96,23,18
1994,12,11,0,2.12,22,15
1994,12,12,0,1.94,26,11
1994,12,13,0,1.34,27,15
1994,12,14,0,1.91,28,18
1994,12,15,0,2.15,28,19
1994,12,16,3,3.05,25,20
1994,12,17,8.5,0.58,22,19
1994,12,18,0,1.12,25,17
1994,12,19,0.5,0.98,27,19
1994,12,20,3.5,1.82,24,20
1994,12,21,0,0.81,21,17
1994,12,22,0,1,21,16
1994,12,23,0,0.77,21,15
1994,12,24,0,1,18,11
1994,12,25,0,2.24,23,11
1994,12,26,0,0.63,26,13
1994,12,27,0,3.31,28,15
1994,12,28,0.5,1.21,18,16
1994,12,29,0,1.31,24,16
1994,12,30,0,0.51,27,16
1994,12,31,0,3.41,27,16
1995,1,1,3.5,1.41,20,17
1995,1,2,0,NULO,19,14
1995,1,3,2.5,1.73,21,14
1995,1,4,0.5,NULO,15,11
1995,1,5,0,2.64,15,9
1995,1,6,0,1.01,24,10
1995,1,7,0,2.66,24,11
1995,1,8,0,1.93,25,13
1995,1,9,0,0.97,25,15
1995,1,10,0,0.52,27,19
1995,1,11,0,3.58,28,17
1995,1,12,0,2.24,28,15
1995,1,13,0,5.09,28,16
1995,1,14,0,0.58,26,14
1995,1,15,0,3.66,27,12
1995,1,16,0,1.72,27,13
1995,1,17,0,1.2,27,14
1995,1,18,0,5.37,32,17
1995,1,19,0,1.25,19,15
1995,1,20,0,0.77,19,14
1995,1,21,0,NULO,24,14
1995,1,22,0,1.87,26,15
1995,1,23,9.5,1.65,20,13
1995,1,24,3.5,0.56,19,12
1995,1,25,0,1.66,20,13
1995,1,26,0,0.63,23,16
1995,1,27,0,2.22,28,15
1995,1,28,0.5,0.94,23,16
1995,1,29,17.5,12.76,19,13
1995,1,30,0.5,1.23,17,12
1995,1,31,0,2.01,17,10
1995,2,1,0,1.76,17,11
1995,2,2,0,2.85,17,12
1995,2,3,0,2.48,24,13
1995,2,4,0,3.99,27,13
1995,2,5,0,4.75,29,11
1995,2,6,0,3.15,24,12
1995,2,7,0,1.63,27,12
1995,2,8,0,0.93,27,14
1995,2,9,0,2.93,27,13
1995,2,10,3.5,2.92,22,14
1995,2,11,0,4.31,24,15
1995,2,12,0,1.34,31,19
1995,2,13,0,3.18,23,19
1995,2,14,0,3.34,27,19
1995,2,15,0,2.89,29,19
1995,2,16,0,1.05,29,18
1995,2,17,0,0.56,29,19.5
1995,2,18,0,2.35,29,15
1995,2,19,16.5,1.78,22,14
1995,2,20,2.5,1.5,20,17
1995,2,21,0,4.01,25,13
1995,2,22,0,4.05,26,13
1995,2,23,0,2.67,27,13
1995,2,24,0,3.71,26,15
1995,2,25,0,0.61,27,16
1995,2,26,0,2.91,27,17
1995,2,27,0,3.72,25,14
1995,2,28,0,2.88,28,17
1995,3,1,0,3.23,30,19
1995,3,2,0,3.68,30,19
1995,3,3,0,4.95,28,16
1995,3,4,0,0.58,27,12
1995,3,5,0,8.28,30,14
1995,3,6,0,0.66,27,11
1995,3,7,18.5,1.69,24,12
1995,3,8,1.5,4.24,17,15
1995,3,9,0,4.06,22,14
1995,3,10,0,5.29,25,15
1995,3,11,0,3.56,27,16
1995,3,12,0,3.68,29,15.5
1995,3,13,0,1.86,27,11
1995,3,14,0.5,1.31,31,8
1995,3,15,0,3.68,17,9
1995,3,16,0,4.27,16,12
1995,3,17,0,5.38,25,14
1995,3,18,0,4.57,30,18
1995,3,19,0,3.67,30,17
1995,3,20,0,3.74,29,18
1995,3,21,0,4.86,30,16
1995,3,22,0,3.63,28,18
1995,3,23,0,1.43,28,20
1995,3,24,0,4.14,28,20
1995,3,25,0,4,28,20
1995,3,26,0,5.88,30,20
1995,3,27,0,4.15,31,21
1995,3,28,0,3.89,31,22
1995,3,29,0,4.94,32,23
1995,3,30,0,4.98,33,21
1995,3,31,0,6.22,34,21
1995,5,1,0,3.23,28,19
1995,5,2,0,3.68,27,19
1995,5,3,0,4.95,30,16
1995,5,4,0,0.58,27,12
1995,5,5,18.5,8.28,24,14
1995,5,6,1.5,0.66,20,11
1995,5,7,0,1.69,21,12
1995,5,8,0,4.24,25,15
1995,5,9,0,4.06,27,14
1995,5,10,0,5.29,29,15
1995,5,11,0,3.56,27,16
1995,5,12,0.5,3.68,31,11.5
1995,5,13,0,1.86,20,8
1995,5,14,0,1.31,16,8
1995,5,15,0,3.68,25,9
1995,5,16,0,4.27,30,12
1995,5,17,0,5.38,30,14
1995,5,18,0,4.57,29,18
1995,5,19,0,3.67,28,18
1995,5,20,0,3.74,28,18
1995,5,21,0,4.86,28,16
1995,5,22,0,3.63,28,18
1995,5,23,0,1.43,28,20
1995,5,24,0,4.14,30,20
1995,5,25,0,4,31,20
1995,5,26,0,5.88,31,20
1995,5,27,0,4.15,32,21
1995,5,28,0,3.89,33,22
1995,5,29,0,4.94,34,23
1995,5,30,0,4.98,36,21
1995,5,31,0,6.22,33,21
1996,11,4,NULO,NULO,NULO,NULO
1996,11,5,0,1.2,28,21
1996,11,6,0,3.42,31,20
1996,11,7,0,2.76,31,18
1996,11,8,0,3.11,27,15
1996,11,9,0,3.24,26,11
1996,11,10,0,1.88,26,12
1996,11,11,0,2.33,27,13
1996,11,12,6.5,2.52,25,16
1996,11,13,0.5,5.58,22,16
1996,11,14,0,2.23,26,15
1996,11,15,0,3.48,28,16
1996,11,16,0,2.35,28,16
1996,11,17,0,1.83,29,18
1996,11,18,0,0.69,29,19
1996,11,19,0,2.34,29,17
1996,11,20,0,3.45,30,17
1996,11,21,0,1.56,31,18
1996,11,22,0,1.75,29,19
1996,11,23,0,3.64,29,15
1996,11,24,0.5,3.66,31,14
1996,11,25,0,2.58,20,13
1996,11,26,0,0.78,22,14
1996,11,27,0,1.65,29,15
1996,11,28,0,0.88,23,16
1996,11,29,0,1.18,22,15
1996,11,30,0,3.66,23,16
1996,12,1,0,2.61,22,17
1996,12,2,0,0.33,23,13
1996,12,3,9,8.66,21,13
1996,12,4,1.5,1.06,21,12
1996,12,5,0,2.31,27,17
1996,12,6,0,2.41,29,18
1996,12,7,0,1.38,29,17
1996,12,8,0,3.09,25,16
1996,12,9,0,2.3,25,14
1996,12,10,0,2.7,27,15
1996,12,11,0,1.94,28,15
1996,12,12,0,2.07,28,17
1996,12,13,0,1.72,27,17
1996,12,14,0,1.83,28,17
1996,12,15,8.5,4.72,27,13
1996,12,16,0.5,1.8,17,9
1996,12,17,0,0.4,21,10
1996,12,18,0,2.01,15,10
1996,12,19,0,2.39,15,10
1996,12,20,0,0.47,19,7
1996,12,21,0,1.53,22,8
1996,12,22,0,2.25,26,12
1996,12,23,0,1.43,26,12
1996,12,24,7.5,2.44,25,16
1996,12,25,0,0.82,19,12
1996,12,26,0,2.1,27,13
1996,12,27,0,2.15,26,15
1996,12,28,0,2.81,28,17
1996,12,29,6.5,2.23,26,18
1996,12,30,0,1.65,27,19
1996,12,31,0,2.57,27,18
1997,1,1,0,2.69,27,19
1997,1,2,0,1.47,26,17
1997,1,3,0,2.98,28,18
1997,1,4,0,0.93,27,18
1997,1,5,0,2.78,32,17
1997,1,6,0,2.86,25,17
1997,1,7,1.5,1.42,15,14
1997,1,8,2.5,0.17,12,9
1997,1,9,0,2.01,16,8
1997,1,10,0,2.48,22,9
1997,1,11,0,1.1,23,12
1997,1,12,0,2.6,19,13
1997,1,13,0,0.45,18,15
1997,1,14,0,2.42,16,10
1997,1,15,0,1.46,25,7
1997,1,16,0,3.7,23,9
1997,1,17,6.5,2.48,16,12
1997,1,18,6.5,0.96,12,11
1997,1,19,1.5,1.04,20,11
1997,1,20,0,1.01,21,12
1997,1,21,0,2.41,26,15
1997,1,22,0,3.21,27,14
1997,1,23,0,2.73,26,15
1997,1,24,0,1.56,29,16
1997,1,25,0,1.63,27,12
1997,1,26,0,2.3,28,17
1997,1,27,0,1.75,28,17
1997,1,28,6.5,2.77,20,18
1997,1,29,0,0.76,15,8
1997,1,30,0.5,1.17,16,10
1997,1,31,0,2.52,23,12
1997,2,1,0.5,1.95,26,14
1997,2,2,0,0.07,27,16
1997,2,3,0,3.62,29,16
1997,2,4,0,1.26,23,15
1997,2,5,0,0.83,26,18
1997,2,6,0,2.87,28,19
1997,2,7,0,2.26,29,17
1997,2,8,0,1.73,18,13
1997,2,9,0,1.76,23,12
1997,2,10,0.5,0.26,20,14
1997,2,11,0,3.36,26,13
1997,2,12,0,1.83,28,14
1997,2,13,2.5,4.84,27,15
1997,2,14,2.5,1.02,17,14
1997,2,15,0,2.45,19,12
1997,2,16,0,2.33,23,7
1997,2,17,0,1.79,21,8
1997,2,18,0,0.76,24,14
1997,2,19,0,2.73,29,16
1997,2,20,0,3.71,31,17
1997,2,21,31.5,6.31,33,17
1997,2,22,0.5,5.15,13,12
1997,2,23,0,3.99,22,12
1997,2,24,0,1.6,25,14
1997,2,25,0,0.89,25,17
1997,2,26,0,1.72,30,16
1997,2,27,0,2.94,28,16
1997,2,28,0,4,32,14
1997,3,1,0,2.25,34,14
1997,3,2,0,5.87,29,17
1997,3,3,0,3.65,29,14
1997,3,4,0,2.39,28,15
1997,3,5,2.5,2.04,29,15
1997,3,6,0.5,0.2,20,17
1997,3,7,0,2.89,26,15
1997,3,8,0,2.64,28,16
1997,3,9,0,2.54,29,17
1997,3,10,0,2.66,28,18
1997,3,11,0,2.75,29,19
1997,3,12,0,1.63,27,18
1997,3,13,0,3.44,30,20
1997,3,14,0,4.16,34,19
1997,3,15,12.5,0.64,19,18
1997,3,16,0.5,0.95,21,18
1997,3,17,0,2.67,29,18
1997,3,18,2.5,3.74,31,20
1997,3,19,9.5,5.03,22,19
1997,3,20,0,4.5,21,13
1997,3,21,0,3.66,30,13
1997,3,22,0,3.57,33,13
1997,3,23,0,3.91,32,17
1997,3,24,0,2.89,31,13
1997,3,25,0,4.18,33,19
1997,3,26,0,1.92,26,21
1997,3,27,0.5,1.38,26,18
1997,3,28,1.5,2.3,33,19
1997,3,29,0,4.62,35,20
1997,3,30,16.5,4.61,32,21
1997,3,31,2.5,1.86,19,17
1997,4,1,1.5,4.3,29,17
1997,4,2,0,2.93,30,18
1997,4,3,0.5,4.2,32,21
1997,4,4,0.5,3.44,32,21
1997,4,5,0,4.64,30,20
1997,4,6,0,4.78,29,18
1997,4,7,15.5,1.48,26,14
1997,4,8,14.5,3.74,29,21
1997,4,9,19.5,6.5,27,19
1997,4,10,3.5,3.14,29,18
1997,4,11,0,5.76,34,19
1997,4,12,1.5,3.19,26,20
1997,4,13,3.5,1.8,15,14
1997,4,14,9.5,3.79,14,11
1997,4,15,20.5,3.19,19,12
1997,4,16,0,2.6,26,14
1997,4,17,4.5,2.01,25,17
1997,4,18,0,1.54,27,20
1997,4,19,0,2.26,22,20
1997,4,20,0,2.96,31,21
1997,4,21,0,4.13,35,21
1997,4,22,0,4.72,38,20
1997,4,23,0,3.34,27,21
1997,4,24,0,2.4,30,20
1997,4,25,0,3.96,34,18
1997,4,26,0,3.98,29,18
1997,4,27,0,2.65,23,18
1997,4,28,0,3.99,28,18
1997,4,29,0,5.41,32,17
1997,4,30,0,3.71,33,18
1997,5,1,0,1.72,32,19
1997,5,2,0,4.05,35,22
1997,5,3,0,3.07,33,22
1997,5,4,15.5,3.94,26,22
1997,5,5,0,2.89,29,21
1997,5,6,0,3.65,31,21
1997,5,7,0,2.56,29,20
1997,5,8,0,2.58,30,20
1997,5,9,10.5,5.16,33,20
1997,5,10,0,1.97,29,19
1997,5,11,0,4.64,30,18
1997,5,12,0,2.46,31,18
1997,5,13,0,3.16,31,20
1997,5,14,0,2.52,29,21
1997,5,15,0.5,3.62,34,22
1997,5,16,0,4,32,21
1997,5,17,0,4.13,32,21
1997,5,18,0,4.76,33,20
1997,5,19,0,4.12,35,21
1997,5,20,29.5,6.57,35,22
1997,5,21,0,9.02,29,19
1997,5,22,73.5,8.02,32,21
1997,5,23,0,7.02,31,19
1997,5,24,0,6.02,32,19
1997,5,25,0,4.23,33,19
1997,5,26,0,4.57,34,15
1997,5,27,0,2.27,33,26
1997,5,28,3,2.85,29,25
1997,5,29,13.5,3.67,30,13
1997,5,30,0,6.17,31,21
1997,5,31,0,4.07,32,21
1997,6,1,0,5.3,32,22
1997,6,2,0,3.82,33,23
1997,6,3,0,5.24,33,23
1997,6,4,0,4.73,34,24
1997,6,5,0,4.15,34,25
1997,6,6,0,5.47,34,23
1997,6,7,0,5.07,33,22
1997,6,8,0,4.07,33,22
1997,6,9,0,4.8,34,22
1997,6,10,0,6.22,35,23
1997,6,11,0,5.32,35,24
1997,6,12,0,6.78,35,23
1997,6,13,0,4.62,36,24
1997,6,14,0,6.4,36,24
1997,6,15,0,5.22,36,24
1997,6,16,0,6.75,36,23
1997,6,17,0,5.27,37,24
1997,6,18,11.5,5.31,34,26
1997,6,19,0,5.39,35,25
1997,6,20,0,6.09,35,24
1997,6,21,10.5,6.68,35,24
1997,6,22,42.5,9.72,33,22
1997,6,23,4.5,3.1,29,22
1997,6,24,2.5,2.84,27,22
1997,6,25,0,2.57,28,23
1997,6,26,10.5,3.02,30,23
1997,6,27,0,3.52,31,22
1997,6,28,0,6.15,32,23
1997,6,29,0,4.56,33,24
1997,6,30,2.5,5.02,32,23
1997,7,1,28.5,4.76,29,22
1997,7,2,0,4.46,32,23
1997,7,3,0,4.16,32,23
1997,7,4,0,3.27,32,22
1997,7,5,0,6.91,33,23
1997,7,6,0,2.1,31,22
1997,7,7,2.5,3.02,29,23
1997,7,8,3.5,2.6,30,23
1997,7,9,0,2.01,31,22
1997,7,10,0,3.03,33,22
1997,7,11,0,4.08,33,22
1997,7,12,0,3.84,33,23
1997,7,13,0,5.07,34,22
1997,7,14,0,4.4,32,21
1997,7,15,0,4.17,33,22
1997,7,16,0,4.18,33,22
1997,7,17,0,4.8,34,23
1997,7,18,0,5,34,23
1997,7,19,0,3.07,32,25
1997,7,20,0,3.44,34,25
1997,7,21,0,5.26,34,25
1997,7,22,0,5.5,35,23
1997,7,23,2.5,4.51,34,22
1997,7,24,0,4.77,34,23
1997,7,25,0,4.96,34,23
1997,7,26,0,5.18,34,23
1997,7,27,0,4.94,35,23
1997,7,28,0,5.88,35,23
1997,7,29,2.5,4.64,34,23
1997,7,30,0,2.65,34,23
1997,7,31,0,5.74,35,25
1997,8,1,0,7.57,36,22
1997,8,2,0,5.48,36,23
1997,8,3,0,5.24,36,24
1997,8,4,18,3.58,32,23
1997,8,5,0.5,2.44,31,22
1997,8,6,0,4.22,33,22
1997,8,7,0,6,35,22
1997,8,8,0,5.65,35,23
1997,8,9,0,5.76,36,23
1997,8,10,0,5.6,35,24
1997,8,11,0,5.25,36,24
1997,8,12,0,4.96,35,24
1997,8,13,21.5,6.01,33,24
1997,8,14,0,3.55,32,22
1997,8,15,0,6.97,33,22
1997,8,16,1.5,5.81,36,24
1997,8,17,0,4.08,34,25
1997,8,18,0,4.48,35,24
1997,8,19,0,5.37,35,23
1997,8,20,0,7.15,36,23
1997,8,21,0,7.7,37,24
1997,8,22,0,9.18,38,24
1997,8,23,0,6.8,37,23
1997,8,24,0,6.25,35,22
1997,8,25,0,6.55,36,22
1997,8,26,19.5,10.08,36,23
1997,8,27,0.5,4.7,32,24
1997,8,28,0,5.52,35,22
1997,8,29,0,8.4,36,23
1997,8,30,0,5.83,36,24
1997,8,31,0,6.21,35,22
1997,9,1,0,3.3,34,22
1997,9,2,52.5,5.22,33,22
1997,9,3,5.5,3.43,29,22
1997,9,4,38.5,2.62,32,22
1997,9,5,74.5,1.82,28,22
1997,9,6,0.5,1.02,29,22
1997,9,7,0,4.81,31,22
1997,9,8,0,4.68,32,23
1997,9,9,0,4.35,34,22
1997,9,10,0,5.5,33,23
1997,9,11,0,2.98,32,23
1997,9,12,0,4.69,33,23
1997,9,13,3,4.2,32,23
1997,9,14,8.5,3.39,29,22
1997,9,15,0,4.52,32,22
1997,9,16,0,5.04,33,21
1997,9,17,0,4.54,33,22
1997,9,18,0,4.23,32,23
1997,9,19,0,2.96,31,22
1997,9,20,0,4.91,33,22
1997,9,21,1,2.95,32,23
1997,9,22,0,3.95,33,24
1997,9,23,0,6.4,35,24
1997,9,24,1.5,2.36,31,24
1997,9,25,2.5,1.2,28,24
1997,9,26,0,4.25,31,21
1997,9,27,0,3.76,33,20
1997,9,28,0,6.34,33,20
1997,9,29,0,4.2,33,21
1997,9,30,0,3.19,33,23
1997,10,1,0,3.21,33,25
1997,10,2,0,1.4,31,23
1997,10,3,0,3.35,32,22
1997,10,4,0,4.5,34,22
1997,10,5,12.5,5.19,33,21
1997,10,6,16.5,3.68,30,22
1997,10,7,7,3,30,22
1997,10,8,0,2.46,30,23
1997,10,9,30.5,2.07,31,24
1997,10,10,42.5,1.69,28,24
1997,10,11,3.5,1.31,NULO,NULO
1997,10,12,20.5,1.3,24,21
1997,10,13,39.5,1.29,24,15
1997,10,14,0,1.28,22,15
1997,10,15,0,3.47,24,15
1997,10,16,0,2.84,24,13
1997,10,17,0,3.34,26,14
1997,10,18,0,2.3,28,14
1997,10,19,0,4.33,29,15
1997,10,20,0,3.2,28,16
1997,10,21,0,3,29,13
1997,10,22,0,2.68,29,17
1997,10,23,0,3.57,30,19
1997,10,24,0,1.82,32,19
1997,10,25,0,3.39,34,19
1997,10,26,0.5,1.32,26,20
1997,10,27,0,3.09,24,16
1997,10,28,0.5,1,24,16
1997,10,29,0,1.5,27,17
1997,10,30,0,2.85,24,19
1997,10,31,0,2.92,30,19
1997,11,1,0,2.99,32,21
1997,11,2,0,1.56,29,20
1997,11,3,6.5,4.57,27,19
1997,11,4,0.5,1.34,25,19
1997,11,5,0,2.19,28,19
1997,11,6,0,0.27,27,18
1997,11,7,5.5,1.44,25,19
1997,11,8,0,0.94,23,19
1997,11,9,0,4.62,22,19
1997,11,10,10.5,2.51,20,16
1997,11,11,0,0.4,21,10
1997,11,12,0,3.15,27,13
1997,11,13,0,3.13,25,17
1997,11,14,0,1.85,28,21
1997,11,15,2.5,1.6,28,22
1997,11,16,4.5,1.35,13,11
1997,11,17,4,1.45,18,10
1997,11,18,0,0.49,26,12
1997,11,19,0,1.19,21,16
1997,11,20,0,2.03,27,16
1997,11,21,0,2.64,27,15
1997,11,22,0,1.32,22,18
1997,11,23,0,2.22,20,19
1997,11,24,0,1.05,27,17
1997,11,25,0,3.28,22,19
1997,11,26,0,0.36,28,12
1997,11,27,0,1.03,27,17
1997,11,28,0,2.35,28,18
1997,11,29,0,2.91,29,17
1997,11,30,0,5.16,29,17
1997,12,1,0,1.19,26,19
1997,12,2,0,3.11,29,19
1997,12,3,0,2.55,28,19
1997,12,4,0.5,1.86,22,18
1997,12,5,3,1.61,19,17
1997,12,6,1,1.02,21,16
1997,12,7,0,1.6,26,16
1997,12,8,0,1.89,30,17
1997,12,9,0,1.69,28,17
1997,12,10,0,2.48,25,17
1997,12,11,2.5,1.51,17,16
1997,12,12,6.5,1.21,17,9
1997,12,13,0,0.9,16,5
1997,12,14,0,2.06,20,4
1997,12,15,0,3.18,23,5
1997,12,16,0,2.22,25,10
1997,12,17,0,1.67,24,10
1997,12,18,0,1.36,23,11
1997,12,19,0,1.57,24,13
1997,12,20,0,2.56,27,15
1997,12,21,0,2.02,25,11
1997,12,22,0,1.15,23,13
1997,12,23,0,0.77,23,17
1997,12,24,0,1.83,22,15
1997,12,25,1,2.58,24,15
1997,12,26,0,1.44,22,9
1997,12,27,0,0.8,17,16
1997,12,28,0,0.89,20,16
1997,12,29,0,2.69,20,16
1997,12,30,0,2.78,21,10
1997,12,31,1.5,0.86,22,12
1998,1,1,0,NULO,22,13
1998,1,2,0,NULO,25,14
1998,1,3,0,NULO,26,16
1998,1,4,0,NULO,28,16
1998,1,5,0,NULO,28,16
1998,1,6,1.5,NULO,25,17
1998,1,7,0,NULO,26,16
1998,1,8,0,NULO,22,15
1998,1,9,0,NULO,21,15
1998,1,10,0,NULO,28,17
1998,1,11,0,NULO,27,17
1998,1,12,0,NULO,29,18
1998,1,13,5,NULO,29,18
1998,1,14,0.5,NULO,21,15
1998,1,15,0,NULO,25,12
1998,1,16,0,NULO,23,13
1998,1,17,0,NULO,24,15
1998,1,18,0,NULO,22,17
1998,1,19,0,NULO,25,19
1998,1,20,0,NULO,28,16
1998,1,21,0,NULO,27,16
1998,1,22,0,NULO,35,16
1998,1,23,0,NULO,22,15
1998,1,24,1.5,NULO,31,15
1998,1,25,0,NULO,24,15
1998,1,26,0,NULO,30,15
1998,1,27,0,NULO,25,16
1998,1,28,0,NULO,26,14
1998,1,29,0,NULO,32,13
1998,1,30,0,NULO,28,14
1998,1,31,0,NULO,30,17
1998,2,1,0,NULO,30,18
1998,2,2,0,NULO,24,15
1998,2,3,0,NULO,25,11
1998,2,4,0,NULO,25,12
1998,2,5,0,NULO,29,12
1998,2,6,0,NULO,20,13
1998,2,7,0,NULO,27,12
1998,2,8,0,NULO,30,15
1998,2,9,0,NULO,31,15
1998,2,10,0,NULO,36,15
1998,2,11,0,NULO,25,17
1998,2,12,0,NULO,30,16
1998,2,13,0.5,NULO,26,17
1998,2,14,9.5,NULO,31,15
1998,2,15,0,NULO,28,14
1998,2,16,0,NULO,23,15
1998,2,17,0,NULO,30,16
1998,2,18,0,NULO,31,14
1998,2,19,0,NULO,31,15
1998,2,20,0,NULO,24,19
1998,2,21,0,NULO,30,18
1998,2,22,0,NULO,31,17
1998,2,23,0,NULO,33,13
1998,2,24,0,NULO,31,13
1998,2,25,0,NULO,33,17
1998,2,26,0,NULO,35,16
1998,2,27,0,NULO,31,16
1998,2,28,0,NULO,30,20
1998,3,1,11.5,NULO,19,17
1998,3,2,0,NULO,21,14
1998,3,3,0,NULO,26,15
1998,3,4,0,NULO,31,17
1998,3,5,0,NULO,37,17
1998,3,6,0,NULO,33,20
1998,3,7,0,NULO,37,21
1998,3,8,0,NULO,27,18
1998,3,9,4.5,NULO,20,15
1998,3,10,4.5,NULO,16,13
1998,3,11,2.5,NULO,17,12
1998,3,12,6.5,NULO,18,12
1998,3,13,0.5,NULO,21,13
1998,3,14,0,NULO,26,16
1998,3,15,0,NULO,21,17
1998,3,16,0,NULO,33,18
1998,3,17,0,NULO,34,19
1998,3,18,0,NULO,33,21
1998,3,19,1.5,NULO,34,20
1998,3,20,2,NULO,23,20
1998,3,21,8,NULO,21,16
1998,3,22,0,NULO,22,15
1998,3,23,0,NULO,22,14
1998,3,24,0,NULO,31,15
1998,3,25,0,NULO,28,16
1998,3,26,0,NULO,31,20
1998,3,27,0,NULO,32,17
1998,3,28,0,NULO,34,18
1998,3,29,0,NULO,32,19
1998,3,30,0,NULO,37,20
1998,3,31,0,NULO,31,20
1998,4,1,0,NULO,30,16
1998,4,2,0,NULO,34,16
1998,4,3,0,NULO,32,16
1998,4,4,0,NULO,31,20
1998,4,5,0,NULO,27,21
1998,4,6,0,NULO,33,21
1998,4,7,0,NULO,32,21
1998,4,8,0,NULO,41,17
1998,4,9,0,NULO,33,15
1998,4,10,0,NULO,31,17
1998,4,11,0,NULO,31,14
1998,4,12,0,NULO,32,15
1998,4,13,0,NULO,37,18
1998,4,14,0,NULO,36,20
1998,4,15,0,NULO,42,23
1998,4,16,0,NULO,47,22
1998,4,17,0,NULO,35,22
1998,4,18,0,NULO,30,23
1998,4,19,10.5,NULO,26,20
1998,4,20,0,NULO,25,19
1998,4,21,0,NULO,25,19
1998,4,22,14.5,NULO,23,19
1998,4,23,0.5,NULO,23,18
1998,4,24,0,NULO,30,18
1998,4,25,0,NULO,31,18
1998,4,26,0,NULO,33,19
1998,4,27,0,NULO,35,20
1998,4,28,0,NULO,29,22
1998,4,29,0,NULO,31,19
1998,4,30,0,NULO,31,20
1998,5,1,0,NULO,35,20
1998,5,2,0,NULO,35,21
1998,5,3,0,NULO,31,22
1998,5,4,0,NULO,36,22
1998,5,5,0,NULO,39,23
1998,5,6,0,NULO,40,24
1998,5,7,0,NULO,42,24
1998,5,8,0,NULO,44,23
1998,5,9,0,NULO,40,19
1998,5,10,0,NULO,40,22
1998,5,11,0,NULO,37,23
1998,5,12,0,NULO,38,23
1998,5,13,0,NULO,37,24
1998,5,14,0,NULO,37,24
1998,5,15,0.5,NULO,36,24
1998,5,16,0,NULO,36,24
1998,5,17,0,NULO,35,22
1998,5,18,0,NULO,31,19
1998,5,19,0,NULO,31,19
1998,5,20,0,NULO,38,20
1998,5,21,0,NULO,38,22
1998,5,22,0,NULO,33,21
1998,5,23,0,NULO,31,21
1998,5,24,0,NULO,37,22
1998,5,25,0,NULO,36,23
1998,5,26,0,NULO,35,25
1998,5,27,0,NULO,35,23
1998,5,28,0,NULO,37,23
1998,5,29,0,NULO,37,23
1998,5,30,0,NULO,38,23
1998,5,31,0,NULO,38,24
1998,6,1,0,NULO,38,24
1998,6,2,0,NULO,38,25
1998,6,3,0,NULO,40,25
1998,6,4,0,NULO,43,26
1998,6,5,0,NULO,45,24
1998,6,6,0,NULO,37,25
1998,6,7,0,NULO,34,25
1998,6,8,0,NULO,39,23
1998,6,9,0,NULO,39,24
1998,6,10,0,NULO,38,24
1998,6,11,0,NULO,37,25
1998,6,12,0,NULO,37,24
1998,6,13,0,NULO,40,24
1998,6,14,0,NULO,41,24
1998,6,15,0,NULO,43,24
1998,6,16,0,NULO,41,25
1998,6,17,0,NULO,38,26
1998,6,18,0,NULO,37,24
1998,6,19,0,NULO,38,20
1998,6,20,0,NULO,39,24
1998,6,21,0,NULO,37,25
1998,6,22,0,NULO,31,24
1998,6,23,0,NULO,36,24
1998,6,24,0,NULO,37,24
1998,6,25,0,NULO,38,24
1998,6,26,0,NULO,40,24
1998,6,27,0,NULO,39,25
1998,6,28,0.5,NULO,39,24
1998,6,29,0,NULO,36,25
1998,6,30,0,NULO,36,24
1998,7,1,20.5,NULO,33,24
1998,7,2,0,NULO,36,23
1998,7,3,9.5,NULO,34,24
1998,7,4,0,NULO,36,23
1998,7,5,0,NULO,37,24
1998,7,6,0,NULO,38,24
1998,7,7,0,NULO,38,24
1998,7,8,0,NULO,38,24
1998,7,9,63.5,NULO,37,25
1998,7,10,0,NULO,32,25
1998,7,11,0,NULO,34,21
1998,7,12,0,NULO,38,20
1998,7,13,0,NULO,38,21
1998,7,14,9.5,NULO,37,25
1998,7,15,5.5,NULO,31,23
1998,7,16,0,NULO,32,22
1998,7,17,0,NULO,33,20
1998,7,18,0,NULO,34,21
1998,7,19,0,NULO,35,24
1998,7,20,0,NULO,36,24
1998,7,21,0,NULO,33,24
1998,7,22,0,NULO,35,24
1998,7,23,0,NULO,34,23
1998,7,24,0,NULO,34,23
1998,7,25,46.5,NULO,33,24
1998,7,26,14.5,NULO,31,23
1998,7,27,0,NULO,33,23
1998,7,28,7.5,NULO,33,22
1998,7,29,0.5,NULO,29,22
1998,7,30,0,NULO,33,23
1998,7,31,0,NULO,32,24
1998,8,1,30.5,NULO,33,23
1998,8,2,0,NULO,32,24
1998,8,3,0.5,NULO,32,24
1998,8,4,0,NULO,34,24
1998,8,5,0,NULO,33,24
1998,8,6,0,NULO,34,24
1998,8,7,0,NULO,33,23
1998,8,8,4.5,NULO,33,24
1998,8,9,0,NULO,31,22
1998,8,10,0,NULO,31,22
1998,8,11,0,NULO,34,21
1998,8,12,0,NULO,35,22
1998,8,13,0,NULO,35,23
1998,8,14,0,NULO,37,25
1998,8,15,0,NULO,36,25
1998,8,16,0,NULO,36,25
1998,8,17,0,NULO,36,25
1998,8,18,0,NULO,37,25
1998,8,19,0,NULO,37,24
1998,8,20,60.5,NULO,27,24
1998,8,21,14.5,NULO,29,22
1998,8,22,0,NULO,32,23
1998,8,23,0,NULO,34,24
1998,8,24,0,NULO,34,23
1998,8,25,0,NULO,34,25
1998,8,26,0,NULO,34,24
1998,8,27,0,NULO,33,24
1998,8,28,0,NULO,32,22
1998,8,29,21.5,NULO,32,22
1998,8,30,39.5,NULO,32,22
1998,8,31,0,NULO,32,23
1998,9,1,18.5,NULO,34,23
1998,9,2,0,NULO,29,23
1998,9,3,20.5,NULO,34,22
1998,9,4,77.5,NULO,28,23
1998,9,5,50.5,NULO,27,22
1998,9,6,20.5,NULO,27,24
1998,9,7,16.5,NULO,28,23
1998,9,8,18.5,NULO,31,22
1998,9,9,0.5,NULO,30,23
1998,9,10,0.5,NULO,29,23
1998,9,11,0.5,NULO,33,23
1998,9,12,3.5,NULO,32,24
1998,9,13,1.5,NULO,30,23
1998,9,14,4.5,NULO,32,24
1998,9,15,87.5,NULO,27,24
1998,9,16,58.5,NULO,27,23
1998,9,17,0,NULO,29,23
1998,9,18,19.5,NULO,28,23
1998,9,19,0,NULO,32,22
1998,9,20,0,NULO,33,23
1998,9,21,0,NULO,33,24
1998,9,22,18.5,NULO,33,24
1998,9,23,76.5,NULO,29,24
1998,9,24,23.5,NULO,26,22
1998,9,25,6,NULO,29,22
1998,9,26,0,NULO,31,22
1998,9,27,5,NULO,31,23
1998,9,28,39,NULO,29,24
1998,9,29,0,NULO,31,23
1998,9,30,0,NULO,31,23
1998,10,1,0,NULO,31,22
1998,10,2,2.5,NULO,25,23
1998,10,3,0,NULO,32,23
1998,10,4,0,NULO,33,23
1998,10,5,0,NULO,33,24
1998,10,6,115.5,NULO,34,20
1998,10,7,10.5,NULO,25,19
1998,10,8,0,NULO,23,16
1998,10,9,0,NULO,27,18
1998,10,10,0,NULO,29,19
1998,10,11,6.5,NULO,30,21
1998,10,12,3.5,NULO,27,21
1998,10,13,45.5,NULO,28,22
1998,10,14,9.5,NULO,26,21
1998,10,15,0,NULO,30,19
1998,10,16,0,NULO,29,20
1998,10,17,0,NULO,30,21
1998,10,18,2.5,NULO,34,22
1998,10,19,5.5,NULO,29,22
1998,10,20,6,NULO,24,21
1998,10,21,9.5,NULO,24,20
1998,10,22,6.5,NULO,21,18
1998,10,23,0.5,NULO,19,16
1998,10,24,0,NULO,22,16
1998,10,25,0,NULO,25,17
1998,10,26,11.5,NULO,28,18
1998,10,27,0,NULO,28,21
1998,10,28,0,NULO,29,20
1998,10,29,0,NULO,30,19
1998,10,30,0,NULO,28,20
1998,10,31,0,NULO,29,21
1998,11,1,0,NULO,30,21
1998,11,2,0,NULO,27,22
1998,11,3,0,NULO,29,21
1998,11,4,0.5,NULO,29,22
1998,11,5,8.5,NULO,26,18
1998,11,6,0,NULO,24,16
1998,11,7,0,NULO,27,17
1998,11,8,0,NULO,23,20
1998,11,9,0,NULO,29,21
1998,11,10,2.5,NULO,30,19
1998,11,11,1.5,NULO,21,18
1998,11,12,0,NULO,21,18
1998,11,13,0,NULO,29,19
1998,11,14,0,NULO,28,20
1998,11,15,0,NULO,24,19
1998,11,16,0,NULO,27,17
1998,11,17,0,NULO,27,17
1998,11,18,0,NULO,22,20
1998,11,19,0,NULO,28,21
1998,11,20,0.5,NULO,29,21
1998,11,21,1,NULO,23,21
1998,11,22,0,NULO,22,18
1998,11,23,7,NULO,27,18
1998,11,24,15.5,NULO,25,19
1998,11,25,0,NULO,28,19
1998,11,26,10.5,NULO,26,20
1998,11,27,0,NULO,27,20
1998,11,28,0,NULO,27,17
1998,11,29,0,NULO,27,17
1998,11,30,0,NULO,27,19
1998,12,1,0,NULO,27,19
1998,12,2,0,NULO,27,17
1998,12,3,0,NULO,27,17
1998,12,4,0,NULO,27,18
1998,12,5,0,NULO,28,20
1998,12,6,0,NULO,29,19
1998,12,7,0,NULO,28,19
1998,12,8,0.5,NULO,22,15
1998,12,9,0,NULO,23,12
1998,12,10,11.5,NULO,24,14
1998,12,11,5.5,NULO,19,14
1998,12,12,0.5,NULO,14,10
1998,12,13,0,NULO,20,11
1998,12,14,0,NULO,21,12
1998,12,15,0,NULO,22,12
1998,12,16,0,NULO,22,11
1998,12,17,0,NULO,24,15
1998,12,18,0,NULO,24,15
1998,12,19,0,NULO,25,15
1998,12,20,0,NULO,27,16
1998,12,21,0,NULO,27,17
1998,12,22,15.5,NULO,25,13
1998,12,23,1.5,NULO,20,10
1998,12,24,2.5,NULO,18,11
1998,12,25,0.5,NULO,14,8
1998,12,26,0,NULO,18,8
1998,12,27,0,NULO,24,11
1998,12,28,0,NULO,24,15
1998,12,29,0,NULO,24,17
1998,12,30,0,NULO,24,14
1998,12,31,0,NULO,25,15
1999,1,1,0,NULO,26,16
1999,1,2,0,NULO,25,15
1999,1,3,1.5,NULO,20,14
1999,1,4,1.5,NULO,17,11
1999,1,5,0,NULO,19,7
1999,1,6,0,NULO,24,9
1999,1,7,0,NULO,24,13
1999,1,8,0,NULO,26,15
1999,1,9,0.5,NULO,17,14
1999,1,10,0,NULO,17,10
1999,1,11,0,NULO,23,10
1999,1,12,0,NULO,25,12
1999,1,13,0,NULO,26,12
1999,1,14,0,NULO,26,14
1999,1,15,0,NULO,21,14
1999,1,16,0,NULO,25,15
1999,1,17,0,NULO,29,15
1999,1,18,0,NULO,28,15
1999,1,19,0,NULO,27,16
1999,1,20,0,NULO,27,16
1999,1,21,0,NULO,29,17
1999,1,22,0,NULO,34,14
1999,1,23,0,NULO,22,11
1999,1,24,0,NULO,25,10
1999,1,25,0,NULO,25,11
1999,1,26,0,NULO,26,12
1999,1,27,0,NULO,27,12
1999,1,28,0,NULO,27,14
1999,1,29,0,NULO,29,15
1999,1,30,0,NULO,21,16
1999,1,31,0,NULO,23,16
1999,2,1,0,NULO,26,17
1999,2,2,0,NULO,27,18
1999,2,3,0,NULO,28,17
1999,2,4,0,NULO,27,18
1999,2,5,0,NULO,28,20
1999,2,6,0,NULO,29,18
1999,2,7,0,NULO,29,17
1999,2,8,0,NULO,29,18
1999,2,9,0,NULO,28,14
1999,2,10,0,NULO,29,12
1999,2,11,39.5,NULO,20,16
1999,2,12,0,NULO,18,12
1999,2,13,0,NULO,28,15
1999,2,14,0,NULO,29,12
1999,2,15,0,NULO,27,11
1999,2,16,0,NULO,21,14
1999,2,17,0,NULO,28,17
1999,2,18,0,NULO,27,16
1999,2,19,0,NULO,27,18
1999,2,20,0,NULO,29,15
1999,2,21,0,NULO,23,12
1999,2,22,0,NULO,23,11
1999,2,23,0,NULO,22,12
1999,2,24,0,NULO,21,16
1999,2,25,0,NULO,26,16
1999,2,26,0,NULO,27,17
1999,2,27,0,NULO,29,17
1999,2,28,0,NULO,29,18
1999,3,1,0,2.94,26,17
1999,3,2,0,4.62,27,18
1999,3,3,0,1.17,28,17
1999,3,4,0,3.63,27,18
1999,3,5,0,4.18,28,20
1999,3,6,0,3.73,29,18
1999,3,7,0,3.54,29.5,17
1999,3,8,0,3.82,29,18
1999,3,9,0,2.59,28,19
1999,3,10,0,3.29,29,19
1999,3,11,0,2.42,28,18
1999,3,12,0,5.43,25,17
1999,3,13,0,7.03,22,15
1999,3,14,0,4.98,24,12
1999,3,15,0,2.66,27,11
1999,3,16,0,2.92,27,14
1999,3,17,0,2.08,28,17
1999,3,18,0,3.72,27,16
1999,3,19,0,1.52,27,18
1999,3,20,0,4.09,29,15
1999,3,21,0,0.35,23,12
1999,3,22,5.5,3.38,23,11
1999,3,23,0,3.22,22,12
1999,3,24,0,4.05,27,16
1999,3,25,0,3.14,26,16
1999,3,26,0,3.91,27,17
1999,3,27,0,3.08,29,17
1999,3,28,0,5.52,29,18
1999,3,29,0,5.37,31,17
1999,3,30,0,5.24,29,17
1999,3,31,0,1.67,31,17
1999,4,1,0,5.52,29,19
1999,4,2,0,6.43,31,17
1999,4,3,0,4.83,25,18
1999,4,4,0,4.13,28,17
1999,4,5,0,5.44,32,17
1999,4,6,0,3.91,29,20
1999,4,7,0,3.82,28,19
1999,4,8,0,7.46,30,17
1999,4,9,0,8.08,30,19
1999,4,10,0,3.82,30,19
1999,4,11,0,5.08,31,20
1999,4,12,0.1,6.66,31,20
1999,4,13,0,4.29,31,18
1999,4,14,0,6.09,26,17
1999,4,15,0,8.35,27,13
1999,4,16,0.5,1.55,26,12
1999,4,17,5.5,3.56,27,15
1999,4,18,0,2.35,27,16
1999,4,19,0,6.04,28,19
1999,4,20,0,3.92,27,19
1999,4,21,0,7.22,23,19
1999,4,22,0,6.57,27,17
1999,4,23,0,6.53,31,18
1999,4,24,0,3.55,31,18
1999,4,25,0,2.81,30,21
1999,4,26,0,6.53,30,21
1999,4,27,0,6.75,31,21
1999,4,28,0,2.05,33,19
1999,4,29,0,4.67,31,17
1999,4,30,0,2.33,29,17
1999,5,1,0,8.03,29,19
1999,5,2,0,9.4,31,17
1999,5,3,0,5.33,25,18
1999,5,4,0,8.61,28,17
1999,5,5,0,9.8,32,17
1999,5,6,0,5.58,29,20
1999,5,7,0,11.29,28,19
1999,5,8,0,6.46,30,17
1999,5,9,0,5.7,30,19
1999,5,10,0,5.68,30,19
1999,5,11,0,6.23,31,20
1999,5,12,0,6.51,31,20
1999,5,13,0,8.3,31,18
1999,5,14,0,7.14,26,15
1999,5,15,0,9.86,27,12
1999,5,16,0,3.85,26,12
1999,5,17,0,7.1,27,15
1999,5,18,0,3.32,27,16
1999,5,19,7.5,3.42,28,19
1999,5,20,0,3.28,27,18
1999,5,21,0,3.36,23,19
1999,5,22,0,6.61,21,17
1999,5,23,0,6.64,31,18
1999,5,24,0,8.21,31,18
1999,5,25,0,4.86,30,21
1999,5,26,0,6.65,30,21
1999,5,27,0,5.63,31,21
1999,5,28,30.5,10.73,33,19
1999,5,29,0,4.2,31,17
1999,5,30,0,8.65,29,17
1999,5,31,0,8.48,31,17
1999,6,1,0,5.98,32,15
1999,6,2,0,7.45,30,15
1999,6,3,0,6.2,36,23
1999,6,4,0,7.91,37,23
1999,6,5,0,7.12,36,23
1999,6,6,0,6.22,36,22
1999,6,7,0,8.78,36,23
1999,6,8,0,8.21,36,23
1999,6,9,0,6.97,32,22
1999,6,10,0,6.04,36,23
1999,6,11,0,9.69,38,22
1999,6,12,0,6.43,38,23
1999,6,13,0,6.5,38,23
1999,6,14,0,6.87,35,23
1999,6,15,0.5,5.11,35,23
1999,6,16,0,4.14,35,23
1999,6,17,19.5,6.15,30,23
1999,6,18,28.5,8.16,26,22
1999,6,19,7.5,3.6,29,22
1999,6,20,0.5,0.08,32,21
1999,6,21,0,5.46,32,23
1999,6,22,0,6.22,33,23
1999,6,23,0,4.84,34,22
1999,6,24,0,4.61,32,23
1999,6,25,0,5.39,35,24
1999,6,26,0,5.43,32,22
1999,6,27,0,6.93,36,24
1999,6,28,0,4.23,35,24
1999,6,29,0,16.75,32,23
1999,6,30,0,7.09,32,24
1999,7,1,0,4.71,34,24
1999,7,2,35.5,4.22,37,24
1999,7,3,38.5,3.84,28,23
1999,7,4,8.5,7.45,28,22
1999,7,5,25.5,6.18,29,23
1999,7,6,24.5,5.94,25,21
1999,7,7,9.5,4.33,31,20
1999,7,8,0,5.43,32,21
1999,7,9,0,5.84,32,22
1999,7,10,0,4.72,32,22
1999,7,11,15.5,6.47,32,22
1999,7,12,94.5,7.18,24,22
1999,7,13,0,4.55,34,21
1999,7,14,0,3.09,32,22
1999,7,15,0,4.89,32,21
1999,7,16,6.5,9.74,32,22
1999,7,17,7.5,4,32,21
1999,7,18,7.5,3.07,30,22
1999,7,19,0.5,1.93,30,22
1999,7,20,5.5,4.6,30,22
1999,7,21,74.5,3.41,29,21
1999,7,22,0,5.21,31,21
1999,7,23,0,3.59,32,22
1999,7,24,0,4.11,32,21
1999,7,25,0,5.33,32,21
1999,7,26,0,2.37,32,22
1999,7,27,0,3.72,32,24
1999,7,28,0,3.82,33,22
1999,7,29,0,4.61,33,22
1999,7,30,0,3.73,33,23
1999,7,31,0,3.84,33,22
1999,8,1,0,4.73,37,23
1999,8,2,0,3.99,33,22
1999,8,3,4.5,4.98,32,22
1999,8,4,0,5.08,33,21
1999,8,5,0,6.34,33,22
1999,8,6,0,5.91,34,23
1999,8,7,0,3.95,33,22
1999,8,8,0.5,1.18,33,23
1999,8,9,0,3.81,32,21
1999,8,10,0,5.62,33,22
1999,8,11,0,2.62,32,23
1999,8,12,0,4.64,32,22
1999,8,13,0,4.56,34,22
1999,8,14,0,6,33,22
1999,8,15,0,3.06,34,22
1999,8,16,0,3.46,32,23
1999,8,17,10.5,3.98,31,21
1999,8,18,11.5,3.92,32,22
1999,8,19,22.5,3.62,30,21
1999,8,20,18.5,5.42,31,21
1999,8,21,0,4.71,33,21
1999,8,22,0,5.73,34,21
1999,8,23,0,4.04,34,22
1999,8,24,0,4.05,33,23
1999,8,25,12.5,3.67,31,24
1999,8,26,0,1.75,32,23
1999,8,27,5.5,4.15,32,23
1999,8,28,0,1.43,31,23
1999,8,29,0,5.45,32,23
1999,8,30,0,1.64,30,21
1999,8,31,0,3.25,32,21
1999,9,1,0,NULO,33,22
1999,9,2,64.5,NULO,34,23
1999,9,3,6.5,NULO,31,24
1999,9,4,46.5,NULO,30,23
1999,9,5,0,NULO,28,23
1999,9,6,1.5,NULO,31,22
1999,9,7,6.5,NULO,30,23
1999,9,8,0,NULO,38,22
1999,9,9,3.5,NULO,30,21
1999,9,10,0,NULO,31,22
1999,9,11,0,NULO,32,21
1999,9,12,3.5,NULO,32,22
1999,9,13,6.5,NULO,31,22
1999,9,14,85.5,NULO,30,22
1999,9,15,0.5,NULO,30,22
1999,9,16,24.5,NULO,28,21
1999,9,17,6.5,NULO,28,21
1999,9,18,0,NULO,30,21
1999,9,19,0,NULO,31,20
1999,9,20,0,NULO,32,21
1999,9,21,0,NULO,32,21
1999,9,22,22.5,NULO,31,20
1999,9,23,0,NULO,29,21
1999,9,24,0,NULO,30,22
1999,9,25,0,NULO,31,21
1999,9,26,0,NULO,32,22
1999,9,27,0,NULO,32,21
1999,9,28,97.5,NULO,28,22
1999,9,29,47.5,NULO,29,21
1999,9,30,8.5,NULO,26,19
1999,10,1,2.5,NULO,24,16
1999,10,2,0,NULO,29,18
1999,10,3,0,NULO,32,22
1999,10,4,23.5,NULO,29,22
1999,10,5,114.5,NULO,25,19
1999,10,6,9.5,NULO,22,18
1999,10,7,0,NULO,27,18
1999,10,8,0.5,NULO,30,20
1999,10,9,53.5,NULO,28,19
1999,10,10,0,NULO,26,21
1999,10,11,0,NULO,27,21
1999,10,12,11.5,NULO,27,20
1999,10,13,0,NULO,29,20
1999,10,14,0,NULO,29,19
1999,10,15,0,NULO,29,19
1999,10,16,0,NULO,31,20
1999,10,17,17.5,NULO,30,19
1999,10,18,1.5,NULO,24,15
1999,10,19,0,NULO,23,14
1999,10,20,0,NULO,23,15
1999,10,21,0,NULO,26,12
1999,10,22,0,NULO,26,14
1999,10,23,0,NULO,27,18
1999,10,24,0,NULO,28,22
1999,10,25,0,NULO,28,24
1999,10,26,0,NULO,27,25
1999,10,27,0,NULO,26,21
1999,10,28,0,NULO,27,16.5
1999,10,29,0,NULO,27,16
1999,10,30,0,NULO,28,17
1999,10,31,0,NULO,24,18
1999,12,1,7.5,NULO,19,15
1999,12,2,0,NULO,25,12
1999,12,3,0,NULO,25,12
1999,12,4,0,NULO,27,16
1999,12,5,0,NULO,27,15
1999,12,6,0,NULO,21,13
1999,12,7,0,NULO,24,12
1999,12,8,0,NULO,25,15
1999,12,9,0,NULO,27,15
1999,12,10,0,NULO,22,16
1999,12,11,0,NULO,20,14
1999,12,12,0,NULO,27,15
1999,12,13,0,NULO,26,14
1999,12,14,0,NULO,25,12
1999,12,15,0,NULO,18,14
1999,12,16,0,NULO,17,12
1999,12,17,0,NULO,24,12
1999,12,18,0,NULO,25,12
1999,12,19,0,NULO,25,11
1999,12,20,0,NULO,25,12
1999,12,21,0,NULO,17,13
1999,12,22,5.5,NULO,15,11
1999,12,23,9.5,NULO,13,11
1999,12,24,0.5,NULO,12,10
1999,12,25,0,NULO,17,10
1999,12,26,3.5,NULO,21,12
1999,12,27,0,NULO,24,15
1999,12,28,0,NULO,25,16
1999,12,29,0,NULO,22,12
1999,12,30,0,NULO,24,13
1999,12,31,0,NULO,26,14
2000,1,1,0,1.85,24,15
2000,1,2,0,0.84,27,11
2000,1,3,0,1.49,28,12
2000,1,4,0,1.65,19,8
2000,1,5,0,2.1,20,7
2000,1,6,0,2.35,24,8
2000,1,7,0,1.15,25,12
2000,1,8,0,0.92,25,16
2000,1,9,0,1.41,27,17
2000,1,10,0,1.55,27,18
2000,1,11,0,1.89,28,17
2000,1,12,0,1.13,26,16
2000,1,13,0,0.88,26,17
2000,1,14,8.5,1.46,25,18
2000,1,15,2.5,0.65,20,18
2000,1,16,0,1.42,23,17
2000,1,17,0,2.03,25,14
2000,1,18,0,2.38,26,14
2000,1,19,0,3.51,27,15
2000,1,20,0,1.17,26,12
2000,1,21,0,2.32,26,13
2000,1,22,0,2.17,27,16
2000,1,23,0,1.99,25,16
2000,1,24,0,1.44,26,17
2000,1,25,0,1.14,25,17
2000,1,26,0,2.29,27,17
2000,1,27,0,1.69,23,17
2000,1,28,2.5,1.52,23,13
2000,1,29,3.5,0.71,19,12
2000,1,30,1.5,1.51,16,10
2000,1,31,0,1.65,22,10
2000,2,1,0,1.94,26,11
2000,2,2,0.5,1.78,25,14
2000,2,3,0,0.87,18,11
2000,2,4,0,2.71,25,11
2000,2,5,0,0.91,20,12
2000,2,6,0,3.62,25,14
2000,2,7,0,2.54,27,12
2000,2,8,0,1.49,27,13
2000,2,9,0,3.83,27,15
2000,2,10,0,3.38,29,14
2000,2,11,0,2.78,21,13
2000,2,12,0,2.78,21,13
2000,2,13,0,3.27,29,14
2000,2,14,0,2.98,31,16
2000,2,15,0,2.77,31,18
2000,2,16,0,2.56,29,19
2000,2,17,0,1.35,24,18
2000,2,18,0,3.22,30,18
2000,2,19,2.5,3.16,31,20
2000,2,20,15.5,2.66,23,16
2000,2,21,0,1.28,25,15
2000,2,22,0,1.56,27,16
2000,2,23,0,2.17,28,17
2000,2,24,0,1.78,30,18
2000,2,25,0,2.22,30,19
2000,2,26,0,3.06,31,19
2000,2,27,1.5,1.23,21,18
2000,2,28,0,2.68,28,16
2000,2,29,0,2.09,29,17
2000,3,1,0,1.9,30,18
2000,3,2,0,3.33,29,19
2000,3,3,0,3.37,31,16
2000,3,4,0,2.85,30,17
2000,3,5,0,2.13,28,18
2000,3,6,1.5,2.38,30,19
2000,3,7,0,2.85,31,20
2000,3,8,0,1.48,32,20
2000,3,9,0,1.93,32,21
2000,3,10,0,4.14,32,18
2000,3,11,0.5,2.93,30,18
2000,3,12,0.5,2.14,23,16
2000,3,13,0,1,29,17
2000,3,14,0,3.38,27,18
2000,3,15,0,2.82,32,20
2000,3,16,0,3.84,34,17
2000,3,17,0,0.64,28,20
2000,3,18,0,3.51,31,19
2000,3,19,0,2.99,29,21
2000,3,20,0,1.16,26,18
2000,3,21,0,3.69,35,19
2000,3,22,0,1.64,25,19
2000,3,23,0,3.31,33,21
2000,3,24,0,2.78,33,20
2000,3,25,0,3.91,31,21
2000,3,26,0,2.57,34,21
2000,3,27,0,2.52,37,21
2000,3,28,0,3.01,34,23
2000,3,29,0,6.84,42,22
2000,3,30,0,4.49,39,20
2000,3,31,0,3.48,31,21
2000,4,1,0,4.03,34,22
2000,4,2,0,4.3,36,23
2000,4,3,0,2.62,27,24
2000,4,4,0,2.55,25,20
2000,4,5,0,4.71,30,18
2000,4,6,0,4.75,33,15
2000,4,7,0,4.1,35,17
2000,4,8,0,3.76,29,18
2000,4,9,0,0.67,27,17
2000,4,10,0,4.73,32,17
2000,4,11,0,5.88,35,18
2000,4,12,21.5,3.74,34,20
2000,4,13,0,1.6,25,17
2000,4,14,0,3.63,32,18
2000,4,15,0,3.97,32,19
2000,4,16,0,3.52,35,22
2000,4,17,0,3.19,30,23
2000,4,18,0,4.67,35,20
2000,4,19,0,1.99,36,20
2000,4,20,0,5.71,32,21
2000,4,21,0,5.37,34,22
2000,4,22,0,4,35,19
2000,4,23,0,5.22,42,19
2000,4,24,0,4.51,41,20
2000,4,25,0,4.18,38,21
2000,4,26,0,1.13,36,24
2000,4,27,0,2.79,33,22
2000,4,28,0,3.67,35,20
2000,4,29,0,4.45,36,20
2000,4,30,0,2.1,34,21
2000,5,1,0,3.49,35,21
2000,5,2,31.5,NULO,34,22
2000,5,3,0,1.42,33,20
2000,5,4,0,NULO,34,21
2000,5,5,0,NULO,32,23
2000,5,6,0,NULO,35,23
2000,5,7,0,NULO,36,22
2000,5,8,0,NULO,35,22
2000,5,9,0,NULO,32,23
2000,5,10,0,NULO,37,23
2000,5,11,0,NULO,38,24
2000,5,12,0,NULO,38,24
2000,5,13,3.5,NULO,31,26
2000,5,14,2.5,NULO,34,21
2000,5,15,0,NULO,35,22
2000,5,16,0,NULO,36,22
2000,5,17,0,NULO,35,21
2000,5,18,0,NULO,36,23
2000,5,19,0,NULO,36,23
2000,5,20,5.5,NULO,33,24
2000,5,21,1.5,NULO,30,22
2000,5,22,0,NULO,37,22
2000,5,23,0,NULO,39,23
2000,5,24,0,NULO,39,24
2000,5,25,0,NULO,39,23
2000,5,26,0,NULO,38,25
2000,5,27,67.5,NULO,32,24
2000,5,28,0,NULO,33,21
2000,5,29,0,NULO,32,22
2000,5,30,0,NULO,32,22
2000,5,31,0,NULO,32,22
2000,6,1,1.5,3.26,34,23
2000,6,2,0,1.15,38,23
2000,6,3,0,12.13,35,23
2000,6,4,0,6.01,35,23
2000,6,5,0,NULO,35,23
2000,6,6,9.5,NULO,24,23
2000,6,7,24.5,NULO,27,22
2000,6,8,0,NULO,32,21
2000,6,9,0,NULO,34,22
2000,6,10,0,NULO,33,24
2000,6,11,95.5,NULO,31,24
2000,6,12,5.5,NULO,29,22
2000,6,13,0,NULO,31,22
2000,6,14,6.5,NULO,33,23
2000,6,15,0,NULO,31,23
2000,6,16,0,NULO,33,22
2000,6,17,0,NULO,33,23
2000,6,18,0,NULO,31,23
2000,6,19,7.5,NULO,34,23
2000,6,20,76.5,NULO,28,22
2000,6,21,7.5,NULO,28,21
2000,6,22,0,NULO,30,22
2000,6,23,0,NULO,32,23
2000,6,24,0,NULO,32,22
2000,6,25,0,NULO,33,22
2000,6,26,0.5,NULO,32,23
2000,6,27,9.5,NULO,32,22
2000,6,28,0,NULO,31,21
2000,6,29,0,NULO,31,22
2000,6,30,0,NULO,31,22
2000,7,1,0,2.88,33,19
2000,7,2,0,4.69,33,23
2000,7,3,0,1.34,32,22
2000,7,4,0,4.67,33,24
2000,7,5,0,1.93,32,21
2000,7,6,2.5,2.36,32,22
2000,7,7,0,3,39,21
2000,7,8,0,3.2,33,22
2000,7,9,1.5,3.11,34,21
2000,7,10,0,2.04,30,22
2000,7,11,0,1.81,32,22
2000,7,12,0,1.61,33,21
2000,7,13,0,3.47,33,22
2000,7,14,0,4.16,34,22
2000,7,15,0,3.27,35,23
2000,7,16,0,1.34,35,23
2000,7,17,0,1.77,34,23
2000,7,18,8.5,7.09,34,23
2000,7,19,2.5,5.06,32,22
2000,7,20,0,1.76,33,21
2000,7,21,0,4.29,34,22
2000,7,22,0,3.82,35,20
2000,7,23,0,3.12,35,22
2000,7,24,0,5.54,34,23
2000,7,25,0,NULO,35,23
2000,7,26,0,NULO,34,22
2000,7,27,0,5.87,33,22
2000,7,28,0.5,3.56,32,22
2000,7,29,0,4.14,33,21
2000,7,30,0,4.53,34,22
2000,7,31,0,5.4,34,23
2000,8,1,0,NULO,34,23
2000,8,2,0,NULO,35,23
2000,8,3,0,NULO,34,22
2000,8,4,13.5,NULO,33,21
2000,8,5,0.5,NULO,32,22
2000,8,6,0,NULO,34,22
2000,8,7,0,NULO,30,24
2000,8,8,72.5,NULO,34,22
2000,8,9,9.5,NULO,34,22
2000,8,10,0,NULO,34,22
2000,8,11,0,NULO,34,21
2000,8,12,0,NULO,33,21
2000,8,13,0,NULO,34,22
2000,8,14,0,NULO,35,22
2000,8,15,2.5,NULO,30,22
2000,8,16,0.5,NULO,32,21
2000,8,17,0,NULO,33,20
2000,8,18,0,NULO,33,21
2000,8,19,0,NULO,33,22
2000,8,20,0,NULO,34,22
2000,8,21,2.5,NULO,33,21
2000,8,22,24.5,NULO,31,20
2000,8,23,0,NULO,34,21
2000,8,24,0,NULO,32,22
2000,8,25,0,NULO,33,22
2000,8,26,49.5,NULO,33,22
2000,8,27,0,NULO,33,22
2000,8,28,0,NULO,34,22
2000,8,29,0,NULO,33,22
2000,8,30,0,NULO,33,22
2000,8,31,0,NULO,34,22
2000,9,1,3.5,NULO,35,23
2000,9,2,0,NULO,33,22
2000,9,3,0,NULO,30,22
2000,9,4,0,NULO,34,21
2000,9,5,0,NULO,36,22
2000,9,6,0,NULO,38,21
2000,9,7,0,NULO,33,22
2000,9,8,0,NULO,36,21
2000,9,9,0,NULO,34,22
2000,9,10,0,NULO,36,25
2000,9,11,0,NULO,36,24
2000,9,12,0,NULO,30,25
2000,9,13,0.5,NULO,30,23
2000,9,14,0,NULO,31,22
2000,9,15,46.5,NULO,30,22
2000,9,16,57.5,NULO,31,22
2000,9,17,20.5,NULO,26,22
2000,9,18,25.5,NULO,26,21
2000,9,19,0,NULO,30,21
2000,9,20,0,NULO,33,21
2000,9,21,0,NULO,32,21
2000,9,22,0,NULO,33,23
2000,9,23,0,NULO,33,24
2000,9,24,0,NULO,34,25
2000,9,25,67.5,NULO,30,24
2000,9,26,0,NULO,27,20
2000,9,27,0,NULO,29,17
2000,9,28,0,NULO,27,18
2000,9,29,0,NULO,29,16
2000,9,30,0,NULO,26,17
2000,10,1,0,2.19,31,18
2000,10,2,0,2.61,31,20
2000,10,3,14,6.86,31,21
2000,10,4,0.5,0.11,27,21
2000,10,5,1.5,0.71,30,22
2000,10,6,10.5,6.64,29,19
2000,10,7,25.5,4.46,24,15
2000,10,8,12.5,13.69,22,12
2000,10,9,3.5,5.68,22,12
2000,10,10,0,3.11,17,9
2000,10,11,3.5,10.32,20,12
2000,10,12,0,0.41,26,14
2000,10,13,0,2.42,28,18
2000,10,14,0,2.15,30,20
2000,10,15,0,1.96,29,17
2000,10,16,0,2.99,30,19
2000,10,17,0,2.1,30,20
2000,10,18,0,1.71,30,21
2000,10,19,0,3.01,28,18
2000,10,20,0,2.57,29,18
2000,10,21,0,1.73,28,19
2000,10,22,0,1.55,30,20
2000,10,23,1,1.6,30,21
2000,10,24,0,0.87,29,19
2000,10,25,0,2.1,28,19
2000,10,26,0,1.63,29,20
2000,10,27,0,3,30,19
2000,10,28,0,2.38,29,20
2000,10,29,0,1.36,29,21
2000,10,30,0,2.4,30,20
2000,10,31,0,1.89,30,20
2000,11,1,0,3.77,30,20
2000,11,2,0,0.81,30,22
2000,11,3,0,3.86,31,22
2000,11,4,0,1.47,30,20
2000,11,5,0,1.67,29,20
2000,11,6,0,0.46,30,20
2000,11,7,0,1.91,32,20
2000,11,8,0,1.91,27,16
2000,11,9,0,3.86,21,14
2000,11,10,0,0.68,24,15
2000,11,11,0,1.45,30,16
2000,11,12,0,1.03,30,20
2000,11,13,0.5,2.44,27,16
2000,11,14,2.5,0.06,23,13
2000,11,15,0,0.54,25,13
2000,11,16,0,1.37,29,15
2000,11,17,0.5,1.76,27,18
2000,11,18,2.5,2.21,24,14
2000,11,19,0.5,0.05,17,12
2000,11,20,0,1.16,27,12
2000,11,21,5.5,0.53,17,13
2000,11,22,0,0.89,24,13
2000,11,23,0,0.88,27,15
2000,11,24,0,2.48,19,16
2000,11,25,0,0.54,17,16
2000,11,26,0.5,0.33,22,16
2000,11,27,8.5,2.69,24,18
2000,11,28,0,1.65,26,18
2000,11,29,0,1.02,28,18
2000,11,30,0,2.91,27,20
2000,12,1,0,0.28,28,16
2000,12,2,19.5,3.17,22,14
2000,12,3,6.5,1.01,19,10
2000,12,4,8.5,6.39,14,11
2000,12,5,0,8.15,17,11
2000,12,6,0,1.85,25,12
2000,12,7,0,1,21,12
2000,12,8,0,2.56,24,10
2000,12,9,0,2.25,25,11
2000,12,10,0,0.72,26,13
2000,12,11,0,1.82,27,14
2000,12,12,1,0.2,23,17
2000,12,13,0,0.55,24,13
2000,12,14,8.5,0.07,19,14
2000,12,15,0,1.17,25,17
2000,12,16,0,3.17,27,15
2000,12,17,0,1.68,22,15
2000,12,18,0,0.79,27,11
2000,12,19,0,3.49,20,8
2000,12,20,0,1.66,23,10
2000,12,21,0,1.96,25,8
2000,12,22,0,1.93,22,11
2000,12,23,0,1.62,25,10
2000,12,24,0,1.07,25,11
2000,12,25,0,1.35,25,15
2000,12,26,0,0.59,25,14
2000,12,27,0.5,0.28,18,10
2000,12,28,0.5,0.6,16,8
2000,12,29,0,2.07,17,9
2000,12,30,0,0.3,17,10
2000,12,31,0,0.9,19,11
2001,1,1,0.5,0.16,18,11
2001,1,2,9.5,1.16,14,10
2001,1,3,1.5,0.08,12,7
2001,1,4,0,0.78,11,8
2001,1,5,0,1.04,24,9
2001,1,6,0,1.68,26,10
2001,1,7,0,1.27,27,14
2001,1,8,0,1.51,19,12
2001,1,9,6.5,0.63,18,12
2001,1,10,0,1.18,21,12
2001,1,11,0,0.12,23,13
2001,1,12,0,2.57,25,15
2001,1,13,0,1.22,26,16
2001,1,14,0,0.14,24,17
2001,1,15,0,4.47,27,18
2001,1,16,0,1.51,28,16
2001,1,17,5.5,1.03,19,12
2001,1,18,0,1.03,18,8
2001,1,19,0,0.42,11,8
2001,1,20,0,1.51,18,9
2001,1,21,0,1.4,19,11
2001,1,22,0,1.94,21,10
2001,1,23,0,1.81,21,11
2001,1,24,0,0.4,21,11
2001,1,25,0,2.91,25,14
2001,1,26,0,1.93,24,15
2001,1,27,0,1.91,26,16
2001,1,28,0,1.62,29,17
2001,1,29,0,1.74,22,16
2001,1,30,0,1.84,27,16
2001,1,31,0,2.16,24,16
2001,2,1,3.5,1.01,22,13
2001,2,2,5.5,0.98,14,12
2001,2,3,0,0.54,15,8
2001,2,4,0,1.12,22,9
2001,2,5,0.5,0.52,22,13
2001,2,6,0,3.01,27,13
2001,2,7,0,3.48,26,14
2001,2,8,0,2.11,26,16
2001,2,9,3.5,1.3,27,11.5
2001,2,10,0,2.19,18,12
2001,2,11,0,0.74,25,13
2001,2,12,0,2.52,25,16
2001,2,13,0,2.71,24,16
2001,2,14,0,3.31,28,17
2001,2,15,0,1.25,30,18
2001,2,16,0,1.85,25,20
2001,2,17,0,2.01,25,16
2001,2,18,0,0.36,21,14
2001,2,19,0,2.69,25,15
2001,2,20,0,1.68,28,16
2001,2,21,0,2.75,29,17
2001,2,22,0,0.93,28,18
2001,2,23,0,1.4,29,18
2001,2,24,0,2.28,32,18
2001,2,25,0,2.15,30,19
2001,2,26,1.5,1.88,29,20
2001,2,27,0,1.11,30,19
2001,2,28,0,2.97,30,19
2001,3,1,0,0.62,20,19
2001,3,2,0,1.31,20,19
2001,3,3,0,0.63,25,16
2001,3,4,0,2.95,30,14
2001,3,5,0.5,2.64,26,14
2001,3,6,0,0.87,29,16
2001,3,7,0,3.7,28,16
2001,3,8,0,2.64,32,15
2001,3,9,0,1.73,33,16
2001,3,10,0,3.53,34,19
2001,3,11,0,2.56,35,19
2001,3,12,0,4.95,39,20
2001,3,13,0,3.32,33,18
2001,3,14,0,3.96,34,20
2001,3,15,0,2.91,33,21
2001,3,16,0,4.03,29,20
2001,3,17,0,1.9,26,19
2001,3,18,7.5,1.9,28,19
2001,3,19,3.5,4.19,20,16
2001,3,20,0,3.64,22,13
2001,3,21,0,1.43,29,11
2001,3,22,0,3.14,30,12
2001,3,23,0,2.9,32,13
2001,3,24,0,3.83,30,17
2001,3,25,3.5,2.93,28,18
2001,3,26,0,1.08,23,16
2001,3,27,0,1.81,29,17
2001,3,28,0,4.06,31,19
2001,3,29,0,4.24,35,20
2001,3,30,0,4.05,34,21
2001,3,31,0,2.61,33,19
2001,4,1,0,2.82,32,19
2001,4,2,0,4.09,34,21
2001,4,3,0,3.26,36,21
2001,4,4,0,2.87,34,22
2001,4,5,0,3.01,36,20
2001,4,6,0,3.98,30,22
2001,4,7,0,4.79,36,20
2001,4,8,0,4.1,34,20
2001,4,9,0,5.52,36,20
2001,4,10,0,4.55,36,21
2001,4,11,0,4.48,40,22
2001,4,12,0,0.31,37,23
2001,4,13,0,7.88,36,23
2001,4,14,0,4.42,35,22
2001,4,15,0,3.7,37,21
2001,4,16,0,3.28,35,23
2001,4,17,0,5.39,39,21
2001,4,18,17.5,9.48,33,22
2001,4,19,0,1.5,37,18
2001,4,20,0,3.09,31,19
2001,4,21,0,3.34,38,21
2001,4,22,0,2.26,34,22
2001,4,23,0,3.05,34,20
2001,4,24,0,3.45,30,22
2001,4,25,14.5,1.29,37,20
2001,4,26,1.5,0.32,23,19
2001,4,27,1.5,0.26,20,17
2001,4,28,0,2.7,26,17
2001,4,29,0,2.39,29,18
2001,4,30,0,2.92,32,18
2001,5,1,0,NULO,33,18
2001,5,2,0,NULO,32,21
2001,5,3,0,NULO,29,22
2001,5,4,0,NULO,32,21
2001,5,5,0,NULO,30,21
2001,5,6,4.5,NULO,32,22
2001,5,7,6.5,NULO,34,20
2001,5,8,20.5,NULO,32,21
2001,5,9,0,NULO,31,19
2001,5,10,0,NULO,32,18
2001,5,11,0,NULO,33,19
2001,5,12,27.5,NULO,30,20
2001,5,13,13.5,NULO,31,19
2001,5,14,0,NULO,31,20
2001,5,15,0,NULO,32,19
2001,5,16,0,NULO,34,19
2001,5,17,0,NULO,35,21
2001,5,18,0,NULO,35,22
2001,5,19,0,NULO,32,23
2001,5,20,0,NULO,37,23
2001,5,21,2.5,NULO,38,22
2001,5,22,70.5,NULO,26,23
2001,5,23,0,NULO,29,20
2001,5,24,0,NULO,32,21
2001,5,25,0,NULO,33,21
2001,5,26,0,NULO,32,22
2001,5,27,0,NULO,33,22
2001,5,28,0,NULO,34,22
2001,5,29,0,NULO,34,22
2001,5,30,0,NULO,35,23
2001,5,31,0,NULO,35,24
2001,6,1,0,3.61,35,23
2001,6,2,0,4.02,35,23
2001,6,3,0,4.13,35,23
2001,6,4,0,2.63,36,24
2001,6,5,0,5.38,37,24
2001,6,6,0,4.47,37,25
2001,6,7,0,5.59,38,25
2001,6,8,0,2.57,35,24
2001,6,9,0,4.11,38,24
2001,6,10,0,4.82,37,24
2001,6,11,0,5.64,39,24
2001,6,12,0,5.47,39,24
2001,6,13,0,4.84,39,24
2001,6,14,0,4.44,41,25
2001,6,15,0,2.62,37,25
2001,6,16,3.5,5.6,34,22
2001,6,17,0,1.2,33,22
2001,6,18,0,3.06,35,20
2001,6,19,0,4.75,35,20
2001,6,20,0,3.12,35,21
2001,6,21,0,2.99,34,22
2001,6,22,0,2.17,35,23
2001,6,23,0,4.82,35,22
2001,6,24,0,3.66,35,23
2001,6,25,12.5,4.24,34,22
2001,6,26,15.5,4.43,30,22
2001,6,27,5.5,2.82,26,22
2001,6,28,0,4.75,33,21
2001,6,29,0,1.72,32,22
2001,6,30,0,1.56,33,20
2001,9,1,0,NULO,34,22
2001,9,2,0,NULO,35,23
2001,9,3,0,NULO,35,24
2001,9,4,0,NULO,35,24
2001,9,5,0,NULO,34,24
2001,9,6,0,NULO,35,23
2001,9,7,0,NULO,36,25
2001,9,8,0,NULO,37,25
2001,9,9,27.5,NULO,35,25
2001,9,10,12.5,NULO,27,24
2001,9,11,0,NULO,30,24
2001,9,12,0,NULO,31,22
2001,9,13,0,NULO,28,22
2001,9,14,32.5,NULO,27,22
2001,9,15,0,NULO,30,22
2001,9,16,0,NULO,32,21
2001,9,17,0,NULO,33,22
2001,9,18,0.5,NULO,34,22
2001,9,19,0,NULO,34,22
2001,9,20,0,NULO,33,22
2001,9,21,9.5,NULO,33,22
2001,9,22,3.5,NULO,31,22
2001,9,23,1.5,NULO,28,23
2001,9,24,36.5,NULO,26,22
2001,9,25,3.5,NULO,24,21
2001,9,26,0,NULO,26,22
2001,9,27,0,NULO,30,18
2001,9,28,0,NULO,29,20
2001,9,29,0,NULO,30,19
2001,9,30,0,NULO,30,18
2001,10,1,0,NULO,25,18
2001,10,2,0,NULO,29,18
2001,10,3,0,NULO,28,21
2001,10,4,0,NULO,28,21
2001,10,5,0,NULO,32,21
2001,10,6,1.5,NULO,29,22
2001,10,7,0,NULO,27,21
2001,10,8,0,NULO,30,21
2001,10,9,0,NULO,31,21
2001,10,10,0,NULO,30,22
2001,10,11,0,NULO,32,21
2001,10,12,0.5,NULO,31,21
2001,10,13,0,NULO,34,21
2001,10,14,0,NULO,35,21
2001,10,15,0,NULO,32,21
2001,10,16,0,NULO,30,20
2001,10,17,0,NULO,27,17
2001,10,18,0,NULO,30,16
2001,10,19,0,NULO,31,17
2001,10,20,0,NULO,31,17
2001,10,21,0,NULO,32,17
2001,10,22,0,NULO,32,18
2001,10,23,0,NULO,34,22
2001,10,24,0,NULO,34,20
2001,10,25,0,NULO,34,22
2001,10,26,91.5,NULO,26,22
2001,10,27,20.5,NULO,25,20
2001,10,28,1.5,NULO,21,17
2001,10,29,0,NULO,26,15
2001,10,30,0,NULO,27,15
2001,10,31,0,NULO,27,15
2001,11,1,0,NULO,29,17
2001,11,2,0,NULO,29,18
2001,11,3,21.5,NULO,28,20
2001,11,4,0,NULO,24,17
2001,11,5,0,NULO,27,18
2001,11,6,0,NULO,27,19
2001,11,7,0,NULO,28,17
2001,11,8,0,NULO,27,17
2001,11,9,5.5,NULO,27,18
2001,11,10,0,NULO,27,18
2001,11,11,0,NULO,27,17
2001,11,12,0,NULO,27,17
2001,11,13,0,NULO,28,17
2001,11,14,0,NULO,28,18
2001,11,15,0,NULO,29,19
2001,11,16,13.5,NULO,28,20
2001,11,17,0,NULO,26,20
2001,11,18,0,NULO,27,18
2001,11,19,0,NULO,27,17
2001,11,20,8.5,NULO,24,18
2001,11,21,2.5,NULO,21,14
2001,11,22,0,NULO,26,15
2001,11,23,0,NULO,29,16
2001,11,24,0,NULO,30,17
2001,11,25,0,NULO,28,15
2001,11,26,0,NULO,29,16
2001,11,27,0,NULO,28,18
2001,11,28,0.5,NULO,22,19
2001,11,29,0,NULO,24,16
2001,11,30,0,NULO,22,12
2001,12,1,0,NULO,25,13
2001,12,2,0,NULO,29,17
2001,12,3,0,NULO,26,19
2001,12,4,0,NULO,24,15
2001,12,5,0,NULO,27,16
2001,12,6,0,NULO,26,18
2001,12,7,0,NULO,25,18
2001,12,8,4.5,NULO,25,18
2001,12,9,0,NULO,21,15
2001,12,10,0,NULO,19,11
2001,12,11,0,NULO,25,11
2001,12,12,0,NULO,29,15
2001,12,13,0,NULO,29,15
2001,12,14,0,NULO,20,15
2001,12,15,0,NULO,25,16
2001,12,16,0,NULO,27,17
2001,12,17,0,NULO,22,16
2001,12,18,0,NULO,26,13
2001,12,19,0,NULO,22,14
2001,12,20,0,NULO,24,13
2001,12,21,0,NULO,25,12
2001,12,22,0,NULO,28,13
2001,12,23,0.5,NULO,26,14
2001,12,24,0,NULO,25,14
2001,12,25,0.5,NULO,16,10
2001,12,26,0,NULO,16,10
2001,12,27,0,NULO,21,10
2001,12,28,0,NULO,27,10
2001,12,29,0,NULO,25,12
2001,12,30,0,NULO,26,13
2001,12,31,0,NULO,24,16
2002,1,1,0.5,NULO,17,12
2002,1,2,0,NULO,14,10
2002,1,3,0,NULO,13,7
2002,1,4,0,NULO,17,8
2002,1,5,0,NULO,29,9
2002,1,6,0,NULO,23,10
2002,1,7,0,NULO,24,12
2002,1,8,0,NULO,25,10
2002,1,9,0,NULO,27,11
2002,1,10,0,NULO,27,10
2002,1,11,0,NULO,22,10
2002,1,12,4.5,NULO,16,14
2002,1,13,13.5,NULO,26,10
2002,1,14,0,NULO,26,10
2002,1,15,0,NULO,28,12
2002,1,16,0,NULO,25,13
2002,1,17,0,NULO,27,15
2002,1,18,0,NULO,28,16
2002,1,19,0,NULO,27,14
2002,1,20,0,NULO,23,16
2002,1,21,0,NULO,29,17
2002,1,22,0,NULO,24,16
2002,1,23,0,NULO,29,17
2002,1,24,0,NULO,32,17
2002,1,25,0,NULO,27,15
2002,1,26,0,NULO,21,13
2002,1,27,0,NULO,27,14
2002,1,28,0,NULO,29,16
2002,1,29,0,NULO,30,17
2002,1,30,0,NULO,31,16
2002,1,31,21.5,NULO,32,17
2002,2,1,2.5,NULO,18,14
2002,2,2,0,NULO,20,12
2002,2,3,0,NULO,27,13
2002,2,4,0,NULO,21,15
2002,2,5,0,NULO,24,14
2002,2,6,0,NULO,17,12
2002,2,7,0,NULO,20,10
2002,2,8,0,NULO,23,12
2002,2,9,0,NULO,28,12
2002,2,10,3.5,NULO,18,9
2002,2,11,0,NULO,17,8
2002,2,12,3.5,NULO,20,8
2002,2,13,0,NULO,19,11
2002,2,14,0,NULO,21,10
2002,2,15,0,NULO,29,11
2002,2,16,0,NULO,22,13
2002,2,17,0,NULO,21,14
2002,2,18,0,NULO,28,15
2002,2,19,0,NULO,22,17
2002,2,20,0,NULO,28,18
2002,2,21,0,NULO,30,17
2002,2,22,0,NULO,25,13
2002,2,23,0,NULO,27,10
2002,2,24,0,NULO,29,10
2002,2,25,0,NULO,31,12
2002,2,26,1.5,NULO,22,11
2002,2,27,0,NULO,19,7
2002,2,28,0,NULO,24,10
2002,3,1,0,2.91,35,11
2002,3,2,0,4.39,40,13
2002,3,3,0,3.85,30,10
2002,3,4,0,1.91,17,7
2002,3,5,0,1.23,23,9
2002,3,6,0,2.84,36,13
2002,3,7,0,2.89,27,14
2002,3,8,0,2.64,32,17
2002,3,9,0.5,1.79,29,14
2002,3,10,0,2.25,21,12
2002,3,11,0,1.22,29,14
2002,3,12,0,3.1,29,16
2002,3,13,0,3.74,33,13
2002,3,14,0,4.72,35,15
2002,3,15,0,3.76,40,17
2002,3,16,0,4.02,35,20
2002,3,17,0,4.3,34,20
2002,3,18,0,4.06,33,21
2002,3,19,0,2.52,32,21
2002,3,20,0,4.1,30,20
2002,3,21,0,4.32,29,18
2002,3,22,0,1.32,27,15
2002,3,23,0,3.7,29,14
2002,3,24,0,3.46,33,15
2002,3,25,0,4.42,39,13
2002,3,26,0,2.36,29,12
2002,3,27,0,3.58,29,13
2002,3,28,0,4.59,34,17
2002,3,29,0,4.24,35,18
2002,3,30,0,0.65,37,19
2002,3,31,0,3.03,30,20
2002,4,1,0,NULO,32,16
2002,4,2,0,NULO,36,17
2002,4,3,0.5,NULO,30,19
2002,4,4,1.5,NULO,24,18
2002,4,5,0,NULO,27,19
2002,4,6,0,NULO,32,19
2002,4,7,0,NULO,35,20
2002,4,8,0,NULO,41,21
2002,4,9,0,NULO,34,20
2002,4,10,0,NULO,33,17
2002,4,11,0,NULO,32,20
2002,4,12,0,NULO,35,19
2002,4,13,0,NULO,34,20
2002,4,14,0,NULO,34,21
2002,4,15,0,NULO,35,20
2002,4,16,0,NULO,35,21
2002,4,17,0,NULO,35,22
2002,4,18,0,NULO,35,20
2002,4,19,0,NULO,34,20
2002,4,20,0,NULO,34,20
2002,4,21,0,NULO,36,21
2002,4,22,0,NULO,35,21
2002,4,23,0,NULO,34,22
2002,4,24,0,NULO,37,21
2002,4,25,0,NULO,35,22
2002,4,26,0,NULO,35,21
2002,4,27,0,NULO,37,22
2002,4,28,0,NULO,37,21
2002,4,29,0,NULO,38,22
2002,4,30,0,NULO,38,21
2002,5,1,0,5.15,40,22
2002,5,2,0,7.68,41,23
2002,5,3,0,2.23,40,24
2002,5,4,0,3.91,38,22
2002,5,5,0,5.62,38,23
2002,5,6,0,6.7,38,23
2002,5,7,0,4.78,37,23
2002,5,8,0,4.02,37,22
2002,5,9,0,5.33,38,23
2002,5,10,0,4.87,37,23
2002,5,11,0,5.33,37,23
2002,5,12,0,5.94,38,23
2002,5,13,0,5.09,27,23
2002,5,14,11.5,1.72,24,20
2002,5,15,0,5.53,34,19
2002,5,16,0,5.06,37,20
2002,5,17,17.5,8.38,37,23
2002,5,18,5.5,2.89,28,20
2002,5,19,0,3.06,27,21
2002,5,20,0,2.6,29,20
2002,5,21,0,3.9,32,19
2002,5,22,0,4.84,33,20
2002,5,23,0,5.37,22,20
2002,5,24,0,4.28,35,21
2002,5,25,0,3.41,36,21
2002,5,26,0,8.55,35,23
2002,5,27,0,2.65,36,21
2002,5,28,0,5.71,37,22
2002,5,29,0,4.31,31,22
2002,5,30,0,5.05,38,23
2002,5,31,0,7.56,41,22
2002,6,1,0,6.14,36,20
2002,6,2,0,3.39,37,21
2002,6,3,0,5.27,37,22
2002,6,4,0,4.51,37,24
2002,6,5,9.5,5.02,36,25
2002,6,6,0,0.58,30,24
2002,6,7,42.5,2.35,33,23
2002,6,8,0,2.15,32,23
2002,6,9,12.5,3.28,26,24
2002,6,10,0.5,1.26,29,23
2002,6,11,0.5,2.44,32,22
2002,6,12,0,3.19,34,23
2002,6,13,0,6.12,36,24
2002,6,14,0,5.54,35,24
2002,6,15,0,4.27,35,24
2002,6,16,0,4.27,38,24
2002,6,17,0,7.71,42,25
2002,6,18,0,4.52,37,24
2002,6,19,46.5,0.63,32,24
2002,6,20,22.5,2.34,27,22
2002,6,21,0.5,2.98,31,21
2002,6,22,0,4.02,34,22
2002,6,23,0,4.02,35,23
2002,6,24,0,4.82,35,23
2002,6,25,0,4.82,35,23
2002,6,26,0,5.14,36,23
2002,6,27,0,3.45,37,24
2002,6,28,0,4.09,35,24
2002,6,29,27.5,7.44,32,23
2002,6,30,4.5,4.6,32,24
2002,7,1,0,2.13,31,24
2002,7,2,0,4.58,33,24
2002,7,3,0,2.29,34,23
2002,7,4,0,4.72,29,24
2002,7,5,0,1.95,32,24
2002,7,6,0,1.87,31,25
2002,7,7,17.5,2.9,34,23
2002,7,8,51.5,5.64,33,22
2002,7,9,0,7.84,31,22
2002,7,10,0,11.15,30,22
2002,7,11,0,3.4,32,23
2002,7,12,0,1.93,31,23
2002,7,13,0,3.83,34,22
2002,7,14,11.5,5.77,32,23
2002,7,15,56.5,10.84,32,24
2002,7,16,7.5,8.83,28,23
2002,7,17,14.5,4.64,30,23
2002,7,18,0,1.37,30,22
2002,7,19,0,4.83,32,21
2002,7,20,0,1.85,30,22
2002,7,21,61.5,11.34,32,22
2002,7,22,5.5,1.54,29,22
2002,7,23,14.5,4.64,29,22
2002,7,24,0.5,1.56,30,22
2002,7,25,0,4.54,33,22
2002,7,26,0,3.32,31,23
2002,7,27,0,4.44,33,22
2002,7,28,0,4.5,34,23
2002,7,29,0,4.94,34,24
2002,7,30,3.5,4.41,31,23
2002,7,31,2.5,0.83,30,23
2002,8,1,0,3.59,32,24
2002,8,2,6.5,2.17,31,24
2002,8,3,0,4.9,32,23
2002,8,4,0,4.66,34,25
2002,8,5,0,4.8,34,23
2002,8,6,0,6.51,36,23
2002,8,7,0,4.32,36,23
2002,8,8,0,7.02,36,24
2002,8,9,0,5.12,36,23
2002,8,10,0,5.05,35,24
2002,8,11,0,3.59,36,24
2002,8,12,0,6.96,36,24
2002,8,13,0,5.02,35,24
2002,8,14,0,5.18,36,24
2002,8,15,0,5.1,35,24
2002,8,16,0.5,2.72,35,24
2002,8,17,22.5,10.18,35,23
2002,8,18,0,2.18,35,23
2002,8,19,0,4.04,36,23
2002,8,20,0,4.58,35,24
2002,8,21,0,5.09,35,23
2002,8,22,0,4.76,33,24
2002,8,23,40.5,0.34,25,23
2002,8,24,0,1.03,32,20
2002,8,25,0,8.4,34,22
2002,8,26,0,5.84,35,23
2002,8,27,0,5.49,35,23
2002,8,28,0,3.25,25,23
2002,8,29,0,4.23,30,21
2002,8,30,8.5,2.09,32,21
2002,8,31,0.5,0.87,33,22
2002,9,1,0,NULO,26,22
2002,9,2,0,NULO,34,23
2002,9,3,0,NULO,34,23
2002,9,4,0,NULO,36,23
2002,9,5,0,NULO,36,23
2002,9,6,3.5,NULO,38,24
2002,9,7,0.5,NULO,35,24
2002,9,8,0,NULO,37,23
2002,9,9,0,NULO,35,25
2002,9,10,0,NULO,35,25
2002,9,11,45.5,NULO,32,24
2002,9,12,96.5,NULO,29,23
2002,9,13,0.5,NULO,28,23
2002,9,14,0,NULO,31,24
2002,9,15,25.5,NULO,32,22
2002,9,16,16.5,NULO,28,22
2002,9,17,0,NULO,32,22
2002,9,18,0,NULO,33,23
2002,9,19,9.5,NULO,32,24
2002,9,20,3.5,NULO,25,22
2002,9,21,0,NULO,28,21
2002,9,22,0,NULO,32,21
2002,9,23,4.5,NULO,30,19
2002,9,24,0,NULO,29,22
2002,9,25,0,NULO,32,19
2002,9,26,0,NULO,31,20
2002,9,27,0,NULO,31,22
2002,9,28,0,NULO,31,22
2002,9,29,0,NULO,33,23
2002,9,30,0,NULO,33,23
2002,10,1,0,4.07,32,23
2002,10,2,0,2.31,32,22
2002,10,3,0,3.33,33,22
2002,10,4,10.5,4.85,34,22
2002,10,5,17.5,8.58,32,22
2002,10,6,0,2.12,35,21
2002,10,7,0,1.93,31,22
2002,10,8,0,1.99,31,21
2002,10,9,0,2.66,31,22
2002,10,10,1.5,3.04,31,22
2002,10,11,35.5,1.86,30,23
2002,10,12,0,3.01,30,21
2002,10,13,57.5,1.73,28,22
2002,10,14,0,2.37,25,19
2002,10,15,0.5,1.85,27,21
2002,10,16,0,0.71,24,18
2002,10,17,1.5,0.84,25,19
2002,10,18,0,0.48,28,22
2002,10,19,0,2.13,30,22
2002,10,20,0,2.56,30,22
2002,10,21,0,2.5,27,23
2002,10,22,0,1.13,30,22
2002,10,23,0,2.09,31,22
2002,10,24,0,2.77,32,22
2002,10,25,0,1.7,28,23
2002,10,26,0,0.86,31,23
2002,10,27,0,0.92,27,22
2002,10,28,0,2.38,30,22
2002,10,29,0,2.37,32,22
2002,10,30,0.5,0.47,29,22
2002,10,31,99.5,NULO,29,22
2002,11,1,36.5,NULO,24,20
2002,11,2,4.5,NULO,24,20
2002,11,3,0,NULO,27,20
2002,11,4,0.5,NULO,27,22
2002,11,5,8.5,NULO,24,18
2002,11,6,0,NULO,23,16
2002,11,7,0,NULO,23,14
2002,11,8,0,NULO,24,14
2002,11,9,0,NULO,29,17
2002,11,10,0,NULO,29,18
2002,11,11,0,NULO,28,22
2002,11,12,0,NULO,24,19
2002,11,13,0,NULO,23,16
2002,11,14,0,NULO,25,15
2002,11,15,0.5,NULO,27,16
2002,11,16,0,NULO,19,12
2002,11,17,0,NULO,22,10
2002,11,18,0,NULO,24,11
2002,11,19,0,NULO,24,14
2002,11,20,0,NULO,26,14
2002,11,21,0,NULO,25,15
2002,11,22,0,NULO,28,12
2002,11,23,0,NULO,25,11
2002,11,24,0,NULO,26,12
2002,11,25,0,NULO,27,13
2002,11,26,1.5,NULO,28,13
2002,11,27,1.5,NULO,15,12
2002,11,28,8.5,NULO,16,10
2002,11,29,0,NULO,19,11
2002,11,30,0.5,NULO,24,13
2002,12,1,0,1.29,24,15
2002,12,2,0,1.71,25,15
2002,12,3,0,1.11,26,17
2002,12,4,2.5,3.25,27,15
2002,12,5,0,0.34,17,12
2002,12,6,0,0.57,15,10
2002,12,7,0,0.81,20,10
2002,12,8,0.5,0.11,20,12
2002,12,9,0,0.61,25,14
2002,12,10,0,2.38,17,14
2002,12,11,0,0.44,20,14
2002,12,12,0,1.08,27,15
2002,12,13,0,0.97,24,15
2002,12,14,0,1.19,21,16
2002,12,15,0,0.81,25,15
2002,12,16,0,1.42,25,14
2002,12,17,0,1.02,26,15
2002,12,18,0,1.4,26,15
2002,12,19,0,2.39,23,16
2002,12,20,0,3.16,23,12
2002,12,21,0,0.76,25,13
2002,12,22,0,0.9,26,14
2002,12,23,0,1.29,27,16
2002,12,24,0,0.81,22,16
2002,12,25,0,0.9,17,14
2002,12,26,0,0.44,18,13
2002,12,27,1.5,0.01,17,13
2002,12,28,2.5,0.96,18,13
2002,12,29,0,0.12,22,14
2002,12,30,0,1.16,27,14
2002,12,31,0,1.9,25,12
2003,1,1,0,3.62,25,11
2003,1,2,0,0.91,22,12
2003,1,3,0,3.44,21,9
2003,1,4,0,0.39,23,8
2003,1,5,0,1.85,25,10
2003,1,6,6.5,1.81,24,13
2003,1,7,2.5,0.42,19,15
2003,1,8,0,0.45,18,15
2003,1,9,0,2.61,26,13
2003,1,10,1.5,0.51,23,15
2003,1,11,1.5,0.12,17,13
2003,1,12,2.5,0.28,18,13
2003,1,13,0,1.61,15,12
2003,1,14,0,1.17,20,12
2003,1,15,0,0.39,22,14
2003,1,16,0,1.77,25,12
2003,1,17,0,2.57,15,12
2003,1,18,0,1.6,17,10
2003,1,19,0,2.11,22,11
2003,1,20,0,2.17,27,13
2003,1,21,0,0.95,29,13
2003,1,22,0,1.95,27,14
2003,1,23,5.5,0.64,17,11
2003,1,24,1.5,0.37,16,10
2003,1,25,0.5,1.7,20,10
2003,1,26,10.5,0.8,22,13
2003,1,27,0.5,1.45,16,11
2003,1,28,0,1.8,24,12
2003,1,29,0,1.89,27,12
2003,1,30,0,0.98,24,13
2003,1,31,0,2.53,27,15
2003,2,1,0,2.54,24,16
2003,2,2,0,1.66,26,15
2003,2,3,0,2.51,29,15
2003,2,4,0.5,0.48,22,16
2003,2,5,0,2.06,24,14
2003,2,6,0,3.86,30,16
2003,2,7,0,3.2,19,16
2003,2,8,0,1.25,22,10
2003,2,9,0,1.9,26,12
2003,2,10,0,2.87,21,15
2003,2,11,0,2.87,27,16
2003,2,12,0,1.66,28,15
2003,2,13,0,1.58,27,15
2003,2,14,0,1.24,28,17
2003,2,15,0,2.44,30,16
2003,2,16,0,0.59,22,17
2003,2,17,0,3.66,24,15
2003,2,18,0,0.22,25,16
2003,2,19,0,3.87,30,15
2003,2,20,0,1.8,30,18
2003,2,21,0,2.55,33,17
2003,2,22,0,5.7,29,16
2003,2,23,0,2.5,29,15
2003,2,24,0,1.71,28,15
2003,2,25,0.5,1.63,20,12
2003,2,26,0,2.56,26,11
2003,2,27,0.5,0.51,21,11
2003,2,28,0,1,27,14
2003,3,1,0,0.44,30,16
2003,3,2,0,3.04,33,17
2003,3,3,0,5.82,30,19
2003,3,4,0,0.66,27,20
2003,3,5,0,2.97,38,18
2003,3,6,0,1.17,25,20
2003,3,7,0,3.04,28,17
2003,3,8,0.5,3.07,31,17
2003,3,9,0,1.38,28,19
2003,3,10,0,3.85,31,21
2003,3,11,0,0.65,30,21
2003,3,12,0,3.18,35,20
2003,3,13,0,2.97,33,21
2003,3,14,0,2.2,30,22
2003,3,15,0,3.75,33,20
2003,3,16,0,3.29,35,19
2003,3,17,0,5.96,39,20
2003,3,18,0,7.02,42,18
2003,3,19,0,3.46,34,19
2003,3,20,0,3.95,33,19
2003,3,21,0,3.08,28,17
2003,3,22,0.5,4.13,32,19
2003,3,23,0,1.29,38,20
2003,3,24,0,3.16,29,20
2003,3,25,0,5.52,38,20
2003,3,26,0,3.3,35,17
2003,3,27,0,5.41,33,16
2003,3,28,0,3.59,39,17
2003,3,29,0,2.5,25,16
2003,3,30,0,4.31,23,13
2003,3,31,0,3.64,26,12
2003,4,1,0,NULO,28,12
2003,4,2,0,NULO,30,12
2003,4,3,0,NULO,33,16
2003,4,4,0,NULO,37,18
2003,4,5,0,NULO,37,20
2003,4,6,0,NULO,39,22
2003,4,7,1.5,NULO,35,24
2003,4,8,12.5,NULO,25,20
2003,4,9,0,NULO,25,16
2003,4,10,0,NULO,27,14
2003,4,11,0,NULO,30,15
2003,4,12,0,NULO,32,19
2003,4,13,0,NULO,31,21
2003,4,14,0,NULO,29,20
2003,4,15,0,NULO,32,21
2003,4,16,0,NULO,36,20
2003,4,17,0,NULO,34,21
2003,4,18,0,NULO,35,23
2003,4,19,0,NULO,38,22
2003,4,20,0,NULO,36,25
2003,4,21,0,NULO,32,23
2003,4,22,0,NULO,32,22
2003,4,23,0,NULO,37,20
2003,4,24,0,NULO,44,21
2003,4,25,0,NULO,44,22
2003,4,26,1.5,NULO,37,23
2003,4,27,0,NULO,35,22
2003,4,28,0,NULO,37,24
2003,4,29,0,NULO,38,24
2003,4,30,0,NULO,37,23
2003,5,1,0,NULO,38,25
2003,5,2,0,NULO,39,24
2003,5,3,0,NULO,27,26
2003,5,4,0,NULO,34,24
2003,5,5,0,NULO,42,25
2003,5,6,0,NULO,43,25
2003,5,7,0,NULO,39,25
2003,5,8,0,NULO,41,25
2003,5,9,0,NULO,41,25
2003,5,10,0,NULO,39,24
2003,5,11,0,NULO,38,23
2003,5,12,0,NULO,36,23
2003,5,13,0,NULO,37,23
2003,5,14,0,NULO,36,21
2003,5,15,0,NULO,39,23
2003,5,16,0,NULO,39,23
2003,5,17,0,NULO,39,24
2003,5,18,0,NULO,37,25
2003,5,19,0,NULO,39,23
2003,5,20,0,NULO,37,23
2003,5,21,0,NULO,36,24
2003,5,22,0,NULO,27,23
2003,5,23,0,NULO,34,23
2003,5,24,0,NULO,27,22
2003,5,25,0,NULO,37,23
2003,5,26,25.5,NULO,36,24
2003,5,27,0,NULO,33,22
2003,5,28,1.5,NULO,36,21
2003,5,29,0,NULO,33,23
2003,5,30,0,NULO,36,22
2003,5,31,0,NULO,37,22
2003,6,1,0,NULO,37,23
2003,6,2,0,NULO,37,24
2003,6,3,0,NULO,35,25
2003,6,4,2.5,NULO,40,23
2003,6,5,0,NULO,39,24
2003,6,6,0,NULO,37,24
2003,6,7,0,NULO,37,24
2003,6,8,0,NULO,35,25
2003,6,9,0,NULO,35,24
2003,6,10,0,NULO,36,24
2003,6,11,0,NULO,38,24
2003,6,12,0,NULO,39,24
2003,6,13,0,NULO,39,25
2003,6,14,0,NULO,34,24
2003,6,15,0.5,NULO,35,25
2003,6,16,27.5,NULO,34,21
2003,6,17,0,NULO,32,21
2003,6,18,0,NULO,36,22
2003,6,19,0,NULO,37,22
2003,6,20,0,NULO,35,23
2003,6,21,0,NULO,37,23
2003,6,22,0,NULO,37,24
2003,6,23,0,NULO,37,24
2003,6,24,0,NULO,38,25
2003,6,25,0,NULO,37,24
2003,6,26,0,NULO,37,23
2003,6,27,2.5,NULO,35,24
2003,6,28,0,NULO,35,22
2003,6,29,0,NULO,26,23
2003,6,30,0,NULO,36,23
2003,7,1,0,NULO,37,24
2003,7,2,0,NULO,37,24
2003,7,3,0.5,NULO,33,25
2003,7,4,13.5,NULO,33,24
2003,7,5,26.5,NULO,28,23
2003,7,6,26.5,NULO,37,22
2003,7,7,21.5,NULO,30,22
2003,7,8,0,NULO,30,23
2003,7,9,2.5,NULO,31,23
2003,7,10,0,NULO,28,23
2003,7,11,0,NULO,35,22
2003,7,12,0,NULO,36,23
2003,7,13,0,NULO,36,23
2003,7,14,0,NULO,36,23
2003,7,15,0,NULO,37,24
2003,7,16,9.5,NULO,36,24
2003,7,17,0,NULO,34,23
2003,7,18,0,NULO,33,24
2003,7,19,0,NULO,28,21
2003,7,20,0.5,NULO,32,21
2003,7,21,0,NULO,26,22
2003,7,22,0,NULO,34,23
2003,7,23,0,NULO,35,24
2003,7,24,2.5,NULO,34,23
2003,7,25,3.5,NULO,35,23
2003,7,26,0,NULO,32,21
2003,7,27,52.5,NULO,31,22
2003,7,28,0,NULO,29,21
2003,7,29,0,NULO,33,22
2003,7,30,0,NULO,33,23
2003,7,31,0,NULO,33,24
2003,8,1,0,NULO,33,23
2003,8,2,0,NULO,34,23
2003,8,3,0,NULO,34,24
2003,8,4,0,NULO,34,23
2003,8,5,0,NULO,35,24
2003,8,6,0,NULO,35,25
2003,8,7,0,NULO,36,24
2003,8,8,0,NULO,37,24
2003,8,9,0,NULO,36,24
2003,8,10,0,NULO,36,24
2003,8,11,0,NULO,36,23
2003,8,12,4.5,NULO,37,25
2003,8,13,40.5,NULO,34,21
2003,8,14,10.5,NULO,31,22
2003,8,15,4.5,NULO,26,22
2003,8,16,0,NULO,32,21
2003,8,17,0,NULO,33,21
2003,8,18,0.5,NULO,33,21
2003,8,19,14.5,NULO,33,22
2003,8,20,0,NULO,29,22
2003,8,21,26.5,NULO,29,22
2003,8,22,6.5,NULO,29,23
2003,8,23,0.5,NULO,28,21
2003,8,24,0.5,NULO,30,22
2003,8,25,3.5,NULO,29,21
2003,8,26,0,NULO,32,21
2003,8,27,0,NULO,32,22
2003,8,28,0,NULO,33,23
2003,8,29,0,NULO,33,23
2003,8,30,0,NULO,34,24
2003,8,31,0,NULO,35,24
2003,9,1,5.5,NULO,31,24
2003,9,2,8.5,NULO,29,22
2003,9,3,0,NULO,31,23
2003,9,4,0,NULO,33,23
2003,9,5,2.5,NULO,33,22
2003,9,6,0,NULO,31,22
2003,9,7,0,NULO,33,22
2003,9,8,0,NULO,33,23
2003,9,9,0,NULO,35,22
2003,9,10,0,NULO,35,24
2003,9,11,0,NULO,35,23
2003,9,12,0,NULO,35,24
2003,9,13,0,NULO,34,24
2003,9,14,114.5,NULO,27,23
2003,9,15,79.5,NULO,28,22
2003,9,16,25.5,NULO,29,22
2003,9,17,0,NULO,31,22
2003,9,18,0,NULO,31,22
2003,9,19,3.5,NULO,29,23
2003,9,20,10.5,NULO,27,24
2003,9,21,0,NULO,31,24
2003,9,22,10.5,NULO,30,24
2003,9,23,0,NULO,30,22
2003,9,24,0,NULO,31,23
2003,9,25,0,NULO,32,22
2003,9,26,0,NULO,33,24
2003,9,27,21.5,NULO,30,23
2003,9,28,27.5,NULO,26,21
2003,9,29,20.5,NULO,25,21
2003,9,30,0,NULO,29,21
2003,10,1,0,NULO,28,20
2003,10,2,16.5,NULO,28,21
2003,10,3,1.5,NULO,24,23
2003,10,4,7.5,NULO,28,19
2003,10,5,21.5,NULO,29,21
2003,10,6,0,NULO,28,22
2003,10,7,11.5,NULO,29,22
2003,10,8,3.5,NULO,28,22
2003,10,9,17.5,NULO,28,23
2003,10,10,0,NULO,30,24
2003,10,11,0,NULO,32,24
2003,10,12,0,NULO,31,24
2003,10,13,0,NULO,31,24
2003,10,14,0,NULO,32,23
2003,10,15,0,NULO,30,21
2003,10,16,0,NULO,31,22
2003,10,17,37.5,NULO,30,21
2003,10,18,10.5,NULO,26,21
2003,10,19,0,NULO,26,21
2003,10,20,0,NULO,28,17
2003,10,21,0,NULO,27,18
2003,10,22,0,NULO,29,22
2003,10,23,0,NULO,25,20
2003,10,24,0,NULO,29,20
2003,10,25,0,NULO,29,21
2003,10,26,10.5,NULO,29,21
2003,10,27,7.5,NULO,23,17
2003,10,28,0,NULO,24,12.5
2003,10,29,0,NULO,26,12
2003,10,30,0,NULO,28,16
2003,10,31,15.5,NULO,28,20
2003,11,1,1.5,NULO,24,20
2003,11,2,0,NULO,27,20
2003,11,3,0,NULO,28,20
2003,11,4,0,NULO,29,20
2003,11,5,0,NULO,29,21
2003,11,6,0,NULO,29,20
2003,11,7,0,NULO,28,20
2003,11,8,0.5,NULO,27,21
2003,11,9,2.5,NULO,23,20
2003,11,10,1.5,NULO,25,21
2003,11,11,0,NULO,26,20
2003,11,12,7.5,NULO,27,19
2003,11,13,16.5,NULO,24,20
2003,11,14,0,NULO,24,20
2003,11,15,0,NULO,28,19
2003,11,16,0,NULO,27,20
2003,11,17,0,NULO,28,21
2003,11,18,0,NULO,28,17
2003,11,19,0,NULO,24,15
2003,11,20,0,NULO,22,12
2003,11,21,0,NULO,25,12
2003,11,22,0,NULO,26,14
2003,11,23,0,NULO,28,16
2003,11,24,0,NULO,17,14
2003,11,25,0,NULO,23,11
2003,11,26,0,NULO,27,12
2003,11,27,0,NULO,29,14
2003,11,28,0,NULO,19,12
2003,11,29,0,NULO,29,9.5
2003,11,30,0,NULO,24,11
2003,12,1,4.5,NULO,25,12
2003,12,2,3.5,NULO,20,14
2003,12,3,0,NULO,24,14
2003,12,4,0,NULO,25,15
2003,12,5,5.5,NULO,23,15
2003,12,6,0,NULO,23,11
2003,12,7,0,NULO,21,12
2003,12,8,0,NULO,24,12
2003,12,9,0,NULO,27,13
2003,12,10,0,NULO,20,13
2003,12,11,0,NULO,23,11
2003,12,12,0,NULO,25,11
2003,12,13,0,NULO,24,15
2003,12,14,0,NULO,23,12
2003,12,15,0,NULO,24,13
2003,12,16,0,NULO,20,12
2003,12,17,0,NULO,17,13
2003,12,18,0,NULO,19,13
2003,12,19,0,NULO,18,10
2003,12,20,0,NULO,21,11
2003,12,21,0,NULO,24,12
2003,12,22,0,NULO,25,13
2003,12,23,0,NULO,21,13
2003,12,24,0,NULO,20,9
2003,12,25,0,NULO,22,9
2003,12,26,0,NULO,24,13
2003,12,27,0,NULO,25,12
2003,12,28,0,NULO,22,13
2003,12,29,0,NULO,16,11
2003,12,30,0,NULO,20,11
2003,12,31,0,NULO,23,12
2004,1,1,0,0.84,26,14
2004,1,2,0,1.97,27,16
2004,1,3,0,1.65,27,17
2004,1,4,0,1.41,28,13
2004,1,5,3.5,1.21,22,10
2004,1,6,9.5,4.65,17,8
2004,1,7,0.5,1.1,15,6
2004,1,8,0,1.31,23,7
2004,1,9,2.5,0.83,19,11
2004,1,10,0,0.9,18,12
2004,1,11,0,0.49,18,13
2004,1,12,0,1.02,20,13
2004,1,13,0,0.99,22,14
2004,1,14,0,1.49,23,16
2004,1,15,0,0.63,24,16
2004,1,16,0.5,0.52,25,17
2004,1,17,0,1.5,22,14
2004,1,18,0,0.73,21,13
2004,1,19,0,0.36,20,12
2004,1,20,0,1.03,21,14
2004,1,21,0,0.28,25,13
2004,1,22,0,1.82,23,15
2004,1,23,0,0.24,22,18
2004,1,24,0,1.53,25,17
2004,1,25,0,0.63,27,16
2004,1,26,0,2.15,25,13
2004,1,27,0.5,0.57,14,12
2004,1,28,0.5,0.61,15,11
2004,1,29,0.5,0.69,20,12
2004,1,30,8.5,0.59,21,14
2004,1,31,0,1.76,23,11
2004,2,1,0,3.12,27,12
2004,2,2,0,0.5,25,14
2004,2,3,0,1,18,15
2004,2,4,0,1.53,25,14
2004,2,5,0,1.99,22,13
2004,2,6,0,0.87,23,12
2004,2,7,0,0.76,22,12
2004,2,8,0,2.24,23,12
2004,2,9,0,1.74,26,14
2004,2,10,0.5,1.69,27,15
2004,2,11,0,1.21,27,15
2004,2,12,0.5,0.86,18,14
2004,2,13,0,1.16,18,10
2004,2,14,0,0.4,13,11
2004,2,15,0,1.11,21,11
2004,2,16,0,1.94,23,10
2004,2,17,0,2.43,26,11
2004,2,18,0,2.47,25,11
2004,2,19,0,2.13,27,12
2004,2,20,0,3.17,36,12
2004,2,21,0,0.8,28,14
2004,2,22,0,1.88,28,14
2004,2,23,0,1.15,23,17
2004,2,24,0,2.38,28,16
2004,2,25,0,2.91,26,17
2004,2,26,0,2.46,23,13
2004,2,27,0,1.09,23,11
2004,2,28,0.5,1.98,25,13
2004,2,29,0,1.54,30,16
2004,3,1,0,NULO,27,18
2004,3,2,0,NULO,30,18
2004,3,3,0,NULO,29,19
2004,3,4,0,NULO,32,20
2004,3,5,0,NULO,36,20
2004,3,6,0,NULO,35,23
2004,3,7,1.5,NULO,28,22
2004,3,8,0,NULO,28,20
2004,3,9,0.5,NULO,28,17
2004,3,10,2.5,NULO,25,15
2004,3,11,0,NULO,27,17
2004,3,12,2,NULO,26,17
2004,3,13,0,NULO,25,19
2004,3,14,0.5,NULO,25,20
2004,3,15,1.5,NULO,25,21
2004,3,16,3.5,NULO,22,21
2004,3,17,0,NULO,25,20
2004,3,18,0.5,NULO,29,20
2004,3,19,0,NULO,29,21
2004,3,20,0,NULO,30,20
2004,3,21,0,NULO,30,19
2004,3,22,0,NULO,28,15
2004,3,23,0,NULO,29,17
2004,3,24,0,NULO,29,16
2004,3,25,0,NULO,29,18
2004,3,26,0,NULO,30,20
2004,3,27,0,NULO,31,20
2004,3,28,0,NULO,32,18
2004,3,29,59.5,NULO,30,20
2004,3,30,30.5,NULO,28,18
2004,3,31,0,NULO,24,17
2004,4,1,0,3.88,29,17
2004,4,2,0,2.07,31,17
2004,4,3,0.5,2.93,29,18
2004,4,4,0,2.15,31,21
2004,4,5,0.5,2.35,30,22
2004,4,6,0,2.94,32,21
2004,4,7,0,2.56,32,23
2004,4,8,2.5,1.54,28,21
2004,4,9,0,2.84,30,23
2004,4,10,0.5,1.56,25,22
2004,4,11,1.5,2.52,23,18
2004,4,12,0,3.78,22,15
2004,4,13,0,0.25,22,14
2004,4,14,0,2.37,27,13
2004,4,15,0,2.78,28,15
2004,4,16,0,2.62,29,17
2004,4,17,0,2.28,28,16
2004,4,18,0,3.27,31,17
2004,4,19,0,2.75,29,18
2004,4,20,0,3.36,31,19
2004,4,21,0,2.49,32,17
2004,4,22,0,2.7,34,18
2004,4,23,0,2.28,33,22
2004,4,24,0,1.19,32,23
2004,4,25,22.5,3.49,32,23
2004,4,26,34.5,4.96,29,19
2004,4,27,1.5,1.05,24,18
2004,4,28,0,1.71,27,19
2004,4,29,0,2.65,32,20
2004,4,30,0,2.49,32,21
2004,5,1,81.5,5.78,25,19
2004,5,2,0,5.83,21,16
2004,5,3,0,2.85,25,14
2004,5,4,0,2.22,27,15
2004,5,5,0,3.3,28,17
2004,5,6,0,1.82,35,18
2004,5,7,16.5,6,30,20
2004,5,8,0,6.43,30,21
2004,5,9,0,8.87,30,22
2004,5,10,0,2.31,32,20
2004,5,11,0,2.86,33,20
2004,5,12,0,2.01,35,22
2004,5,13,0,3.78,35,23
2004,5,14,24.5,4.77,27,20
2004,5,15,0,6.41,26,19
2004,5,16,0,5.08,29,19
2004,5,17,0,3.13,32,19
2004,5,18,0,6.07,33,21
2004,5,19,0,4.42,33,21
2004,5,20,0,5.03,31,21
2004,5,21,0,5.16,32,20
2004,5,22,0,2.89,34,22
2004,5,23,0,3.87,34,21
2004,5,24,0,4.42,33,22
2004,5,25,0,3.91,35,23
2004,5,26,0,3.31,25,22
2004,5,27,0,4.64,35,21
2004,5,28,0,3.74,34,22
2004,5,29,0,4.16,36,25
2004,5,30,0,3.46,40,25
2004,5,31,0,4.35,38,24
2004,6,1,4.5,1.85,31,24
2004,6,2,156.5,NULO,30,23
2004,6,3,4.5,3.75,25,21
2004,6,4,0,0.75,26,22
2004,6,5,11.5,0.13,28,20
2004,6,6,7.5,3.39,29,21
2004,6,7,7.5,9.38,29,23
2004,6,8,4.5,7.61,30,22
2004,6,9,0,8.95,31,23
2004,6,10,0,1.3,31,24
2004,6,11,0,3.31,33,23
2004,6,12,0,1.95,33,24
2004,6,13,0,2.72,32,23
2004,6,14,0,3.42,33,24
2004,6,15,0,2.52,34,23
2004,6,16,1.5,3.77,34,24
2004,6,17,4.5,1.77,25,23
2004,6,18,0,0.21,32,21
2004,6,19,0,2.6,32,21
2004,6,20,0,2.92,32,22
2004,6,21,0,1.66,33,23
2004,6,22,14.5,3.43,34,24
2004,6,23,0,1.54,30,23
2004,6,24,2.5,0.91,31,24
2004,6,25,0,1.28,32,23
2004,6,26,0,3.28,31,24
2004,6,27,0,1.96,31,24
2004,6,28,1.5,2.5,31,21
2004,6,29,0,2.64,32,22
2004,6,30,0,0.91,33,22
2004,7,1,0,3.02,33,23
2004,7,2,0,3.59,33,23
2004,7,3,0,2.5,33,24
2004,7,4,0,1.66,34,23
2004,7,5,0,4.67,34,21
2004,7,6,0,4.03,33,21
2004,7,7,0,2.55,34,23
2004,7,8,0,2.87,35,24
2004,7,9,15.5,4.5,34,21
2004,7,10,3.5,2.05,28,22
2004,7,11,62.5,3.83,25,21
2004,7,12,0,3.47,29,20
2004,7,13,0,2.2,32,22
2004,7,14,0,2.88,32,21
2004,7,15,0,2.54,33,21
2004,7,16,0,4.15,33,22
2004,7,17,0,4.29,34,23
2004,7,18,0,3.26,34,22
2004,7,19,0,3.76,35,23
2004,7,20,0,4.11,35,22
2004,7,21,0,2.63,35,24
2004,7,22,0,2.95,34,23
2004,7,23,0,1.91,35,22
2004,7,24,0,2.3,33,24
2004,7,25,0,4.31,34,22
2004,7,26,0,3.02,34,23
2004,7,27,0,3.79,35,23
2004,7,28,0.5,4.23,36,22
2004,7,29,3.5,4.41,36,23
2004,7,30,0,1.43,35,21
2004,7,31,0,2.25,35,22
2004,8,1,0,7.43,35,23
2004,8,2,24.5,6.09,35,23
2004,8,3,0,2.89,33,22
2004,8,4,0,3.88,35,22
2004,8,5,0,3.18,36,23
2004,8,6,0,3.63,36,24
2004,8,7,0,3.1,36,24
2004,8,8,0,2.42,36,23
2004,8,9,0,4.98,36,22
2004,8,10,0,4.13,37,23
2004,8,11,0,6,36,22
2004,8,12,0.5,2.78,36,23
2004,8,13,0,2.89,36,22
2004,8,14,6.5,4.56,35,22
2004,8,15,0,2.49,33,22
2004,8,16,27,7.9,35,21
2004,8,17,0,6.28,33,21
2004,8,18,0,4.72,33,22
2004,8,19,0,3.43,34,22
2004,8,20,0,2.11,33,22
2004,8,21,0,3.94,35,23
2004,8,22,0,3.83,37,24
2004,8,23,0,4.38,31,24
2004,8,24,0,3.78,37,24
2004,8,25,0,4.2,36,23
2004,8,26,0,4.37,36,22
2004,8,27,0,4.15,36,23
2004,8,28,0,3.64,35,21
2004,8,29,11.5,4.6,36,23
2004,8,30,14.5,3.07,33,22
2004,8,31,14.5,3.55,31,22
2004,9,1,2.5,1.16,31,22
2004,9,2,0,3.3,31,22
2004,9,3,0,2.5,33,23
2004,9,4,0,2.88,34,23
2004,9,5,0,3.43,35,22
2004,9,6,0,3.18,35,22
2004,9,7,3.5,2.41,32,23
2004,9,8,0,2.61,32,22
2004,9,9,0,5.02,33,22
2004,9,10,12.5,1.54,32,22
2004,9,11,41.5,NULO,32,21
2004,9,12,0,NULO,31,21
2004,9,13,0,4.57,33,20
2004,9,14,0,1.2,33,22
2004,9,15,0,3.07,34,21
2004,9,16,0,3.05,34,23
2004,9,17,2.5,2.04,28,23
2004,9,18,0,1.17,29,23
2004,9,19,0,0.66,32,24
2004,9,20,0,1.8,27,23
2004,9,21,0,1.71,31,22
2004,9,22,0,3.52,32,21
2004,9,23,0,2.91,32,22
2004,9,24,0,2.46,32,21
2004,9,25,0,3.13,33,22
2004,9,26,0,2.4,33,21
2004,9,27,17.5,2.55,30,22
2004,9,28,47.5,NULO,24,21
2004,9,29,0.5,5.19,27,21
2004,9,30,0,5.57,31,20
2004,10,1,0,0.6,31,21
2004,10,2,1.5,2.85,32,22
2004,10,3,13.5,3.45,27,22
2004,10,4,20.5,4.8,27,21
2004,10,5,21.5,4.43,25,20
2004,10,6,0,1.57,27,21
2004,10,7,0,3.45,30,21
2004,10,8,30.5,3.6,31,22
2004,10,9,0,2.72,27,21
2004,10,10,0,2.29,30,20
2004,10,11,0,3,30,19
2004,10,12,0,1.53,29,20
2004,10,13,0,1.86,29,21
2004,10,14,2.5,1.88,29,21
2004,10,15,0.5,0.36,22,17
2004,10,16,0,1.6,29,17
2004,10,17,0,0.6,31,18
2004,10,18,0,2.56,31,22
2004,10,19,0,1.68,32,22
2004,10,20,0,1.44,31,23
2004,10,21,0,1.19,31,22
2004,10,22,0,0.68,31,24
2004,10,23,0,2.83,32,23
2004,10,24,0,0.88,31,23
2004,10,25,0,1.98,31,22
2004,10,26,0,1.6,30,21
2004,10,27,0,1.83,30,22
2004,10,28,0,0.34,30,21
2004,10,29,0,2.42,30,21
2004,10,30,0,1.49,30,20
2004,10,31,0,0.78,30,21
2004,11,1,0,NULO,32,22
2004,11,2,0,NULO,26,18
2004,11,3,0,NULO,23,15
2004,11,4,0,NULO,23,16
2004,11,5,0,NULO,26,15
2004,11,6,0,NULO,27,13
2004,11,7,0,NULO,28,12
2004,11,8,0,NULO,28,15
2004,11,9,0,NULO,27,16
2004,11,10,0,NULO,29,15
2004,11,11,0,NULO,29,16
2004,11,12,0,NULO,25,17
2004,11,13,0.5,NULO,26,18
2004,11,14,24.5,NULO,22,19
2004,11,15,0,NULO,29,17
2004,11,16,0,NULO,26,17
2004,11,17,0,NULO,27,18
2004,11,18,0,NULO,29,18
2004,11,19,0,NULO,28,19
2004,11,20,0,NULO,29,20
2004,11,21,0,NULO,29,20
2004,11,22,0,NULO,29,20
2004,11,23,0,NULO,30,18
2004,11,24,0,NULO,26,18
2004,11,25,0,NULO,24,18
2004,11,26,0,NULO,28,17
2004,11,27,0,NULO,29,16
2004,11,28,0,NULO,28,17
2004,11,29,0,NULO,30,18
2004,11,30,3.5,NULO,27,18
2004,12,1,0,1.04,18,12
2004,12,2,0,1.02,25,13
2004,12,3,0,0.56,27,15
2004,12,4,0,1.06,25,18
2004,12,5,0,1.57,28,19
2004,12,6,0,0.83,29,17
2004,12,7,0,0.38,28,18
2004,12,8,0,0.38,28,19
2004,12,9,0,0.43,26,19
2004,12,10,0,1.29,27,19
2004,12,11,0,0.37,25,16
2004,12,12,0,2.53,27,14
2004,12,13,0,2.41,27,14
2004,12,14,0,6.35,17,13
2004,12,15,2.5,0.91,15,10
2004,12,16,0.5,1.95,23,11
2004,12,17,2.5,0.61,18,10
2004,12,18,0,0.6,19,12
2004,12,19,0,2.36,20,13
2004,12,20,0,0.92,22,11
2004,12,21,0,0.64,27,10
2004,12,22,0,2.72,32,12
2004,12,23,0,1.89,25,10
2004,12,24,1.5,2.65,16,12
2004,12,25,0,0.28,15,12
2004,12,26,0,0.92,20,13
2004,12,27,0,2.14,21,14
2004,12,28,0,1.74,24,10
2004,12,29,0,1.19,25,11
2004,12,30,0,2.44,26,12
2004,12,31,0,2.29,25,14
2005,1,1,0,1.97,27,15
2005,1,2,0,1.77,27,16
2005,1,3,0,1.98,28,18
2005,1,4,0,1.01,26,19
2005,1,5,0,3.15,28,18
2005,1,6,0,0.45,27,19
2005,1,7,5.5,1.26,29,20
2005,1,8,0.5,3.51,24,19
2005,1,9,0,1.74,27,16
2005,1,10,0,1.79,26,15
2005,1,11,0,2.34,26,14
2005,1,12,0,2.58,29,15
2005,1,13,0,3.65,27,16
2005,1,14,0,2.4,25,14
2005,1,15,0,2.82,27,10
2005,1,16,0,1.98,21,9
2005,1,17,0,2.31,25,12
2005,1,18,0.5,1.32,22,14
2005,1,19,0,1.29,22.2,15
2005,1,20,0,2.67,25,12
2005,1,21,0,2.51,27,12
2005,1,22,10.5,1.13,26,13
2005,1,23,5.5,1.8,17,11
2005,1,24,0.5,1.62,18,10
2005,1,25,0,0.38,25,11
2005,1,26,0,3.23,28,12
2005,1,27,0,1.03,25,16
2005,1,28,0,1.09,24,17
2005,1,29,0,0.67,26,19
2005,1,30,0,1.44,28,17
2005,1,31,3.5,5.42,26,17
2005,2,1,5.5,0.06,18,13
2005,2,2,3.5,0.05,15,10
2005,2,3,0,0.1,13,8
2005,2,4,0.5,0.05,14,9
2005,2,5,0,0.04,19,10
2005,2,6,0,0.42,24,11
2005,2,7,0,2.14,28,13
2005,2,8,0,0.79,27,16
2005,2,9,0,2.83,28,17
2005,2,10,9.5,2.71,28,16
2005,2,11,0.5,0.88,19,14
2005,2,12,0,0.79,23,15
2005,2,13,0,0.12,30,14
2005,2,14,0,1.98,29,15
2005,2,15,0,3.32,29,16
2005,2,16,0,1.27,29,15
2005,2,17,0,1.53,25,18
2005,2,18,0,1.51,27,19
2005,2,19,0,3.18,26,19
2005,2,20,0,1.97,28,17
2005,2,21,0,0.97,27,18
2005,2,22,0,0.94,27,17
2005,2,23,0,2.99,29,18
2005,2,24,0.5,3.21,32,18
2005,2,25,8.5,1.44,20,18
2005,2,26,0.5,0.41,19,14
2005,2,27,0,0.07,20,15
2005,2,28,0,1.17,20,15
2005,3,1,0,2.64,25,13
2005,3,2,0,2.94,26,14
2005,3,3,0,2.9,29,15
2005,3,4,0,1.69,25,19
2005,3,5,0.5,1.66,24,20
2005,3,6,0,1.24,26,21
2005,3,7,0.5,2.54,32,17
2005,3,8,12.5,2.88,22,18
2005,3,9,0,1.97,22,15
2005,3,10,0,2.58,26,15
2005,3,11,0,1.54,27,16
2005,3,12,0,3.02,26,16
2005,3,13,0,3.36,36,15
2005,3,14,0,4.68,33,16
2005,3,15,4.5,0.64,24,18
2005,3,16,2.5,2.04,23,14
2005,3,17,0,1.67,21,11
2005,3,18,0,3.05,26,11
2005,3,19,0,3.36,31,12
2005,3,20,0,5.03,32,14
2005,3,21,0,3.68,35,17
2005,3,22,0,3.89,31,17
2005,3,23,0,3.66,31,15
2005,3,24,0,4.12,34,14
2005,3,25,0,3.41,33,18
2005,3,26,0,5.07,33,22
2005,3,27,0,4.16,25,18
2005,3,28,0,3.87,28,15
2005,3,29,0,3.64,32,14
2005,3,30,0,5.66,41,15
2005,3,31,0,6.34,40,17
2005,4,1,13.5,8.47,26,14
2005,4,2,0,2.22,26,17
2005,4,3,0,2.34,29,15
2005,4,4,0,4.41,31,13
2005,4,5,0,3.91,35,17
2005,4,6,0,5.47,33,19
2005,4,7,0,5.74,34,18
2005,4,8,0,4.75,34,15
2005,4,9,0,3.32,34,15
2005,4,10,0,4.11,38,17
2005,4,11,0,7.07,36,20
2005,4,12,0,5.96,35,21
2005,4,13,0,5.35,32,19
2005,4,14,0,4.67,22,19
2005,4,15,0,5.14,29,16
2005,4,16,0,4.27,30,17
2005,4,17,0,2.36,30,17
2005,4,18,0,7.79,32,17
2005,4,19,0,3.15,31,20
2005,4,20,0,4.3,34,21
2005,4,21,0,4.04,32,22
2005,4,22,0,3.62,35,23
2005,4,23,0,3.07,31,23
2005,4,24,0,3.3,35,19
2005,4,25,0,4.62,36,19
2005,4,26,0,6.3,35,21
2005,4,27,0,3.42,32,21
2005,4,28,0,3.69,33,22
2005,4,29,0,5.62,42,23
2005,4,30,0,9.79,44,24
2005,5,1,0,4.54,29,21
2005,5,2,0,3.05,28,21
2005,5,3,1.5,3.08,29,22
2005,5,4,0,1.87,30,21
2005,5,5,0,3.72,28,22
2005,5,6,0,3.24,31,21
2005,5,7,0,3.6,32,21
2005,5,8,0,3.78,37,22
2005,5,9,0.5,8.84,35,24
2005,5,10,0.5,7.59,36,23
2005,5,11,0,7.25,36,21
2005,5,12,0,5.27,35,22
2005,5,13,0,3.6,34,22
2005,5,14,10.5,4.42,34,22
2005,5,15,47.5,5.83,31,20
2005,5,16,0,5.88,24,21
2005,5,17,0,3.85,34,21
2005,5,18,0,3.78,34,21
2005,5,19,0,4.86,35,22
2005,5,20,0,4.64,34,23
2005,5,21,0,4,35,22
2005,5,22,0,4.4,34,21
2005,5,23,0,5.21,35,22
2005,5,24,0,4.32,35,23
2005,5,25,0,4.53,36,23
2005,5,26,0,4.37,36,25
2005,5,27,48.5,8.05,34,24
2005,5,28,0,6.89,34,24
2005,5,29,0,6.01,35,21
2005,5,30,0,6.9,35,21
2005,5,31,0,6.3,37,22
2005,6,1,0,3.42,38,25
2005,6,2,0,4.57,37,26
2005,6,3,0,5.25,37,25
2005,6,4,0,3.65,36,23
2005,6,5,0,4.21,36,24
2005,6,6,0,4.3,37,25
2005,6,7,0,4.87,36,24
2005,6,8,0,5.14,36,25
2005,6,9,0,5.47,37,25
2005,6,10,0,4.37,36,24
2005,6,11,0,6.57,36,25
2005,6,12,0,4.45,37,26
2005,6,13,0,5.92,37,25
2005,6,14,0,5.75,37,24
2005,6,15,47.5,NULO,30,23
2005,6,16,0,1.78,33,23
2005,6,17,0,4.97,35,24
2005,6,18,0,5.3,36,24
2005,6,19,0,4.18,36,23
2005,6,20,11.5,4.44,33,24
2005,6,21,75.5,NULO,29,24
2005,6,22,25.5,5.5,29,21
2005,6,23,0,5.04,29,22
2005,6,24,0,2.75,32,23
2005,6,25,0.5,2.44,31,22
2005,6,26,0,3.06,32,21
2005,6,27,0,2.48,28,23
2005,6,28,141.5,NULO,28,22
2005,6,29,4.5,4.23,24,22
2005,6,30,2.5,2.58,30,21
2005,7,1,0,4.33,32,22
2005,7,2,0,4.21,33,24
2005,7,3,0,3.23,33,23
2005,7,4,17.5,6.64,32,23
2005,7,5,0,1.28,30,24
2005,7,6,1.5,2.17,32,24
2005,7,7,0,3.96,32,24
2005,7,8,0,4.69,33,23
2005,7,9,0,4.54,33,24
2005,7,10,0,0.41,33,23
2005,7,11,0,3.88,33,24
2005,7,12,0,0.19,32,23
2005,7,13,2.5,2.96,29,22
2005,7,14,0,3.02,32,23
2005,7,15,0,3.88,34,24
2005,7,16,16.5,2.32,29,24
2005,7,17,1.5,2.02,29,23
2005,7,18,0,1.15,32,22
2005,7,19,0,5.1,31,23
2005,7,20,5.5,2.99,31,24
2005,7,21,37.5,2.38,27,25
2005,7,22,0.5,2.34,30,21
2005,7,23,1.5,1.41,31,22
2005,7,24,43.5,2.67,26,23
2005,7,25,0,6.1,30,23
2005,7,26,0,5.69,31,23
2005,7,27,31.5,4.57,30,24
2005,7,28,17.5,5.43,31,22
2005,7,29,0,3.79,31,23
2005,7,30,0,3.26,31,23
2005,7,31,0,3.32,31,22
2005,8,1,0,3.54,32,22
2005,8,2,0,2.78,31,23
2005,8,3,0,0.29,32,22
2005,8,4,0,4.59,33,24
2005,8,5,0,4.33,30,23
2005,8,6,21.5,NULO,29,24
2005,8,7,0,1.46,30,22
2005,8,8,0.5,0.29,31,23
2005,8,9,0,4.11,32,23
2005,8,10,0,3.11,32,24
2005,8,11,0,0.23,31,23
2005,8,12,0,2.53,33,23
2005,8,13,0.5,2.76,34,23
2005,8,14,0,0.74,32,24
2005,8,15,1.5,1.88,32,24
2005,8,16,0.5,1.53,29,23
2005,8,17,0,3.78,31,22
2005,8,18,0.5,3.53,33,22
2005,8,19,13.5,1.76,30,23
2005,8,20,10.5,3.03,28,24
2005,8,21,3.5,5.61,29,23
2005,8,22,95.5,NULO,28,21
2005,8,23,12.5,3.73,26,22
2005,8,24,0,2.09,30,23
2005,8,25,0,2.54,31,22
2005,8,26,0,2.42,33,24
2005,8,27,0,4.36,33,23
2005,8,28,0,1.58,35,24
2005,8,29,0,4.63,37,25
2005,8,30,0,2.85,34,24
2005,8,31,0,4.11,33,24
2005,9,1,46.5,NULO,31,24
2005,9,2,11.5,1.97,28,23
2005,9,3,49.5,NULO,28,23
2005,9,4,5.5,3.8,28,22
2005,9,5,6.5,2.83,30,23
2005,9,6,13.5,5.19,30,23
2005,9,7,0.5,1.47,29,21
2005,9,8,0,1.91,30,22
2005,9,9,0,1.64,31,22
2005,9,10,0,0.33,32,21
2005,9,11,0,2.19,32,23
2005,9,12,0,0.99,31,23
2005,9,13,0,4.24,32,24
2005,9,14,0,3.62,32,23
2005,9,15,0,2.42,32,24
2005,9,16,2.5,0.79,32,23
2005,9,17,0,2.85,32,24
2005,9,18,0,0.22,32,23
2005,9,19,0,1.55,33,23
2005,9,20,9.5,2.72,29,23
2005,9,21,0.5,1.88,30,22
2005,9,22,0,2.94,33,21
2005,9,23,0,2.65,34,22
2005,9,24,0,2.61,35,21
2005,9,25,0,2.55,33,21
2005,9,26,0,0.79,30,23
2005,9,27,0,1.37,31,23
2005,9,28,0,1.82,32,22
2005,9,29,0,1.88,32,22
2005,9,30,0,2.39,32,22
2005,10,1,0,2.4,33,23
2005,10,2,1.5,0.97,37,23
2005,10,3,45.5,NULO,29,24
2005,10,4,74.5,NULO,27,23
2005,10,5,57.5,NULO,26,23
2005,10,6,41.5,NULO,30,22
2005,10,7,32.5,NULO,24,23
2005,10,8,0,0.99,24,23
2005,10,9,0,2.25,27,19
2005,10,10,1.5,1.15,31,21
2005,10,11,44.5,NULO,29,22
2005,10,12,49.5,NULO,29,21
2005,10,13,0,NULO,29,22
2005,10,14,11.5,1.74,29,22
2005,10,15,0,0.78,25,22
2005,10,16,0,2.99,28,21
2005,10,17,0.5,0.08,28,22
2005,10,18,0,1.4,29,22
2005,10,19,0,0.34,29,20
2005,10,20,0,1.85,29,21
2005,10,21,0,1.2,29,20
2005,10,22,0,1.7,30,19
2005,10,23,9.5,4.56,26,15
2005,10,24,0,1.51,22,13
2005,10,25,0,3.28,26,14
2005,10,26,0,1.57,23,16
2005,10,27,9.5,5.52,26,18
2005,10,28,13.5,6.01,25,19
2005,10,29,0,1.77,26,17
2005,10,30,0,1.68,26,18
2005,10,31,1.5,3.94,27,19
2005,11,1,0,1.76,22,15
2005,11,2,0,0.03,25,14
2005,11,3,0,2.15,25,13
2005,11,4,0,2.56,27,16
2005,11,5,0,0.06,27,16
2005,11,6,0,0.68,28,17
2005,11,7,2.5,1.27,24,18
2005,11,8,9.5,0.95,28,20
2005,11,9,0,1.23,27,20
2005,11,10,0,0.05,27,21
2005,11,11,0,2.39,27,19
2005,11,12,0,0.71,28,20
2005,11,13,0,0.18,29,19
2005,11,14,0,0.69,28,20
2005,11,15,7.5,0.23,29,15.5
2005,11,16,0.5,1.46,21,15
2005,11,17,0,0.74,16,11
2005,11,18,0.5,0.82,21,12
2005,11,19,0,0.11,23,16
2005,11,20,7.5,0.14,20,17
2005,11,21,0,0.68,21,14
2005,11,22,0,1.69,24,12
2005,11,23,0,0.32,24,12
2005,11,24,0,1.79,25,11
2005,11,25,0,0.58,25,12
2005,11,26,0,1.23,27,13
2005,11,27,0,0.29,28,17
2005,11,28,0,0.12,24,13
2005,11,29,0,1.15,20,12
2005,11,30,0,0.07,23,13
2005,12,1,9.5,1.89,25,16
2005,12,2,0,0.7,26,17
2005,12,3,0,0.69,28,18
2005,12,4,0,1.67,27,15
2005,12,5,0,0.91,24,12
2005,12,6,0,0.59,19,13
2005,12,7,1.5,0.24,23,14
2005,12,8,3.5,1.41,16,9.5
2005,12,9,3.5,1.34,16,8
2005,12,10,0.5,0.05,23,8
2005,12,11,1.5,0.95,19,12
2005,12,12,0,0.04,24,16
2005,12,13,0,0.48,25,15
2005,12,14,0,0.6,27,16
2005,12,15,0,1.01,25,16
2005,12,16,0,1.71,27,13
2005,12,17,0,0.1,22,12
2005,12,18,1.5,1.57,19,13
2005,12,19,4.5,0.75,16,14
2005,12,20,2.5,0.79,15,14
2005,12,21,4.5,7.89,17,14
2005,12,22,0,3.73,22,14
2005,12,23,0,6.37,23,14
2005,12,24,0,0.92,26,13
2005,12,25,0,1.32,24,12
2005,12,26,0,1.47,25,11
2005,12,27,0,0.52,26,11
2005,12,28,0,1.11,26,12
2005,12,29,0,0.69,26,13
2005,12,30,0,2.55,25,13
2005,12,31,0,1.01,25,14
2006,1,1,0,NULO,27,16
2006,1,2,0.5,NULO,26,18
2006,1,3,0,NULO,26,18
2006,1,4,0,NULO,27,18
2006,1,5,5.5,NULO,25,14
2006,1,6,0,NULO,21,13
2006,1,7,0,NULO,22,11
2006,1,8,0,NULO,24,9
2006,1,9,0,NULO,25,11
2006,1,10,0,NULO,22,11
2006,1,11,0,NULO,25,14
2006,1,12,0,NULO,26,14
2006,1,13,0,NULO,26,15
2006,1,14,0,NULO,23,12
2006,1,15,0,NULO,25,12
2006,1,16,0,NULO,22,15
2006,1,17,0,NULO,21,14
2006,1,18,0,NULO,23,10
2006,1,19,0,NULO,25,10
2006,1,20,0,NULO,26,13
2006,1,21,0.5,NULO,25,14
2006,1,22,10.5,NULO,23,15
2006,1,23,4.5,NULO,19,14
2006,1,24,9.5,NULO,16,13
2006,1,25,4.5,NULO,14,13
2006,1,26,0,NULO,18,12
2006,1,27,0,NULO,23,13
2006,1,28,0,NULO,24,14
2006,1,29,0,NULO,25,17
2006,1,30,0,NULO,27,18
2006,1,31,0,NULO,25,15
2006,2,1,0,NULO,26,16
2006,2,2,0,NULO,29,17
2006,2,3,0,NULO,29,15
2006,2,4,0,NULO,23,14
2006,2,5,0,NULO,25,12
2006,2,6,0,NULO,28,13
2006,2,7,0,NULO,23,14
2006,2,8,0,NULO,23,13
2006,2,9,0,NULO,21,14
2006,2,10,0,NULO,29,14
2006,2,11,0,NULO,19,14
2006,2,12,0,NULO,15,11
2006,2,13,0,NULO,22,8
2006,2,14,0,NULO,25,9
2006,2,15,0,NULO,28,11
2006,2,16,0,NULO,28,15
2006,2,17,0,NULO,29,17
2006,2,18,3.5,NULO,25,13
2006,2,19,0.5,NULO,21,12
2006,2,20,0,NULO,25,13
2006,2,21,0,NULO,27,16
2006,2,22,0,NULO,29,16
2006,2,23,0,NULO,29,17
2006,2,24,0,NULO,27,21
2006,2,25,0,NULO,30,17
2006,2,26,0,NULO,26,18
2006,2,27,0,NULO,26,14
2006,2,28,0,NULO,26,15
2006,3,1,0,NULO,29,15
2006,3,2,0,NULO,30,15
2006,3,3,0,NULO,29,17
2006,3,4,0,NULO,28,18
2006,3,5,0,NULO,29,16
2006,3,6,0,NULO,37,17
2006,3,7,0,NULO,22.5,18
2006,3,8,0,NULO,31,18
2006,3,9,0,NULO,39,18
2006,3,10,0,NULO,37,20
2006,3,11,0,NULO,37,18
2006,3,12,0,NULO,33,20
2006,3,13,0,NULO,34,21
2006,3,14,6.5,NULO,23,21
2006,3,15,0,NULO,26,19
2006,3,16,0,NULO,31,19
2006,3,17,0,NULO,28,21
2006,3,18,0,NULO,31,19
2006,3,19,0,NULO,35,19
2006,3,20,0,NULO,37,20
2006,3,21,0,NULO,27,21
2006,3,22,0.5,NULO,27,20
2006,3,23,10.5,NULO,22,15.5
2006,3,24,10.5,NULO,21,11
2006,3,25,0,NULO,27,12
2006,3,26,0,NULO,25,13
2006,3,27,0,NULO,28,15
2006,3,28,0,NULO,29,19
2006,3,29,0,NULO,28,20
2006,3,30,0,NULO,31,19
2006,3,31,0,NULO,31,18
2006,4,1,0,NULO,33,21
2006,4,2,0,NULO,32,19
2006,4,3,0,NULO,33,20
2006,4,4,0,NULO,31,19
2006,4,5,0,NULO,32,19
2006,4,6,0,NULO,34,20
2006,4,7,0,NULO,38,21
2006,4,8,0,NULO,38,18
2006,4,9,0,NULO,29,17
2006,4,10,0,NULO,30,17
2006,4,11,0,NULO,31,18
2006,4,12,0,NULO,32,19
2006,4,13,0,NULO,31,18
2006,4,14,0,NULO,32,17
2006,4,15,0,NULO,34,19
2006,4,16,0,NULO,31,19
2006,4,17,0,NULO,39,21
2006,4,18,0,NULO,38,21
2006,4,19,0,NULO,36,22
2006,4,20,0,NULO,35,23
2006,4,21,0,NULO,33,23
2006,4,22,0,NULO,32,24
2006,4,23,0,NULO,34,23
2006,4,24,0,NULO,37,22
2006,4,25,0,NULO,37,23
2006,4,26,0,NULO,37,24
2006,4,27,0,NULO,33,24
2006,4,28,0,NULO,34,22
2006,4,29,10.5,NULO,37,22
2006,4,30,1.5,NULO,33,21
2006,5,1,0,NULO,33,20
2006,5,2,0,NULO,35,21
2006,5,3,0,NULO,34,22
2006,5,4,0,NULO,35,22
2006,5,5,0,NULO,35,24
2006,5,6,0,NULO,39,23
2006,5,7,0,NULO,38,24
2006,5,8,0,NULO,35,25
2006,5,9,0,NULO,38,24
2006,5,10,0,NULO,42,25
2006,5,11,0.5,NULO,28,24
2006,5,12,0,NULO,32,25
2006,5,13,0,NULO,35,22
2006,5,14,54.5,NULO,37,20
2006,5,15,0,NULO,30,19
2006,5,16,0,NULO,30,20
2006,5,17,0,NULO,32,20
2006,5,18,0,NULO,32,19
2006,5,19,0,NULO,33,18
2006,5,20,0,NULO,34,19
2006,5,21,0,NULO,34,21
2006,5,22,0,NULO,34,24
2006,5,23,0,NULO,35,23
2006,5,24,0,NULO,35,22
2006,5,25,0,NULO,35,22
2006,5,26,0,NULO,36,23
2006,5,27,0,NULO,35,22
2006,5,28,0.5,NULO,36,24
2006,5,29,0,NULO,33,23
2006,5,30,0,NULO,33,24
2006,5,31,0,NULO,33,23
2006,6,1,0,NULO,35,22
2006,6,2,0,NULO,36,22
2006,6,3,0,NULO,34,21
2006,6,4,0.5,NULO,32,24
2006,6,5,0,NULO,31,22
2006,6,6,0,NULO,35,21
2006,6,7,0,NULO,35,21
2006,6,8,0,NULO,35,21
2006,6,9,0,NULO,35,22
2006,6,10,0,NULO,35,21
2006,6,11,0,NULO,36,21
2006,6,12,0,NULO,36,22
2006,6,13,0,NULO,37,22
2006,6,14,0,NULO,37,23
2006,6,15,0,NULO,36,23
2006,6,16,0,NULO,37,21
2006,6,17,0,NULO,37,24
2006,6,18,0,NULO,37,25
2006,6,19,0,NULO,37,23
2006,6,20,0,NULO,37,24
2006,6,21,0,NULO,36,23
2006,6,22,0,NULO,36,24
2006,6,23,0,NULO,34,23
2006,6,24,0,NULO,36,24
2006,6,25,0,NULO,34,25
2006,6,26,0,NULO,39,22
2006,6,27,0,NULO,37,23
2006,6,28,2.5,NULO,35,22
2006,6,29,10.5,NULO,34,24
2006,6,30,7.5,NULO,26,21
2006,7,1,5.5,NULO,24,22
2006,7,2,0.5,NULO,30,22
2006,7,3,0,NULO,37,23
2006,7,4,0,NULO,44,24
2006,7,5,0,NULO,35,25
2006,7,6,0,NULO,34,24
2006,7,7,0.5,NULO,34,24
2006,7,8,0.5,NULO,31,23
2006,7,9,0.5,NULO,30,24
2006,7,10,0,NULO,31,24
2006,7,11,0.5,NULO,30,23
2006,7,12,47.5,NULO,32,23
2006,7,13,0,NULO,31,22
2006,7,14,0.5,NULO,33,23
2006,7,15,0.5,NULO,31,22
2006,7,16,2.5,NULO,31,21
2006,7,17,0,NULO,32,22
2006,7,18,0,NULO,32,22
2006,7,19,0,NULO,33,23
2006,7,20,39.5,NULO,32,22
2006,7,21,0.5,NULO,28,21
2006,7,22,2.5,NULO,29,23
2006,7,23,0,NULO,31,22
2006,7,24,0,NULO,31,23
2006,7,25,0,NULO,29,22
2006,7,26,0,NULO,34,24
2006,7,27,0,NULO,34,24
2006,7,28,2.5,NULO,32,23
2006,7,29,0,NULO,32,23
2006,7,30,0,NULO,33,22
2006,7,31,0,NULO,32,24
2006,8,1,0,NULO,32,24
2006,8,2,0,NULO,32,24
2006,8,3,4.5,NULO,33,23
2006,8,4,34.5,NULO,29,22
2006,8,5,3.5,NULO,31,23
2006,8,6,0,NULO,30,22
2006,8,7,1.5,NULO,29,22
2006,8,8,0,NULO,30,21
2006,8,9,0,NULO,28,22
2006,8,10,0,NULO,32,21
2006,8,11,0,NULO,33,22
2006,8,12,0,NULO,34,24
2006,8,13,0,NULO,34,23
2006,8,14,0,NULO,35,24
2006,8,15,4.5,NULO,32,24
2006,8,16,0,NULO,34,24
2006,8,17,0,NULO,34,24
2006,8,18,0,NULO,34,24
2006,8,19,42.5,NULO,35,23
2006,8,20,0,NULO,33,22
2006,8,21,5.5,NULO,33,23
2006,8,22,0,NULO,33,23
2006,8,23,0,NULO,34,23
2006,8,24,0,NULO,34,24
2006,8,25,0,NULO,35,24
2006,8,26,0,NULO,33,25
2006,8,27,0,NULO,34,24
2006,8,28,0,NULO,33,22
2006,8,29,0,NULO,35,23
2006,8,30,0,NULO,34,23
2006,8,31,0,NULO,33,23
2006,9,1,0,NULO,35,24
2006,9,2,16.5,NULO,36,24
2006,9,3,1.5,NULO,30,23
2006,9,4,0.5,NULO,32,22
2006,9,5,5.5,NULO,33,23
2006,9,6,0,NULO,32,23
2006,9,7,0,NULO,32,22
2006,9,8,0,NULO,34,23
2006,9,9,0,NULO,34,24
2006,9,10,0,NULO,34,24
2006,9,11,0,NULO,34,24
2006,9,12,0.5,NULO,35,24
2006,9,13,0,NULO,33,24
2006,9,14,0,NULO,32,23
2006,9,15,0,NULO,35,24
2006,9,16,0,NULO,36,24
2006,9,17,0,NULO,36,25
2006,9,18,0,NULO,38,26
2006,9,19,5.5,NULO,34,24
2006,9,20,0.5,NULO,31,23
2006,9,21,0,NULO,35,23
2006,9,22,0,NULO,37,24
2006,9,23,0,NULO,38,25
2006,9,24,58.5,NULO,34,23
2006,9,25,4.5,NULO,27,22
2006,9,26,0,NULO,27,20.5
2006,9,27,0,NULO,31,21
2006,9,28,0,NULO,32,22
2006,9,29,0,NULO,32,23
2006,9,30,0,NULO,31,22
2006,10,1,0,NULO,31,20
2006,10,2,0,NULO,30,22
2006,10,3,0,NULO,30,22
2006,10,4,25.5,NULO,31,21
2006,10,5,16.5,NULO,24,21
2006,10,6,16.5,NULO,26,19
2006,10,7,0,NULO,27,20
2006,10,8,0,NULO,30,21
2006,10,9,0,NULO,31,22
2006,10,10,0,NULO,31,23
2006,10,11,0,NULO,32,22
2006,10,12,0,NULO,31,23
2006,10,13,5.5,NULO,30,23
2006,10,14,4.5,NULO,27,22
2006,10,15,0,NULO,31,23
2006,10,16,0,NULO,32,23
2006,10,17,0,NULO,34,24
2006,10,18,0,NULO,33,25
2006,10,19,0.5,NULO,32,20.5
2006,10,20,0,NULO,26,19
2006,10,21,0,NULO,30,20
2006,10,22,21.5,NULO,26,20
2006,10,23,0.5,NULO,25,17
2006,10,24,0,NULO,24,18
2006,10,25,0,NULO,29,20
2006,10,26,0,NULO,31,21
2006,10,27,2.5,NULO,29,18
2006,10,28,0,NULO,25,15
2006,10,29,0,NULO,28,13
2006,10,30,0,NULO,26,12
2006,10,31,0,NULO,29,15
2006,11,1,0,NULO,29,19
2006,11,2,9.5,NULO,29,17
2006,11,3,19.5,NULO,22,16
2006,11,4,0,NULO,25,16
2006,11,5,0,NULO,27,19
2006,11,6,0,NULO,29,22
2006,11,7,0,NULO,28,22
2006,11,8,0,NULO,29,20
2006,11,9,0,NULO,29,21
2006,11,10,0.5,NULO,30,22
2006,11,11,35.5,NULO,24,18
2006,11,12,0,NULO,23,15
2006,11,13,0,NULO,27,16
2006,11,14,0,NULO,29,19
2006,11,15,0,NULO,28,21
2006,11,16,0,NULO,25,17
2006,11,17,0,NULO,26,12.5
2006,11,18,17.5,NULO,22,15
2006,11,19,0.5,NULO,19,16
2006,11,20,0,NULO,21,14
2006,11,21,0,NULO,22,12
2006,11,22,0,NULO,24,12
2006,11,23,0,NULO,23,13
2006,11,24,0,NULO,24,16
2006,11,25,0,NULO,25,17
2006,11,26,0,NULO,26,16
2006,11,27,0,NULO,26,17
2006,11,28,0,NULO,27,18
2006,11,29,0,NULO,27,19
2006,11,30,0,NULO,29,18
2006,12,1,0,NULO,18,12
2006,12,2,0.5,NULO,22,13
2006,12,3,35.5,NULO,18,15
2006,12,4,0,NULO,19,12
2006,12,5,0,NULO,19,9
2006,12,6,0,NULO,24,12
2006,12,7,52.5,NULO,20,13
2006,12,8,25.5,NULO,18,12
2006,12,9,1.5,NULO,16,10
2006,12,10,0,NULO,22,11
2006,12,11,0,NULO,25,14
2006,12,12,11.5,NULO,23,18
2006,12,13,2.5,NULO,21,18
2006,12,14,0,NULO,24,19
2006,12,15,0,NULO,25,19
2006,12,16,0,NULO,25,18
2006,12,17,0,NULO,25,19
2006,12,18,0,NULO,26,20
2006,12,19,0,NULO,25,19
2006,12,20,0,NULO,27,20
2006,12,21,0,NULO,25,20
2006,12,22,0,NULO,22,20
2006,12,23,0.5,NULO,22,15.5
2006,12,24,0,NULO,19,11
2006,12,25,0,NULO,22,11
2006,12,26,0,NULO,20,9
2006,12,27,0,NULO,23,9
2006,12,28,0,NULO,24,10
2006,12,29,0,NULO,25,13
2006,12,30,0,NULO,24,14
2006,12,31,0.5,NULO,20,15
2007,1,1,0,NULO,25,16
2007,1,2,0.1,NULO,23,14
2007,1,3,0,NULO,24,13
2007,1,4,0,NULO,23,15
2007,1,5,0,NULO,29,13
2007,1,6,0,NULO,23,17
2007,1,7,0,NULO,19,15
2007,1,8,0,NULO,23,11
2007,1,9,0,NULO,28,8
2007,1,10,0,NULO,25,8
2007,1,11,0,NULO,27,9
2007,1,12,1,NULO,29,13
2007,1,13,0,NULO,28,17
2007,1,14,0,NULO,30,18
2007,1,15,7,NULO,27,14
2007,1,16,2,NULO,20,9.5
2007,1,17,0,NULO,18,5
2007,1,18,0,NULO,20,6
2007,1,19,0,NULO,27,12
2007,1,20,0,NULO,23,13
2007,1,21,0,NULO,22,16
2007,1,22,0,NULO,17,13
2007,1,23,0,NULO,15,9
2007,1,24,10,NULO,13,8
2007,1,25,8,NULO,11,8
2007,1,26,1.5,NULO,12,9
2007,1,27,0,NULO,13,11
2007,2,1,0,NULO,21,15
2007,2,2,7.5,NULO,22,17
2007,2,3,112.5,NULO,18,15
2007,2,4,57.5,NULO,16,12
2007,2,5,10.5,NULO,16,13
2007,2,6,0,NULO,22,13
2007,2,7,0,NULO,26,14
2007,2,8,0,NULO,26,16
2007,2,9,0,NULO,25,18
2007,2,10,5.5,NULO,24,18
2007,2,11,0,NULO,20,15
2007,2,12,0,NULO,25,16
2007,2,13,0,NULO,24,17
2007,2,14,0,NULO,19,14
2007,2,15,4.5,NULO,19,11
2007,2,16,0,NULO,12,8
2007,2,17,0,NULO,22,8
2007,2,18,0,NULO,21,10
2007,2,19,0,NULO,27,11
2007,2,20,0,NULO,27,12
2007,2,21,0,NULO,25,14
2007,2,22,0,NULO,27,15
2007,2,23,0,NULO,27,16
2007,2,24,0,NULO,31,16
2007,2,25,0,NULO,26,18
2007,2,26,0,NULO,27,14
2007,2,27,0,NULO,28,15
2007,2,28,0,NULO,28,18
2007,3,1,0,NULO,30,17
2007,3,2,0,NULO,27,14
2007,3,3,0,NULO,24,17
2007,3,4,0,NULO,21,15
2007,3,5,0,NULO,18,10.5
2007,3,6,0,NULO,23,11
2007,3,7,0,NULO,25,12
2007,3,8,0,NULO,26,13
2007,3,9,0,NULO,26,15
2007,3,10,0,NULO,26,17
2007,3,11,0,NULO,28,18
2007,3,12,0,NULO,28,19
2007,3,13,0.5,NULO,27,21
2007,3,14,0,NULO,30,20
2007,3,15,0,NULO,32,20
2007,3,16,0,NULO,26,21
2007,3,17,0,NULO,28,17
2007,3,18,0,NULO,28,17
2007,3,19,0,NULO,27,18
2007,3,20,0,NULO,28,19
2007,3,21,0,NULO,28,18
2007,3,22,0,NULO,28,19
2007,3,23,0,NULO,24,19
2007,3,24,0.5,NULO,25,21
2007,3,25,0,NULO,28,21
2007,3,26,0,NULO,27,21
2007,3,27,0,NULO,27,21
2007,3,28,0,NULO,29,21
2007,3,29,0,NULO,29,21
2007,3,30,0,NULO,29,20
2007,3,31,1.5,NULO,29,21
2007,4,1,1.5,NULO,28,22
2007,4,2,2.5,NULO,29,22
2007,4,3,1,NULO,30,20
2007,4,4,112.5,NULO,31,20
2007,4,5,0,NULO,28,19
2007,4,6,0,NULO,27,16
2007,4,7,0.5,NULO,25,17
2007,4,8,1.5,NULO,18,14
2007,4,9,0,NULO,26,12
2007,4,10,0,NULO,32,13
2007,4,11,0,NULO,35,17
2007,4,12,0,NULO,30,20
2007,4,13,0,NULO,34,21
2007,4,14,0,NULO,31,21
2007,4,15,0,NULO,25,17
2007,4,16,0,NULO,26,17
2007,4,17,0,NULO,32,18
2007,4,18,0,NULO,23,20
2007,4,19,0,NULO,33,17
2007,4,20,0,NULO,30,18
2007,4,21,0,NULO,28,21
2007,4,22,0,NULO,32,22
2007,4,23,0,NULO,31,22
2007,4,24,0,NULO,33,22
2007,4,25,0,NULO,37,22
2007,4,26,0,NULO,34,22
2007,4,27,0,NULO,36,23
2007,4,28,0,NULO,31,24
2007,4,29,0,NULO,32,22
2007,4,30,0,NULO,34,21
2007,5,1,0,NULO,33,23
2007,5,2,0,NULO,34,22
2007,5,3,0,NULO,35,21
2007,5,4,0,NULO,35,23
2007,5,5,0,NULO,35,25
2007,5,6,0,NULO,38,24
2007,5,7,0,NULO,34,24
2007,5,8,0,NULO,33,24
2007,5,9,0,NULO,32,21
2007,5,10,0,NULO,31,22
2007,5,11,0,NULO,34,23
2007,5,12,0,NULO,33,22
2007,5,13,0,NULO,32,22
2007,5,14,0,NULO,32,22
2007,5,15,0,NULO,32,21
2007,5,16,0,NULO,34,21
2007,5,17,0,NULO,34,21
2007,5,18,0,NULO,33,20
2007,5,19,0,NULO,33,20
2007,5,20,0,NULO,33,22
2007,5,21,0,NULO,31,22
2007,5,22,0,NULO,35,22
2007,5,23,0,NULO,32,24
2007,5,24,20.5,NULO,30,23
2007,5,25,14.5,NULO,33,22
2007,5,26,0,NULO,35,23
2007,5,27,0,NULO,33,22
2007,5,28,0,NULO,34,20
2007,5,29,0,NULO,34,22
2007,5,30,0,NULO,36,23
2007,5,31,0,NULO,35,22
2007,6,1,0,NULO,35,22
2007,6,2,0,NULO,35,21
2007,6,3,0,NULO,35,23
2007,6,4,0,NULO,35,24
2007,6,5,0,NULO,36,24
2007,6,6,0,NULO,36,24
2007,6,7,0,NULO,38,25
2007,6,8,0,NULO,36,21
2007,6,9,34.5,NULO,27,24
2007,6,10,0,NULO,33,21
2007,6,11,0,NULO,34,22
2007,6,12,0,NULO,33,22
2007,6,13,0,NULO,35,21
2007,6,14,0,NULO,36,22
2007,6,15,0,NULO,35,23
2007,6,16,0,NULO,35,24
2007,6,17,0,NULO,36,25
2007,6,18,0,NULO,36,25
2007,6,19,0,NULO,31,24
2007,6,20,0,NULO,33,25
2007,6,21,0,NULO,33,23
2007,6,22,0,NULO,35,24
2007,6,23,0,NULO,34,24
2007,6,24,0.5,NULO,32,23
2007,6,25,0,NULO,33,25
2007,6,26,0,NULO,33,23
2007,6,27,0,NULO,36,24
2007,6,28,0,NULO,36,23
2007,6,29,0,NULO,35,21
2007,6,30,0,NULO,35,24
2007,7,1,0,NULO,35,24
2007,7,2,0,NULO,35,25
2007,7,3,0,NULO,36,24
2007,7,4,0,NULO,36,23
2007,7,5,0,NULO,35,24
2007,7,6,1.5,NULO,35,24
2007,7,7,0,NULO,36,23
2007,7,8,0,NULO,36,24
2007,7,9,0,NULO,37,23
2007,7,10,0,NULO,36,24
2007,7,11,4.5,NULO,34,23
2007,7,12,0,NULO,33,22
2007,7,13,0,NULO,36,23
2007,7,14,0,NULO,36,23
2007,7,15,0,NULO,36,23
2007,7,16,0,NULO,35,24
2007,7,17,0,NULO,28,24
2007,7,18,0,NULO,30,23
2007,7,19,0,NULO,32,24
2007,7,20,0,NULO,33,23
2007,7,21,0,NULO,34,22
2007,7,22,50.5,NULO,34,23
2007,7,23,22.5,NULO,31,22
2007,7,24,0,NULO,33,21
2007,7,25,0,NULO,34,23
2007,7,26,0,NULO,34,24
2007,7,27,0,NULO,34,25
2007,7,28,0,NULO,35,22
2007,7,29,0,NULO,35,24
2007,7,30,0,NULO,35,25
2007,7,31,0,NULO,35,24
2007,8,1,0,NULO,35,25
2007,8,2,0,NULO,37,24
2007,8,3,0.5,NULO,32,23
2007,8,4,0,NULO,35,23
2007,8,5,0,NULO,36,24
2007,8,6,4.5,NULO,34,23
2007,8,7,0,NULO,32,22
2007,8,8,0,NULO,34,21
2007,8,9,0,NULO,25,23
2007,8,10,0,NULO,36,23
2007,8,11,4.5,NULO,32,24
2007,8,12,0,NULO,34,22
2007,8,13,0,NULO,36,23
2007,8,14,0,NULO,35,24
2007,8,15,8.5,NULO,36,21
2007,8,16,0,NULO,36,23
2007,8,17,5.5,NULO,34,24
2007,8,18,0,NULO,35,24
2007,8,19,0,NULO,33,23
2007,8,20,0,NULO,36,24
2007,8,21,98.5,NULO,36,23
2007,8,22,22.5,NULO,26,23
2007,8,23,3.5,NULO,31,23
2007,8,24,1.5,NULO,34,24
2007,8,25,70.5,NULO,32,23
2007,8,26,32.5,NULO,27,24
2007,8,27,22.5,NULO,28,24
2007,8,28,22.5,NULO,28,22
2007,8,29,60.5,NULO,28,23
2007,8,30,49.5,NULO,28,23
2007,8,31,32.5,NULO,25,22
2007,9,1,106.5,NULO,27,23
2007,9,2,35.5,NULO,25,24
2007,9,3,2.5,NULO,26,23
2007,9,4,0,NULO,30,23
2007,9,5,0,NULO,31,22
2007,9,6,0,NULO,31,23
2007,9,7,4.5,NULO,28,24
2007,9,8,1,NULO,25,23
2007,9,9,32,NULO,30,22
2007,9,10,2.5,NULO,29,22
2007,9,11,0,NULO,29,21
2007,9,12,0,NULO,30,22
2007,9,13,0,NULO,31,23
2007,9,14,0,NULO,31,24
2007,9,15,25.5,NULO,29,23
2007,9,16,0,NULO,29,22
2007,9,17,0,NULO,30,21
2007,9,18,0,NULO,32,23
2007,9,19,0,NULO,31,23
2007,9,20,0,NULO,30,24
2007,9,21,0,NULO,31,23
2007,9,22,0,NULO,32,22
2007,9,23,0,NULO,31,23
2007,9,24,0,NULO,32,22
2007,9,25,20.5,NULO,33,23
2007,9,26,5.5,NULO,29,23
2007,9,27,8.5,NULO,30,22
2007,9,28,8.5,NULO,27,21
2007,9,29,0,NULO,29,22
2007,9,30,24.5,NULO,30,23
2007,10,1,0.5,NULO,29,23
2007,10,2,0,NULO,29,24
2007,10,3,0,NULO,30,22
2007,10,4,0,NULO,31,23
2007,10,5,0,NULO,30,22
2007,10,6,0,NULO,30,23
2007,10,7,0,NULO,30,24
2007,10,8,4.5,NULO,31,23
2007,10,9,76.5,NULO,24,22
2007,10,10,18.5,NULO,28,21
2007,10,11,0,NULO,29,22
2007,10,12,0,NULO,29,21
2007,10,13,0,NULO,29,22
2007,10,14,0,NULO,30,21
2007,10,15,0,NULO,30,22
2007,10,16,0,NULO,29,22
2007,10,17,0,NULO,30,23
2007,10,18,0,NULO,31,24
2007,10,19,10.5,NULO,32,24
2007,10,20,1.5,NULO,27,22
2007,10,21,0,NULO,29,21
2007,10,22,30.5,NULO,30,16.5
2007,10,23,0,NULO,23,14
2007,10,24,0,NULO,25,12
2007,10,25,0,NULO,28,14
2007,10,26,0,NULO,26,15
2007,10,27,1.5,NULO,27,16
2007,10,28,0,NULO,24,18
2007,10,29,0,NULO,23,15
2007,10,30,0,NULO,26,16
2007,10,31,0,NULO,26,16
2007,11,1,0,NULO,27,16
2007,11,2,0,NULO,26,13
2007,11,3,0,NULO,25,12
2007,11,4,0,NULO,29,13
2007,11,5,0,NULO,27,17
2007,11,6,0,NULO,28,18
2007,11,7,1.5,NULO,25,19
2007,11,8,0,NULO,27,16
2007,11,9,0,NULO,28,17
2007,11,10,0,NULO,27,13
2007,11,11,0,NULO,27,15
2007,11,12,0,NULO,27,18
2007,11,13,0,NULO,27,19
2007,11,14,4.5,NULO,27,17
2007,11,15,67.5,NULO,22,15
2007,11,16,0.5,NULO,22,13
2007,11,17,0,NULO,25,15
2007,11,18,0,NULO,25,18
2007,11,19,0,NULO,26,18
2007,11,20,0,NULO,26,19
2007,11,21,0,NULO,27,20
2007,11,22,4.5,NULO,24,16
2007,11,23,0.5,NULO,22,12
2007,11,24,0.5,NULO,22,12
2007,11,25,2.5,NULO,19,15
2007,11,26,0.5,NULO,19,13
2007,11,27,5.5,NULO,18,14
2007,11,28,0.5,NULO,23,15
2007,11,29,6.5,NULO,25,17
2007,11,30,0,NULO,25,19
2007,12,1,0,NULO,26,18
2007,12,2,0,NULO,27,18
2007,12,3,0,NULO,23,15
2007,12,4,0,NULO,23,13
2007,12,5,0,NULO,25,14
2007,12,6,0,NULO,26,16
2007,12,7,0,NULO,27,19
2007,12,8,0,NULO,26,19
2007,12,9,0,NULO,27,20
2007,12,10,0,NULO,26,20
2007,12,11,0,NULO,26,21
2007,12,12,0,NULO,27,19
2007,12,13,1.5,NULO,27,21
2007,12,14,0,NULO,23,17
2007,12,15,0,NULO,27,15
2007,12,16,0,NULO,21,11
2007,12,17,0,NULO,19,13
2007,12,18,0,NULO,24,14
2007,12,19,0,NULO,25,15
2007,12,20,0,NULO,27,16
2007,12,21,0,NULO,28,15
2007,12,22,0,NULO,18,13
2007,12,23,0,NULO,19,13
2007,12,24,0,NULO,23,14
2007,12,25,0,NULO,25,15
2007,12,26,0,NULO,26,16
2007,12,27,0,NULO,24,17
2007,12,28,0,NULO,24,15
2007,12,29,0,NULO,23,13
2007,12,30,0,NULO,24,14
2007,12,31,20.5,NULO,25,14
2008,1,1,0,9.45,15,9.5
2008,1,2,0,0.24,14,8
2008,1,3,0,1,13,9
2008,1,4,0,0.95,19,10
2008,1,5,0,1,22,12
2008,1,6,0,0.36,24,13
2008,1,7,0,1.62,25,14
2008,1,8,0,0.7,26,17
2008,1,9,0,2,25,18
2008,1,10,0,0.87,26,17
2008,1,11,0,1.46,23,17
2008,1,12,0,1.58,25,16
2008,1,13,0,0.82,20,14
2008,1,14,0,0.31,18,15
2008,1,15,0,1.72,23,14
2008,1,16,0,0.82,19,13
2008,1,17,2.5,1.27,20,13
2008,1,18,1.5,1.15,18,13
2008,1,19,0,0.86,15,10
2008,1,20,0,0.14,26,11
2008,1,21,0,1.84,21,10
2008,1,22,0,0.4,24,13
2008,1,23,0,1.08,25,15
2008,1,24,3.5,1.81,21,18
2008,1,25,0.5,0.87,20,15
2008,1,26,0,1,19,11
2008,1,27,0.5,3.71,21,14
2008,1,28,0,2.67,26,15
2008,1,29,0,1.58,30,16
2008,1,30,0,0.89,24,17
2008,1,31,0,2.1,29,17
2008,2,1,0,2.27,21,19
2008,2,2,0,1.92,25,16
2008,2,3,0,0.62,27,14
2008,2,4,0,0.99,28,17
2008,2,5,0,2.36,31,18
2008,2,6,0,2.98,23,13.5
2008,2,7,0,1.94,25,10
2008,2,8,0,2.06,24,11
2008,2,9,0,1.16,28,15
2008,2,10,0,0.92,26,14
2008,2,11,1.5,0.95,24,15
2008,2,12,2.5,2.38,29,18
2008,2,13,0,2.94,20,14
2008,2,14,0,1.74,25,13
2008,2,15,0,1.79,28,16
2008,2,16,0,0.95,29,19
2008,2,17,0,1.21,29,17
2008,2,18,17.5,9.84,26,17
2008,2,19,0,8.39,21,17
2008,2,20,0,0.63,27,17
2008,2,21,0,3,29,18
2008,2,22,0,4.96,32,19
2008,2,23,0,2.16,28,17
2008,2,24,0,3.18,28,16
2008,2,25,0,3.4,30,17
2008,2,26,0,4.21,26,14
2008,2,27,0,3.72,23,13
2008,2,28,0,2.63,23,12
2008,2,29,0,NULO,23,13
2008,3,1,0,3.44,28,17
2008,3,2,0,1.23,28,17
2008,3,3,0,5.61,34,17
2008,3,4,0,2.97,21,13
2008,3,5,0,0.8,28,12
2008,3,6,0,5.54,34,16
2008,3,7,0,2.08,21,14
2008,3,8,0,4.16,26,15
2008,3,9,1.5,4.05,28,14
2008,3,10,6.5,1.79,19,17
2008,3,11,0.5,1.16,23,16
2008,3,12,0,2.25,30,18
2008,3,13,0,1.22,28,17
2008,3,14,0,1.08,32,18
2008,3,15,0,7.71,34,20
2008,3,16,0,4.02,31,19
2008,3,17,0,4.47,33,19
2008,3,18,0,2.62,29,20
2008,3,19,0,4.89,26,16
2008,3,20,0,3.58,27,13
2008,3,21,0,5.86,28,13
2008,3,22,0,4.84,29,13
2008,3,23,6.5,1.78,26,17
2008,3,24,0.5,0.22,19,15
2008,3,25,0,2.23,25,15
2008,3,26,0,3.04,29,16
2008,3,27,0,4.21,32,18
2008,3,28,0,4.78,28,19
2008,3,29,0,1.39,32,21
2008,3,30,0,2.8,30,19
2008,3,31,0,4.8,33,22
2008,4,1,0,3.3,30,23
2008,4,2,0,2.85,30,22
2008,4,3,0,3.69,32,20
2008,4,4,1.5,7.74,35,21
2008,4,5,1.5,0.59,25,21
2008,4,6,0,6.31,32,21
2008,4,7,0,4.1,32,22
2008,4,8,0,6.23,33,23
2008,4,9,0,4.31,34,23
2008,4,10,0,7.02,40,22
2008,4,11,0,4.49,36,22
2008,4,12,0,4.61,32,20
2008,4,13,0,3.97,32,22
2008,4,14,0,5.13,36,19
2008,4,15,0,3.22,29,15
2008,4,16,0,4.35,29,11
2008,4,17,0,4.4,31,15
2008,4,18,0,3.97,30,19.5
2008,4,19,0,4.68,30,20
2008,4,20,0,6.35,33,21
2008,4,21,0,6.47,35,22
2008,4,22,0,2.7,32,24
2008,4,23,0,6.49,32,23
2008,4,24,0,3.91,32,21
2008,4,25,0,2.18,34,22
2008,4,26,0,2.19,31,24
2008,4,27,4.5,5.14,31,19.5
2008,4,28,2.5,1.81,31,19
2008,4,29,0,5.64,32,16
2008,4,30,0,2.85,33,20
2008,5,1,0,5.77,37,17
2008,5,2,0,8.31,40,13
2008,5,3,0,5.23,36,17
2008,5,4,0,5.78,34,21
2008,5,5,0,5.99,34,22
2008,5,6,0,7.93,34,23
2008,5,7,0,5.36,35,21
2008,5,8,0,7.04,36,22
2008,5,9,0,6.09,31,21
2008,5,10,0,5.06,37,23
2008,5,11,0,5.36,37,25
2008,5,12,0,5.69,35,25
2008,5,13,0,8.33,38,24
2008,5,14,0,11.5,41,25
2008,5,15,0,7.25,41,24
2008,5,16,10.5,5.22,33,25
2008,5,17,9.5,0.99,37,21
2008,5,18,0,1.57,26,20
2008,5,19,0.5,4.13,32,21
2008,5,20,0,2.24,29,22
2008,5,21,0,8.06,37,23
2008,5,22,0,8.59,40,22
2008,5,23,0,10.76,43,23
2008,5,24,0,3.04,39,24
2008,5,25,0,6.84,37,25
2008,5,26,0,3.05,35,24
2008,5,27,0,5.05,36,21
2008,5,28,0,2.87,32,22
2008,5,29,0,5.03,32,21
2008,5,30,0,4.61,35,22
2008,5,31,0,3.22,35,22
2008,6,1,0,1.79,35,23
2008,6,2,0,4.7,36,24
2008,6,3,0,2.1,32,23
2008,6,4,0,3.16,35,23
2008,6,5,0,5.62,35,25
2008,6,6,34.5,4.45,34,25
2008,6,7,9.5,9.48,27,23
2008,6,8,0,0.35,29,24
2008,6,9,0,3.04,31,24
2008,6,10,6.5,2.25,29,23
2008,6,11,0,1.66,30,21
2008,6,12,0,3.58,32,23
2008,6,13,0,4.57,32,23
2008,6,14,10.5,0.91,33,21
2008,6,15,0,3.63,31,22
2008,6,16,0,1.6,32,23
2008,6,17,0,4.17,33,24
2008,6,18,0,3.44,34,23
2008,6,19,0,3.87,35,24
2008,6,20,0,3.4,34,23
2008,6,21,0,3.48,34,24
2008,6,22,12.5,2.02,32,22
2008,6,23,3.5,3.62,32,21
2008,6,24,12.5,1.49,31,22
2008,6,25,13.5,5.03,28,23
2008,6,26,8.5,1.79,29,22
2008,6,27,5.5,2.15,31,22
2008,6,28,15.5,3.51,28,23
2008,6,29,14.5,2.97,29,22
2008,6,30,0,0.59,27,23
2008,7,1,9.5,1.51,27,22
2008,7,2,10.5,6.39,29,23
2008,7,3,5.5,2.06,28,22
2008,7,4,6.5,2.81,28,22
2008,7,5,12.5,1.35,25,21
2008,7,6,34.5,4.27,28,23
2008,7,7,2.5,1.83,28,23
2008,7,8,19.5,3.52,26,23
2008,7,9,60.5,4.67,27,21
2008,7,10,1.5,4.53,28,22
2008,7,11,1.5,1.54,26,23
2008,7,12,0,2.1,29,21
2008,7,13,1.5,4.44,30,22
2008,7,14,0,2.12,31,22
2008,7,15,0,2.84,31,23
2008,7,16,0,1.95,31,23
2008,7,17,0,2.21,31,22
2008,7,18,0,2.65,32,22
2008,7,19,0,6.47,32,23
2008,7,20,8.5,0.93,33,24
2008,7,21,0.5,3.58,31,23
2008,7,22,0,0.55,31,22
2008,7,23,0,3.17,34,24
2008,7,24,0,2.38,33,24
2008,7,25,0,3.94,32,25
2008,7,26,16.5,4.66,28,22
2008,7,27,0,1.83,31,22
2008,7,28,0,2.5,32,22
2008,7,29,0,3.61,33,24
2008,7,30,0,2.64,33,26
2008,7,31,0,2.22,33,25
2008,8,1,0,NULO,33,24
2008,8,2,0,NULO,31,24
2008,8,3,0,NULO,33,22
2008,8,4,0,NULO,32,23
2008,8,5,1.5,NULO,33,21
2008,8,6,3.5,NULO,30,22
2008,8,7,4.5,NULO,32,23
2008,8,8,0,NULO,32,23
2008,8,9,0,NULO,33,24
2008,8,10,0,NULO,33,24
2008,8,11,0,NULO,34,24
2008,8,12,0,NULO,35,23
2008,8,13,0,NULO,35,25
2008,8,14,0,NULO,34,24
2008,8,15,0,NULO,34,24
2008,8,16,0,NULO,32,25
2008,8,17,0,NULO,33,25
2008,8,18,25.5,NULO,34,23
2008,8,19,7.5,NULO,29,22
2008,8,20,0,NULO,29,23
2008,8,21,0,NULO,33,24
2008,8,22,20.5,NULO,29,25
2008,8,23,0,NULO,32,25
2008,8,24,0,NULO,32,23
2008,8,25,0,NULO,35,24
2008,8,26,13.5,NULO,30,23
2008,8,27,0,NULO,26,23
2008,8,28,5.5,NULO,25,22
2008,8,29,67.5,NULO,29,23
2008,8,30,0,NULO,31,22
2008,8,31,0,NULO,30,22
2008,9,1,0,1.82,32,22
2008,9,2,0,1.93,33,24
2008,9,3,0,1.41,33,23
2008,9,4,0,3.45,33,23
2008,9,5,8.5,1.64,29,23
2008,9,6,0,1.07,29,23
2008,9,7,48.5,7.95,25,23
2008,9,8,10.5,16.51,27,21
2008,9,9,0,0.44,28,22
2008,9,10,0,1.07,30,24
2008,9,11,0,0.58,31,24
2008,9,12,3.5,3.08,32,24
2008,9,13,0,1.59,32,22
2008,9,14,4.5,14.98,25,22
2008,9,15,42.5,2.27,27,21
2008,9,16,0,3.99,24,20
2008,9,17,0,0.94,22,19
2008,9,18,0,0.58,28,20
2008,9,19,0,2.55,26,21
2008,9,20,1.5,0.66,26,20
2008,9,21,61.5,5.9,24,22
2008,9,22,28.5,2.78,26,21
2008,9,23,22.5,2.44,27,22
2008,9,24,9,5.07,26,23
2008,9,25,62.5,7.27,25,21
2008,9,26,0,1.01,27,19
2008,9,27,0,1.47,28,18
2008,9,28,0,3.39,28,18
2008,9,29,0,0.73,29,19
2008,9,30,0,2.66,29,18
2008,10,1,0,2.19,30,20
2008,10,2,0,3.23,31,18
2008,10,3,0,2.19,30,19
2008,10,4,0,1.96,29,21
2008,10,5,0,2.39,30,22
2008,10,6,0,2.2,30,21
2008,10,7,61.5,5.51,30,21
2008,10,8,0,7.24,26,21
2008,10,9,0,3.47,27,21
2008,10,10,0,0.55,29,20
2008,10,11,0,3.6,29,22
2008,10,12,0,2.38,30,23
2008,10,13,0,2.21,30,21
2008,10,14,2.5,1.14,29,22
2008,10,15,0,3.02,28,20
2008,10,16,140.5,NULO,26,22
2008,10,17,7.5,4.25,23,20
2008,10,18,0,0.51,26,21
2008,10,19,0,2.13,26,20
2008,10,20,0,2.33,26,19
2008,10,21,0,2.02,27,19
2008,10,22,0,2.88,28,18
2008,10,23,0,0.77,27,18
2008,10,24,0,1.9,27,19
2008,10,25,0,4.28,29,21
2008,10,26,0,3.38,28,20
2008,10,27,35.5,5.22,25,17
2008,10,28,0,1,23,13
2008,10,29,0,0.97,24,14
2008,10,30,0,1.47,24,15
2008,10,31,5.5,1.57,25,19
2008,11,1,0,1.86,24,18
2008,11,2,0,0.83,26,17
2008,11,3,0,2.92,27,18
2008,11,4,0,NULO,27,17
2008,11,5,0,NULO,27,17
2008,11,6,0,1.4,28,19
2008,11,7,0,1.83,28,19
2008,11,8,0,1.1,26,19
2008,11,9,0,1.95,27,20
2008,11,10,0,1.5,27,19
2008,11,11,0,1.07,28,20
2008,11,12,0,1.27,28,21
2008,11,13,0,0.92,27,22
2008,11,14,0,1.28,28,21
2008,11,15,0,NULO,24,18
2008,11,16,0,NULO,22,15
2008,11,17,0,1.36,23,11
2008,11,18,0,NULO,22,12
2008,11,19,0,1.67,21,14
2008,11,20,10.5,10.32,26,14
2008,11,21,4.5,3.73,20,14
2008,11,22,0,NULO,19,12
2008,11,23,0,NULO,24,14
2008,11,24,6.5,3.75,26,17
2008,11,25,0,13.69,21,19
2008,11,26,0,1.08,25,16
2008,11,27,0,1.03,27,17
2008,11,28,0,0.95,28,17
2008,11,29,0,0.55,28,18
2008,11,30,0,1.56,28,19
2008,12,1,0,0.81,24,17
2008,12,2,0,2.25,27,15
2008,12,3,0,2.38,25,15
2008,12,4,0.5,1.21,24,16
2008,12,5,0,0.8,21,14
2008,12,6,0,1.14,23,15
2008,12,7,0,0.85,23,16
2008,12,8,0,1.5,25,15
2008,12,9,0,1.38,30,16
2008,12,10,0,0.9,20,15
2008,12,11,0,2.42,20,14
2008,12,12,0,1.24,22,13
2008,12,13,0,1.45,24,9
2008,12,14,0,1.85,27,11
2008,12,15,0,0.83,28,13
2008,12,16,0,0.39,21,17
2008,12,17,0,1.41,25,20
2008,12,18,0,0.68,28,18
2008,12,19,0,0.99,27,17
2008,12,20,0,0.4,26,13
2008,12,21,0,2.62,21,11
2008,12,22,0,0.84,24,12
2008,12,23,0,1,27,12
2008,12,24,0,0.2,27,14
2008,12,25,0,3.29,28,18
2008,12,26,0,1.36,29,19
2008,12,27,0,1.66,21,16
2008,12,28,0,0.56,21,15
2008,12,29,0,0.29,25,14
2008,12,30,0,3.39,26,13
2008,12,31,0,1.17,26,13
2009,1,1,NULO,1.82,27,15
2009,1,2,NULO,0.55,27,16
2009,1,3,NULO,2.23,28,15
2009,1,4,NULO,1.42,29,16
2009,1,5,NULO,1.72,28,19
2009,1,6,NULO,1.6,23,18
2009,1,7,NULO,1.88,27,19
2009,1,8,NULO,1.85,28,18
2009,1,9,NULO,2.37,27,17
2009,1,10,NULO,0.1,16,12
2009,1,11,NULO,0.96,16,12
2009,1,12,NULO,4.04,23,11
2009,1,13,NULO,0.51,23,11
2009,1,14,NULO,1.71,18,11
2009,1,15,NULO,0.38,18,16
2009,1,16,NULO,0.22,22,16
2009,1,17,NULO,2.99,26,13
2009,1,18,NULO,1.59,27,16
2009,1,19,NULO,2.34,27,16
2009,1,20,NULO,1.66,24,14
2009,1,21,NULO,1.18,25,13
2009,1,22,NULO,1.98,25,15
2009,1,23,NULO,1.83,27,14
2009,1,24,NULO,2.3,25,14
2009,1,25,NULO,0.94,26,15
2009,1,26,NULO,0.26,27,17
2009,1,27,NULO,1.46,18,16
2009,1,28,NULO,0.6,24,15
2009,1,29,NULO,1.09,17,14
2009,1,30,NULO,0.82,16,12
2009,1,31,NULO,1.82,19,13
2009,2,1,NULO,0.9,26,14
2009,2,2,NULO,3.71,27,15
2009,2,3,NULO,1.82,23,14
2009,2,4,NULO,0.48,24,13
2009,2,5,NULO,1.88,23,15
2009,2,6,NULO,0.96,26,13
2009,2,7,NULO,3.82,25,17
2009,2,8,NULO,2.88,26,19
2009,2,9,NULO,1.72,28,17
2009,2,10,NULO,2.81,29,18
2009,2,11,NULO,2.71,29,19
2009,2,12,NULO,0.78,24,17
2009,2,13,NULO,2.06,29,19
2009,2,14,NULO,2.31,31,17
2009,2,15,NULO,0.41,30,20
2009,2,16,NULO,0.6,23,19
2009,2,17,NULO,1.86,29,20
2009,2,18,NULO,1.82,31,17
2009,2,19,NULO,2.22,26,20
2009,2,20,NULO,0.55,17,15
2009,2,21,NULO,0.8,26,14
2009,2,22,NULO,2.54,24,15
2009,2,23,NULO,3.15,25,10
2009,2,24,NULO,2.15,28,13
2009,2,25,NULO,2.83,29,16
2009,2,26,NULO,3.32,30,17
2009,2,27,NULO,2.4,31,17
2009,2,28,NULO,3.32,30,18
2009,3,1,NULO,3.41,23,15
2009,3,2,NULO,2.72,24,8
2009,3,3,NULO,2.28,27,11
2009,3,4,NULO,2.33,28,13
2009,3,5,NULO,2.74,28,17
2009,3,6,NULO,2.16,28,14
2009,3,7,NULO,2.53,29,16
2009,3,8,NULO,2.21,30,8
2009,3,9,NULO,3.42,31,17
2009,3,10,NULO,2.81,30,19
2009,3,11,NULO,1.55,30,20
2009,3,12,NULO,2.98,29,20
2009,3,13,NULO,1.08,24,16
2009,3,14,NULO,0.68,16,15
2009,3,15,NULO,1.18,27,11
2009,3,16,NULO,0.4,24,13
2009,3,17,NULO,1.07,25,19
2009,3,18,NULO,3.38,29,17
2009,3,19,NULO,1,29,18
2009,3,20,NULO,0.51,23,19
2009,3,21,NULO,2.12,28,15
2009,3,22,NULO,2.53,27,16
2009,3,23,NULO,1.83,30,17
2009,3,24,NULO,1.92,31,18
2009,3,25,NULO,7.43,34,19
2009,3,26,NULO,3.14,37,21
2009,3,27,NULO,4.95,41,21
2009,3,28,NULO,2.12,27,19
2009,3,29,NULO,4.84,28,20
2009,3,30,NULO,2.38,33,16
2009,3,31,NULO,5.04,41,20
2009,4,1,NULO,4.98,38,20
2009,4,2,NULO,7.02,40,19
2009,4,3,NULO,6.53,33,16
2009,4,4,NULO,NULO,37,18
2009,4,5,NULO,NULO,36,22
2009,4,6,NULO,3.7,25,19
2009,4,7,NULO,3.53,26,17
2009,4,8,NULO,2.96,31,15
2009,4,9,NULO,3.04,37,16
2009,4,10,NULO,4.16,39,20
2009,4,11,NULO,4.09,35,21
2009,4,12,NULO,5.6,38,23
2009,4,13,NULO,3.27,36,23
2009,4,14,NULO,5.09,33,22
2009,4,15,NULO,NULO,31,21
2009,4,16,NULO,NULO,30,22
2009,4,17,NULO,1.69,34,23
2009,4,18,NULO,4.25,35,21
2009,4,19,NULO,NULO,33,22
2009,4,20,NULO,NULO,31,20
2009,4,21,NULO,4.09,33,17
2009,4,22,NULO,NULO,34,18
2009,4,23,NULO,NULO,33,19
2009,4,24,NULO,3.32,34,21
2009,4,25,NULO,1.57,39,23
2009,4,26,NULO,5.02,35,22
2009,4,27,NULO,6.5,32,22
2009,4,28,NULO,2.51,35,23
2009,4,29,NULO,4.67,33,22
2009,4,30,NULO,4.32,36,23
2009,5,1,NULO,2.52,35,17
2009,5,2,NULO,6.01,36,22
2009,5,3,NULO,3.52,38,23
2009,5,4,NULO,NULO,31,24
2009,5,5,NULO,NULO,37,23
2009,5,6,NULO,9.18,38,23
2009,5,7,NULO,6.23,37,23
2009,5,8,NULO,3.11,36,24
2009,5,9,NULO,NULO,36,25
2009,5,10,NULO,4.07,35,25
2009,5,11,NULO,3.37,36,24
2009,5,12,NULO,5.06,35,23
2009,5,13,NULO,2.86,34,24
2009,5,14,NULO,5.26,36,23
2009,5,15,NULO,NULO,34,24
2009,5,16,NULO,NULO,34,23
2009,5,17,NULO,9.85,27,20
2009,5,18,NULO,2.15,30,21
2009,5,19,NULO,NULO,31,20
2009,5,20,NULO,NULO,36,19
2009,5,21,NULO,6.3,33,19
2009,5,22,NULO,NULO,33,20
2009,5,23,NULO,NULO,34,21
2009,5,24,NULO,5.35,35,23
2009,5,25,NULO,3.61,36,24
2009,5,26,NULO,4.68,36,24
2009,5,27,NULO,2.54,37,25
2009,5,28,NULO,1.71,30,26
2009,5,29,NULO,5.18,31,22
2009,5,30,NULO,2.89,33,24
2009,5,31,NULO,5.43,34,21
2009,6,1,NULO,5.41,34,22
2009,6,2,NULO,3.87,35,22
2009,6,3,NULO,3.68,34,23
2009,6,4,NULO,3.35,36,22
2009,6,5,NULO,4.15,35,22
2009,6,6,NULO,5.54,36,23
2009,6,7,NULO,5.07,36,22
2009,6,8,NULO,4.23,35,23
2009,6,9,NULO,3.38,35,24
2009,6,10,NULO,4.8,36,25
2009,6,11,NULO,3.47,37,25
2009,6,12,NULO,2.7,38,26
2009,6,13,NULO,5.47,32,26
2009,6,14,NULO,4.92,36,24
2009,6,15,NULO,3.96,36,24
2009,6,16,NULO,2.64,36,25
2009,6,17,NULO,5.21,34,24
2009,6,18,NULO,2.5,32,24
2009,6,19,NULO,2.62,33,24
2009,6,20,NULO,3.16,32,25
2009,6,21,NULO,3.22,32,24
2009,6,22,NULO,0.53,32,23
2009,6,23,NULO,3.04,32,22
2009,6,24,NULO,2.03,34,24
2009,6,25,NULO,1.85,31,25
2009,6,26,NULO,3.33,31,24
2009,6,27,NULO,3.88,36,24
2009,6,28,NULO,2.01,36,25
2009,6,29,NULO,5.15,35,24
2009,6,30,NULO,3.28,34,24
2009,7,1,NULO,4.4,35,24
2009,7,2,NULO,3.87,34,24
2009,7,3,NULO,3.37,36,23
2009,7,4,NULO,3.45,32,24
2009,7,5,NULO,2.97,35,24
2009,7,6,NULO,4.2,32,24
2009,7,7,NULO,4.17,37,24
2009,7,8,NULO,4.28,37,23
2009,7,9,NULO,4.58,37,25
2009,7,10,NULO,4.46,34,25
2009,7,11,NULO,6.35,32,24
2009,7,12,NULO,3.2,32,21
2009,7,13,NULO,3.68,32,20
2009,7,14,NULO,3.92,34,23
2009,7,15,NULO,3.78,35,24
2009,7,16,NULO,3.02,33,24
2009,7,17,NULO,2.59,34,24
2009,7,18,NULO,3.88,35,23
2009,7,19,NULO,3.74,34,24
2009,7,20,NULO,4.08,35,23
2009,7,21,NULO,3.28,36,24
2009,7,22,NULO,3.86,35,25
2009,7,23,NULO,3.2,35,25
2009,7,24,NULO,3.44,34,24
2009,7,25,NULO,2.66,35,24
2009,7,26,NULO,4.07,34,25
2009,7,27,NULO,2.83,38,22
2009,7,28,NULO,4.84,37,23
2009,7,29,NULO,3.68,38,24
2009,7,30,NULO,5.59,35,25
2009,7,31,NULO,2.89,36,24
2009,8,1,NULO,3.1,34,24
2009,8,2,NULO,3.77,36,23
2009,8,3,NULO,2.95,35,25
2009,8,4,NULO,3.66,35,24
2009,8,5,NULO,2.89,36,23
2009,8,6,NULO,5.99,37,23
2009,8,7,NULO,3.74,36,23
2009,8,8,NULO,7.2,36,25
2009,8,9,NULO,2.66,34,24
2009,8,10,NULO,2.57,33,25
2009,8,11,NULO,2.58,35,22
2009,8,12,NULO,4.05,36,24
2009,8,13,NULO,5.84,37,23
2009,8,14,NULO,4.3,37,24
2009,8,15,NULO,5.01,35,24
2009,8,16,NULO,3.93,37,23
2009,8,17,NULO,3.26,30,24
2009,8,18,NULO,1.49,30,22
2009,8,19,NULO,2.71,35,23
2009,8,20,NULO,5.89,36,24
2009,8,21,NULO,2.96,34,24
2009,8,22,NULO,2.81,35,23
2009,8,23,NULO,4.62,36,24
2009,8,24,NULO,4.42,36,23
2009,8,25,NULO,5.06,36,24
2009,8,26,NULO,3.71,37,23
2009,8,27,NULO,4.51,36,24
2009,8,28,NULO,3.39,36,24
2009,8,29,NULO,3.24,33,25
2009,8,30,NULO,NULO,31,24
2009,8,31,NULO,4.55,27,23
2009,9,1,33.5,4.06,26,23
2009,9,2,0.5,0.38,30,24
2009,9,3,0,2.09,32,22
2009,9,4,53.5,7.91,33,24
2009,9,5,32.5,6.93,26,22
2009,9,6,64.5,4.44,26,21
2009,9,7,0,4.79,29,22
2009,9,8,0,1.52,30,23
2009,9,9,0,1.95,32,25
2009,9,10,3.5,1.56,31,25
2009,9,11,0,3.06,31,24
2009,9,12,0,2.18,30,23
2009,9,13,0,2.11,33,24
2009,9,14,0,1.55,33,23
2009,9,15,0,2.65,33,24
2009,9,16,0,2.77,33,25
2009,9,17,0,3.88,35,24
2009,9,18,28.5,2.9,32,23
2009,9,19,9.5,2.55,30,22
2009,9,20,0,1.68,30,21
2009,9,21,0,2.02,31,23
2009,9,22,0,2.08,32,23
2009,9,23,33.5,2.7,26,25
2009,9,24,8.5,8.16,23,20
2009,9,25,52.5,2.25,25,19
2009,9,26,14.5,5.54,24,21
2009,9,27,0,1.62,27,20
2009,9,28,0,1.32,29,23
2009,9,29,4.5,1.22,30,23
2009,9,30,0,1.93,32,22
2009,10,1,NULO,1.8,31,23
2009,10,2,NULO,0.85,31,24
2009,10,3,NULO,2.71,32,25
2009,10,4,NULO,1.9,32,24
2009,10,5,NULO,1.92,33,26
2009,10,6,NULO,1.69,32,25
2009,10,7,NULO,1.76,32,24
2009,10,8,NULO,2.27,31,25
2009,10,9,NULO,2.78,33,25
2009,10,10,NULO,1.03,24,18
2009,10,11,NULO,1.02,29,20
2009,10,12,NULO,0.23,30,23
2009,10,13,NULO,1.01,30,24
2009,10,14,NULO,2.88,31,24
2009,10,15,NULO,11.96,31,23
2009,10,16,NULO,3.45,31,24
2009,10,17,NULO,NULO,28,23
2009,10,18,NULO,1.46,25,23
2009,10,19,NULO,1.01,26,18
2009,10,20,NULO,0.89,27,20
2009,10,21,NULO,1.07,28,20
2009,10,22,NULO,2,30,21
2009,10,23,NULO,1.37,26,23
2009,10,24,NULO,6.94,23,21
2009,10,25,NULO,0.26,26,20
2009,10,26,NULO,6.74,24,22
2009,10,27,NULO,0.96,19,16
2009,10,28,NULO,1.43,27,17
2009,10,29,NULO,0.63,29,18
2009,10,30,NULO,1.88,25,22
2009,10,31,NULO,0.97,27,16
2009,11,1,0,2.76,26,21
2009,11,2,0,0.93,25,15
2009,11,3,0,0.27,26,17
2009,11,4,1.5,2.42,25,19
2009,11,5,0,0.75,25,18
2009,11,6,2.5,1.1,22,17
2009,11,7,0,0.18,25,18
2009,11,8,0,2.1,27,17
2009,11,9,0,1.24,28,18
2009,11,10,2.5,1.58,27,19
2009,11,11,0,0.97,26,18
2009,11,12,0,0.78,25,15
2009,11,13,0,1.38,26,16
2009,11,14,0,1.87,27,17
2009,11,15,0,1.51,28,20
2009,11,16,6.5,1.53,27,19
2009,11,17,0,0.98,17,15
2009,11,18,0,0.87,21,13
2009,11,19,0,0.1,24,14
2009,11,20,0,1.52,27,18
2009,11,21,0,1.03,27,19
2009,11,22,0,0.42,24,16
2009,11,23,0,2.78,25,19
2009,11,24,19.5,0.65,28,20
2009,11,25,9.5,4.35,20,15
2009,11,26,2.5,2.38,15,13
2009,11,27,0,9.83,18,13
2009,11,28,0,3.67,25,13
2009,11,29,0,0.62,25,14
2009,11,30,4.5,3.89,25,19
2009,12,1,1,0.1,19,14
2009,12,2,1,0.85,22,14
2009,12,3,4.5,4.5,20,15
2009,12,4,0.5,7.8,19,13
2009,12,5,0,10.39,14,8
2009,12,6,0,0.6,21,11
2009,12,7,0,0.93,26,12
2009,12,8,0,0.14,27,18
2009,12,9,0,2.48,30,17
2009,12,10,0,0.26,20,18
2009,12,11,0,0.1,23,16
2009,12,12,0,0.9,23,17
2009,12,13,0,0.49,23,18
2009,12,14,0,0.75,26,18
2009,12,15,25.5,NULO,25,19
2009,12,16,5.5,NULO,24,13
2009,12,17,0,1.24,21,12
2009,12,18,0,0.81,23,13
2009,12,19,3.5,NULO,19,14
2009,12,20,5.5,NULO,20,13
2009,12,21,0,0.85,18,14
2009,12,22,0,NULO,25,14
2009,12,23,0,NULO,26,12
2009,12,24,0,0.59,22,16
2009,12,25,0,1.61,21,13
2009,12,26,0,1.02,20,13
2009,12,27,0,0.32,21,13
2009,12,28,13.5,2.24,17,15
2009,12,29,6,6.93,19,12
2009,12,30,0,NULO,22,13
2009,12,31,0,1.07,24,15
2010,1,1,0,0.26,18,15
2010,1,2,0,1.58,17,11
2010,1,3,0.5,0.48,18,13
2010,1,4,0,1.42,17,14
2010,1,5,0,1.72,17,12
2010,1,6,0,0.96,19,13
2010,1,7,13.5,2.13,21,14
2010,1,8,10.5,8.04,17,13.5
2010,1,9,0,7.12,19,12
2010,1,10,1.5,3.79,19,15
2010,1,11,0.5,0.84,16,9
2010,1,12,3.5,0.53,18,9
2010,1,13,0,1.19,18,10
2010,1,14,1,1,22,13
2010,1,15,6.5,0.38,24,16
2010,1,16,0,0.22,20,12
2010,1,17,0,6.01,20,11
2010,1,18,0,0.71,25,14
2010,1,19,0,2.34,25,15
2010,1,20,0,1.66,28,17
2010,1,21,0,1.76,31,15
2010,1,22,0,1.98,26,16
2010,1,23,0,1.83,31,15
2010,1,24,0,2.48,22,17
2010,1,25,0,0.48,23,11
2010,1,26,3.5,1.02,20,14
2010,1,27,0.5,0.6,21,17
2010,1,28,0,1.2,22,17
2010,1,29,0,0.31,23,16
2010,1,30,0,1.02,19,12
2010,1,31,14.5,1.82,16,12
2010,2,1,0.5,0.1,20,12
2010,2,2,11.5,2.19,18,14
2010,2,3,20.5,11.79,19,13
2010,2,4,16.5,0.48,20,16
2010,2,5,0,1.88,24,13
2010,2,6,0,0.96,23,14
2010,2,7,0,0.99,23,15
2010,2,8,0,0.71,25,12
2010,2,9,2.5,0.89,22,18
2010,2,10,0.5,0.89,18,11
2010,2,11,1.5,1.9,20,12
2010,2,12,0,1.9,21,10
2010,2,13,0,0.2,20,11
2010,2,14,0.5,1.81,21,15
2010,2,15,14.5,0.41,13,12
2010,2,16,3.5,0.6,13,8
2010,2,17,14.5,1.57,14,9
2010,2,18,1.5,0.65,18,11
2010,2,19,0,2.22,23,11
2010,2,20,0,0.55,24,12
2010,2,21,0,2.75,28,13
2010,2,22,0,2.54,27,15
2010,2,23,5.5,3.15,25,16
2010,2,24,0,1.04,20,17
2010,2,25,0,1.52,20,16
2010,2,26,0,1.41,25,8
2010,2,27,0,2.4,29,13
2010,2,28,0,3.32,29,13
2010,3,1,NULO,1.14,26,13
2010,3,2,NULO,2.37,19,14
2010,3,3,NULO,1.05,20,14
2010,3,4,NULO,0.44,21,14
2010,3,5,NULO,0.83,23,16
2010,3,6,NULO,5.7,24,17
2010,3,7,NULO,6.4,25,18
2010,3,8,NULO,0.93,25,17
2010,3,9,NULO,0.89,29,18
2010,3,10,NULO,5.79,29,20
2010,3,11,NULO,3.91,33,18
2010,3,12,NULO,2.12,24,20
2010,3,13,NULO,7.8,26,13
2010,3,14,NULO,1.23,27,14
2010,3,15,NULO,1.67,27,15
2010,3,16,NULO,0.87,21,15
2010,3,17,NULO,2.13,24,14
2010,3,18,NULO,1.51,25,12
2010,3,19,NULO,0.4,24,13
2010,3,20,NULO,3.62,23,18
2010,3,21,NULO,0.68,18,13
2010,3,22,NULO,2.74,25,10
2010,3,23,NULO,1.32,26,12
2010,3,24,NULO,1.67,27,18
2010,3,25,NULO,3.04,27,19
2010,3,26,NULO,1.39,27,15
2010,3,27,NULO,0.9,30,15
2010,3,28,NULO,5.12,26,19
2010,3,29,NULO,3.21,27,17
2010,3,30,NULO,2.55,28,15
2010,3,31,NULO,0.89,27,16
2010,4,1,NULO,3.76,29,20
2010,4,2,NULO,1.49,30,20
2010,4,3,NULO,1.58,30,21
2010,4,4,NULO,1.28,29,21
2010,4,5,NULO,1.2,30,22
2010,4,6,NULO,1.01,24,20
2010,4,7,NULO,5.91,33,20
2010,4,8,NULO,1.25,23,21
2010,4,9,NULO,3.5,25,18
2010,4,10,NULO,0.73,27,17
2010,4,11,NULO,2.63,30,15
2010,4,12,NULO,2.66,26,20
2010,4,13,NULO,0.86,25,19
2010,4,14,NULO,0.23,28,20
2010,4,15,NULO,3.12,27,21
2010,4,16,NULO,2.22,28,21
2010,4,17,NULO,4.37,28,20
2010,4,18,NULO,0.53,37,20
2010,4,19,NULO,2.84,27,20
2010,4,20,NULO,0.8,28,21
2010,4,21,NULO,2.77,27,22
2010,4,22,NULO,2.47,31,21
2010,4,23,NULO,0.83,26,22
2010,4,24,NULO,3.87,31,19
2010,4,25,NULO,3.93,32,18
2010,4,26,NULO,3.9,32,16
2010,4,27,NULO,2.29,30,17
2010,4,28,NULO,1.43,26,21
2010,4,29,NULO,2.6,32,22
2010,4,30,NULO,4.28,36,20
2010,5,1,NULO,4.3,39,20
2010,5,2,NULO,3.4,31,20
2010,5,3,NULO,3.64,33,21
2010,5,4,NULO,4.02,34,20
2010,5,5,NULO,4.34,35,18
2010,5,6,NULO,3.59,39,21
2010,5,7,NULO,2.48,34,22
2010,5,8,NULO,2.36,33,24
2010,5,9,NULO,3.41,34,23
2010,5,10,NULO,2.76,33,24
2010,5,11,NULO,4.78,35,23
2010,5,12,NULO,2.45,30,22
2010,5,13,NULO,1.93,34,23
2010,5,14,NULO,2.59,32,23
2010,5,15,NULO,1.41,30,22
2010,5,16,NULO,0.91,32,24
2010,5,17,NULO,1.54,34,20
2010,5,18,NULO,2.45,34,21
2010,5,19,NULO,4.87,35,22
2010,5,20,NULO,4.21,35,22
2010,5,21,NULO,2.43,36,22
2010,5,22,NULO,5.21,34,24
2010,5,23,NULO,2.41,35,25
2010,5,24,NULO,3.65,34,25
2010,5,25,NULO,3.67,33,24
2010,5,26,NULO,0.7,30,25
2010,5,27,NULO,2.8,32,23
2010,5,28,NULO,3.68,33,22
2010,5,29,NULO,3.54,33,22
2010,5,30,NULO,3.53,34,22
2010,5,31,NULO,2.63,35,22
2010,6,1,0,2.75,36,24
2010,6,2,0,3.69,37,25
2010,6,3,0,2.91,39,26
2010,6,4,5.5,8.23,39,27
2010,6,5,0,3.26,38,22
2010,6,6,0,2.21,38,24
2010,6,7,51.5,5.51,36,25
2010,6,8,5.5,8.8,37,22
2010,6,9,0,2.4,35,24
2010,6,10,0,4.74,36,25
2010,6,11,0,3.38,36,25
2010,6,12,0,3.61,35,26
2010,6,13,0,2.97,35,25
2010,6,14,0,3.63,34,24
2010,6,15,0.5,3.8,33,22
2010,6,16,20.5,2.31,27,24
2010,6,17,0.5,0.6,29,23
2010,6,18,0,3.44,32,24
2010,6,19,0,1.49,33,25
2010,6,20,0,3.78,33,24
2010,6,21,0,3.88,33,23
2010,6,22,0,2.78,33,23
2010,6,23,0,2.6,34,24
2010,6,24,0,1.41,32,23
2010,6,25,0,1.97,34,24
2010,6,26,0,2.65,34,23
2010,6,27,0.5,4.09,35,24
2010,6,28,0,3.41,36,25
2010,6,29,3.5,3.84,34,25
2010,6,30,3.5,1.37,34,26
2010,7,1,0,3.47,35,25
2010,7,2,3.5,2.65,35,26
2010,7,3,3.5,1.81,33,24
2010,7,4,0,NULO,35,23
2010,7,5,11.5,NULO,36,24
2010,7,6,15.5,4.79,32,22
2010,7,7,2.5,0.71,29,23
2010,7,8,1.5,1.36,32,23
2010,7,9,17.5,3.79,28,25
2010,7,10,9.5,3,29,22
2010,7,11,0.5,0.68,29,23
2010,7,12,0,2.16,32,23
2010,7,13,0,3.01,33,23
2010,7,14,35.5,4.64,30,24
2010,7,15,11.5,13.14,31,23
2010,7,16,3.5,2.6,32,24
2010,7,17,0,3.3,32,23
2010,7,18,0,4.76,33,23
2010,7,19,64.5,3.68,30,24
2010,7,20,14.5,1.47,28,24
2010,7,21,29,11.89,30,23
2010,7,22,63.5,NULO,25,22
2010,7,23,84.5,NULO,26,24
2010,7,24,26.5,4.18,25,23
2010,7,25,9.5,1.38,24,22
2010,7,26,0.5,0.43,26,23
2010,7,27,0,2.24,30,23
2010,7,28,26.5,4.18,26,24
2010,7,29,9.5,1.38,24,22
2010,7,30,0.5,0.43,26,23
2010,7,31,NULO,9.51,26,23
2010,8,1,0,3.24,31,23
2010,8,2,0,0.79,31,21
2010,8,3,0,3.12,32,23
2010,8,4,0,2.29,32,24
2010,8,5,9.5,4.41,34,23
2010,8,6,0,2.23,31,23
2010,8,7,0,2.51,32,22
2010,8,8,0,1.69,32,24
2010,8,9,0,3.46,32,21
2010,8,10,0,1.13,33,24
2010,8,11,0,2.55,33,24
2010,8,12,10.5,2.89,32,23
2010,8,13,2.5,0.61,36,24
2010,8,14,0,1.47,32,22
2010,8,15,0,0.6,32,23
2010,8,16,47.5,2.11,30,25
2010,8,17,1.5,1.33,30,23
2010,8,18,0,2.93,31,24
2010,8,19,0,1.07,31,24
2010,8,20,25.5,5.03,32,23
2010,8,21,19.5,5.24,29,24
2010,8,22,0,4.44,30,23
2010,8,23,0,2.26,31,24
2010,8,24,0,2.43,31,23
2010,8,25,0,2.58,33,24
2010,8,26,0,1.86,31,24
2010,8,27,0,0.93,28,23
2010,8,28,0,0.86,32,24
2010,8,29,0,3.64,32,24
2010,8,30,2.5,0.49,31,24
2010,8,31,35.5,7.54,28,23
2010,9,1,0,1.7,31,23
2010,9,2,0,1.92,32,23
2010,9,3,60.5,5.14,31,24
2010,9,4,5.5,NULO,26,23
2010,9,5,28.5,3.78,25,22
2010,9,6,0,0.42,28,22
2010,9,7,0,0.33,30,23
2010,9,8,0,2.76,31,24
2010,9,9,0,0.28,32,24
2010,9,10,0,3.37,32,25
2010,9,11,0.5,1.86,31,24
2010,9,12,0,1.29,30,24
2010,9,13,0,1.51,31,23
2010,9,14,0,0.92,31,24
2010,9,15,0,1.46,32,23
2010,9,16,63.5,2.57,31,24
2010,9,17,11.5,NULO,27,23
2010,9,18,9.5,1.53,27,24
2010,9,19,0,1.27,27,23
2010,9,20,1.5,1.07,29,24
2010,9,21,3.5,2.26,30,24
2010,9,22,0,1.11,29,23
2010,9,23,71.5,5.8,29,23
2010,9,24,4.5,NULO,28,22
2010,9,25,8.5,1.92,26,22
2010,9,26,0.5,0.65,27,23
2010,9,27,12.5,3.09,28,22
2010,9,28,0,0.94,27,20
2010,9,29,0,2.81,29,18
2010,9,30,0,1.02,29,18
2010,10,1,NULO,1.16,29,20
2010,10,2,NULO,2.63,30,20
2010,10,3,NULO,0.24,24,21
2010,10,4,NULO,1.51,23,19
2010,10,5,NULO,5.81,28,19
2010,10,6,NULO,8.5,24,20
2010,10,7,NULO,5.85,25,18
2010,10,8,NULO,7.74,27,19
2010,10,9,NULO,0.54,28,19
2010,10,10,NULO,1.74,28,20
2010,10,11,NULO,1.03,29,21
2010,10,12,NULO,1.49,28,21
2010,10,13,NULO,3.78,29,23
2010,10,14,NULO,0.19,26,20
2010,10,15,NULO,2.5,27,18
2010,10,16,NULO,1.23,27,18
2010,10,17,NULO,2.1,28,18
2010,10,18,NULO,0.48,28,20
2010,10,19,NULO,1.53,28,21
2010,10,20,NULO,1.46,28,20
2010,10,21,NULO,0.73,28,20
2010,10,22,NULO,1.14,28,20
2010,10,23,NULO,2.62,28,21
2010,10,24,NULO,0.61,29,20
2010,10,25,NULO,1.47,29,21
2010,10,26,NULO,0.94,30,20
2010,10,27,NULO,0.99,30,22
2010,10,28,NULO,2.02,30,23
2010,10,29,NULO,1.29,23,16
2010,10,30,NULO,1.2,26,17
2010,10,31,NULO,1.47,28,16
2010,11,1,NULO,0.99,29,19
2010,11,2,NULO,1,29,22
2010,11,3,NULO,1.43,28,20
2010,11,4,NULO,2.78,25,14
2010,11,5,NULO,0.71,24,13
2010,11,6,NULO,2.3,24,10
2010,11,7,NULO,0.58,25,13
2010,11,8,NULO,1.32,25,14
2010,11,9,NULO,0.41,26,15
2010,11,10,NULO,2.57,26,15
2010,11,11,NULO,0.86,27,17
2010,11,12,NULO,1.26,27,17
2010,11,13,NULO,1.15,26,18
2010,11,14,NULO,0.5,24,19
2010,11,15,NULO,2.6,29,18
2010,11,16,NULO,1.15,28,20
2010,11,17,NULO,0.53,26,18
2010,11,18,NULO,1.15,24,20
2010,11,19,NULO,1.1,25,18
2010,11,20,NULO,0.56,26,18
2010,11,21,NULO,1.81,27,19
2010,11,22,NULO,0.16,27,20
2010,11,23,NULO,1.74,27,21
2010,11,24,NULO,0.22,28,20
2010,11,25,NULO,1.9,28,19
2010,11,26,NULO,0.8,23,20
2010,11,27,NULO,1.29,20,14
2010,11,28,NULO,0.72,24,15
2010,11,29,NULO,0.78,30,16
2010,11,30,NULO,1.14,20,18
2010,12,1,NULO,1.02,22,17
2010,12,2,NULO,1.4,23,13
2010,12,3,NULO,1.56,25,14
2010,12,4,NULO,1.61,27,16
2010,12,5,NULO,0.86,25,17
2010,12,6,NULO,1.2,17,14
2010,12,7,NULO,0.9,24,13
2010,12,8,NULO,1.24,24,15
2010,12,9,NULO,1.12,22,9
2010,12,10,NULO,1.15,25,12
2010,12,11,NULO,1.28,26,11
2010,12,12,NULO,0.36,20,13
2010,12,13,NULO,1.79,21,13
2010,12,14,NULO,2.4,23,11
2010,12,15,NULO,0.6,25,13
2010,12,16,NULO,1.37,28,14
2010,12,17,NULO,0.87,24,15
2010,12,18,NULO,1.47,22,14
2010,12,19,NULO,1.36,25,15
2010,12,20,NULO,1.15,24,16
2010,12,21,NULO,1.22,25,16
2010,12,22,NULO,0.95,26,16
2010,12,23,NULO,1.06,26,11
2010,12,24,NULO,0.57,26,16
2010,12,25,NULO,2.67,26,17
2010,12,26,NULO,0.44,17,13
2010,12,27,NULO,1.7,18,12
2010,12,28,NULO,0.97,22,14
2010,12,29,NULO,0.28,25,14
2010,12,30,NULO,1.83,31,13
2010,12,31,NULO,1.42,33,14
2011,1,1,0,3.42,30,13
2011,1,2,0,1.46,22,15
2011,1,3,0,0.83,23,16
2011,1,4,0,3.24,27,18
2011,1,5,0,2,29,17
2011,1,6,0,2.06,27,19
2011,1,7,0,2.32,28,19
2011,1,8,0,0.23,24,18
2011,1,9,0,3.6,28,17
2011,1,10,0,1.94,27,18
2011,1,11,14.5,3.22,23,19
2011,1,12,7.5,2.15,20,17
2011,1,13,3.5,0.56,13,9
2011,1,14,0,0.23,20,10
2011,1,15,2.5,1.45,23,11
2011,1,16,0,1.24,24,16
2011,1,17,0,1.11,26,17
2011,1,18,0,1.2,24,15
2011,1,19,0,0.28,25,14
2011,1,20,0,2.27,30,15
2011,1,21,0,2.66,19,13
2011,1,22,0,1.65,22,12
2011,1,23,0,0.78,26,13
2011,1,24,0,2.44,26,17
2011,1,25,0,1.51,20,18
2011,1,26,0.5,0.2,20,13
2011,1,27,5.5,1.32,18,14
2011,1,28,0.5,1.06,19,14
2011,1,29,0,1.19,24,16
2011,1,30,0,1.55,27,15
2011,1,31,0,1.41,27,16
2011,2,1,0,3.03,30,16
2011,2,2,0,1.1,16,14
2011,2,3,0.5,0.33,14,12
2011,2,4,0,0.65,6,3
2011,2,5,0,0.64,13,2
2011,2,6,0,0.39,25,5
2011,2,7,0,2.5,22,10
2011,2,8,0,2.85,24,10
2011,2,9,0,2.75,29,10
2011,2,10,0,0.13,12,9
2011,2,11,3.5,3.53,14,8
2011,2,12,6.5,6.5,13,9
2011,2,13,0,NULO,21,11
2011,2,14,0,3.82,25,13
2011,2,15,0,1.77,27,14
2011,2,16,0,1.31,28,15
2011,2,17,0.5,2.91,27,17
2011,2,18,0,1.05,27,17
2011,2,19,0,0.58,28,20
2011,2,20,0,1.61,20,16
2011,2,21,0,2.64,30,17
2011,2,22,0,0.73,29,20
2011,2,23,0,2.52,30,20
2011,2,24,0,2.04,31,20
2011,2,25,0,1.72,28,21
2011,2,26,0,1.9,29,21
2011,2,27,0,1.59,31,20
2011,2,28,0,2.59,29,21
2011,3,1,0,3.23,30,14
2011,3,2,0,2.12,29,13
2011,3,3,0,1.87,28,15
2011,3,4,0,2.1,30,16
2011,3,5,9.5,4.05,28,17
2011,3,6,0,2.07,25,16
2011,3,7,0,2.13,29,13
2011,3,8,0,1.51,35,14
2011,3,9,0,3.67,33,18
2011,3,10,0,3.82,27,17
2011,3,11,0,2.89,28,12
2011,3,12,0,2.26,29,12
2011,3,13,0,3.68,30,16
2011,3,14,0,1.79,37,20
2011,3,15,0,2.12,29,21
2011,3,16,0,2.69,31,18
2011,3,17,0,3.34,31,19
2011,3,18,0,1.11,30,20
2011,3,19,0,2.24,30,19
2011,3,20,0,3,31,19
2011,3,21,0,3.66,31,18
2011,3,22,0,1.33,30,21
2011,3,23,0,5.12,32,18
2011,3,24,0,2.21,31,20
2011,3,25,0,2.5,33,22
2011,3,26,0,2.49,35,21
2011,3,27,0,3.39,37,22
2011,3,28,0,2.24,33,21
2011,3,29,0,2.85,34,20
2011,3,30,0,3.52,33,22
2011,3,31,0,2.77,33,21
2011,4,1,0,2.01,33,22
2011,4,2,0,2.58,32,21
2011,4,3,0,2.66,34,23
2011,4,4,0,3.61,42,24
2011,4,5,0,4.92,30,21
2011,4,6,0,4.58,33,17
2011,4,7,0,3.38,35,20
2011,4,8,0,3.23,36,21
2011,4,9,0,3.44,35,21
2011,4,10,0,3.42,36,20
2011,4,11,0,3.22,36,21
2011,4,12,0,5.5,34,19
2011,4,13,0,4.13,35,18
2011,4,14,0,4.12,37,20
2011,4,15,0,2.87,35,21
2011,4,16,1.3,5.46,26,23
2011,4,17,0,2.09,31,20
2011,4,18,0,3.46,36,22
2011,4,19,0,4.7,37,23
2011,4,20,0,4.1,36,23
2011,4,21,0,3.45,34,21
2011,4,22,0,2.25,34,23
2011,4,23,0,5.44,33,22
2011,4,24,0,2.88,34,23
2011,4,25,0,3.82,36,21
2011,4,26,0,4.21,40,23
2011,4,27,0,4.24,43,22
2011,4,28,0,3.48,33,23
2011,4,29,0,1.88,32,24
2011,4,30,0,2.71,35,22
2011,5,1,0,4.36,35,22
2011,5,2,1.5,3.97,33,23
2011,5,3,0,2.38,26,18
2011,5,4,0,2.69,28,16
2011,5,5,0,2.06,31,18
2011,5,6,0,3.72,32,22
2011,5,7,0,3.26,34,21
2011,5,8,0,3.83,34,23
2011,5,9,0,3.61,35,22
2011,5,10,0,3.17,36,24
2011,5,11,0,3.3,36,23
2011,5,12,0,2.29,36,25
2011,5,13,0,2.62,35,26
2011,5,14,0,1.65,32,25
2011,5,15,0,2.24,29,25
2011,5,16,0,1.34,29,22
2011,5,17,0,1.77,30,23
2011,5,18,0,2.52,35,21
2011,5,19,0,3.08,41,24
2011,5,20,0,4.72,43,25
2011,5,21,0,3.84,38,26
2011,5,22,0,1.94,29,23
2011,5,23,0,5.05,36,24
2011,5,24,0,3.75,37,24
2011,5,25,0,2.54,37,24
2011,5,26,0,3.75,36,25
2011,5,27,0,2.53,36,24
2011,5,28,0,4.47,34,24
2011,5,29,0,3.15,34,25
2011,5,30,0,2.64,30,26
2011,5,31,0,3.74,35,26
2011,6,1,0,7.32,31,24
2011,6,2,0,1.1,36,22
2011,6,3,0,3.88,31,21
2011,6,4,0,3.25,33,22
2011,6,5,2.5,1.04,30,23
2011,6,6,0,3.99,32,22
2011,6,7,0,4.98,33,23
2011,6,8,0,4.3,34,24
2011,6,9,0,2.9,33,23
2011,6,10,0,4.23,34,22
2011,6,11,0,4.54,34,24
2011,6,12,0,2.79,34,25
2011,6,13,0,4.91,33,24
2011,6,14,0,2.5,34,23
2011,6,15,0,4.28,34,24
2011,6,16,0,5.27,35,25
2011,6,17,0,3.8,34,25
2011,6,18,0,2.71,34,25
2011,6,19,0,5.99,34,25
2011,6,20,0,3.05,27,24
2011,6,21,0.5,3.78,35,25
2011,6,22,27.5,2.48,26,24
2011,6,23,0.5,1.27,27,23
2011,6,24,1.5,3.67,25,22
2011,6,25,9.5,6.37,27,23
2011,6,26,0,2.93,26,22
2011,6,27,32.5,1.52,27,23
2011,6,28,53.5,7.79,24,21
2011,6,29,101.5,NULO,23,22
2011,6,30,105.5,NULO,23,21
2011,7,1,139.5,4.5,26,22
2011,7,2,35.5,2.01,25,23
2011,7,3,0,0.4,24,22
2011,7,4,0.5,1.38,25,21
2011,7,5,0,3.59,26,22
2011,7,6,0,1.13,27,24
2011,7,7,0,3.27,30,22
2011,7,8,0,2.15,29,24
2011,7,9,0,2.19,30,23
2011,7,10,0,0.67,27,24
2011,7,11,18.5,3.58,27,25
2011,7,12,35.5,4.64,29,23
2011,7,13,1.5,5.56,25,22
2011,7,14,5.5,3.25,26,23
2011,7,15,1.5,0.65,26,24
2011,7,16,24.5,7.54,27,23
2011,7,17,13.5,3.63,26,24
2011,7,18,2.5,3.97,27,23
2011,7,19,0,0.41,28,24
2011,7,20,0,2.2,29,23
2011,7,21,0,1.03,30,25
2011,7,22,0,1.35,29,24
2011,7,23,0,2.94,29,24
2011,7,24,0,0.63,28,24
2011,7,25,0,2.3,27,23
2011,7,26,0,2.84,29,24
2011,7,27,0,3.64,30,23
2011,7,28,4.5,0.26,27,25
2011,7,29,22.5,4.04,27,24
2011,7,30,16.5,3.55,26,24
2011,7,31,29.5,6.89,25,23
2011,8,1,0,3.32,26,23
2011,8,2,7.5,7.69,27,23
2011,8,3,17.5,3.45,25,22
2011,8,4,4.5,4.29,26,23
2011,8,5,0,1.91,26,24
2011,8,6,0,3.74,27,22
2011,8,7,0,1.18,29,23
2011,8,8,0,2.94,29,25
2011,8,9,0,1.32,30,24
2011,8,10,0,1.77,31,26
2011,8,11,0,1.54,31,26
2011,8,12,0,2.58,29,25
2011,8,13,0,0.42,28,24
2011,8,14,0,2.81,29,23
2011,8,15,0.5,2.11,28,24
2011,8,16,0,1.58,29,23
2011,8,17,0,1.3,30,22
2011,8,18,0,1.54,31,24
2011,8,19,0,2.89,29,23
2011,8,20,0,1.88,30,22
2011,8,21,39.5,6.2,28,23
2011,8,22,0.5,0.15,26,24
2011,8,23,0,1.38,27,23
2011,8,24,0,2.26,29,24
2011,8,25,0,2.18,30,23
2011,8,26,0,1.84,31,24
2011,8,27,2.5,2.19,27,24
2011,8,28,0,2.55,31,23
2011,8,29,0,2.63,32,24
2011,8,30,0,4.28,30,23
2011,8,31,0,NULO,28,23
2011,9,1,0,0.12,27,23
2011,9,2,0,0.54,31,24
2011,9,3,0,0.49,30,25
2011,9,4,0,3.45,33,25
2011,9,5,34.5,8.55,32,24
2011,9,6,0,0.15,26,23
2011,9,7,0,3.09,27,21
2011,9,8,0,1.7,28,22
2011,9,9,0,1.56,30,19
2011,9,10,20,13.84,29,20
2011,9,11,14.5,13.71,25,21
2011,9,12,0,2.41,28,21
2011,9,13,0,0.56,29,23
2011,9,14,0,3.95,30,22
2011,9,15,0,1.16,31,23
2011,9,16,0,2.96,30,23
2011,9,17,0,3.01,30,23
2011,9,18,0,1.56,26,24
2011,9,19,0,1.88,30,20
2011,9,20,0,1.91,31,21
2011,9,21,0,1.67,31,22
2011,9,22,0,2.44,30,21
2011,9,23,0,2.96,31,22
2011,9,24,0,2.16,30,24
2011,9,25,0,2.7,32,23
2011,9,26,0,3.15,31,22
2011,9,27,0,1.77,33,23
2011,9,28,0,0.99,31,24
2011,9,29,0.5,0.39,31,23
2011,9,30,4.5,4.28,25,22
2011,10,1,4.5,1.82,26,21
2011,10,2,0,1.17,24,21
2011,10,3,0,1.75,27,20
2011,10,4,0,1.68,24,21
2011,10,5,0,2.62,27,20
2011,10,6,0,1.55,28,21
2011,10,7,0,3.87,29,22
2011,10,8,0,1.56,30,23
2011,10,9,0,1.84,29,22
2011,10,10,0,2.3,28,23
2011,10,11,0,2.92,27,21
2011,10,12,0,0.78,28,22
2011,10,13,0,1.49,26,23
2011,10,14,0,0.27,29,20
2011,10,15,0,2.01,30,21
2011,10,16,0,1.86,25,21
2011,10,17,0,1.45,31,21
2011,10,18,0,5.29,33,22
2011,10,19,0,2.39,26,18
2011,10,20,0,1.9,27,20
2011,10,21,0,3.14,28,16
2011,10,22,0,3.17,27,18
2011,10,23,0,2.92,28,18
2011,10,24,0,3.35,27,17
2011,10,25,0,1.1,28,19
2011,10,26,0,1.33,27,17
2011,10,27,0,5.56,28,18
2011,10,28,0,0.7,23,19
2011,10,29,0,1.83,24,16
2011,10,30,0,2.76,25,13
2011,10,31,0,1.79,26,15
2011,11,1,0,1.03,25,16
2011,11,2,0,3.27,25,21
2011,11,3,33.5,8.06,24,22
2011,11,4,0,1.53,21,14
2011,11,5,0,1.32,24,17
2011,11,6,0,1.4,26,17
2011,11,7,0,2.19,26,22
2011,11,8,0,1.58,27,21
2011,11,9,37.5,2.49,24,22
2011,11,10,0,0.01,17,11
2011,11,11,0,1.36,19,12
2011,11,12,0,1.73,23,14
2011,11,13,0,0.99,26,17
2011,11,14,0,2.17,25,20
2011,11,15,0,1.52,29,20
2011,11,16,0,0.28,27,21
2011,11,17,9.5,3.08,23,21
2011,11,18,0,1.44,23,18
2011,11,19,0,2.35,25,19
2011,11,20,0,0.85,25,21
2011,11,21,0,1.9,26,19
2011,11,22,0,1.28,27,22
2011,11,23,0,0.46,24,21
2011,11,24,0,0.75,24,18
2011,11,25,0,0.84,25,16
2011,11,26,7.5,3.31,25,18
2011,11,27,0,0.06,13,11
2011,11,28,0,1.5,18,6
2011,11,29,0,1.76,22,8
2011,11,30,0,3.96,23,12
2011,12,1,0,2.37,22,12
2011,12,2,0,0.26,23,14
2011,12,3,0,2.38,24,16
2011,12,4,0,2.06,23,17
2011,12,5,0,0.75,23,19
2011,12,6,1.5,0.73,19,16
2011,12,7,0,0.02,17,12
2011,12,8,0,1.97,20,6
2011,12,9,0,0.81,20,12
2011,12,10,0,1.64,19,17
2011,12,11,0,NULO,19,15
2011,12,12,0,1.35,23,13
2011,12,13,0,1.03,24,15
2011,12,14,0,1.19,26,20
2011,12,15,0,1.19,24,19
2011,12,16,5.5,1.38,23,20
2011,12,17,0,0.25,18,14
2011,12,18,0,0.98,22,15
2011,12,19,0,1.87,24,15
2011,12,20,0,0.34,25,15
2011,12,21,0,3.43,22,17
2011,12,22,0,0.56,21,16
2011,12,23,0,0.14,22,14
2011,12,24,0.5,0.48,20,13
2011,12,25,0,1.63,21,11
2011,12,26,0,0.84,22,13
2011,12,27,0,1.23,23,16
2011,12,28,0,1.5,22,18
2011,12,29,0,1.3,23,14
2011,12,30,0,1.92,24,15
2011,12,31,0,2.03,25,18
2012,1,1,80.5,4.76,20,18
2012,1,2,0,0.78,16,14
2012,1,3,0,1.91,19,13
2012,1,4,0,1.86,22,12
2012,1,5,5.5,0.74,18,15
2012,1,6,0,2.38,22,16
2012,1,7,0,1.14,24,14
2012,1,8,0,0.41,23,16
2012,1,9,0,1.98,26,17
2012,1,10,0,0.31,19,16
2012,1,11,0,1.82,23,17
2012,1,12,0,1.68,18,14
2012,1,13,0,2.6,14,11
2012,1,14,7.5,0.66,16,12
2012,1,15,0.5,0.66,19,13
2012,1,16,0,0.31,23,17
2012,1,17,0,1.77,26,16
2012,1,18,0,1.88,23,18
2012,1,19,0,0.78,24,19
2012,1,20,0,1.18,26,18
2012,1,21,0,0.76,23,17
2012,1,22,0,1.36,26,18
2012,1,23,0,0.75,23,19
2012,1,24,0,1.32,24,20
2012,1,25,0,1.1,27,20
2012,1,26,0,0.61,24,21
2012,1,27,0,3.22,24,14
2012,1,28,0,1.26,21,15
2012,1,29,22.5,1.03,18,16
2012,1,30,0,12,18,14
2012,1,31,0,1.77,23,16
2012,2,1,0,2.35,22,17
2012,2,2,0,1.47,24,19
2012,2,3,0,1.18,25,18
2012,2,4,6.5,1.92,23,20
2012,2,5,9.5,1.33,16,14
2012,2,6,0,1.07,14,11
2012,2,7,2.5,1.22,18,12
2012,2,8,12.5,9.82,16,13
2012,2,9,1.5,16.31,15,12
2012,2,10,1.5,0.49,17,13
2012,2,11,23.5,10.21,16,13
2012,2,12,2.5,16.43,15,12
2012,2,13,0,0.26,20,12
2012,2,14,3.5,1.47,24,13
2012,2,15,0.5,0.81,22,19
2012,2,16,0.5,0.93,24,20
2012,2,17,0,1.15,25,20
2012,2,18,0,1.02,22,19
2012,2,19,0,0.6,19,17
2012,2,20,0,2.46,23,15
2012,2,21,0,0.48,24,18
2012,2,22,0,0.7,27,19
2012,2,23,0.5,3.11,28,20
2012,2,24,0,2.82,28,21
2012,2,25,0,0.76,16,13
2012,2,26,0,0.81,23,12
2012,2,27,0,3.9,25,14
2012,2,28,0,2.59,25,16
2012,3,1,0,2.07,28,20
2012,3,2,0,1.43,30,21
2012,3,3,0,3.51,26,22
2012,3,4,0,2.84,23,17
2012,3,5,0,1.98,23,20
2012,3,6,0,0.56,23,14
2012,3,7,0,1.45,27,16
2012,3,8,0,1.31,27,19
2012,3,9,13.5,8.29,23,20
2012,3,10,0.5,1.35,19,12
2012,3,11,1.5,0.67,22,14
2012,3,12,0,0.81,24,15
2012,3,13,0,1.84,26,17
2012,3,14,0,1.38,27,18
2012,3,15,0,2.33,26,21
2012,3,16,0,3.42,25,20
2012,3,17,0,2.15,25,21
2012,3,18,0,1.81,27,20
2012,3,19,0,2.53,28,21
2012,3,20,0,4.82,33,21
2012,3,21,0,3.49,25,20
2012,3,22,0,4.08,24,17
2012,3,23,0,2.61,28,20
2012,3,24,0,3.03,31,21
2012,3,25,0,2.9,29,20
2012,3,26,0,3.52,29,22
2012,3,27,0,5.43,28,21
2012,3,28,0,1.64,29,22
2012,3,29,0,3.65,30,21
2012,3,30,0,1.59,32,22
2012,3,31,0,2.58,31,21
2012,4,1,0,3.84,32,20
2012,4,2,0,4.04,35,20
2012,4,3,0,4.31,36,21
2012,4,4,0,3.93,32,22
2012,4,5,0,2.95,31,23
2012,4,6,0,3.37,30,22
2012,4,7,21.5,2.72,31,21
2012,4,8,17.5,1.43,24,20
2012,4,9,0,4.57,24,21
2012,4,10,0,2.64,24,20
2012,4,11,0,3.58,25,21
2012,4,12,0,2.6,28,20
2012,4,13,0,2.94,27,22
2012,4,14,0,2.88,30,23
2012,4,15,0,3.84,33,24
2012,4,16,0,2.08,34,23
2012,4,17,1.5,2.16,25,22
2012,4,18,0,2.54,23,21
2012,4,19,0,1.69,26,20
2012,4,20,0,4.42,25,20
2012,4,21,0,3.92,33,20
2012,4,22,0,3.97,30,17
2012,4,23,0,3.27,30,17
2012,4,24,0,3.82,30,20
2012,4,25,0,5.28,31,21
2012,4,26,0,3.91,32,20
2012,4,27,0,5.29,33,21
2012,4,28,0,2.14,28,20
2012,4,29,0,4.01,28,23
2012,4,30,0,2.71,31,22
2012,5,1,0,2.03,29,14
2012,5,2,0,4.68,30,22
2012,5,3,0,3.79,28,24
2012,5,4,0,2.74,29,22
2012,5,5,0,5.01,30,23
2012,5,6,0,3.89,36,24
2012,5,7,11.5,7.9,31,24
2012,5,8,0,2.73,27,23
2012,5,9,0,2.76,27,24
2012,5,10,0,2.45,29,24
2012,5,11,142.5,NULO,27,23
2012,5,12,0,2.03,27,21
2012,5,13,0,2.82,27,22
2012,5,14,0,7.34,29,23
2012,5,15,0,3.01,28,21
2012,5,16,0,3.5,30,22
2012,5,17,0,4.41,29,23
2012,5,18,0,2.92,28,21
2012,5,19,1.5,2.37,26,22
2012,5,20,0,5.17,29,20
2012,5,21,0,3.5,30,21
2012,5,22,0,3.81,33,22
2012,5,23,0,4.16,32,23
2012,5,24,0,3.57,32,23
2012,5,25,0,2.96,30,25
2012,5,26,0,2.6,31,22
2012,5,27,0,1.93,31,23
2012,5,28,0,3.47,32,24
2012,5,29,0,2.73,31,22
2012,5,30,0,4.42,32,20
2012,5,31,0,2.94,31,23
2012,6,1,0,2.92,31,23
2012,6,2,0,3.77,30,24
2012,6,3,0,2.22,31,23
2012,6,4,0,4.11,30,21
2012,6,5,31.5,10.93,32,24
2012,6,6,0,1.4,29,20
2012,6,7,0,1.59,30,22
2012,6,8,0,4.49,32,22
2012,6,9,0,5.65,33,23
2012,6,10,0,3.83,34,24
2012,6,11,0,5.02,33,25
2012,6,12,0,2.64,32,25
2012,6,13,0,2.66,31,24
2012,6,14,0,5.08,30,23
2012,6,15,6.5,5.43,30,24
2012,6,16,12.5,8.42,27,23
2012,6,17,0,3.89,28,22
2012,6,18,0,4.63,29,24
2012,6,19,80.5,4.74,25,23
2012,6,20,0,0.76,25,21
2012,6,21,12.5,11.72,27,23
2012,6,22,0,2.23,26,22
2012,6,23,0,3.14,29,23
2012,6,24,0,2.49,31,23
2012,6,25,0,5.75,31,24
2012,6,26,0,3.42,31,23
2012,6,27,0,3.3,30,25
2012,6,28,0,3.99,31,24
2012,6,29,0,1.54,31,25
2012,6,30,1.5,1.86,32,22
2012,7,1,0,3.05,27,21
2012,7,2,1.5,1.58,27,22
2012,7,3,0,1.15,26,23
2012,7,4,0,3.07,29,22
2012,7,5,0,1.72,30,23
2012,7,6,0.5,1.37,28,22
2012,7,7,0,3.72,30,23
2012,7,8,0,2.47,30,22
2012,7,9,19.5,5.68,27,21
2012,7,10,0,3.61,30,21
2012,7,11,0,1.71,31,23
2012,7,12,1.5,4.6,30,24
2012,7,13,23.5,3.07,26,23
2012,7,14,1.5,2.8,25,22
2012,7,15,23.5,3.5,26,23
2012,7,16,0,3.06,26,21
2012,7,17,0,12.18,26,22
2012,7,18,18.5,4.1,27,23
2012,7,19,4.5,3,26,24
2012,7,20,4.5,5.6,26,23
2012,7,21,0,1.12,26,22
2012,7,22,19.5,4.15,28,23
2012,7,23,0,0.56,29,22
2012,7,24,0,2.57,30,24
2012,7,25,0,2.37,28,23
2012,7,26,0,1.9,29,24
2012,7,27,0.5,5.02,30,23
2012,7,28,0,2.13,27,24
2012,7,29,0,2.95,29,23
2012,7,30,0,0.39,31,22
2012,7,31,0,5.83,31,23
2012,8,1,0,2.35,32,23
2012,8,2,0,4.51,31,24
2012,8,3,0,4.12,32,23
2012,8,4,0,4.08,33,24
2012,8,5,0,1.91,31,22
2012,8,6,0,2.35,31,21
2012,8,7,0,2.62,32,22
2012,8,8,13.5,9.95,32,23
2012,8,9,15.5,4.53,27,24
2012,8,10,14.5,0.16,27,23
2012,8,11,14.5,0.8,27,24
2012,8,12,4.5,0.2,26,23
2012,8,13,10.5,16.05,26,22
2012,8,14,0,1.39,27,23
2012,8,15,0,1.2,28,23
2012,8,16,12.5,5.15,29,23
2012,8,17,5.5,5.62,26,24
2012,8,18,1.5,2.32,27,23
2012,8,19,0,0.94,26,23
2012,8,20,6.5,11.23,26,24
2012,8,21,0,2.69,29,23
2012,8,22,0,2.78,28,24
2012,8,23,0,1.99,27,23
2012,8,24,0,12.77,27,24
2012,8,25,4.5,2.01,27,25
2012,8,26,0,0.9,27,23
2012,8,27,0,3.63,28,24
2012,8,28,0,2.01,30,23
2012,8,29,0,3.63,31,24
2012,8,30,0,3.65,32,23
2012,8,31,1.5,3.26,30,24
2012,9,1,2.5,3.67,28,24
2012,9,2,0,1.62,28,24
2012,9,3,0,2.9,30,22
2012,9,4,0,0.37,30,23
2012,9,5,0,4.62,31,24
2012,9,6,0,1.89,30,25
2012,9,7,0,3.26,30,23
2012,9,8,0,3.47,31,24
2012,9,9,1.5,0.76,27,23
2012,9,10,0,1.73,29,22
2012,9,11,20.5,3.4,30,23
2012,9,12,0,1.67,26,23
2012,9,13,5.5,1.01,26,22
2012,9,14,4.5,0.12,26,21
2012,9,15,0,0.87,26,22
2012,9,16,0,1.34,27,21
2012,9,17,0,2.21,29,22
2012,9,18,14.5,7.34,30,23
2012,9,19,0,2.83,26,21
2012,9,20,0,2.04,28,22
2012,9,21,0,3.85,28,21
2012,9,22,7.5,3.38,27,22
2012,9,23,33.5,9.05,26,21
2012,9,24,9.5,5.8,26,22
2012,9,25,2.5,1.79,26,21
2012,9,26,0,2.18,28,22
2012,9,27,0,0.36,28,24
2012,9,28,0,2.96,28,22
2012,9,29,7.5,2.37,28,24
2012,9,30,4.5,3.39,25,21
2012,10,1,0.5,0.05,27,21
2012,10,2,0,2.63,28,24
2012,10,3,0,1.81,29,20
2012,10,4,0,3.01,28,22
2012,10,5,0,1.8,27,23
2012,10,6,0,2.92,27,22
2012,10,7,7.5,2.6,28,23
2012,10,8,0,1.16,26,24
2012,10,9,0,0.74,27,23
2012,10,10,0,2.09,26,22
2012,10,11,7.5,1.34,27,23
2012,10,12,0,1.74,27,22
2012,10,13,0,2.05,27,23
2012,10,14,0,0.39,27,22
2012,10,15,0,1.4,27,23
2012,10,16,0,1.26,27,21
2012,10,17,0,4.14,31,22
2012,10,18,0,1.05,29,23
2012,10,19,0,4.35,28,22
2012,10,20,0,1.14,27,21
2012,10,21,0,4.92,28,22
2012,10,22,0,1.47,26,21
2012,10,23,0,1.75,28,22
2012,10,24,0,1.66,28,23
2012,10,25,8.5,0.07,29,22
2012,10,26,8.5,0.61,26,21
2012,10,27,0,10.97,17,12
2012,10,28,0.5,0.26,19,14
2012,10,29,0,1.49,23,15
2012,10,30,0,0.95,27,13
2012,10,31,0,0.6,26,15
2012,11,1,0,0.93,26,19
2012,11,2,0,2.21,25,20
2012,11,3,0,3.44,26,21
2012,11,4,5.5,2.22,24,22
2012,11,5,0,1.02,23,19
2012,11,6,0,1.67,26,19
2012,11,7,0,2.5,26,19
2012,11,8,0,2.66,25,18
2012,11,9,0,2.51,25,17
2012,11,10,0,2.33,26,19
2012,11,11,0,0.42,27,18
2012,11,12,12.5,11.79,24,16
2012,11,13,16.5,1.29,17,14
2012,11,14,9.5,7.31,18,13
2012,11,15,0,0.75,24,14
2012,11,16,9.5,1.43,21,18
2012,11,17,5.5,0.02,20,17
2012,11,18,0,1.9,23,16
2012,11,19,0,0.49,23,19
2012,11,20,0,1.83,22,18
2012,11,21,2.5,2.63,23,17
2012,11,22,0,1.3,22,19
2012,11,23,0,1.29,24,18
2012,11,24,0,1.98,22,17
2012,11,25,0,2.59,24,17
2012,11,26,0,1.06,24,20
2012,11,27,0,0.99,24,19
2012,11,28,1.5,1.49,20,17
2012,11,29,0,0.77,21,16
2012,11,30,0,2.36,24,19
2012,12,1,0,1.82,24,18
2012,12,2,0,1.02,26,20
2012,12,3,0,1.6,25,18
2012,12,4,0,1.28,24,19
2012,12,5,0,1.13,23,18
2012,12,6,0,0.74,24,17
2012,12,7,0,1.2,23,19
2012,12,8,0,1.16,24,18
2012,12,9,2.5,3.15,16,14
2012,12,10,4.5,5.76,16,12
2012,12,11,0,1.38,20,11
2012,12,12,0,1.01,24,14
2012,12,13,0,0.33,25,17
2012,12,14,0,1.69,26,20
2012,12,15,0,0.79,24,19
2012,12,16,0,0.7,25,21
2012,12,17,0,1.16,24,20
2012,12,18,0,0.57,25,21
2012,12,19,2.5,3.1,26,22
2012,12,20,0,1.87,25,20
2012,12,21,0,1.27,23,14
2012,12,22,0,0.73,20,13
2012,12,23,0,2.24,21,14
2012,12,24,0,2.05,24,18
2012,12,25,0,1.15,25,17
2012,12,26,0,1.11,22,19
2012,12,27,0,1.44,24,12
2012,12,28,0,2.15,27,14
2012,12,29,1.5,2.08,20,16
2012,12,30,0,0.33,19,13
2012,12,31,0,1.59,20,14
2013,1,1,0,3.34,27,15
2013,1,2,2.5,0.43,15,12
2013,1,3,6.5,0.15,13,10
2013,1,4,0.5,0.44,14,10
2013,1,5,1,0.55,13,10
2013,1,6,0.5,1.46,16,10
2013,1,7,0,0.16,18,12
2013,1,8,0,1.02,27,12
2013,1,9,0,4.4,25,14
2013,1,10,0,0.52,23,18
2013,1,11,0,3.41,24,19
2013,1,12,0,1.7,26,18
2013,1,13,0,1.65,27,19
2013,1,14,0,1.92,17,12
2013,1,15,7.5,0.74,17,14
2013,1,16,0,0.06,12,8
2013,1,17,0,1.05,15,7
2013,1,18,0,1.93,19,9
2013,1,19,0,3.14,21,11
2013,1,20,0,2.17,25,13
2013,1,21,0,1.36,21,16
2013,1,22,0,1.05,22,17
2013,1,23,0,1.29,23,18
2013,1,24,0,2.03,25,19
2013,1,25,0,3.34,24,16
2013,1,26,0,0.95,24,15
2013,1,27,0,1.94,25,16
2013,1,28,0,1.72,25,18
2013,1,29,0,2.93,28,19
2013,1,30,0,3.86,21,18
2013,1,31,0,1.98,19,14
2013,2,1,0,0.29,24,15
2013,2,2,5.5,4.67,19,17
2013,2,3,1.5,2.2,21,12
2013,2,4,0,1.78,22,11
2013,2,5,0,4.33,26,17
2013,2,6,0,1.2,28,13
2013,2,7,0,1.38,27,22
2013,2,8,0,4.31,25,21
2013,2,9,0,2.99,25,21
2013,2,10,0,2.96,24,20
2013,2,11,0,3.01,28,20
2013,2,12,0,2.71,32,20
2013,2,13,0,0.86,23,21
2013,2,14,0,0.83,20,16
2013,2,15,6.5,3.32,20,17
2013,2,16,0,0.95,17,15
2013,2,17,0,NULO,19,13
2013,2,18,0,2.26,25,14
2013,2,19,0,3.51,25,16
2013,2,20,0,3.75,25,18
2013,2,21,0,2.99,25,17
2013,2,22,0,2.05,28,20
2013,2,23,0,2.64,24,21
2013,2,24,0,3.05,27,20
2013,2,25,0,5.64,34,21
2013,2,26,0,3.04,25,17
2013,2,27,0,3.23,24,16
2013,2,28,0,1.33,17,14
2013,3,1,0,2.3,17,13
2013,3,2,0,5.19,25,12
2013,3,3,0,2.1,24,14
2013,3,4,0,4.02,25,16
2013,3,5,0,3.7,31,18
2013,3,6,0,3.95,24,17
2013,3,7,0,3.37,24,14
2013,3,8,0,3.82,25,19
2013,3,9,0,2.38,27,21
2013,3,10,0,5.17,28,20
2013,3,11,0,4.36,24,19
2013,3,12,0,2.61,24,15
2013,3,13,0,3.09,25,16
2013,3,14,0,2.8,24,17
2013,3,15,0,2.71,23,15
2013,3,16,0,1.85,24,18
2013,3,17,0,7.05,35,17
2013,3,18,0,6.14,43,21
2013,3,19,0,3.57,33,19
2013,3,20,0.5,1.8,34,20
2013,3,21,0,7.08,28,21
2013,3,22,0,4.66,44,22
2013,3,23,0,6.67,45,20
2013,3,24,0,8.5,27,23
2013,3,25,5.5,2.26,21,17
2013,3,26,19.5,3.47,18,15
2013,3,27,3.5,3.49,19,13
2013,3,28,0,0.1,23,14
2013,3,29,0,3.6,23,19
2013,3,30,0,10.44,26,20
2013,3,31,0,1.57,28,21
2013,4,1,0,1.14,26,19
2013,4,2,0,2.01,25,22
2013,4,3,0,2.22,28,21
2013,4,4,0,2.41,24,20
2013,4,5,0,3.77,26,18
2013,4,6,0,7.24,27,17
2013,4,7,0,4.9,33,20
2013,4,8,0,4.07,35,21
2013,4,9,0,1.79,26,22
2013,4,10,0,2.6,38,22
2013,4,11,0,2.72,24,20
2013,4,12,0,2.07,26,19
2013,4,13,0,4.32,29,19
2013,4,14,0,5.51,37,21
2013,4,15,0,3.69,36,20
2013,4,16,0,3.43,30,21
2013,4,17,0,2.28,35,22
2013,4,18,0,5.5,42,21
2013,4,19,0,2.02,24,19
2013,4,20,0,3.4,26,14
2013,4,21,0,8.15,28,15
2013,4,22,0,3.94,30,20
2013,4,23,0.5,1.94,26,20
2013,4,24,0,1.02,23,14
2013,4,25,0,2.76,27,18
2013,4,26,0,4.84,29,20
2013,4,27,0,3.88,29,21
2013,4,28,0,0.54,26,23
2013,4,29,0,1.87,28,24
2013,4,30,0,3.37,32,23
2013,5,1,0,2.52,35,22
2013,5,2,0,5.55,27,23
2013,5,3,0,2.43,25,19
2013,5,4,0,3.59,25,20
2013,5,5,0,4.16,23,15
2013,5,6,0,2.64,25,19
2013,5,7,0,4.06,28,21
2013,5,8,0,4.64,32,22
2013,5,9,0,4.76,33,23
2013,5,10,0,4.09,40,22
2013,5,11,3.5,3.37,28,24
2013,5,12,8.5,1.59,25,22
2013,5,13,7.5,5.7,20,19
2013,5,14,92.44,NULO,25,18
2013,5,15,0,3.28,27,19
2013,5,16,0,2.39,31,20
2013,5,17,0,2.81,26,21
2013,5,18,0,4.02,32,23
2013,5,19,0,4.07,32,23
2013,5,20,0,8.73,34,21
2013,5,21,0,1.79,31,22
2013,5,22,0,2.49,32,25
2013,5,23,12.5,5.95,33,24
2013,5,24,0,3.94,27,22
2013,5,25,6.5,2.68,26,24
2013,5,26,2.5,2.16,27,22
2013,5,27,0,3.8,30,23
2013,5,28,0,2.89,27,22
2013,5,29,0,2.2,29,23
2013,5,30,0,2.58,30,22
2013,5,31,0,4.29,32,24
2013,6,1,0,5.59,34,24
2013,6,2,0,4.94,33,25
2013,6,3,3.5,2.22,30,23
2013,6,4,0,3.48,32,22
2013,6,5,0,5.1,33,24
2013,6,6,0,4.88,34,23
2013,6,7,0,2.78,33,24
2013,6,8,0,6.52,34,22
2013,6,9,0,3.38,34,23
2013,6,10,0.5,3.69,30,25
2013,6,11,0.5,2.37,31,23
2013,6,12,0,3.61,29,24
2013,6,13,0,1.99,31,25
2013,6,14,0,5.12,33,23
2013,6,15,0,3.01,34,24
2013,6,16,0,2.14,33,25
2013,6,17,0,2.98,32,23
2013,6,18,0,7.9,33,22
2013,6,19,29.5,8.94,27,23
2013,6,20,93.5,NULO,25,24
2013,6,21,28.5,NULO,26,22
2013,6,22,0.5,0.86,27,22
2013,6,23,6.5,3.02,27,23
2013,6,24,0,2.07,27,22
2013,6,25,0,3.22,29,24
2013,6,26,0,4.84,28,23
2013,6,27,0,3.1,30,24
2013,6,28,0,4.06,31,22
2013,6,29,0,3.18,32,23
2013,6,30,0,4.67,32,22
2013,7,1,0,2.78,30,22
2013,7,2,8.5,2.68,27,24
2013,7,3,0,3.12,27,23
2013,7,4,0,3.78,30,24
2013,7,5,0,2.46,29,23
2013,7,6,67.5,NULO,28,23
2013,7,7,1.5,1.34,25,22
2013,7,8,0.5,4.05,26,22
2013,7,9,0,2.23,27,22
2013,7,10,1.5,1.96,27,23
2013,7,11,0,3.09,27,22
2013,7,12,0,3.63,28,23
2013,7,13,0,3.67,28,23
2013,7,14,0,1.38,29,22
2013,7,15,0,3.45,29,23
2013,7,16,0,3.48,28,22
2013,7,17,0.5,1.42,27,23
2013,7,18,0,1.14,27,22
2013,7,19,0,2.6,28,22
2013,7,20,0,4.21,29,23
2013,7,21,0,2.52,30,24
2013,7,22,0,2.02,29,23
2013,7,23,0,1.8,27,23
2013,7,24,0,3.15,28,22
2013,7,25,0,1.2,28,23
2013,7,26,0,4.41,30,22
2013,7,27,0,2.92,31,23
2013,7,28,0,2.33,31,24
2013,7,29,0,5.33,32,24
2013,7,30,0,3.96,31,23
2013,7,31,0,3.21,31,24
2013,8,1,0,3.17,32,23
2013,8,2,0,3.88,31,22
2013,8,3,0,7.27,31,24
2013,8,4,7.5,0.5,29,22
2013,8,5,0,NULO,31,23
2013,8,6,0,4,31,24
2013,8,7,0,5.86,32,24
2013,8,8,0,3.59,32,23
2013,8,9,0.5,3.91,33,24
2013,8,10,0.5,1.55,26,23
2013,8,11,0.5,2.18,26,22
2013,8,12,25.5,13.79,27,23
2013,8,13,0,3.91,29,22
2013,8,14,0,3.11,30,23
2013,8,15,0,2.24,31,24
2013,8,16,0,5.59,33,23
2013,8,17,0,5.1,34,24
2013,8,18,0,3.22,33,23
2013,8,19,0,3.38,32,22
2013,8,20,0,3.45,30,23
2013,8,21,4.5,4.48,27,22
2013,8,22,0,0.45,30,23
2013,8,23,15.5,2.78,28,23
2013,8,24,6.5,2.86,27,23
2013,8,25,54.5,NULO,26,22
2013,8,26,18.5,NULO,26,21
2013,8,27,15.5,1.3,25,22
2013,8,28,25.5,9.98,27,22
2013,8,29,0,1.58,28,22
2013,8,30,0,4.06,29,21
2013,8,31,0,2.32,30,23
2013,9,1,0,1.48,31,21
2013,9,2,0,3.75,27,23
2013,9,3,8.5,2.71,27,24
2013,9,4,21.5,4.26,27,24
2013,9,5,19.5,4.69,27,22
2013,9,6,8.5,2.34,26,22
2013,9,7,19.5,0.66,25,22
2013,9,8,1.5,0.55,25,21
2013,9,9,0,3.28,27,21
2013,9,10,0.5,3.17,27,23
2013,9,11,11.5,6.45,26,23
2013,9,12,5.5,4.62,27,22
2013,9,13,21.5,1.4,27,21
2013,9,14,12.5,2.85,25,22
2013,9,15,0.5,0.76,26,22
2013,9,16,8.5,3.22,27,23
2013,9,17,39.5,4.27,26,22
2013,9,18,18.5,3.5,25,21
2013,9,19,0.5,3.85,26,21
2013,9,20,2.5,2.68,29,23
2013,9,21,5.5,1.66,27,24
2013,9,22,0,2.13,27,21
2013,9,23,0,1.9,27,22
2013,9,24,0,3.08,29,22
2013,9,25,0,1.5,28,23
2013,9,26,1.5,1.42,27,24
2013,9,27,0,0.77,27,23
2013,9,28,0,3.99,28,25
2013,9,29,0,1.88,27,23
2013,9,30,0,2.54,29,22
2013,10,1,0,4.1,29,22
2013,10,2,0,2.72,28,23
2013,10,3,0,1.31,29,22
2013,10,4,0,2.79,28,23
2013,10,5,0,3.73,29,22
2013,10,6,17.5,3.39,30,24
2013,10,7,0,0.92,27,18
2013,10,8,0,2.98,27,17
2013,10,9,0,2.86,27,22
2013,10,10,0,2.5,28,20
2013,10,11,0,1.08,29,22
2013,10,12,0,1.49,28,23
2013,10,13,0,3.25,30,24
2013,10,14,0,2.4,29,22
2013,10,15,0,1.82,29,23
2013,10,16,0,1.6,30,22
2013,10,17,10.5,3.64,28,21
2013,10,18,0,0.71,28,23
2013,10,19,55.5,NULO,27,23
2013,10,20,0,0.55,25,20
2013,10,21,58.5,NULO,25,19
2013,10,22,4.5,5.4,25,21
2013,10,23,0,12.28,23,20
2013,10,24,0,1.7,27,17
2013,10,25,11.5,4.24,23,18
2013,10,26,20.5,13.03,24,19
2013,10,27,0.5,2.24,23,19
2013,10,28,0,2.23,26,20
2013,10,29,0,0.77,27,23
2013,10,30,0,NULO,26,22
2013,10,31,0,2.43,29,23
2013,11,1,9.5,3.53,29,23
2013,11,2,0,1.51,23,19
2013,11,3,0,2.28,23,15
2013,11,4,0,2.36,25,17
2013,11,5,0,2.05,26,20
2013,11,6,35.5,6.58,27,21
2013,11,7,21.5,4.53,27,18
2013,11,8,0,8.38,17,12
2013,11,9,0.5,0.82,27,14
2013,11,10,0,1.26,22,16
2013,11,11,1.5,0.98,22,19
2013,11,12,54.5,NULO,23,20
2013,11,13,11.5,9.46,19,14
2013,11,14,0,4.29,19,11
2013,11,15,0,1.1,24,12
2013,11,16,0,1.32,25,18
2013,11,17,0,0.78,27,21
2013,11,18,0,0.83,26,22
2013,11,19,0,1.36,25,23
2013,11,20,0,0.41,25,22
2013,11,21,0,1.73,26,21
2013,11,22,21.5,3.94,24,22
2013,11,23,2.5,4.65,17,15
2013,11,24,0,3.99,15,10
2013,11,25,3.5,6.31,19,11
2013,11,26,0,1.65,22,11
2013,11,27,0,0.5,20,14
2013,11,28,0,0.38,14,13
2013,11,29,0,1.23,16,12
2013,11,30,0,1,24,13
2013,12,1,NULO,2.3,21,15
2013,12,2,NULO,0.26,23,11
2013,12,3,NULO,1.13,27,15
2013,12,4,NULO,0.78,27,17
2013,12,5,NULO,1.16,26,21
2013,12,6,NULO,1.07,25,22
2013,12,7,NULO,1.36,15,10
2013,12,8,NULO,0.56,21,12
2013,12,9,NULO,1.97,21,13
2013,12,10,NULO,0.78,17,14
2013,12,11,NULO,10.18,16,11
2013,12,12,NULO,7.97,17,12
2013,12,13,NULO,0.55,21,11
2013,12,14,NULO,1.8,19,13
2013,12,15,NULO,1.76,19,13
2013,12,16,NULO,0.99,18,9
2013,12,17,NULO,1.17,19,11
2013,12,18,NULO,2.17,19,14
2013,12,19,NULO,1.05,18,16
2013,12,20,NULO,1.02,19,11
2013,12,21,NULO,1.88,17,10
2013,12,22,NULO,1.04,20,12
2013,12,23,NULO,0.28,19,11
2013,12,24,NULO,1.65,17,12
2013,12,25,NULO,0.86,17,11
2013,12,26,NULO,15.91,15,10
2013,12,27,NULO,15.63,15,11
2013,12,28,NULO,0.57,16,12
2013,12,29,NULO,4.15,17,12
2013,12,30,NULO,9.5,14,13
2013,12,31,NULO,9.34,11,10
2016,1,1,5.5,1.2,15,14
2016,1,2,2.5,1.52,13,10
2016,1,3,1.5,1.16,13,9
2016,1,4,0,0.6,14,10
2016,1,5,0,0.99,16,11
2016,1,6,0,0.97,22,12
2016,1,7,0,1.49,25,14
2016,1,8,0,2.22,24,15
2016,1,9,0,1.74,21,12
2016,1,10,1.5,1.11,18,14
2016,1,11,0.5,0.24,16,12
2016,1,12,4.5,2.57,16,13
2016,1,13,0,1.52,17,11
2016,1,14,0,1.72,22,12
2016,1,15,0,1.43,27,9
2016,1,16,0,0.68,23,13
2016,1,17,0,1.53,22,14
2016,1,18,6.5,1.83,18,13
2016,1,19,0,1.13,18,12
2016,1,20,0,1.53,21,13
2016,1,21,0,0.76,20,12
2016,1,22,0,1.07,21,13
2016,1,23,0,3.91,22,10
2016,1,24,0,0.87,23,11
2016,1,25,0,1.84,22,12
2016,1,26,0.5,0.42,17,14
2016,1,27,3.5,2.52,14,9
2016,1,28,0,2.82,17,6
2016,1,29,0,1.83,15,8
2016,1,30,0,0.87,16,9
2016,1,31,0,1.19,27,10
2016,2,1,0,3.36,28,13
2016,2,2,0,2.43,29,12
2016,2,3,0,2.64,23,13
2016,2,4,0,2.6,22,12
2016,2,5,0,1.47,17,11
2016,2,6,0,4.74,23,14
2016,2,7,0,0.8,17,12
2016,2,8,0,1.74,17,11
2016,2,9,0,2.61,27,10
2016,2,10,0,1.64,23,13
2016,2,11,0,4.99,24,10
2016,2,12,0,2.1,25,13
2016,2,13,0,5.28,23,15
2016,2,14,0,1.13,23,12
2016,2,15,0,3,25,14
2016,2,16,0,2.36,23,15
2016,2,17,0,2.59,24,17
2016,2,18,0,3.33,26,15
2016,2,19,3.5,2.96,23,14
2016,2,20,0,2.56,25,20
2016,2,21,0,3.18,27,15
2016,2,22,0,2.27,26,18
2016,2,23,0,5.47,37,18
2016,2,24,0,4.57,19,13
2016,2,25,0,3.45,22,10
2016,2,26,0.5,0.23,23,13
2016,2,27,2.5,1.24,19,15
2016,2,28,0,2.19,26,14
2016,2,29,0,1.03,26,16
2016,3,1,0,11.67,27,17
2016,3,2,0,1.49,26,18
2016,3,3,0,2.71,25,14
2016,3,4,0,4.62,26,19
2016,3,5,0,2.6,28,15
2016,3,6,0,4.21,28,17
2016,3,7,0,4.12,29,18
2016,3,8,0,3.21,32,19
2016,3,9,0,1.8,26,20
2016,3,10,0,4.19,24,12
2016,3,11,0,3.84,28,13
2016,3,12,0,4.63,29,17
2016,3,13,0,4.88,27,18
2016,3,14,0,1.45,28,17
2016,3,15,0,3.01,30,18
2016,3,16,0,1.69,27,20
2016,3,17,0,0.78,26,22
2016,3,18,21.5,5.55,27,21
2016,3,19,19.5,3.55,24,20
2016,3,20,6.5,3.82,18,14
2016,3,21,0.5,1.33,16,13
2016,3,22,0,2.87,21,12
2016,3,23,0,3.7,27,15
2016,3,24,0,4.4,28,17
2016,3,25,0,4.99,27,18
2016,3,26,0,1.56,23,15
2016,3,27,3.5,4.81,27,16
2016,3,28,0,1.35,26,16
2016,3,29,0,2.2,28,22
2016,3,30,0,4.77,32,21
2016,3,31,0,10.84,38,22
2016,4,1,0,5.88,27,23
2016,4,2,0,3.43,25,19
2016,4,3,0,5.29,20,15
2016,4,4,0,3.42,27,13
2016,4,5,0,2.9,26,17
2016,4,6,0,2.91,29,18
2016,4,7,0,2.91,28,20
2016,4,8,0,3.3,27,19
2016,4,9,0,3.78,26,20
2016,4,10,0,3.68,25,19
2016,4,11,0,2.7,33,20
2016,4,12,0,1.8,27,22
2016,4,13,8.5,4.36,28,21
2016,4,14,0,0.1,26,22
2016,4,15,0,1.81,26,21
2016,4,16,0,2.71,27,22
2016,4,17,0,3.18,28,21
2016,4,18,4.5,2.02,31,23
2016,4,19,6.5,4.63,25,20
2016,4,20,28.5,13.28,29,20
2016,4,21,0,5.97,26,19
2016,4,22,1.5,7.68,25,21
2016,4,23,0,1.72,27,22
2016,4,24,0,0.9,27,20
2016,4,25,0,1.09,27,22
2016,4,26,0,3.81,28,21
2016,4,27,0,4.18,36,22
2016,4,28,0,3.64,37,23
2016,4,29,0,4.99,36,22
2016,4,30,0,4.53,26,21
2016,5,1,0,3.57,27,23
2016,5,2,0,2.63,26,22
2016,5,3,0,2.29,27,20
2016,5,4,0.5,0.5,26,19
2016,5,5,0,4.93,27,18
2016,5,6,0,4.5,27,17
2016,5,7,0,4.48,26,18
2016,5,8,0,3.23,31,19
2016,5,9,0,3.88,27,21
2016,5,10,0,4.32,28,22
2016,5,11,0,2.89,29,24
2016,5,12,0,2.97,32,23
2016,5,13,0,3.78,26,21
2016,5,14,0,3.09,27,22
2016,5,15,24.5,4.96,32,23
2016,5,16,0,4.97,31,20
2016,5,17,0,3.94,32,22
2016,5,18,0,2.45,31,23
2016,5,19,0,4.14,32,22
2016,5,20,0,2.99,33,24
2016,5,21,0,4.51,30,25
2016,5,22,0,2.96,33,23
2016,5,23,0,4.36,32,22
2016,5,24,0,5.32,34,23
2016,5,25,0,4.9,33,24
2016,5,26,0,1.32,34,21
2016,5,27,0,5.19,36,23
2016,5,28,0,3.8,34,24
2016,5,29,0,4.49,33,25
2016,5,30,0,5.98,34,23
2016,5,31,17.5,5.69,36,24
2016,6,1,17.5,5.19,32,24
2016,6,2,24.5,6.4,36,23
2016,6,3,0,3.22,35,21
2016,6,4,0.5,1.94,35,21
2016,6,5,0,6.57,34,21
2016,6,6,0,2.7,35,20
2016,6,7,0,2.03,34,21
2016,6,8,0,8.44,35,22
2016,6,9,0,5.8,34,24
2016,6,10,6.5,4.78,35,23
2016,6,11,0,2.97,34,22
2016,6,12,0,2.83,36,23
2016,6,13,0,2.85,35,22
2016,6,14,0,2.91,34,24
2016,6,15,0,6.52,35,22
2016,6,16,0,2.63,34,23
2016,6,17,0,4.5,35,22
2016,6,18,12.5,6.54,34,24
2016,6,19,59.5,3.75,33,21
2016,6,20,60.5,4.61,27,21
2016,6,21,7.5,4.67,25,22
2016,6,22,0,1.72,29,20
2016,6,23,0,3.83,33,22
2016,6,24,0,4.02,31,23
2016,6,25,3.5,6.57,27,21
2016,6,26,11.5,6.99,27,20
2016,6,27,2.5,3.83,35,22
2016,6,28,0,2.83,30,21
2016,6,29,0,4.19,32,22
2016,6,30,0,4.45,31,21
2016,7,1,0,2.07,30,22
2016,7,2,0,1.73,28,21
2016,7,3,0,2.83,32,23
2016,7,4,0,5.02,31,24
2016,7,5,0,2.02,32,21
2016,7,6,0,8.72,31,22
2016,7,7,0,4.13,32,23
2016,7,8,0,4.15,33,21
2016,7,9,0,3.02,34,22
2016,7,10,0,5.21,32,23
2016,7,11,0,1.13,28,21
2016,7,12,0,1.55,27,20
2016,7,13,0,5.69,31,21
2016,7,14,0,5.51,33,23
2016,7,15,0,3.99,33,22
2016,7,16,0,4.28,32,21
2016,7,17,0,4.37,31,22
2016,7,18,5.5,4.76,32,22
2016,7,19,30.5,4.52,27,21
2016,7,20,5.5,6.48,35,21
2016,7,21,0,5.33,33,21
2016,7,22,0,6.37,32,21
2016,7,23,0,3.5,34,22
2016,7,24,0,3.85,33,21
2016,7,25,0,2.02,32,21
2016,7,26,0,2.89,28,22
2016,7,27,0,3.06,27,21
2016,7,28,0,4.97,27,21
2016,7,29,0,2.59,27,22
2016,7,30,28.5,4.79,25,21
2016,7,31,0,3.8,30,20
2016,8,1,0.5,3.45,32,22
2016,8,2,0,3.48,33,23
2016,8,3,0,5.08,34,21
2016,8,4,0,7.5,35,23
2016,8,5,37.5,4.01,31,22
2016,8,6,0.5,3.15,30,21
2016,8,7,9.5,3.69,33,22
2016,8,8,0,1.97,28,21
2016,8,9,0,7.01,34,21
2016,8,10,0,1.52,32,22
2016,8,11,0,7.55,33,21
2016,8,12,0,2.16,32,23
2016,8,13,0,6.5,33,21
2016,8,14,0,6.6,34,22
2016,8,15,0.5,1.8,27,21
2016,8,16,29.5,3.61,27,22
2016,8,17,22.5,1.66,26,20
2016,8,18,0.5,3.15,28,21
2016,8,19,0,3.86,27,22
2016,8,20,0,2.55,28,21
2016,8,21,0,4.02,33,20
2016,8,22,0.5,2.07,32,21
2016,8,23,12.5,2.14,26,22
2016,8,24,0,2.41,26,21
2016,8,25,0,3.69,29,21
2016,8,26,0,4.9,32,22
2016,8,27,0,3.08,31,21
2016,8,28,0,1.68,33,21
2016,8,29,0,4.59,34,22
2016,8,30,1.2,0.96,35,21
2016,8,31,1.2,1.18,34,22
2016,9,1,1.5,3.05,27,21
2016,9,2,16.5,4.31,27,22
2016,9,3,15.5,5.05,27,21
2016,9,4,12.5,3.27,26,21
2016,9,5,0,1.48,37,23
2016,9,6,0,2.06,28,21
2016,9,7,0.5,1.35,27,20
2016,9,8,0,3.39,29,21
2016,9,9,0,2.64,31,20
2016,9,10,0,3.01,31,21
2016,9,11,0,2.8,32,20
2016,9,12,0,2.2,35,22
2016,9,13,0,4.27,34,21
2016,9,14,0,3.22,33,21
2016,9,15,0,2.02,33,22
2016,9,16,0,3.74,35,21
2016,9,17,0.5,1.05,29,20
2016,9,18,0,1.53,31,21
2016,9,19,0,4.35,33,22
2016,9,20,2.5,2.49,31,21
2016,9,21,0,1.64,29,21
2016,9,22,0,4.46,34,20
2016,9,23,0,3.77,35,21
2016,9,24,0,0.43,33,22
2016,9,25,0,3.75,31,21
2016,9,26,87.5,1.91,28,22
2016,9,27,58.5,3.24,26,21
2016,9,28,0.5,5.31,26,22
2016,9,29,6.5,2.86,27,20
2016,9,30,0,2.61,26,21
2016,10,1,0,1.15,26,21
2016,10,2,0,1.96,26,21
2016,10,3,0,3.88,28,22
2016,10,4,0,0.71,31,21
2016,10,5,0,1.56,32,22
2016,10,6,0,1.69,30,21
2016,10,7,42.5,2.13,32,22
2016,10,8,45.5,4.52,29,21
2016,10,9,17.5,6.43,27,22
2016,10,10,0,2.05,25,20
2016,10,11,0,4.97,29,20
2016,10,12,0,0.89,31,22
2016,10,13,0,2.11,30,20
2016,10,14,0,1.83,29,21
2016,10,15,0,1.81,28,20
2016,10,16,0,4.1,27,21
2016,10,17,0,1.96,28,21
2016,10,18,41.5,1.28,29,22
2016,10,19,1.5,1.56,26,20
2016,10,20,0,0.83,25,18
2016,10,21,0,1.17,26,19
2016,10,22,0,3.15,25,19
2016,10,23,0,0.94,28,20
2016,10,24,16.5,3.83,27,20
2016,10,25,0,1.37,25,20
2016,10,26,0.5,1.15,24,21
2016,10,27,0,2.14,24,19
2016,10,28,0,1.26,27,19
2016,10,29,0,2.05,24,20
2016,10,30,0,2.87,26,19
2016,10,31,0,1.44,27,21
2016,11,1,0,0.42,27,20
2016,11,2,0,1.46,28,20
2016,11,3,1.55,0.14,27,22
2016,11,4,13.5,5.24,27,21
2016,11,5,12.5,2.21,25,22
2016,11,6,0,2.79,26,20
2016,11,7,0,0.59,28,21
2016,11,8,19.5,5.87,25,21
2016,11,9,0,0.66,24,17
2016,11,10,0.5,0.86,23,19
2016,11,11,3.5,2.56,22,19
2016,11,12,0,1.57,21,18
2016,11,13,0,1.09,23,12
2016,11,14,0.5,0.8,28,18
2016,11,15,0,0.63,25,20
2016,11,16,0,3.08,26,19
2016,11,17,0,1.4,24,18
2016,11,18,13.5,5.03,23,19
2016,11,19,2.5,2.94,22,16
2016,11,20,0,1.53,19,12
2016,11,21,0,1.24,23,14
2016,11,22,0,0.94,24,16
2016,11,23,0,4.33,25,18
2016,11,24,0,0.96,27,15
2016,11,25,0,1.85,26,16
2016,11,26,0,0.79,24,18
2016,11,27,0,5.6,25,17
2016,11,28,0,5.14,30,18
2016,11,29,0,1.22,36,19
2016,11,30,0,2.59,34,20
2016,12,1,0,1.35,35,18
2016,12,2,0,1.19,36,20
2016,12,3,0,2.39,35,18
2016,12,4,0,3.35,26,20
2016,12,5,0,1.23,27,16
2016,12,6,0,0.96,26,17
2016,12,7,0,0.7,25,9
2016,12,8,21.5,0.29,23,21
2016,12,9,0,3,18,9
2016,12,10,0.5,0.5,15,11
2016,12,11,0,2,27,13
2016,12,12,0,2,26,8
2016,12,13,0,5.75,27,19
2016,12,14,0.5,2.22,26,20
2016,12,15,60.5,5.23,24,21
2016,12,16,0,3.75,24,20
2016,12,17,0,3.02,25,18
2016,12,18,0,0.23,25,22
2016,12,19,0,0.81,14,8
2016,12,20,2.5,0.69,12,9
2016,12,21,0,0.83,22,10
2016,12,22,0,1.02,22,11
2016,12,23,0,1.88,23,16
2016,12,24,0,0.36,22,18
2016,12,25,0,1.61,24,17
2016,12,26,0,1.83,24,18
2016,12,27,0,1.45,26,20
2016,12,28,0,1.81,27,19
2016,12,29,0,1.56,23,18
2016,12,30,0,1.53,17,15
2016,12,31,0,1.22,22,12
2018,1,1,0,0.32,21,14
2018,1,2,0,2.55,21,16
2018,1,3,0,NULO,22,17
2018,1,4,0,NULO,23,12
2018,1,5,0,2.14,18,13
2018,1,6,0,0.96,21,15
2018,1,7,0,NULO,22,16
2018,1,8,0,NULO,21,16
2018,1,9,0,0.34,22,17
2018,1,10,0,NULO,23,16
2018,1,11,0,NULO,21,14
2018,1,12,2.5,NULO,23,17
2018,1,13,11.5,NULO,23,12
2018,1,14,0.5,1.35,21,13
2018,1,15,0,0.97,21,15
2018,1,16,0.5,NULO,20,15
2018,1,17,0,NULO,20,14
2018,1,18,0,0.79,24,18
2018,1,19,0,0.08,23,17
2018,1,20,0,3.53,22,13
2018,1,21,0,1.12,25,18
2018,1,22,0,0.99,22,15
2018,1,23,0,0.73,19,14
2018,1,24,0.5,0.07,21,11
2018,1,25,4.5,0.46,17,14
2018,1,26,8.5,3.54,19,16
2018,1,27,0,0.79,17,12
2018,1,28,0,1.69,26,11
2018,1,29,0,1.11,22,14
2018,1,30,0,NULO,19,13
2018,1,31,0,NULO,22,12
2018,2,1,0,NULO,24,16
2018,2,2,0,NULO,26,16
2018,2,3,0,1.11,22,17
2018,2,4,0,0.75,26,18
2018,2,5,0,2,26,18
2018,2,6,0,1.13,27,19
2018,2,7,0,2.56,28,20
2018,2,8,0,1.68,29,20
2018,2,9,8.5,NULO,20,12
2018,2,10,0.5,NULO,15,10
2018,2,11,0,0.91,19,10
2018,2,12,4.5,4.52,21,12
2018,2,13,0,0.06,19,13
2018,2,14,0,NULO,18,14
2018,2,15,0,NULO,19,13
2018,2,16,0,NULO,22,15
2018,2,17,0,NULO,26,17
2018,2,18,1.5,1.68,25,17
2018,2,19,0,2.91,27,20
2018,2,20,0.5,2.37,23,17
2018,2,21,0,0.82,23,18
2018,2,22,0,1.72,21,15
2018,2,23,0,0.83,22,16
2018,2,24,0,2.54,23,17
2018,2,25,0,1.31,26,20
2018,2,26,0,3.85,24,17
2018,2,27,0,1.44,23,15
2018,2,28,0,NULO,22,16
2018,3,1,0,NULO,24,17
2018,3,2,0,4.6,26,18
2018,3,3,0,1.58,24,20
2018,3,4,4.5,2.35,25,11
2018,3,5,3.5,0.15,10,7
2018,3,6,0,2.56,12,9
2018,3,7,0,0.8,17,9
2018,3,8,0,0.94,29,14
2018,3,9,0,4.04,31,16
2018,3,10,0,1.99,29,20
2018,3,11,0,6.8,30,22
2018,3,12,0,3.03,31,20
2018,3,13,1.5,4.33,28,21
2018,3,14,2.5,3.24,24,12
2018,3,15,0,0.13,15,14
2018,3,16,1,1.69,15,13
2018,3,17,4.5,NULO,16,13
2018,3,18,0,NULO,19,13
2018,3,19,1.5,1.18,18,14
2018,3,20,5.5,4.48,21,15
2018,3,21,0,1.46,25,18
2018,3,22,0,2.41,23,16
2018,3,23,0,1.36,26,20
2018,3,24,0,7,25,19
2018,3,25,0,2.12,23,16
2018,3,26,0,3.28,24,17
2018,3,27,0,1.82,22,17
2018,3,28,6.5,3.54,26,17
2018,3,29,0,NULO,20,16
2018,3,30,0,NULO,26,10
2018,3,31,8.5,NULO,16,12
2018,4,1,0,NULO,21,16
2018,4,2,0,0.97,20,13
2018,4,3,0,1.05,22,16
2018,4,4,0,2.79,29,18
2018,4,5,0,3.04,26,19
2018,4,6,0,1.35,26,22
2018,4,7,0,3.37,29,23
2018,4,8,0,1.85,29,21
2018,4,9,0,5.96,31,17
2018,4,10,0,4.63,22,18
2018,4,11,0,4.43,30,17
2018,4,12,0,2.89,29,19
2018,4,13,0,6.35,31,20
2018,4,14,0,7.2,31,21
2018,4,15,0,2.18,31,13
2018,4,16,0,9.67,32,20
2018,4,17,0,1.82,28,22
2018,4,18,0,6.52,23,14
2018,4,19,0,4.64,31,16
2018,4,20,0,6.33,32,17
2018,4,21,0,3.13,27,19
2018,4,22,0.5,1.05,29,22
2018,4,23,0,4.56,31,14
2018,4,24,0,5.37,33,21
2018,4,25,0,4.61,31,18
2018,4,26,0,2.76,32,19
2018,4,27,0,2.41,31,21
2018,4,28,0,NULO,32,22
2018,4,29,0,NULO,26,20
2018,4,30,0,1.37,27,22
2018,5,1,0,3.79,32,23
2018,5,2,0,5.69,31,23
2018,5,3,9.5,4.12,32,23
2018,5,4,0,3.09,30,22
2018,5,5,0,2.57,34,22
2018,5,6,0,6.35,32,24
2018,5,7,0,4.9,33,25
2018,5,8,0,1.67,32,24
2018,5,9,0,2.34,34,15
2018,5,10,0,5.74,32,24
2018,5,11,0,2.19,33,23
2018,5,12,0,4.08,32,24
2018,5,13,0,NULO,31,19
2018,5,14,54.5,NULO,29,23
2018,5,15,0,5.09,28,24
2018,5,16,0,4.9,31,23
2018,5,17,0,2.87,32,23
2018,5,18,0,5.8,31,24
2018,5,19,0,2.31,32,23
2018,5,20,0,4.56,33,23
2018,5,21,0,2.43,31,15
2018,5,22,0,7.41,33,24
2018,5,23,0,3.97,31,23
2018,5,24,0,3.49,33,19
2018,5,25,0,2.38,33,22
2018,5,26,0,10.05,32,22
2018,5,27,0,1.65,33,24
2018,5,28,0,3.27,34,25
2018,5,29,0,4.22,35,24
2018,5,30,0,1.44,27,24
2018,5,31,0,1.82,28,26
2018,6,1,0,0.2,33,25
2018,6,2,61.5,NULO,31,25
2018,6,3,43.5,NULO,29,24
2018,6,4,0,5.03,29,23
2018,6,5,0,2.73,30,23
2018,6,6,0,2.33,29,24
2018,6,7,0,3.14,30,19
2018,6,8,0,3.39,31,20
2018,6,9,0,2.48,32,19
2018,6,10,0,0.42,31,18
2018,6,11,0,3.11,32,23
2018,6,12,15.5,5.65,33,24
2018,6,13,0.5,0.02,31,23
2018,6,14,0,2.25,32,22
2018,6,15,0,3.48,31,23
2018,6,16,0,2.59,32,24
2018,6,17,0,1.33,31,25
2018,6,18,0,NULO,33,26
2018,6,19,0,NULO,35,23
2018,6,20,0,5.33,34,20
2018,6,21,0,2.56,33,25
2018,6,22,0,2.2,32,25
2018,6,23,0,1.67,33,26
2018,6,24,0,2.08,34,26
2018,6,25,11.5,4.85,33,24
2018,6,26,0,4.24,32,23
2018,6,27,0,1.17,29,25
2018,6,28,40.5,NULO,28,23
2018,6,29,0,NULO,29,21
2018,6,30,0,2.93,29,22
2018,7,1,0,NULO,29,21
2018,7,2,0,NULO,31,28
2018,7,3,0,13.54,30,24
2018,7,4,0,3.78,31,22
2018,7,5,0,NULO,32,24
2018,7,6,0,NULO,31,23
2018,7,7,0,1.08,32,22
2018,7,8,0,7.79,32,24
2018,7,9,0,4.42,33,24
2018,7,10,0,3.03,32,21
2018,7,11,0,4.38,32,24
2018,7,12,0,2.6,31,23
2018,7,13,0,NULO,28,23
2018,7,14,0,NULO,31,24
2018,7,15,0,6.7,33,24
2018,7,16,0,NULO,32,25
2018,7,17,0,4.07,27,21
2018,7,18,0,12.06,26,22
2018,7,19,0,2.24,31,23
2018,7,20,0,2.39,32,23
2018,7,21,0,3.37,28,22
2018,7,22,0,2.43,32,21
2018,7,23,0,3.88,32,22
2018,7,24,0,2.35,33,22
2018,7,25,0,3.8,35,21
2018,7,26,0,3.89,37,22
2018,7,27,0,5.55,35,21
2018,7,28,0,7.77,36,23
2018,7,29,0,3.13,34,22
2018,7,30,0,1.72,35,22
2018,7,31,0,1.87,35,21
2018,8,1,0,1.46,32,18
2018,8,2,1.5,2.73,33,21
2018,8,3,46.5,15.81,29,22
2018,8,4,28.5,NULO,26,21
2018,8,5,0,NULO,27,21
2018,8,6,0,6.93,32,21
2018,8,7,0.5,NULO,23,21
2018,8,8,0,NULO,26,21
2018,8,9,0,3.21,23,22
2018,8,10,0,4.42,35,21
2018,8,11,0,1.71,36,22
2018,8,12,0,5.27,34,22
2018,8,13,0,0.54,36,21
2018,8,14,0,0.64,37,22
2018,8,15,0,2.95,36,22
2018,8,16,0,4.58,34,22
2018,8,17,23.5,NULO,32,21
2018,8,18,0,NULO,33,22
2018,8,19,0,3.35,32,22
2018,8,20,0,2.6,32,21
2018,8,21,0,3.12,33,22
2018,8,22,0,4.15,32,21
2018,8,23,0,3.51,33,21
2018,8,24,1.5,0.1,32,22
2018,8,25,0,1.71,34,21
2018,8,26,0,4.2,36,22
2018,8,27,0,0.78,35,24
2018,8,28,0,4.63,34,22
2018,8,29,0,2.54,33,21
2018,8,30,0,3.13,34,22
2018,8,31,0,6.58,27,21
2018,9,1,0,8.25,28,22
2018,9,2,12.5,NULO,28,21
2018,9,3,0,NULO,35,22
2018,9,4,0,3.64,34,21
2018,9,5,0,3.93,36,21
2018,9,6,0.5,1.73,34,22
2018,9,7,23.5,10.58,33,21
2018,9,8,0,5.73,35,22
2018,9,9,40.5,NULO,34,23
2018,9,10,17.5,NULO,33,21
2018,9,11,0,2.52,28,22
2018,9,12,1.5,0.47,25,21
2018,9,13,0.5,NULO,24,21
2018,9,14,0,NULO,31,21
2018,9,15,0.5,1.89,30,21
2018,9,16,0.5,NULO,32,21
2018,9,17,0,NULO,31,21
2018,9,18,0,3.69,32,21
2018,9,19,13.5,3.43,25,21
2018,9,20,0,2.69,31,21
2018,9,21,0,0.31,32,22
2018,9,22,0,7.94,34,21
2018,9,23,18.5,7.84,31,22
2018,9,24,44.5,NULO,26,21
2018,9,25,1.5,NULO,25,21
2018,9,26,1.5,1.48,27,21
2018,9,27,11.5,11.54,26,22
2018,9,28,9.5,10.07,25,21
2018,9,29,0,NULO,26,22
2018,9,30,0,NULO,27,21
2018,10,1,1.5,1.29,26,22
2018,10,2,1.5,1.68,25,21
2018,10,3,1.5,1.5,26,22
2018,10,4,0,NULO,25,21
2018,10,5,0,NULO,26,21
2018,10,6,0,1.21,27,22
2018,10,7,0,0.34,27,21
2018,10,8,0,1.9,31,26
2018,10,9,0,4.84,32,21
2018,10,10,2.5,NULO,31,22
2018,10,11,0,NULO,32,21
2018,10,12,0,4.01,34,22
2018,10,13,0,NULO,33,22
2018,10,14,0,NULO,32,21
2018,10,15,9.5,0.21,30,22
2018,10,16,6.5,5.94,23,21
2018,10,17,17.5,17.3,27,17
2018,10,18,1.5,3.96,21,12
2018,10,19,5.5,3.89,25,11
2018,10,20,43.5,NULO,24,18
2018,10,21,7.5,NULO,19,14
2018,10,22,0.5,3.6,17,10
2018,10,23,21,19,17,12
2018,10,24,0,2.07,23,17
2018,10,25,0,0.91,22,16
2018,10,26,13.5,8.85,26,14
2018,10,27,2.5,2.51,19,11
2018,10,28,3.5,4.01,23,12
2018,10,29,0,0.77,23,11
2018,10,30,0,1.04,24,20
2018,10,31,0,NULO,33,22
2018,11,1,3.5,NULO,24,12
2018,11,2,2.5,2.52,19,11
2018,11,3,0,NULO,23,17
2018,11,4,0,NULO,22,17
2018,11,5,0,0.07,24,20
2018,11,6,0,0.02,25,21
2018,11,7,0,1.06,26,22
2018,11,8,0,6.53,26,21
2018,11,9,0.5,NULO,27,17
2018,11,10,0,NULO,19,14
2018,11,11,0,NULO,22,13
2018,11,12,7.5,NULO,21,11
2018,11,13,6.5,6.43,13,8
2018,11,14,0,1.51,18,10
2018,11,15,0,0.94,9,5
2018,11,16,0,0.69,14,7
2018,11,17,0,NULO,15,10
2018,11,18,0,NULO,18,10
2018,11,19,0,2.62,20,15
2018,11,20,0,NULO,16,11
2018,11,21,3.5,NULO,26,15
2018,11,22,0,1.91,19,16
2018,11,23,0,1.04,22,15
2018,11,24,0,NULO,26,16
2018,11,25,0,NULO,28,22
2018,11,26,0,6.95,19,15
2018,11,27,0,NULO,17,12
2018,11,28,2.5,NULO,18,13
2018,11,29,1.5,1.44,17,15
2018,11,30,0,3.55,18,14
2018,12,1,0,NULO,23,16
2018,12,2,0,NULO,23,18
2018,12,3,0,20.1,26,18
2018,12,4,1.5,NULO,23,19
2018,12,5,5.5,NULO,21,15
2018,12,6,0,0.03,23,16
2018,12,7,0,0.67,25,12
2018,12,8,8.5,6.99,21,11
2018,12,9,0,2.05,18,13
2018,12,10,0,NULO,19,13
2018,12,11,0,NULO,23,12
2018,12,12,0,0.02,26,13
2018,12,13,0,2.09,23,16
2018,12,14,0,NULO,17,13
2018,12,15,0,NULO,13,8
2018,12,16,0,NULO,16,9
2018,12,17,0,NULO,23,10
2018,12,18,0,0.83,26,11
2018,12,19,0,3.7,24,12
2018,12,20,0,3.06,26,13
2018,12,21,0,0.73,23,10
2018,12,22,0,NULO,21,10
2018,12,23,0,NULO,23,12
2018,12,24,0,0.26,20,15
2018,12,25,0,1.91,23,16
2018,12,26,0,NULO,24,17
2018,12,27,0,NULO,23,18
2018,12,28,0.5,NULO,26,19
2018,12,29,0,NULO,23,15
2018,12,30,0,1.01,22,14
2018,12,31,0,NULO,26,12
