year,mes,dia,pcp_mm,evap_mm,TMAX_C,TMIN_C
1976,9,21,12,NULO,NULO,NULO
1976,9,22,0,5.4,33,23
1976,9,23,0,5.3,33,24
1976,9,24,0,5.6,33,23
1976,9,25,0,5,34,23
1976,9,26,0,5.4,35,24
1976,9,27,4,5.6,35,25
1976,9,28,31.6,5.1,34,25
1976,9,29,12,1.9,34,22
1976,9,30,16,1.3,26,21
1976,10,1,2.5,1,24.5,23
1976,10,2,0,3.7,29,21.5
1976,10,3,0,3,30,23
1976,10,4,0,4.8,33,24
1976,10,5,11,5.5,32,24
1976,10,6,0,3.7,32,23
1976,10,7,2,5.3,25,20
1976,10,8,12,1.4,26,14
1976,10,9,0,2.3,21,15
1976,10,10,0,2.6,23,17
1976,10,11,0,5.4,28,16
1976,10,12,0,3.6,29,17
1976,10,13,0,5.7,30,20
1976,10,14,0,3.4,31,17
1976,10,15,0,4.7,30,20
1976,10,16,0,4.1,26,22
1976,10,17,0,4.2,24,19
1976,10,18,0,1.8,29,17
1976,10,19,0,3.3,30,20
1976,10,20,4.2,2.9,21,20
1976,10,21,0,1.3,19,15
1976,10,22,0,2.3,26,12
1976,10,23,0,1.9,29,16
1976,10,24,0,3.2,30,19
1976,10,25,0,2.1,27,20
1976,10,26,0,2.9,30,22
1976,10,27,0,2.4,32,22
1976,10,28,0,3.8,29,23
1976,10,29,2,1.5,24,12
1976,10,30,0,1.6,22,17
1976,10,31,0,1.4,23,17
1976,11,1,0,0.8,23,17
1976,11,2,0,3.1,25,17
1976,11,3,0,2.1,23,17
1976,11,4,0,2,23,15
1976,11,5,0,2.3,24,14
1976,11,6,5,2.9,23,15
1976,11,7,34,3.9,23,17
1976,11,8,7,1.4,18,16
1976,11,9,0,3.8,26,15
1976,11,10,0,1.5,28,17
1976,11,11,0,3.2,29,17
1976,11,12,3,0.6,23,17
1976,11,13,2,2.3,19,14
1976,11,14,0,0.5,14,10
1976,11,15,6,1.8,18,8
1976,11,16,19,1.2,17,9
1976,11,17,9.5,2.7,18,12
1976,11,18,0,1.3,19,10
1976,11,19,0,1.5,23,11
1976,11,20,7,0.8,20,16
1976,11,21,0.5,1,21,17
1976,11,22,9,2.7,20,15
1976,11,23,0,0.1,20,14
1976,11,24,0,2.4,25,15
1976,11,25,0,2.4,25,16
1976,11,26,0,1.6,28,17
1976,11,27,0,2.2,26,17
1976,11,28,3,3.1,20,15
1976,11,29,0,1.3,12,5
1976,11,30,0,0.7,10,5
1976,12,1,4,1,16,8
1976,12,2,0,0.6,13,10
1976,12,3,0,0.4,17,11
1976,12,4,0,3.3,19,12
1976,12,5,0,1.6,18,14
1976,12,6,0,3.5,23,11
1976,12,7,0,0.6,16.1,14
1976,12,8,0,1.5,16,12
1976,12,9,0,1.5,21,12
1976,12,10,0,1.3,25,12
1976,12,11,4,1.4,22,15
1976,12,12,0,0.6,16,13
1976,12,13,0,1.3,16,14
1976,12,14,0,1,15,12
1976,12,15,0,1,17,12
1976,12,16,0,0.8,18,12
1976,12,17,0,1.9,18,13
1976,12,18,0,0.5,22,15
1976,12,19,0,2.9,22,16
1976,12,20,2.7,2.1,21,16
1976,12,21,0,0.9,14,10
1976,12,22,0,1.4,17,12
1976,12,23,0,1.3,13.1,12
1976,12,24,0,1.6,22,12
1976,12,25,0,4.2,14.1,12
1976,12,26,0,1.2,16,11
1976,12,27,0,3,21,10
1976,12,28,0,2.4,26,10
1976,12,29,0,3.4,24,12
1976,12,30,0,4.2,27,14
1976,12,31,0,1.3,20,14
1977,1,1,0,2.5,16,13
1977,1,2,0,2.1,22,13
1977,1,3,0,0.1,17,13
1977,1,4,0,1.1,25,12
1977,1,5,0,1.4,24,14
1977,1,6,0,3.6,25,15
1977,1,7,0,3.3,23,15
1977,1,8,0,2.9,25,13
1977,1,9,0,3.6,25,14
1977,1,10,0,1.8,16,12
1977,1,11,0,1,15,10
1977,1,12,0,0.4,19,10
1977,1,13,0,1.3,21,14
1977,1,14,0,1.5,23,14
1977,1,15,2,1.7,17,14
1977,1,16,15,1.6,16.1,15
1977,1,17,14,2.9,15,10
1977,1,18,0,2.8,14,8
1977,1,19,0,2.3,18,7
1977,1,20,3,0.9,15,9
1977,1,21,0,0.6,21,12
1977,1,22,0,1.6,24,13
1977,1,23,0,3.6,23,14
1977,1,24,0,1.9,26,15
1977,1,25,3.5,2.2,16,13
1977,1,26,0,4.9,25,14
1977,1,27,0,2,27,14
1977,1,28,0,2.7,26,15
1977,1,29,0,0.8,18,14
1977,1,30,2,2,20,14
1977,1,31,3,1,17,12
1977,2,1,3,5.1,14,9
1977,2,2,0,3.2,24,10
1977,2,3,0,1.5,21,12
1977,2,4,0,2.5,20,13
1977,2,5,0,1.7,19,15
1977,2,6,0,2.3,24,13
1977,2,7,10,2,19,14
1977,2,8,8,1,17,15
1977,2,9,0,1.3,17,11
1977,2,10,0,1.2,20,12
1977,2,11,0,1.3,25,15
1977,2,12,0,1.9,24,17
1977,2,13,0,3.2,17.1,16
1977,2,14,0,5,25,15
1977,2,15,0,5.1,24,13
1977,2,16,0,3.6,24,12.5
1977,2,17,0,1.9,21,9.5
1977,2,18,0,1.7,19,10
1977,2,19,0,4.4,27,13
1977,2,20,0,3.4,25,16
1977,2,21,0,2.2,23,16.5
1977,2,22,0.5,4.7,23,16
1977,2,23,0,6.5,37.5,17
1977,2,24,0,4.1,28,16.5
1977,2,25,0,4,29,16
1977,2,26,0,6.7,25,16
1977,2,27,0,4.7,23,15
1977,2,28,0,3.6,17,14
1977,3,1,0,5.9,23,15
1977,3,2,0,1.1,21.5,15
1977,3,3,0,3.8,31,12.5
1977,3,4,0,7.8,23,13
1977,3,5,0,1.8,22,17.5
1977,3,6,0,2.2,16,11
1977,3,7,0,3.2,23,11
1977,3,8,0,2.3,24,12
1977,3,9,0,1.8,26,13.5
1977,3,10,0,4.1,27,13
1977,3,11,0,6.2,34,14
1977,3,12,0,5.8,25,16.5
1977,3,13,0,4.1,24,14
1977,3,14,0,3.3,26,15
1977,3,15,0,4.2,30,15.5
1977,3,16,0,5,29,21
1977,3,17,0,4.9,30,18.5
1977,3,18,0,4.1,35,19
1977,3,19,0,4.3,35,20
1977,3,20,0,5.6,32,21
1977,3,21,0,4.4,31,19
1977,3,22,5,8.2,21,19.5
1977,3,23,0,3.9,23,18
1977,3,24,0,5.3,34,19
1977,3,25,0,6.5,31,21
1977,3,26,0,4.2,31,22
1977,3,27,0,7.7,36,22.5
1977,3,28,0,4.3,29,19
1977,3,29,0,3,30,19
1977,3,30,0,3.7,33,22
1977,3,31,0,4.9,30,22.5
1977,4,1,0,3.9,32,23
1977,4,2,0,4.5,39,22
1977,4,3,0,7.7,40,23
1977,4,4,0,3.8,28,21
1977,4,5,0,4.1,27,18
1977,4,6,0,3.4,26,17
1977,4,7,0,4.8,35,18
1977,4,8,0,2.7,24,19
1977,4,9,0,4.79,26,16
1977,4,10,0,4.51,23,17
1977,4,11,0,3.7,28,18
1977,4,12,0,2.5,27,20
1977,4,13,0,3.8,29,19
1977,4,14,0,2.55,27,20
1977,4,15,0,4.43,31,21
1977,4,16,0,6.52,39,22
1977,4,17,0,6.15,33,22
1977,4,18,0,3.8,30,23
1977,4,19,0,1.85,27,23
1977,4,20,0,4.5,35,23
1977,4,21,22,5.35,35,22
1977,4,22,0,1.62,30,23
1977,4,23,0,5.43,30,22
1977,4,24,2,5.7,30,19
1977,4,25,0,6.8,22,19.5
1977,4,26,3,1.15,26,19
1977,4,27,0,3.25,25,19
1977,4,28,0,5.2,29,20
1977,4,29,0,4.95,30,21
1977,4,30,0,4.6,32,23.5
1977,5,1,0,5.4,34,18
1977,5,2,0,4.5,35,19
1977,5,3,0,7.4,35,18
1977,5,4,0,6.8,33,19
1977,5,5,0,5.5,32,20
1977,5,6,0,5.7,33,23
1977,5,7,0,4.8,34,24
1977,5,8,0,5.1,30,23
1977,5,9,0,6.5,35,24
1977,5,10,5,6.5,36,23
1977,5,11,0,4,29,24
1977,5,12,0,3.1,30,24
1977,5,13,0,4.4,36,24
1977,5,14,0,5.9,32,24
1977,5,15,0,7.6,35,23.5
1977,5,16,0,3.3,28,23
1977,5,17,0,4.3,35,24
1977,5,18,0,7.2,35,24
1977,5,19,0,6.3,34,25
1977,5,20,0,4.9,34,24
1977,5,21,0,6,34,25
1977,5,22,20,7.2,34,25
1977,5,23,0,5.4,34,23
1977,5,24,0,4.4,36,23
1977,5,25,0,5.9,30,20
1977,5,26,0,8.1,30.5,22
1977,5,27,0,7.6,37,25
1977,5,28,0,6.4,36,24
1977,5,29,0,6.4,36,25
1977,5,30,0,7.9,31,26
1977,5,31,0,7,34,24
1977,6,1,0,4.9,35,25
1977,6,2,0,8.6,37,23
1977,6,3,0,5.8,35,21
1977,6,4,0,4.3,31,21
1977,6,5,0,6.7,35,22
1977,6,6,36,4.1,32,25
1977,6,7,0,4.6,34,23
1977,6,8,0,6.3,35,21
1977,6,9,0,8,36,21
1977,6,10,0,5.9,35,25
1977,6,11,0,8.8,38,26
1977,6,12,0,6.7,30,27
1977,6,13,0,6.8,38,27
1977,6,14,33,7.2,32,25
1977,6,15,10,4.5,34,23
1977,6,16,1,6.6,34,25
1977,6,17,0,5.1,32,25
1977,6,18,0,5.2,33,25
1977,6,19,3,6.1,34,25
1977,6,20,18,5.4,32,27
1977,6,21,2,1,27,23
1977,6,22,0,1.8,29,24
1977,6,23,0,2.4,31,23.5
1977,6,24,0,6.9,33,24
1977,6,25,0,4.2,34,25
1977,6,26,0,6.3,33,24
1977,6,27,0,6.1,33,23
1977,6,28,0,4.1,34,24
1977,6,29,0,5.4,35,24
1977,6,30,0,6.6,35,25
1977,7,1,6,4.2,32,24.5
1977,7,2,0,6.3,34,25
1977,7,3,3,2.7,30,24
1977,7,4,0,4.7,32,24
1977,7,5,13,5.3,33,24
1977,7,6,3,4,32,24
1977,7,7,0,6.7,31,23
1977,7,8,0,3.6,34,24
1977,7,9,0,6.6,34,27
1977,7,10,2,3.8,33,26
1977,7,11,9,1.8,29,23
1977,7,12,11,6,32,23
1977,7,13,16,3.9,31,23
1977,7,14,4,4.8,30,22
1977,7,15,4,5.8,33,23
1977,7,16,0,5.8,34,23
1977,7,17,0,6,35,25
1977,7,18,0,8.5,36,25
1977,7,19,0,5.3,35,26
1977,7,20,0,6.6,35,25
1977,7,21,5,3.6,35,26
1977,7,22,1,4.4,33,25
1977,7,23,8,2.3,32,24
1977,7,24,0,6.1,34,24
1977,7,25,0,7.4,35,24
1977,7,26,0,5.9,35,25
1977,7,27,0,5.9,35,23
1977,7,28,0,1.9,35,25
1977,7,29,0,9,35,25
1977,7,30,0,3.9,36,25
1977,7,31,0,3.6,36,26
1977,8,1,0,4.1,36,24
1977,8,2,0,8.3,38,24
1977,8,3,0,7.1,38,25
1977,8,4,0,7.6,35,24
1977,8,5,1,5.2,34,25
1977,8,6,2,3.6,35,25
1977,8,7,1,5.8,34,26
1977,8,8,20,5.4,33,22
1977,8,9,0,5.2,34,23
1977,8,10,0,6.6,35,24
1977,8,11,0,5.6,34,24
1977,8,12,0,5.5,35,25
1977,8,13,0,4.8,36,25
1977,8,14,24,1.8,35,24
1977,8,15,1,3.6,35,25
1977,8,16,0,7.7,33,23
1977,8,17,0,6.9,36,24
1977,8,18,0,2.3,35,25
1977,8,19,0,9.8,35,26
1977,8,20,0,7.6,36,25
1977,8,21,0,7.1,37,26
1977,8,22,0,6.9,38,27
1977,8,23,0,6,37,25
1977,8,24,0,4.7,37,26
1977,8,25,0,8.6,36,25
1977,8,26,0,7.3,37,26
1977,8,27,0,6.7,37,27
1977,8,28,25,9.2,32,26
1977,8,29,0,4.1,33,23
1977,8,30,0,4.1,34,24
1977,8,31,2,6.8,36,23
1977,9,1,4,5.8,36,24
1977,9,2,29,3.3,28,23.5
1977,9,3,0,2.8,32,21
1977,9,4,0,6.4,36,22
1977,9,5,0,7.1,37,24
1977,9,6,0,4.6,35,24
1977,9,7,20,7.5,36,25
1977,9,8,19,8.4,35,25
1977,9,9,0,3.9,34,24
1977,9,10,5,6.2,35,24
1977,9,11,0,3.3,35,24
1977,9,12,0,5.7,36,25
1977,9,13,0,3.3,34,24
1977,9,14,9,6.2,32,25
1977,9,15,0,3.9,32,21
1977,9,16,0,6.4,35,22
1977,9,17,0,5.3,32,23
1977,9,18,0,2.1,33,21
1977,9,19,0,2.1,35,22
1977,9,20,7.5,5.4,29,25
1977,9,21,0,5,31,26
1977,9,22,18.5,5.6,29,25
1977,9,23,0,3.6,31,24
1977,9,24,0,4.8,29,22.5
1977,9,25,0,5.9,35,23
1977,9,26,0,7,36,24
1977,9,27,0,4.9,34,24
1977,9,28,1,2.7,32,21.5
1977,9,29,0,5.6,33,21.5
1977,9,30,0,6.3,35,21.5
1977,10,1,0.01,4,34,24
1977,10,2,18,2.5,36,25
1977,10,3,17,5.6,33,23
1977,10,4,0,3.17,30,22
1977,10,5,30,2.43,29,23
1977,10,6,6,8.9,30,24
1977,10,7,0,5.4,29,23
1977,10,8,0,4.8,33,23
1977,10,9,0,3.7,30,22
1977,10,10,0,5.7,31,22
1977,10,11,12,7.3,35,24
1977,10,12,3,1.87,18,16
1977,10,13,0,4.03,25,15
1977,10,14,0,4.1,28,16
1977,10,15,0,4.5,30,17
1977,10,16,0,4.4,30,19
1977,10,17,0,3.3,30,19
1977,10,18,0,4.7,30,20
1977,10,19,0,2.6,30,19
1977,10,20,0,2.8,30,19
1977,10,21,0,3.6,31,20
1977,10,22,0,2.35,33,21
1977,10,23,4,4.4,30,22
1977,10,24,8,3.45,30,22.5
1977,10,25,15.5,1.7,24,20
1977,10,26,29,5.15,23,20
1977,10,27,0,4.33,32,20
1977,10,28,1,3.37,33,21
1977,10,29,0,4.35,34,22
1977,10,30,0,4.05,32.5,22
1977,10,31,0,3.03,33,22
1977,11,1,17,8.5,34,23
1977,11,2,0,6.2,21,18
1977,11,3,0,3,30,18
1977,11,4,0,5.5,28,16
1977,11,5,0,2.5,29,16
1977,11,6,0,3.8,30,17
1977,11,7,0,3.1,31,20
1977,11,8,0,2.8,31,21
1977,11,9,11,6.6,29,22
1977,11,10,0,4.8,19,13
1977,11,11,0,2.1,19,13
1977,11,12,0.5,2.8,16.1,14
1977,11,13,0,0.7,25,11
1977,11,14,0,2,27,12
1977,11,15,0,3.1,29,16
1977,11,16,0,2,30,18
1977,11,17,17,3,29,19
1977,11,18,0,2.9,30,20
1977,11,19,0,2.1,30,19
1977,11,20,0,1.6,30,20
1977,11,21,11,8.3,31,21
1977,11,22,0,1.9,28,19
1977,11,23,0,1.2,28,19
1977,11,24,0,2.5,29,20
1977,11,25,0,2.5,31,18
1977,11,26,0,1.7,27,20
1977,11,27,0,4.9,30,19
1977,11,28,0,2.4,30,18
1977,11,29,0,4.2,30,19
1977,11,30,0,1.9,20,16
1977,12,1,0,2,24,16
1977,12,2,0,1.3,25,17
1977,12,3,0,1.4,30,17
1977,12,4,0,2.3,30,18
1977,12,5,0,3.4,29,20
1977,12,6,0,3,25,18
1977,12,7,0,1.2,23,14
1977,12,8,0,2.6,30,15
1977,12,9,18,4.6,26,12
1977,12,10,6.5,0.5,17,10
1977,12,11,10.5,1.9,18.5,11
1977,12,12,0,1.6,24,12
1977,12,13,0,2.6,28,18
1977,12,14,0,5.1,25,6
1977,12,15,0,0.5,24,13
1977,12,16,0,1.8,28,14
1977,12,17,0,2.4,27,16
1977,12,18,0,2.8,29,14
1977,12,19,0,2.3,29,15
1977,12,20,0,3.7,25,15
1977,12,21,0,2.3,17,11
1977,12,22,0,4.2,21,7
1977,12,23,0,1.2,25,8
1977,12,24,0,2.2,27,9
1977,12,25,0,4.3,28,11
1977,12,26,0,1.1,21,10
1977,12,27,0,1.2,19,10.5
1977,12,28,0,1.5,27,17
1977,12,29,0,2,29,18
1977,12,30,0,2.6,30,19
1977,12,31,0,2.2,30,19
1978,1,1,0,4.8,21,20
1978,1,2,2,1.4,14.1,12
1978,1,3,0,1.1,16,8
1978,1,4,0,1.9,25,8
1978,1,5,0,3.3,27,14
1978,1,6,0,1.7,27,15
1978,1,7,0,2.1,27,15
1978,1,8,0,3.1,23,18
1978,1,9,0,1.8,18,11
1978,1,10,0,3,23,11
1978,1,11,0,3.8,27,12
1978,1,12,0,2.8,25,13
1978,1,13,0,3,25,14
1978,1,14,0,2.1,22,12
1978,1,15,0,2.4,25,13
1978,1,16,0,3.2,30,15
1978,1,17,0,1.9,18,15
1978,1,18,0,3.2,24,15
1978,1,19,0,2.8,13.1,12
1978,1,20,0,1.4,13,8
1978,1,21,0,2.1,18,8
1978,1,22,0,0.9,11,10
1978,1,23,0,2.1,21,10
1978,1,24,0,3.8,30,11
1978,1,25,0,2.3,20,14
1978,1,26,0,2.8,23,10
1978,1,27,0,1.1,22,10
1978,1,28,1.5,1.7,23,14
1978,1,29,0,1.4,17,14
1978,1,30,0,0.5,25,14
1978,1,31,6.5,3.5,18,15
1978,2,1,0.5,0.8,19,13
1978,2,2,8.5,1.4,14.1,13
1978,2,3,7,1.9,13,10
1978,2,4,7.5,1.7,13,10
1978,2,5,0,1.8,20,10
1978,2,6,0,4.3,23,10
1978,2,7,5,0.3,22,11
1978,2,8,0,1.5,22,13
1978,2,9,0,5,23,12
1978,2,10,0,0.9,18,12
1978,2,11,0,3.1,26,12
1978,2,12,0,5.3,33,13
1978,2,13,0,4.9,26,15
1978,2,14,2,0.8,20,14
1978,2,15,0,2.1,23,15
1978,2,16,0,3.3,25,14
1978,2,17,0,0.9,29,15
1978,2,18,0,5,14.1,13
1978,2,19,2,0.9,11,9
1978,2,20,0,3.1,18,9
1978,2,21,0,2.6,11,8.5
1978,2,22,0,1.6,13,9
1978,2,23,0,0.2,19,9
1978,2,24,0,2.2,26,10
1978,2,25,0,2.1,25,13
1978,2,26,0,2.9,26,15
1978,2,27,0,2.9,30,16
1978,2,28,0,5,32,16
1978,3,1,0,4.2,32,18
1978,3,2,0,5.7,34,19
1978,3,3,2,4,32,16
1978,3,4,0,0.5,13,9
1978,3,5,0,2.9,21,9
1978,3,6,0,5.1,30,10
1978,3,7,0,6.2,31,16
1978,3,8,0,5,23,16
1978,3,9,0,5.5,29,14
1978,3,10,0,5.4,20,11
1978,3,11,0,5.9,34,12
1978,3,12,0,5.1,29,13
1978,3,13,0,3.2,40,10
1978,3,14,0,7.5,32,19
1978,3,15,0,6.1,30,16
1978,3,16,0,1.4,21,17
1978,3,17,0,1.5,19,13
1978,3,18,0,1.7,22,14
1978,3,19,0,2,19,15
1978,3,20,0,4.1,23,16
1978,3,21,0,3.6,30,17
1978,3,22,0,4.8,28,18
1978,3,23,0,4.8,32,20
1978,3,24,0,4.4,32,21
1978,3,25,5,4.6,26,20
1978,3,26,9,3.4,18,17
1978,3,27,0,5.9,29,14
1978,3,28,0,5.7,30,14
1978,3,29,0,5.1,21,14
1978,3,30,0,3.9,28,15
1978,3,31,0,3.2,30,19
1978,4,1,0,3.9,32,19
1978,4,2,0,6.2,33,20
1978,4,3,0,5.9,33,21
1978,4,4,0,7.4,34,22
1978,4,5,0,5.5,33,20
1978,4,6,0,5,31,19
1978,4,7,0,4.6,32,20
1978,4,8,0,6.3,34,21
1978,4,9,0,6.1,35,22
1978,4,10,0,6.2,39,23
1978,4,11,0,3.1,21,19
1978,4,12,0,5.1,29,10
1978,4,13,0,6.9,29,11
1978,4,14,0,7.1,32,11
1978,4,15,0,7.5,28,17
1978,4,16,0,4.4,34,18
1978,4,17,0,6,38,22
1978,4,18,0,6.1,34,23
1978,4,19,0,7.1,36,23
1978,4,20,0,4.7,29,23
1978,4,21,0,2.8,24,20
1978,4,22,0,5,NULO,NULO
1978,4,23,0,7.1,NULO,NULO
1978,4,24,0,3.3,NULO,NULO
1978,4,25,0,6.5,NULO,NULO
1978,4,26,0,8.2,NULO,NULO
1978,4,27,0,5.9,33,22
1978,4,28,0,4.7,33,22
1978,4,29,0,4.2,36,23
1978,4,30,0,7.4,41.5,22
1978,5,1,0,11.2,44,22
1978,5,2,0,8.6,44,22
1978,5,3,0,8.4,33,25
1978,5,4,0,8.9,34,22.5
1978,5,5,0,7.9,36,24
1978,5,6,0,7.9,42,24
1978,5,7,0,7.3,43,23
1978,5,8,0,7.9,38,26
1978,5,9,0,7,36,25.5
1978,5,10,0,6.7,36,25
1978,5,11,0,7.3,38,24.5
1978,5,12,0,6.5,37,26
1978,5,13,0,5.3,38,26
1978,5,14,0,6.6,34,27
1978,5,15,0,7.6,33,25
1978,5,16,0,10.2,41,24
1978,5,17,0,10,40,27
1978,5,18,0,6.7,39,27
1978,5,19,0.5,5.2,30,25
1978,5,20,0,5,34,23
1978,5,21,0,5.9,35,24
1978,5,22,0,7.6,36,23.5
1978,5,23,0,7.9,35,25
1978,5,24,0,7.7,38,27
1978,5,25,0,8.3,38,27
1978,5,26,0,8.2,37,27
1978,5,27,0,7.4,37,27
1978,5,28,0,7,36,28
1978,5,29,0,6.5,36,24.5
1978,5,30,0,8.8,32,23.5
1978,5,31,4,4.6,31,25
1978,6,1,6,2.8,32,24
1978,6,2,3,5.7,32,24
1978,6,3,3,6.9,30,25
1978,6,4,29,4.3,29,26
1978,6,5,0,6.1,35,24
1978,6,6,3,8.1,37,25
1978,6,7,19,10.4,37,23
1978,6,8,127,3.3,33,25
1978,6,9,4.5,1.7,27,21.5
1978,6,10,0,4,32,22
1978,6,11,0,7,30,24
1978,6,12,7,4.1,32,26
1978,6,13,43.5,3.7,32,25
1978,6,14,12.5,4.4,35,25
1978,6,15,0,6.8,35,25.5
1978,6,16,0,9,34,22.5
1978,6,17,0,5.7,34,25.5
1978,6,18,12,5.2,31,22.5
1978,6,19,0,5.7,32,24.5
1978,6,20,0,7.7,33,25
1978,6,21,0,5.1,33.5,24.5
1978,6,22,0,6.2,34,25
1978,6,23,4,6.7,34,24.5
1978,6,24,0,3,32,23.5
1978,6,25,0,6.7,34,26
1978,6,26,0,6.6,33,26.5
1978,6,27,15,6,31.5,26
1978,6,28,4,1.5,27,22
1978,6,29,0,6,33,22
1978,6,30,0,5.8,34,23
1978,7,1,0,7.5,35,24
1978,7,2,6,4.5,33,24
1978,7,3,0,2.7,33,23
1978,7,4,0,3.8,33,25
1978,7,5,0,7,33,25.5
1978,7,6,0,6.5,32,26
1978,7,7,0,6.1,32,24.5
1978,7,8,0,8.6,34,25
1978,7,9,0,6.5,35,26
1978,7,10,0,6.4,33,26
1978,7,11,0,6.6,38,25
1978,7,12,0,6.7,35,24.5
1978,7,13,0,6.8,34,26
1978,7,14,0,5.8,36,25.5
1978,7,15,0,7.4,36,24.5
1978,7,16,0,7,35,26
1978,7,17,0,6.7,36,25
1978,7,18,0,6.9,35,25
1978,7,19,0,7.1,33,24
1978,7,20,0,5.3,35,24.5
1978,7,21,0,7.2,35,24
1978,7,22,6.5,7,34.5,25
1978,7,23,5,4.4,35,22.5
1978,7,24,0,2,34,23
1978,7,25,0,4.1,32,23
1978,7,26,0,6,33,23.5
1978,7,27,4,6,31,23
1978,7,28,8,3.3,32,23
1978,7,29,0,5.6,34,24
1978,7,30,0,6.3,34,24
1978,7,31,0,4.4,35,25.5
1978,8,1,0,5,33,25
1978,8,2,0,5.6,34,23
1978,8,3,0,6.7,34,22.5
1978,8,4,0,5.5,35,24
1978,8,5,20,8.3,33,25
1978,8,6,2,6.8,34,25
1978,8,7,29,1.1,37,23
1978,8,8,8,3.7,34,22
1978,8,9,0.5,4.8,33,22
1978,8,10,0,4.3,32,21.5
1978,8,11,0,6.2,33,22
1978,8,12,0,4.6,33,23
1978,8,13,0,5.6,33,24
1978,8,14,0,2.8,33,24
1978,8,15,0.5,5.7,36,23
1978,8,16,0,7.7,35,24
1978,8,17,0,6.2,36,24
1978,8,18,0,5,35,25
1978,8,19,0,3.9,34,25
1978,8,20,10,5.8,34,23.5
1978,8,21,0,4.2,30,22
1978,8,22,24.5,7.4,32,22
1978,8,23,1.5,2.8,32,23
1978,8,24,5,6.6,33,23.5
1978,8,25,2,0.3,32,24
1978,8,26,0,5.9,35,25
1978,8,27,0,7.1,36,26
1978,8,28,0,8,37,26
1978,8,29,0,6.1,35,25
1978,8,30,0,6.1,33,25
1978,8,31,4.5,5.9,33,23
1978,9,1,1,3.7,32,22
1978,9,2,2,5.1,32.5,23
1978,9,3,0,4.2,33,22.5
1978,9,4,4.5,5.9,35,24
1978,9,5,1,4.8,35,23
1978,9,6,2,6,35,22.5
1978,9,7,0,5.5,31,23
1978,9,8,1,1.7,33,23
1978,9,9,0,1.4,30,24
1978,9,10,11.5,4.4,32,23
1978,9,11,0,4,33,24
1978,9,12,0,4.5,37,25
1978,9,13,0,7.2,36,24.5
1978,9,14,0,6,36,24
1978,9,15,0,7.5,37,25
1978,9,16,12.5,3.8,36,23
1978,9,17,0,6,35.5,22.5
1978,9,18,1.5,6.5,33,22.5
1978,9,19,7,7.6,35,23.5
1978,9,20,13,1,25,22
1978,9,21,34.5,5.6,28,21
1978,9,22,85,2.2,25,22
1978,9,23,26.5,2.1,26,22
1978,9,24,58,3.4,32,23
1978,9,25,3,4.8,30,22
1978,9,26,0,4.2,31,22
1978,9,27,8,3.9,34,22.5
1978,9,28,2,1.6,25.5,22
1978,9,29,0,2.3,29.5,20
1978,9,30,0,1.5,30.5,22
1978,10,1,0,5.2,31,22.5
1978,10,2,0,4.4,33,22
1978,10,3,0,5.7,33,22.5
1978,10,4,0,3.5,34,24
1978,10,5,1,4.5,35,24
1978,10,6,38,4.7,30,25
1978,10,7,16,3.9,29,21
1978,10,8,28,2.8,22,20
1978,10,9,6,0.6,27,20
1978,10,10,0,4.9,31,21
1978,10,11,0,4.3,27,21.5
1978,10,12,32,7.7,31,22
1978,10,13,13,4.4,29,19.5
1978,10,14,5,1.8,22.5,18.5
1978,10,15,0,3.8,24,18
1978,10,16,0,3.1,26,16
1978,10,17,0.5,1.5,22,16.5
1978,10,18,0,1.2,23,18
1978,10,19,0,4.3,27.5,19.5
1978,10,20,0,3.2,29,19
1978,10,21,0,2.7,30,18
1978,10,22,0,3.7,30,17
1978,10,23,0,3.9,31,19
1978,10,24,0,4.2,31,19.5
1978,10,25,0,3.2,31,19
1978,10,26,1,3.4,31,19
1978,10,27,1,1.5,23,20.5
1978,10,28,0,2.4,25.5,19
1978,10,29,0,1.1,23,18.5
1978,10,30,0,3.9,30,18.5
1978,10,31,0,2.7,28.5,18.5
1978,11,1,0,1.9,27,21
1978,11,2,69.5,0.6,24.5,19.5
1978,11,3,0,2.2,27,20
1978,11,4,0,4.1,30,21
1978,11,5,0,3.5,30,21
1978,11,6,0,2.2,30,21
1978,11,7,0,2.9,21,19
1978,11,8,0,3,25,16
1978,11,9,0,3,26,15.5
1978,11,10,0,1.1,30,16
1978,11,11,0,3.7,29,20
1978,11,12,0,3.4,30,21
1978,11,13,0,2.6,30,19
1978,11,14,0,1.9,30,19
1978,11,15,0,4.1,30,20.5
1978,11,16,3,4.5,31,22
1978,11,17,1.5,0.8,20,18
1978,11,18,0,0.8,23,18.5
1978,11,19,0,2,30,19
1978,11,20,0,1.6,26.5,20
1978,11,21,3.5,1.6,23,19
1978,11,22,0,1.6,27,19
1978,11,23,0,1.4,29,17
1978,11,24,0,1.8,30,18.5
1978,11,25,0,3.5,30,21
1978,11,26,0,2.9,31,21
1978,11,27,2,3.9,29,22
1978,11,28,2,0.4,18,15
1978,11,29,0,1.4,24,15
1978,11,30,0,1.8,27,15.5
1978,12,1,0,1.2,28,20
1978,12,2,0,2.5,30,21
1978,12,3,0,1.3,30,21
1978,12,4,0,1.8,24.1,21
1978,12,5,0,0.7,23,16
1978,12,6,0,2.8,30,19
1978,12,7,0,1.7,30,20
1978,12,8,1.5,3.8,27,21
1978,12,9,0,0.8,9,7.5
1978,12,10,0,1.8,14,7
1978,12,11,6,1,15,7
1978,12,12,1.5,0.6,12,9
1978,12,13,0,1,24,10
1978,12,14,0,1.3,18,11
1978,12,15,0,0.9,24,15
1978,12,16,0,2.1,26,15
1978,12,17,0,1.5,22,19
1978,12,18,0,1.1,21,11
1978,12,19,0,4.5,28,9
1978,12,20,0,3.1,30,15
1978,12,21,0,2.3,19.6,18
1978,12,22,0,2.4,26,15
1978,12,23,0,2.2,24.1,15
1978,12,24,0,3.8,25,17
1978,12,25,0,4,24,15
1978,12,26,3,1.7,26,16
1978,12,27,3,0.5,17.1,16
1978,12,28,0,1.3,26,16
1978,12,29,0,2.5,27,15.5
1978,12,30,0,1.9,26,17
1978,12,31,0,1.1,22,18
1979,1,1,1,3.8,16.1,15
1979,1,2,0,1.5,8,4.5
1979,1,3,0,1.4,13,5
1979,1,4,0,1.3,20,6
1979,1,5,0,2.2,25,11
1979,1,6,0,2.1,26,14
1979,1,7,0,2.7,18,15
1979,1,8,0,1,11,10
1979,1,9,0,0.6,15,8
1979,1,10,0,2.4,22.5,8
1979,1,11,0,2.2,23,11.5
1979,1,12,0,2.6,19,12
1979,1,13,0,1.3,29,10.5
1979,1,14,0,4.5,17,9
1979,1,15,0,3.5,19,8
1979,1,16,0,1.9,23,9
1979,1,17,2,1.9,24,14
1979,1,18,0,2.1,26,16
1979,1,19,0,2.3,26,16
1979,1,20,0,6.7,32,14
1979,1,21,0,1,16,14
1979,1,22,0,4,23,9.5
1979,1,23,0,6.4,28,10
1979,1,24,0,2,17,11.5
1979,1,25,0,2.7,22.5,12
1979,1,26,0,4.2,35,13
1979,1,27,0,4.7,22,14
1979,1,28,1.5,0.4,19,14
1979,1,29,0,1.3,25,15
1979,1,30,1,1.7,23,15
1979,1,31,0,1.1,16,13
1979,2,1,0,2.7,18,11
1979,2,2,0,3.1,25,11
1979,2,3,0,1.9,27,15
1979,2,4,0,1.9,27,15.5
1979,2,5,0,0.5,23,17
1979,2,6,0,0.4,20,17
1979,2,7,0,2.4,20,15
1979,2,8,0,2.4,23,15
1979,2,9,5,2.3,19,15
1979,2,10,0,1.5,20,12
1979,2,11,0,1.1,23,12
1979,2,12,0,1.4,25,16
1979,2,13,0,3.7,27,15
1979,2,14,0,4.5,28,15
1979,2,15,0,2.3,30,16
1979,2,16,2,4.2,23,18
1979,2,17,3.5,2.8,12.5,12
1979,2,18,0,0.5,18,8.5
1979,2,19,4,2.2,19,8.5
1979,2,20,0,2.2,28,10
1979,2,21,0,3.4,27,13
1979,2,22,0,3.9,28,14
1979,2,23,0,2.8,31,18.5
1979,2,24,0,3,32,18
1979,2,25,0,3.3,27,17
1979,2,26,0,4.7,25,10
1979,2,27,0,3.6,27,11
1979,2,28,0,3,27,13
1979,3,1,0,3.4,28,18
1979,3,2,0,4.8,30,17
1979,3,3,0,3.2,27,19
1979,3,4,0,7,26,14
1979,3,5,2,2.4,26,14
1979,3,6,0.5,1.8,27,13
1979,3,7,0,1.7,24,14
1979,3,8,0,3.5,29,10
1979,3,9,0,4.7,29,12
1979,3,10,0,5,27,13
1979,3,11,2,0.5,17,15
1979,3,12,3,2.5,23,13
1979,3,13,0,2.7,22,14
1979,3,14,0,0.9,25,17
1979,3,15,1,1.7,28,19
1979,3,16,0,2.2,27,20
1979,3,17,0,2.4,28.5,20
1979,3,18,0,4.1,29,20
1979,3,19,0,5,33,20
1979,3,20,0,4.3,32,22
1979,3,21,0,6.3,34,22
1979,3,22,0,5.8,40,21
1979,3,23,0,3.9,31,20
1979,3,24,0,7,30,20
1979,3,25,0,3.1,28,19
1979,3,26,0,3.7,28,16
1979,3,27,0,1.6,28,17
1979,3,28,0,1.7,29,21
1979,3,29,0,2.6,31,22
1979,3,30,0,5.6,32,22
1979,3,31,0,7.1,31,22.5
1979,4,1,0,7.9,35,23
1979,4,2,0,8.2,35,23
1979,4,3,0,4.9,34,23
1979,4,4,0,1.9,25,21
1979,4,5,1.5,2.1,23,19.5
1979,4,6,0,1.1,24,19
1979,4,7,0,2,30,21
1979,4,8,0,6.1,33,20
1979,4,9,0,5.3,35,21
1979,4,10,0,7.2,38,22.5
1979,4,11,0,9.2,44,22
1979,4,12,0,7.3,39,20
1979,4,13,0,2.6,31,23
1979,4,14,0,3.6,31,22.5
1979,4,15,0,2.9,32,23
1979,4,16,1.5,5.1,34,22
1979,4,17,0,6.6,35,21
1979,4,18,0,5.5,35,23
1979,4,19,0,6.3,36,25
1979,4,20,2.5,6.8,36,26
1979,4,21,11,4.4,31,22
1979,4,22,1,4.6,30,21
1979,4,23,0,4.4,31,20
1979,4,24,0,8.1,33,21
1979,4,25,0,8.3,37,21
1979,4,26,0,3.6,38,22
1979,4,27,0,5.8,34,24
1979,4,28,0,6.3,33,25
1979,4,29,0,6.8,35,22
1979,4,30,0,5.9,35,23
1979,5,1,0,4.1,34,24
1979,5,2,0,4.9,38,25
1979,5,3,0,7.8,39,25
1979,5,4,0,5.4,31,26
1979,5,5,0,4.9,25,20
1979,5,6,0,4.8,35,21
1979,5,7,0,4.9,37,20
1979,5,8,0,7,36,24
1979,5,9,0,5.4,40,24
1979,5,10,0,5,36,25
1979,5,11,29,6.6,37,25
1979,5,12,4.5,0.6,21,20
1979,5,13,0,2.2,22.5,18
1979,5,14,0,3.7,28,19.5
1979,5,15,1.5,5.5,30.5,21
1979,5,16,0,1.3,27,20
1979,5,17,0,5.6,31,22
1979,5,18,0,6.5,33,21
1979,5,19,0,5.7,34,19
1979,5,20,0,6.7,33,19
1979,5,21,0,5.6,37,22
1979,5,22,0,7.2,37,25
1979,5,23,0,4.5,35,25
1979,5,24,0,3.5,32,26
1979,5,25,0,2.8,30,25
1979,5,26,0,4,31,23
1979,5,27,0,4.8,33,24
1979,5,28,0,5.8,35,24
1979,5,29,0,7.4,38,26
1979,5,30,0,6.2,38,25
1979,5,31,0,7.3,37,26
1979,6,1,0,5.6,37,27
1979,6,2,3,7.4,36,27
1979,6,3,3.5,3.8,34,25
1979,6,4,0,6.4,34,26
1979,6,5,5,3.4,34,26
1979,6,6,0,3.9,34,24
1979,6,7,0,5.9,37,25
1979,6,8,0,6.3,36,26
1979,6,9,165,2.8,37,26
1979,6,10,53,4.4,32,24
1979,6,11,1,5.4,27,21
1979,6,12,0,3.2,31,21
1979,6,13,0,8,30,22
1979,6,14,0,6.5,32,21
1979,6,15,0,6,33,18
1979,6,16,0,3.9,33,19
1979,6,17,0,5,30,22
1979,6,18,0,4.1,34,23
1979,6,19,0,6.2,34,25
1979,6,20,0,4.4,35,28
1979,6,21,0,7.2,36,27
1979,6,22,0,6.3,37,26
1979,6,23,0,6.1,35,26
1979,6,24,13,4.1,33,27
1979,6,25,2,6.5,32,24
1979,6,26,0,5.5,33,24
1979,6,27,20,7,33,25
1979,6,28,0,4.6,32,26
1979,6,29,0,5.2,34,25
1979,6,30,0,7.3,36,24
1979,7,1,0,6.4,35,24
1979,7,2,0,5.7,35,23.5
1979,7,3,4.5,6.3,35,24
1979,7,4,0,4,33,25
1979,7,5,0,2,35,26
1979,7,6,11,5.3,32,24
1979,7,7,0,5.8,34,23
1979,7,8,3.5,2.7,30,24
1979,7,9,0,6.3,35,24
1979,7,10,0,6.4,37,25
1979,7,11,0,5.8,37,24
1979,7,12,0,6.4,37,24
1979,7,13,0,6.2,35,26
1979,7,14,0,2.6,35,25
1979,7,15,28,2.9,34,25
1979,7,16,1,4.9,33,25
1979,7,17,0,4.3,33,24
1979,7,18,0,7,36,22
1979,7,19,0,7.3,36,23
1979,7,20,0,5.9,36,24
1979,7,21,14,7.7,36,25
1979,7,22,0.5,5.6,36,26
1979,7,23,0,7,37,26
1979,7,24,0,7,39,25
1979,7,25,0,6.9,37,27
1979,7,26,0,8.4,36.5,25.5
1979,7,27,0,3.3,34,24
1979,7,28,0,7.4,35,24
1979,7,29,0.5,6.5,35,22
1979,7,30,0,4.7,36,23
1979,7,31,0,7.7,36,23
1979,8,1,0,5.6,35,23.5
1979,8,2,0,7,34,23
1979,8,3,0,5.5,32,23
1979,8,4,4.5,4,30,23
1979,8,5,14,0.8,27,23
1979,8,6,2,0.6,28,22
1979,8,7,0,7.6,34,22.5
1979,8,8,0,5.5,35,22
1979,8,9,1.5,4.2,33,23
1979,8,10,8,1.9,33,23
1979,8,11,0,5.8,33,24
1979,8,12,14,2.3,30,25
1979,8,13,39,5,30,25
1979,8,14,37,5.4,30,22
1979,8,15,45,4.6,26,21
1979,8,16,2,4.5,30,20
1979,8,17,11,4,33,21
1979,8,18,0,5.3,34,22
1979,8,19,0,5.3,33,24
1979,8,20,0,5.7,32,24
1979,8,21,0.5,4.9,34,23
1979,8,22,0,5.4,34,24
1979,8,23,0,5.8,30,25
1979,8,24,2,2.8,30,22
1979,8,25,6,3.1,28,22
1979,8,26,0,2.7,28,21
1979,8,27,4.5,4.6,33,22
1979,8,28,0,2.2,32,23
1979,8,29,15.5,3.6,32,24
1979,8,30,13,4.2,33,24
1979,8,31,1,4.6,33,25
1979,9,1,0,5.9,34,24
1979,9,2,0,6.1,35,24
1979,9,3,0,6.3,35,23
1979,9,4,0,5.2,35,24
1979,9,5,0,5.2,35,23
1979,9,6,5,3.3,32,24
1979,9,7,87,3,28,25
1979,9,8,18,4.6,27,22
1979,9,9,21,2.7,27,22
1979,9,10,25,4.9,29,22
1979,9,11,3.5,2.1,29,22
1979,9,12,0,5.5,32,23
1979,9,13,0,4.6,33,24
1979,9,14,0,4,31,24
1979,9,15,0,5.7,30,23
1979,9,16,0,5.5,27,20
1979,9,17,9,0.3,27,20
1979,9,18,3.5,0.3,25,19.5
1979,9,19,0,2.4,28,21
1979,9,20,0,2.6,33,22
1979,9,21,0,5.1,33,23
1979,9,22,0,2.6,30.5,23
1979,9,23,0,3.9,31,21
1979,9,24,0,5.3,30,22
1979,9,25,0,4.9,30.5,21
1979,9,26,0,4,29.5,21
1979,9,27,0,4.3,31,20
1979,9,28,0,4.9,32,20
1979,9,29,0,4.9,33,20
1979,9,30,0,3.4,33,17
1979,10,1,0,4.8,33,16.5
1979,10,2,0,3.7,33,19
1979,10,3,0,4.4,32,19
1979,10,4,0,4.1,32,19
1979,10,5,0,3.3,33,20
1979,10,6,0,3.7,32,20
1979,10,7,0,3.7,32,21
1979,10,8,0,4.9,32.5,20
1979,10,9,0,3.9,33,19
1979,10,10,0,3.1,29,21
1979,10,11,0,4.2,33,20
1979,10,12,0,4.2,34,21
1979,10,13,0,5,34,22
1979,10,14,0,3.3,33,23
1979,10,15,0,3.5,34,21
1979,10,16,0,4.1,35,20
1979,10,17,0,4.7,34,22
1979,10,18,0,4.4,34,21
1979,10,19,0,3.5,33,19
1979,10,20,0,2.4,33,21
1979,10,21,0,5.9,34,22
1979,10,22,0,5.6,34,23
1979,10,23,0,3.2,28,20
1979,10,24,0,4.4,30,17
1979,10,25,0,2.5,28,16.5
1979,10,26,0,2.9,28.5,16
1979,10,27,0,4.1,32,17
1979,10,28,0,3.1,32,17
1979,10,29,0,3.2,34,21
1979,10,30,0,4.35,34,22
1979,10,31,0,5.75,29,23.5
1979,11,1,0,6.3,28.5,16
1979,11,2,0,1.5,24,17
1979,11,3,1,0.7,21,18
1979,11,4,0,2.9,28,19
1979,11,5,0,4.1,30,18.5
1979,11,6,0,2.8,28,20
1979,11,7,0,2.5,24,18
1979,11,8,0,1.51,31,16
1979,11,9,0,4.27,36,17
1979,11,10,2,5.1,30,19
1979,11,11,0,2.1,20,15
1979,11,12,3.5,0.5,23,16
1979,11,13,3,0.1,20,18
1979,11,14,0.01,1.4,19,15
1979,11,15,0,2,20,15
1979,11,16,0,1.6,23,16
1979,11,17,0,2.9,28,17
1979,11,18,0,5.1,30,17
1979,11,19,0,2.7,30,18
1979,11,20,0,1.3,30,20
1979,11,21,0,2.9,30,21
1979,11,22,4,6.1,16,15
1979,11,23,0,2.7,18,10
1979,11,24,0,1.3,25,11
1979,11,25,0,3.8,25,14
1979,11,26,0,2.2,28,12
1979,11,27,0,3.7,30,13
1979,11,28,0,5.4,27,17
1979,11,29,0,4.1,16,14
1979,11,30,0,2.5,18,11
1979,12,1,2,0.8,16,12
1979,12,2,12,1.2,13,10
1979,12,3,65,0.9,14,10
1979,12,4,50,0.3,16,11
1979,12,5,0,1,23,13
1979,12,6,0,3.8,27,15
1979,12,7,0,3.2,26,14
1979,12,8,20,1.5,27,16
1979,12,9,16,1.2,24,17
1979,12,10,0,1.9,28,17
1979,12,11,0,1.4,29,18
1979,12,12,0,1.9,29,20
1979,12,13,5,3.8,19.1,18
1979,12,14,2.5,1.4,14,12.5
1979,12,15,0,1.8,17,11
1979,12,16,4.5,2.4,21,12
1979,12,17,0,2.3,15,13
1979,12,18,0,1.7,21,8
1979,12,19,0,2.6,25,8
1979,12,20,0,2.9,27,10
1979,12,21,0,2.2,28,16
1979,12,22,0,2.5,28,17
1979,12,23,0,4.8,31,18
1979,12,24,0,5.4,26,18
1979,12,25,0,2.2,25,12
1979,12,26,0,2.5,27,14
1979,12,27,0,1.8,26,15
1979,12,28,0,1.8,27,17
1979,12,29,8,2.6,20.1,19
1979,12,30,0,0.9,20,14
1979,12,31,0,0.5,18,16
1980,1,1,0,1,18,15
1980,1,2,0,1.6,20,15
1980,1,3,3,5.2,19,16
1980,1,4,0,1.8,22,10
1980,1,5,0,0.7,25,10
1980,1,6,0,0.8,25,11.5
1980,1,7,0,3.4,27,12
1980,1,8,0,2.2,25,13
1980,1,9,0,1.2,26,17
1980,1,10,0,2.5,27,18
1980,1,11,0,0.5,24,15
1980,1,12,0,1.1,19,16.5
1980,1,13,0,2.6,26,15
1980,1,14,0,2.7,28,10
1980,1,15,0,3.6,28,10
1980,1,16,0,1.2,25,17
1980,1,17,0,3.3,30,19
1980,1,18,0,2.9,28,19
1980,1,19,4.5,2.5,29,18
1980,1,20,38,2.1,27,19
1980,1,21,2,1.9,27,20
1980,1,22,13,2.2,20.1,19
1980,1,23,1,1,12,10
1980,1,24,0,0.2,17,10
1980,1,25,2,1.6,20,10
1980,1,26,0,1.8,29,12
1980,1,27,0,3.4,28,15
1980,1,28,0,0.2,23,16
1980,1,29,0,2.8,28,18
1980,1,30,0,NULO,30,19
1980,1,31,5,1.5,20,19
1980,2,1,2,1,12,7
1980,2,2,0,1.3,17,8
1980,2,3,0,3.4,22,10
1980,2,4,0,2.3,25,10
1980,2,5,4,3.7,26,11
1980,2,6,0.5,1.8,23,13
1980,2,7,0,3.3,25,13
1980,2,8,1,3,27,14
1980,2,9,2,1.1,14.1,13
1980,2,10,0,0.6,14,3.5
1980,2,11,0,0.6,16,10
1980,2,12,0,1,19,11
1980,2,13,0,2.3,25,13
1980,2,14,0,2.5,26,14.5
1980,2,15,0,2.2,30,13
1980,2,16,0,5.9,26,14
1980,2,17,0,2,15,9
1980,2,18,0,1.1,22,8.5
1980,2,19,0,3.5,28,10
1980,2,20,0,2.3,30,13
1980,2,21,0,3.4,30,15
1980,2,22,0,4.1,32,16
1980,2,23,1.5,3.5,26,17
1980,2,24,29,7.7,25,18
1980,2,25,2.5,5.4,19.1,19
1980,2,26,0,4.2,22,13
1980,2,27,0,2.5,20,13
1980,2,28,0,3.3,26,15
1980,2,29,0,4,30.5,15
1980,3,1,0,3.3,22,16
1980,3,2,0,3.7,13.5,9.5
1980,3,3,0,2.1,20,9
1980,3,4,0,3,28,10
1980,3,5,0,3.6,28,12
1980,3,6,0,4.2,30,15
1980,3,7,0,3.7,31,17
1980,3,8,0,2,27,16
1980,3,9,0,4,29.5,17
1980,3,10,0,1.7,28,19
1980,3,11,0,3.9,31,17
1980,3,12,0,5,36,19
1980,3,13,0,5.9,29,19
1980,3,14,0,4.9,27,13
1980,3,15,0,2.8,30,18
1980,3,16,0,1.9,30,17
1980,3,17,8,4.5,30,20
1980,3,18,0,3.9,22,13
1980,3,19,0,5.4,29,16
1980,3,20,0,4.4,32,17
1980,3,21,0,4.9,26,17
1980,3,22,0,2.4,26,17
1980,3,23,0,5,34,17.5
1980,3,24,0,5.3,30,20
1980,3,25,1.5,2.9,27,19
1980,3,26,0,1.4,30,19
1980,3,27,0,3.9,32,21
1980,3,28,0,4,32,18
1980,3,29,0,6.6,33,21
1980,3,30,0,9.4,30,22
1980,3,31,0,0.7,29,19
1980,4,1,0,4.9,34,22
1980,4,2,0,6.9,37,23
1980,4,3,0,4.9,33,24
1980,4,4,2,3.9,28,23
1980,4,5,1,2,25,20
1980,4,6,0,5.4,33,20
1980,4,7,0,6.7,36,21
1980,4,8,5,4.2,30,22.5
1980,4,9,0,4.1,25,17
1980,4,10,0,5,31,16
1980,4,11,0,6.6,37,17
1980,4,12,0,8.6,40,20
1980,4,13,0,2.2,20,16
1980,4,14,0,7.3,25,13
1980,4,15,0,3.7,32,14
1980,4,16,0,3.3,26,18
1980,4,17,0,2.5,27.5,20
1980,4,18,4.5,3.1,26,19
1980,4,19,0,5.1,32,20
1980,4,20,0,5.9,30,20
1980,4,21,0,2.9,27,18
1980,4,22,0,4,29,19
1980,4,23,0,7.2,34,20
1980,4,24,0,5.6,36,21
1980,4,25,0,8.5,40,21
1980,4,26,0,7.6,39,18
1980,4,27,0,6,31,19
1980,4,28,0,5.2,30,19
1980,4,29,0,7.4,33,19
1980,4,30,0,5.3,36,20
1980,5,1,0,4.8,36,23
1980,5,2,2,6.9,37,23
1980,5,3,0,2.6,32,24
1980,5,4,6.5,4,31,23.5
1980,5,5,0,4.8,31,23
1980,5,6,0,4.3,34,23
1980,5,7,0,6.4,39,24
1980,5,8,0,6.7,42,21
1980,5,9,0,5.5,34,21
1980,5,10,0,6.9,36,22.5
1980,5,11,0,6.3,39.5,24.5
1980,5,12,5.5,7.4,40,26
1980,5,13,0,7.2,37,24
1980,5,14,0,5.8,36,25
1980,5,15,0,6.6,40,26
1980,5,16,0,8.8,44,24
1980,5,17,0,7.9,37,25
1980,5,18,0,7.3,37,27
1980,5,19,1.5,5.9,33,26
1980,5,20,0,4.2,33,24
1980,5,21,0,7.3,37,24
1980,5,22,0,4.7,36,25
1980,5,23,0,4.6,36,26
1980,5,24,0,5.7,39,27
1980,5,25,0,7.7,39,26
1980,5,26,20,9.2,39.5,27
1980,5,27,0,8.7,36,22
1980,5,28,0,5.4,35,26
1980,5,29,0,5.9,36,27
1980,5,30,0,7.8,37,26
1980,5,31,0,7.3,37,27
1980,6,1,0,7.6,36,27
1980,6,2,0,7,36,22
1980,6,3,0,5.8,37,24
1980,6,4,0,4.9,34,27
1980,6,5,0,6.6,36,23
1980,6,6,0,7.3,37,24
1980,6,7,0,8.1,37,25
1980,6,8,0,8.1,37,24
1980,6,9,0,7.3,37,22.5
1980,6,10,0,8.3,37,22
1980,6,11,0,8.4,36,22
1980,6,12,0,7.9,36.5,25
1980,6,13,0,8.1,36,22
1980,6,14,0,7.9,37,22.5
1980,6,15,0,7,37,28
1980,6,16,0,6.7,37,28
1980,6,17,0,4.6,38,27
1980,6,18,0,7.6,37,24
1980,6,19,0,6.2,36,26
1980,6,20,2.5,3.3,28,25
1980,6,21,0,3.2,35,23
1980,6,22,31,2.7,29,23
1980,6,23,0,6,34,23
1980,6,24,13.5,4.8,34,25
1980,6,25,2.5,6.9,34,24.5
1980,6,26,0,6.7,36,26
1980,6,27,0,7.3,36,24
1980,6,28,0,6.7,36,24
1980,6,29,0,5.9,35,25
1980,6,30,0,6.2,34,27
1980,7,1,0,7.7,37,26
1980,7,2,0,8.1,38,24
1980,7,3,0,8.9,37,25
1980,7,4,0,5,34,26
1980,7,5,0,7.3,35,26
1980,7,6,0,7.9,37,27
1980,7,7,0,7.1,35,27
1980,7,8,0,4.7,36,27
1980,7,9,0,8.6,36,27
1980,7,10,0,6.4,36,26
1980,7,11,0,8.3,37,27
1980,7,12,0,7.8,39,23
1980,7,13,0,6.5,39,28
1980,7,14,0,3.7,35,27
1980,7,15,0,6,36,22
1980,7,16,0,7.8,37,23.5
1980,7,17,0,8,37,23
1980,7,18,0,7.2,36,22.5
1980,7,19,0,8.6,37,24
1980,7,20,0,8.7,38,25
1980,7,21,0,8.4,38,25
1980,7,22,0,8.3,39,26
1980,7,23,0,8.4,38,23
1980,7,24,0,8.2,39,25.5
1980,7,25,0,7.8,37,25
1980,7,26,0,6.4,37,25.5
1980,7,27,0,8.3,37,28
1980,7,28,0,7.3,37,26
1980,7,29,0,3.2,31,25
1980,7,30,0,7.1,36,23
1980,7,31,0,7.6,37,25
1980,8,1,0,8.6,37,26
1980,8,2,0,7.8,37,26
1980,8,3,0,8,37,25
1980,8,4,0,6.9,37,26
1980,8,5,3,6.4,36,27
1980,8,6,150.5,1.2,33,24
1980,8,7,0,3.7,31,22
1980,8,8,0,7.8,35,23
1980,8,9,0,5.3,39,26
1980,8,10,0,7.1,38,27
1980,8,11,15.5,6.1,35,26
1980,8,12,7,3,31,27
1980,8,13,0,4.9,35,24
1980,8,14,0,8.5,36,25
1980,8,15,0,5.5,36,26
1980,8,16,0,5.1,36,26.5
1980,8,17,0,4.9,33.5,26
1980,8,18,20,4,31,26
1980,8,19,0,5,33.5,25
1980,8,20,0,4.9,35,25.5
1980,8,21,13,5.9,34,25
1980,8,22,0,4.2,33,24
1980,8,23,0,5,35,25
1980,8,24,0,5.4,34,24
1980,8,25,0,4.4,35,24
1980,8,26,5,8,36,23
1980,8,27,0,3.9,36,25
1980,8,28,1.5,6.1,35,25
1980,8,29,0,4.7,36,26
1980,8,30,11.5,6.4,34,26
1980,8,31,1,3.8,32,26
1980,9,1,16.5,4.5,28,23
1980,9,2,21,4.4,29,22
1980,9,3,3,4.9,31,22
1980,9,4,0,4.1,31,22
1980,9,5,0,5.8,34,23
1980,9,6,0,5.1,35,22.5
1980,9,7,0,5.3,35,22.5
1980,9,8,1,4.8,31,23.5
1980,9,9,25,5.2,30,25
1980,9,10,31,3.2,32,23
1980,9,11,1,2.7,32,23
1980,9,12,0,4.6,31,22
1980,9,13,0,5.6,34,22
1980,9,14,0,2.6,34,23.5
1980,9,15,11,3.3,31,22.5
1980,9,16,0,5.3,34,22
1980,9,17,0,4.9,34,21
1980,9,18,0,4.5,34,22
1980,9,19,1.5,4.9,30,23
1980,9,20,0,3.1,30.5,22
1980,9,21,0,4.9,35,22.5
1980,9,22,0,3.2,35,24
1980,9,23,48,1.5,32,24
1980,9,24,58,2.7,29,23
1980,9,25,33,1.8,28,23
1980,9,26,12,3.5,30,23
1980,9,27,4,5.1,31,23
1980,9,28,0,4.2,32,24
1980,9,29,5,2.8,32,25
1980,9,30,0,3,34,24
1980,10,1,0,3,27,23
1980,10,2,0,3.6,30,22
1980,10,3,1,5.1,29,21
1980,10,4,0,4,32,21.5
1980,10,5,0,5,31,20
1980,10,6,0,3,31,19
1980,10,7,0,4,29,19
1980,10,8,0,4.9,29,20
1980,10,9,0,4.9,31,20
1980,10,10,0,3,31,18
1980,10,11,0,4.1,30,20
1980,10,12,0,3.2,31,19.5
1980,10,13,0,5,33,21
1980,10,14,0,5.6,33,21
1980,10,15,0,3.7,33,22
1980,10,16,0,4.1,33,23
1980,10,17,0,4.1,35,23
1980,10,18,0,4.5,35,24.5
1980,10,19,14,2.2,29,23.5
1980,10,20,4.5,1,20,18
1980,10,21,1,2.5,22,16.5
1980,10,22,0,3.9,27,18
1980,10,23,0,2.2,31,19
1980,10,24,34,2.9,28,21.5
1980,10,25,1,1.9,26,17
1980,10,26,0,3.1,31,17.5
1980,10,27,0,4.6,33,21
1980,10,28,6.5,4.9,33,22
1980,10,29,7.5,1.9,12,11
1980,10,30,0,2.3,17,10
1980,10,31,0,2,21,11.5
1980,11,1,0,3.2,25,12.5
1980,11,2,0,2.4,26,14
1980,11,3,0,3.5,29,18
1980,11,4,3.5,2.2,26,20
1980,11,5,1,1.6,26,20
1980,11,6,0,3.2,28,19
1980,11,7,0,3.5,28.5,15
1980,11,8,0,3.6,29,16
1980,11,9,0,3,29,18
1980,11,10,0,NULO,30,18
1980,11,11,0,NULO,30.5,17
1980,11,12,0,NULO,27.5,17.5
1980,11,13,0,2.3,30,17
1980,11,14,0,2.9,29,16
1980,11,15,0,3,30,17
1980,11,16,3,2.6,21.5,17
1980,11,17,4,1.1,13,11
1980,11,18,0,1,13.5,10
1980,11,19,0,1.9,16,10
1980,11,20,8.5,0.6,17,11
1980,11,21,6.5,0.8,14.5,12
1980,11,22,0,2.5,27,11.5
1980,11,23,5,1.2,21,12.5
1980,11,24,0,1.9,23,16
1980,11,25,7,0.3,25,16
1980,11,26,0,2.7,13,11
1980,11,27,0,1.6,16,10.5
1980,11,28,0,2.3,21,11
1980,11,29,0,1.2,22,11
1980,11,30,0,1.1,24.5,14
1980,12,1,0,2.2,27.5,15
1980,12,2,21,2.8,28,17
1980,12,3,19,1.4,20,18
1980,12,4,0,1.4,28,17
1980,12,5,0,2,26,18.5
1980,12,6,1,1.7,27,19
1980,12,7,1,2.2,27,20
1980,12,8,0,1.9,29,21
1980,12,9,6,2.5,25,21
1980,12,10,2.5,1.4,14.1,13.5
1980,12,11,0,1.4,20,11.5
1980,12,12,0,0.7,20,12
1980,12,13,0,2,26,15
1980,12,14,0,1.3,25,17
1980,12,15,0,2.2,27,15
1980,12,16,0,4,28,16
1980,12,17,0,2.1,28.5,15
1980,12,18,0,1.3,27,12
1980,12,19,0,3.4,22,13
1980,12,20,5,1.1,11.6,11
1980,12,21,11,1,12.5,7.5
1980,12,22,0,0.5,17,7.5
1980,12,23,0,0.7,23,11.5
1980,12,24,0,0.7,23,13
1980,12,25,0,2.1,16,13
1980,12,26,0,1.9,24.5,12
1980,12,27,0,1.7,24,11
1980,12,28,0,1.9,24,10
1980,12,29,0,1.7,26,11
1980,12,30,0,1.2,20,11.5
1980,12,31,0,1.4,24,10
1981,1,1,0,2.21,23,14
1981,1,2,0,0.9,23,11.5
1981,1,3,0,0.6,26,11
1981,1,4,0,2.5,24,12.5
1981,1,5,0,2.13,26,15
1981,1,6,0,1.85,26,16
1981,1,7,0,1.35,19,17
1981,1,8,0,0.43,24,15
1981,1,9,6.5,1.85,21.5,16
1981,1,10,13,3.6,18.5,15
1981,1,11,11,3.56,15.5,13
1981,1,12,2.5,1.06,14,12
1981,1,13,0,0.85,20,11
1981,1,14,0,2.12,22,11
1981,1,15,0,1.48,22,13.5
1981,1,16,20,NULO,18.5,12
1981,1,17,52.5,1.4,15,10.5
1981,1,18,9.5,2.3,12,9
1981,1,19,0,2.25,15.5,8.5
1981,1,20,0,1.05,21,9
1981,1,21,8.5,0.83,16,10
1981,1,22,10,1.65,12,11.5
1981,1,23,0,1.9,20,9
1981,1,24,0,3.75,25,9
1981,1,25,0,1.75,26,9
1981,1,26,0,1.1,24,9
1981,1,27,0,2.58,25.5,10
1981,1,28,0,3.45,27.5,14
1981,1,29,0,2.65,16,13
1981,1,30,0,2.2,25,14
1981,1,31,0,1.95,23,15
1981,2,1,0,3.3,25,15
1981,2,2,3.5,1.25,17,15
1981,2,3,0,2.35,18,12.5
1981,2,4,0,1.75,24,12.5
1981,2,5,0,1.45,26,15
1981,2,6,0,0.95,20,16
1981,2,7,0,1.65,28,15
1981,2,8,0,1.25,24,15
1981,2,9,0,3.15,29,17
1981,2,10,0,4.35,35,13
1981,2,11,0,3.45,25,10
1981,2,12,0,0.85,15,8
1981,2,13,13.5,2.1,16,8.5
1981,2,14,10,1.35,13,11.5
1981,2,15,0,2,22,11.5
1981,2,16,1,0.52,20,9
1981,2,17,0,1.88,26,10
1981,2,18,0,3.5,28,16
1981,2,19,0,2.67,28,18
1981,2,20,0,1.91,29,18
1981,2,21,0.1,4.72,29,16
1981,2,22,0.1,1.5,21,17
1981,2,23,0,3.1,24,14.5
1981,2,24,0,2.1,25,15
1981,2,25,0,3.45,28,16
1981,2,26,0,3.63,28,18
1981,2,27,0,2.69,28,17
1981,2,28,0,3.25,28,17
1981,3,1,0,3.3,25,15
1981,3,2,0,1.25,17,15
1981,3,3,0,2.35,18,12.5
1981,3,4,0,1.75,24,12.5
1981,3,5,0,1.45,26,15
1981,3,6,0,0.55,20,16
1981,3,7,2,1.65,28,15
1981,3,8,0,1.25,24,15
1981,3,9,0,3.15,29,17
1981,3,10,11,4.35,35,13
1981,3,11,1.5,3.45,21,10
1981,3,12,2,0.55,15,8
1981,3,13,0,2.1,16,8.5
1981,3,14,0,1.35,13,11.5
1981,3,15,0,2,22,11.5
1981,3,16,0.1,0.52,20,9
1981,3,17,0,1.88,26,10
1981,3,18,0,5.5,28,14
1981,3,19,0,2.57,25,18
1981,3,20,0,1.91,29,18
1981,3,21,0,4.74,29,16
1981,3,22,0,1.9,21,17
1981,3,23,0,3.1,24,14.5
1981,3,24,0,2.1,29,15
1981,3,25,0,3.45,28,16
1981,3,26,0,3.03,20,18
1981,3,27,0,3.63,28,17
1981,3,28,0,2.69,28,17
1981,3,29,0,3.25,28,17
1981,4,1,0,4.3,29,21
1981,4,2,0,4.3,33,21
1981,4,3,0,4.4,32,19
1981,4,4,0,3.93,34,20
1981,4,5,0,4.2,26.5,18
1981,4,6,0,2.45,26.5,18
1981,4,7,1.5,3.45,30,15
1981,4,8,0,2.8,29,17
1981,4,9,0,4.7,31,19
1981,4,10,0,4.05,30.5,21
1981,4,11,0,3.35,29,20
1981,4,12,0,2.6,28.5,20.5
1981,4,13,0.1,5.4,32.5,21
1981,4,14,35,4.95,27,21
1981,4,15,11,5.05,26,20
1981,4,16,1,1.6,26.5,20
1981,4,17,0.1,1.3,26,20
1981,4,18,0,5,31,20
1981,4,19,0,4.95,32,21
1981,4,20,0,6,33,21
1981,4,21,0,4.55,31,20.5
1981,4,22,0,2.1,29.5,22.5
1981,4,23,0,3.37,26.5,22.5
1981,4,24,2,3.28,28,24
1981,4,25,0,2.6,25.5,20
1981,4,26,0,3.7,30,21
1981,4,27,0,4.9,33,22
1981,4,28,0,5.6,33,22
1981,4,29,0,4.9,33,24
1981,4,30,1,4.6,33,24
1981,5,1,0,4.25,33,23
1981,5,2,3,0.95,32,23
1981,5,3,0,2.75,31,23
1981,5,4,0,5.4,34,22
1981,5,5,0,5,36,22
1981,5,6,0,5.05,34,21.5
1981,5,7,0,5.7,34,20.5
1981,5,8,0.1,5,33,22
1981,5,9,68,3,35,22
1981,5,10,0,2.2,27,19
1981,5,11,0,6.28,30,18
1981,5,12,0,4.52,32,19
1981,5,13,0,4.6,33,21.5
1981,5,14,0,5.7,32,23.5
1981,5,15,0,4.95,34,23
1981,5,16,0,5.4,36,24
1981,5,17,0,6.35,38,24
1981,5,18,0,5.7,37,25
1981,5,19,26,5.3,38.5,22
1981,5,20,0,5.8,33,20.5
1981,5,21,0.1,2.78,31,22
1981,5,22,2,7,35,23.5
1981,5,23,4,5.4,33,21.5
1981,5,24,0,5.95,34,22.5
1981,5,25,0,5.05,34,25
1981,5,26,0,6.1,35,25
1981,5,27,0,6.65,36,25
1981,5,28,20,6.8,35,25
1981,5,29,0,5.4,34,22
1981,5,30,0,5.3,34,25
1981,5,31,10,6.1,34,26
1981,6,1,0,5,34,24
1981,6,2,1.5,3.95,35.5,24
1981,6,3,11,4.55,30,23.5
1981,6,4,0,0.51,34,23.5
1981,6,5,0,6,32,24
1981,6,6,0,1.1,35,22
1981,6,7,0,4.25,35,24
1981,6,8,0,5.1,36,24
1981,6,9,0,6.05,36,24.5
1981,6,10,0,9.6,35,25
1981,6,11,0,5.6,36,25
1981,6,12,0,4.5,34,25
1981,6,13,0,6,36.5,24
1981,6,14,0,5.4,34,24
1981,6,15,6.5,3.5,30,24
1981,6,16,30.5,4.4,30,23
1981,6,17,49,4.5,28,23
1981,6,18,16.5,1.3,26,22
1981,6,19,2.5,2.18,28,22
1981,6,20,0,5.25,33,23
1981,6,21,0,5.35,35,24
1981,6,22,0,4.5,34,25
1981,6,23,10,4.2,33,24
1981,6,24,42,6.6,31,23
1981,6,25,65,6.4,26,22
1981,6,26,5,5,29,21.5
1981,6,27,14,7,30,22
1981,6,28,6.5,6.5,33,23
1981,6,29,0,3,32,22
1981,6,30,9,1.45,27,23
1981,7,1,1.5,3.1,29.5,23
1981,7,2,0,6.7,29,23
1981,7,3,0,5,34,23
1981,7,4,0,5,33,23
1981,7,5,0,5,35,23
1981,7,6,10,6,35,20
1981,7,7,0,2,31,22
1981,7,8,0,2,31,23
1981,7,9,11,3,30,24
1981,7,10,0,1.7,31,22
1981,7,11,0,5.5,33,22
1981,7,12,6.5,4.95,33,22
1981,7,13,16,5.45,34,22.5
1981,7,14,0,3.5,30,23
1981,7,15,0,4.1,34.5,22
1981,7,16,0,4.45,33,23
1981,7,17,0,4,33.5,23
1981,7,18,0,4.9,33,24
1981,7,19,0,6.05,34,23.5
1981,7,20,0,4.15,34,24
1981,7,21,0,3.49,33,23
1981,7,22,0,5.2,34,20
1981,7,23,0,4.12,30,23
1981,7,24,0,5.4,34,22
1981,7,25,0,4.3,34,22
1981,7,26,1,2.35,34,23
1981,7,27,1.5,6.37,32,20
1981,7,28,3,5.57,28,20
1981,7,29,0,3.28,32,23
1981,7,30,1.5,4,32,23
1981,7,31,0,5,33,22
1981,8,1,0.5,2.7,32,21.5
1981,8,2,5,4.3,31,25
1981,8,3,0,3.1,34,21.5
1981,8,4,5,3.3,34,23
1981,8,5,0.1,3.95,33,22.5
1981,8,6,0,4.9,34,22
1981,8,7,0,4.8,34,21.5
1981,8,8,9,6.42,35,22
1981,8,9,0,2.6,33,22
1981,8,10,3,3.75,32,22
1981,8,11,0,5.55,35,22.5
1981,8,12,0,5.7,35,22
1981,8,13,0,3.5,34.5,22
1981,8,14,0,1.95,39,22
1981,8,15,0,3.3,29,22
1981,8,16,0,7.5,35,23
1981,8,17,0,6.1,35,23
1981,8,18,0,6.1,35,21
1981,8,19,8,3.5,33,23
1981,8,20,26,5.6,31,23
1981,8,21,0,5.4,33,23
1981,8,22,4.5,4.1,33,22
1981,8,23,10,2.9,34,23
1981,8,24,0,3.6,29,23
1981,8,25,12.5,1.65,29,23
1981,8,26,13,3.65,29,22
1981,8,27,105,NULO,26,22
1981,8,28,114,NULO,24,22
1981,8,29,0,2.75,31,22
1981,8,30,0,3.75,33,23
1981,8,31,0,4.35,35,23.5
1981,9,1,0,4.6,34,24
1981,9,2,0,5.1,35,24
1981,9,3,20,3.4,33,20
1981,9,4,15.5,1.43,27,22
1981,9,5,0,3.57,31.5,23
1981,9,6,10,6.1,31,22.5
1981,9,7,0,6.1,34,20
1981,9,8,7,3.5,31,23
1981,9,9,0,4.4,33,22
1981,9,10,0,4.4,33,22
1981,9,11,0,5.15,29.5,22.5
1981,9,12,0,3.65,34,23
1981,9,13,0,5.2,31,23
1981,9,14,0,5.45,32,22.5
1981,9,15,0,4.9,35,22
1981,9,16,38,5,33,22
1981,9,17,10,4.75,38.5,21.5
1981,9,18,0,3.4,24,18
1981,9,19,0,4.05,20,18.5
1981,9,20,0,3.88,32,18.5
1981,9,21,0,5.02,34,19
1981,9,22,0,4.3,33,21
1981,9,23,0.5,2,32,22
1981,9,24,58,6.3,31,22.5
1981,9,25,0,4.3,32,21
1981,9,26,0,4.5,32,21
1981,9,27,55,3.5,30,21.5
1981,9,28,45.5,1.3,25,22
1981,9,29,13.5,3.2,23,22
1981,9,30,21,4.3,32,22
1981,10,1,4,3.8,31.5,22
1981,10,2,20,3,31,22
1981,10,3,0,4.2,33,22
1981,10,4,0,4.8,33,21.5
1981,10,5,2.5,3.95,31,22
1981,10,6,8.5,3.31,32,23
1981,10,7,2.5,3.58,32,23
1981,10,8,0,4.16,33,22
1981,10,9,0,4.09,33,22
1981,10,10,0,3.35,34.5,23
1981,10,11,0,2.85,33.5,24
1981,10,12,0,4.2,33,23
1981,10,13,0,3.55,33,23.5
1981,10,14,0,3.75,33,23.5
1981,10,15,2,3.73,32,23
1981,10,16,0,3.19,33,19
1981,10,17,0,4.48,33,21
1981,10,18,1,2.55,32,19
1981,10,19,4.5,0.5,21.5,15.5
1981,10,20,0,2.73,29,16
1981,10,21,0,1.91,30,18
1981,10,22,0,3.96,31.5,19
1981,10,23,2,0.95,21,15
1981,10,24,0,1.8,24,13
1981,10,25,1.5,1.9,30,17
1981,10,26,0,4.38,22,19
1981,10,27,0,2.87,28,15
1981,10,28,0,3.35,29.5,16
1981,10,29,0,4.15,29.5,16
1981,10,30,0,1.6,31.5,17
1981,10,31,19,6.4,32,20
1981,11,1,0,0.5,31,17
1981,11,2,0,3.75,27,16.5
1981,11,3,0,2.53,21,13
1981,11,4,0,3.27,28.5,14
1981,11,5,0,2.2,29,14.5
1981,11,6,0,2.2,29,19
1981,11,7,0,3.5,30,20
1981,11,8,0,4.85,31,19
1981,11,9,0,3.45,24,20
1981,11,10,0,2.8,22,15.8
1981,11,11,0,2.8,25,11
1981,11,12,0,2.55,26.5,11.5
1981,11,13,0,2.3,28,13
1981,11,14,0,2.15,29,17
1981,11,15,0,2.8,29.5,15
1981,11,16,0,2.85,30,15.5
1981,11,17,0,3,30,15
1981,11,18,0,3.07,30,16
1981,11,19,0,3.38,30,14
1981,11,20,0,2.78,23.5,15
1981,11,21,0,2.17,22,12
1981,11,22,0,3.43,28,12
1981,11,23,0,1.95,29,17
1981,11,24,0,2.75,30,15
1981,11,25,0,2.9,29.5,16
1981,11,26,0,2.45,30,15.5
1981,11,27,0,2.5,29,16
1981,11,28,1.5,2.04,30,17
1981,11,29,0,2.65,31,18
1981,11,30,0,2.7,32,21
1981,12,1,0,2.55,28,20
1981,12,2,3,1.2,25.5,18.5
1981,12,3,0.1,2.2,25,18.5
1981,12,4,53,1.35,23,17
1981,12,5,0,0.2,20,14
1981,12,6,0,1,26,15
1981,12,7,0,2.7,29,17
1981,12,8,40,3.9,29,17
1981,12,9,0,3,24,16
1981,12,10,0,4.7,27,17
1981,12,11,0,3.3,28,15.5
1981,12,12,0,2.2,29.5,16
1981,12,13,0,1.7,28,16
1981,12,14,0,3,26,13.5
1981,12,15,0,1.65,21.5,13.5
1981,12,16,0,1.45,24,14
1981,12,17,5,2.95,27,12
1981,12,18,1.5,0.75,16,12
1981,12,19,0,1.3,17,9.5
1981,12,20,0,1.2,25,11.5
1981,12,21,0,2.2,28,16
1981,12,22,0,2.2,29,15.5
1981,12,23,0,1.5,22,16
1981,12,24,0,2.61,18,15
1981,12,25,0,1.41,20.5,12
1981,12,26,0,1.63,29,12
1981,12,27,0,2,29,14
1981,12,28,0,2.25,31,16.5
1981,12,29,0,1.45,25,17
1981,12,30,0,2.25,25,17
1981,12,31,0,2.45,25,16
1982,1,1,0,1.9,28,16
1982,1,2,0,1.98,30,18
1982,1,3,0,2.37,32,15
1982,1,4,0,3.05,22,11
1982,1,5,0,2.56,25,11
1982,1,6,0,1.77,28,11.5
1982,1,7,1,3.4,28,14
1982,1,8,1,0.15,17.5,11
1982,1,9,0,3.1,21,9
1982,1,10,1.5,3.2,25,11
1982,1,11,2.5,0.3,16,11
1982,1,12,0,1.45,23.5,8.5
1982,1,13,0,2.9,22,10.5
1982,1,14,0,2,16,8
1982,1,15,0,3,23,8.5
1982,1,16,1.5,0.7,26,9
1982,1,17,1.5,1.2,17,12
1982,1,18,0,1.35,27,13
1982,1,19,0,1.8,27,14.5
1982,1,20,0,1.61,28,15
1982,1,21,0,2.8,30,19.5
1982,1,22,0,2.4,30,18
1982,1,23,1,2.3,21,19
1982,1,24,0,2.3,22,16.5
1982,1,25,0,4.3,29,15
1982,1,26,0,2.6,26,16
1982,1,27,0,1.85,27,16.5
1982,1,28,0,2.1,28,16.5
1982,1,29,0,2.5,28,18
1982,1,30,0,5.1,29.5,19
1982,1,31,0,2.5,22,16
1982,2,1,0,2.63,23,16
1982,2,2,0,2.2,20,12
1982,2,3,0,2.95,21,13
1982,2,4,0,3.1,24,14
1982,2,5,0,2.95,28.5,11
1982,2,6,0,1.85,18,11
1982,2,7,0,2.05,16,6.5
1982,2,8,0,2.72,26,7
1982,2,9,0,4.33,26,11
1982,2,10,0,3.4,25,12.5
1982,2,11,0,1.9,24,14
1982,2,12,0,2.18,23,16
1982,2,13,1,1.39,28,16
1982,2,14,0,0.73,20,13
1982,2,15,0,4.1,31,14
1982,2,16,0,3.35,30,17
1982,2,17,0,1.5,21,16.5
1982,2,18,0,2.7,27,16.5
1982,2,19,0,1.35,26,19
1982,2,20,3,2.9,30,20
1982,2,21,0,1.25,21,18
1982,2,22,0,3.15,28.5,18
1982,2,23,0,4.87,29,17.5
1982,2,24,0,2.98,30,17.5
1982,2,25,1,3.7,28,15
1982,2,26,4,1.1,18,14
1982,2,27,0,2,15,10
1982,2,28,0,2.13,21,11
1982,3,1,0,0.6,19,14
1982,3,2,0,4,17.5,14
1982,3,3,0,4.1,31,13
1982,3,4,0,3.7,32,14
1982,3,5,0,4.6,33,18
1982,3,6,0,3.6,21,15
1982,3,7,0,3.9,22,11
1982,3,8,0,3.7,24,10
1982,3,9,0,2.85,26,8
1982,3,10,0,2.6,28,12
1982,3,11,0,3.4,30.5,16
1982,3,12,0,4.6,31,17
1982,3,13,0,3.48,31.5,18
1982,3,14,0,5.32,31.5,21
1982,3,15,0,4.8,33,22
1982,3,16,0,2.1,35,21
1982,3,17,0,4.3,32.5,19.5
1982,3,18,0,4.75,32.5,21
1982,3,19,0,3.15,33,21
1982,3,20,0,3.8,34,19
1982,3,21,0,4.7,34,20
1982,3,22,2.5,4,34,22
1982,3,23,0,4,32,19
1982,3,24,0,4.75,31,20
1982,3,25,0,3.5,32,22
1982,3,26,1,2.75,26,21
1982,3,27,0,2.7,31,19
1982,3,28,1.5,1.2,21,19
1982,3,29,0,4.3,29,16.5
1982,3,30,0,5.7,31,17
1982,3,31,0,4.5,34,18
1982,4,1,0,5.7,35,22
1982,4,2,0,5.4,37.5,22.5
1982,4,3,0,3.95,30,21.5
1982,4,4,0,3.15,36,23
1982,4,5,0,3.6,38,22
1982,4,6,0,5.35,32,23
1982,4,7,0,5.1,33,23
1982,4,8,0,7.1,27,22.5
1982,4,9,0,6.79,36,23
1982,4,10,0,7.01,34,24
1982,4,11,0,3.75,27,20
1982,4,12,0,5.5,32,21
1982,4,13,0,6.9,35,19.5
1982,4,14,0,4.95,35,20
1982,4,15,0,6.35,38,19
1982,4,16,0,5.87,38.5,21
1982,4,17,0,4,35,22.5
1982,4,18,0,5,35,23.5
1982,4,19,0,5.2,36,22
1982,4,20,0.1,4.55,36,22
1982,4,21,9,0.3,35,20
1982,4,22,0.1,2.15,25,17.5
1982,4,23,0,0.65,23,15.5
1982,4,24,0,5.17,31.5,15.5
1982,4,25,0,4.88,32,17
1982,4,26,0,4.75,34,20.5
1982,4,27,0.1,5.15,29,22.5
1982,4,28,0.1,3.7,31,24
1982,4,29,9,0.7,26,20
1982,4,30,0,1.3,31,20
1982,5,1,10,4.5,36,20
1982,5,2,0,1.3,26,19
1982,5,3,0,2.5,29,21
1982,5,4,0,3.5,32,21
1982,5,5,0,5.15,31,21
1982,5,6,0,3.35,31,21
1982,5,7,4,2,28,21
1982,5,8,0,2.5,30,20
1982,5,9,0,4.1,32,20
1982,5,10,0,5.3,34,21
1982,5,11,0,3.75,34,23.5
1982,5,12,0,6.75,34.5,24.5
1982,5,13,0,3.85,37.5,25
1982,5,14,21,5.6,35,24
1982,5,15,0,5.15,32.5,22
1982,5,16,1,5.4,32,23
1982,5,17,30,4.65,33,22.5
1982,5,18,0,6.3,30,22
1982,5,19,0,5.8,33,21
1982,5,20,0,5.5,33,22
1982,5,21,12,0.8,30,23
1982,5,22,14,1.8,29,22
1982,5,23,4,2.9,31,21
1982,5,24,0,3,31,22
1982,5,25,0,4.8,33,22
1982,5,26,0,5.5,34,22
1982,5,27,0,4.8,35,23
1982,5,28,0,5.3,35,23
1982,5,29,0,6.3,35,24
1982,5,30,0,5,36.5,24
1982,5,31,0,5,36.5,24
1982,6,1,0,5.5,35,25
1982,6,2,0,7.85,36.5,23
1982,6,3,0,4.9,36,22.5
1982,6,4,0,8.1,34.5,23.5
1982,6,5,0,4.9,35.5,23
1982,6,6,0,3,34,24
1982,6,7,0,6.07,34.5,24
1982,6,8,0,6.15,35,23.5
1982,6,9,0,4.8,35,22.5
1982,6,10,0,6.8,35,23
1982,6,11,0,6.2,35,23
1982,6,12,0,5.9,34,23.5
1982,6,13,0,3.9,34,23
1982,6,14,0,7,35,22
1982,6,15,0,5.8,35,23
1982,6,16,0,6.55,36,23
1982,6,17,0,6.5,37,23.5
1982,6,18,0,5.4,36,23
1982,6,19,0,6.1,38,23
1982,6,20,0,5.5,36,23
1982,6,21,0,8.4,37,23
1982,6,22,0,4.1,37.5,22.5
1982,6,23,0,6.34,37,23
1982,6,24,0,7.31,36.5,24
1982,6,25,0,3.35,37,22.5
1982,6,26,0,6.5,37,22.5
1982,6,27,0,7.7,37,24
1982,6,28,0,5.9,36,24
1982,6,29,0,6,34,24
1982,6,30,0,NULO,27.5,22
1982,7,1,0,5.5,35,25
1982,7,2,0,7.85,36.5,23
1982,7,3,0,4.9,36,22.5
1982,7,4,0,8.1,34.5,23.5
1982,7,5,0,4.9,35.5,23
1982,7,6,0,4.9,34,24
1982,7,7,0,3,34,24
1982,7,8,0,6.07,34.5,24
1982,7,9,0,6.15,35,23.5
1982,7,10,0,4.6,35,22.5
1982,7,11,0,6.8,35,23
1982,7,12,0,6.2,30,23
1982,7,13,0,5.9,34,23.5
1982,7,14,0,3.9,34,23
1982,7,15,0,7,35,22
1982,7,16,0,5.8,35,23
1982,7,17,0,6.55,36,23
1982,7,18,0,6.5,37,23.5
1982,7,19,0,5.4,36,23
1982,7,20,0,6.1,38,23
1982,7,21,0,5.5,36,23
1982,7,22,0,8.4,37,23
1982,7,23,0,4.1,37.5,22.5
1982,7,24,0,6.34,37,23
1982,7,25,0,7.31,36.5,24
1982,7,26,0,3.35,37,22.5
1982,7,27,0,6.5,37,23
1982,7,28,0,7.7,37,24
1982,7,29,0,5.9,36,24
1982,7,30,6,NULO,34,24
1982,7,31,0,NULO,34,22
1982,8,1,2,2.75,31.5,21.5
1982,8,2,2.5,3.25,32.5,23
1982,8,3,0.1,4.4,33,23.5
1982,8,4,0,5.55,33,20
1982,8,5,0,5.65,33,23.5
1982,8,6,0,7.25,33,20
1982,8,7,0,4.55,32,23
1982,8,8,2,4.2,32,22.5
1982,8,9,0,6.2,32,22
1982,8,10,0,6.2,34,22
1982,8,11,0,3.6,34,20
1982,8,12,0,5.55,32.5,22
1982,8,13,0,7.35,34,22
1982,8,14,0.3,5,34,22.5
1982,8,15,0,6.35,32,22
1982,8,16,0,4.17,33.5,22
1982,8,17,0,4.78,33.5,22.5
1982,8,18,0,5.5,34,22.5
1982,8,19,0,4.8,32.5,22
1982,8,20,0,5,34,21
1982,8,21,0,6.05,35,22
1982,8,22,0,7,35,22.5
1982,8,23,0,2.74,35,22
1982,8,24,0,7.3,35,22
1982,8,25,0,6.7,33,22
1982,8,26,0,3.65,33,21
1982,8,27,0,5.1,35,22
1982,8,28,0,8.1,37,22
1982,8,29,0,6.8,36.5,20
1982,8,30,0,6.1,31,21
1982,8,31,0,4.8,33,22
1982,9,1,0,5.3,34,22
1982,9,2,0,6.02,37,22
1982,9,3,0.1,5.03,37,23
1982,9,4,0,6.85,40.3,22
1982,9,5,0,5.9,34,22
1982,9,6,0,7,36,22
1982,9,7,0.1,3.7,33,23
1982,9,8,0,6.2,35,22
1982,9,9,0,6.5,34,22
1982,9,10,0,7.2,37,22
1982,9,11,0,7.5,37,22
1982,9,12,0,4.2,31,22
1982,9,13,0,5,36,22.5
1982,9,14,1,3,34,21.5
1982,9,15,0,2.2,33,21
1982,9,16,9,2.95,33,22
1982,9,17,96,2.95,32.5,22
1982,9,18,0.5,2.7,33,22
1982,9,19,0,2,33.5,22
1982,9,20,0,4.85,33,21
1982,9,21,0,4.2,31,21
1982,9,22,0,4.2,30,21
1982,9,23,0,NULO,33,20
1982,9,24,0,1.45,34,21
1982,9,25,0,6.6,32.5,22
1982,9,26,0,4.9,32.5,22
1982,9,27,0,3.1,25.5,20
1982,9,28,0,NULO,25.5,19
1982,9,29,0,NULO,24,19.8
1982,9,30,0,NULO,25,20
1982,10,1,3,4.4,33,22.5
1982,10,2,0,5.2,34,22
1982,10,3,5,4.9,34,22
1982,10,4,0.1,2.6,30.5,23
1982,10,5,0.1,5,33,22.5
1982,10,6,19,1.15,30.5,23
1982,10,7,0.1,3.35,31,23
1982,10,8,0,3.6,33,23
1982,10,9,1,5.6,34,23
1982,10,10,43,4.2,28,22
1982,10,11,12.5,2.4,23.5,21
1982,10,12,0,1.3,27,19
1982,10,13,0.1,1.75,31,19
1982,10,14,0,1.2,23,18
1982,10,15,0,2.1,27,18
1982,10,16,0,2.7,28,20
1982,10,17,0,4.7,29,18
1982,10,18,0,3.6,29,19
1982,10,19,0,3.8,20.5,19
1982,10,20,0,3.9,28.5,20.5
1982,10,21,2.5,3.4,29,21
1982,10,22,8,1.63,25,21
1982,10,23,0,3.22,26,16.5
1982,10,24,0,2.2,25.5,17
1982,10,25,0,2.4,27,17
1982,10,26,0,4,28.5,16.5
1982,10,27,0,3.2,29,16.5
1982,10,28,0,3.5,29,17.5
1982,10,29,0,3.5,29,18
1982,10,30,0,3,29,19
1982,10,31,0,3.6,30,20
1982,11,1,0,3.9,31,19
1982,11,2,0,3,31,21
1982,11,3,0,4.2,26,17
1982,11,4,0,2.85,22,14
1982,11,5,0,5.8,24,11.5
1982,11,6,0,3.11,27,11.5
1982,11,7,0,3.11,27,15
1982,11,8,0,3.44,28,15
1982,11,9,0,8.77,23,16
1982,11,10,0,3.08,28,16
1982,11,11,0,3.45,29,16
1982,11,12,0,3.05,30,17
1982,11,13,1,2.6,27,19
1982,11,14,0,2.9,21,16
1982,11,15,6,4.3,30,15
1982,11,16,7.5,2.4,19,15
1982,11,17,0,2.3,21,12
1982,11,18,0,2.15,26,14
1982,11,19,0,2.55,29,15.5
1982,11,20,0,2.7,30,20
1982,11,21,0,3,29,22
1982,11,22,0,3.1,29,20
1982,11,23,0,2.05,29,20
1982,11,24,2,2.8,24,16
1982,11,25,0,1.8,21,12
1982,11,26,0,2.1,18,11
1982,11,27,0.2,1.3,18,13
1982,11,28,0,1.8,21,13
1982,11,29,0,2.35,27,13
1982,11,30,0,2.15,29,17
1982,12,1,0,1.8,28,22
1982,12,2,0,3.5,29.5,21
1982,12,3,0,3.75,NULO,NULO
1982,12,4,0,3.32,34,17.5
1982,12,5,2,1.75,26,14
1982,12,6,14,2.35,20,15
1982,12,7,3.5,1.35,24,16.5
1982,12,8,15.5,1.2,22,17
1982,12,9,3.5,1.15,20,19
1982,12,10,0,1.85,20,14.5
1982,12,11,5,1.9,21,12
1982,12,12,1,0.8,18,11
1982,12,13,1.5,1.1,16.5,9
1982,12,14,0.1,0.9,18,10
1982,12,15,0,2,23,12
1982,12,16,0,3,21,14
1982,12,17,0,0.85,24,11.5
1982,12,18,0,1.48,26,11.5
1982,12,19,0,2.47,26,12
1982,12,20,0,1.6,24,12
1982,12,21,0,2.53,25,13
1982,12,22,0,2.22,26,12.5
1982,12,23,0,2.27,29,14
1982,12,24,0,3.46,20,17
1982,12,25,0,2.25,20,15
1982,12,26,0,1.75,22,15.5
1982,12,27,0.1,1.67,21.5,14.5
1982,12,28,6.5,0.85,16,10
1982,12,29,0,0.9,23,10
1982,12,30,0,0.9,14,10
1982,12,31,0,NULO,20,8
1983,1,1,3,1,14,13
1983,1,2,0,2.8,16,10
1983,1,3,0,1.45,15,10
1983,1,4,0,1,16,11
1983,1,5,3.5,0.45,18,12
1983,1,6,0,1,20,14
1983,1,7,0,1.8,24,15
1983,1,8,2,1.9,26,16
1983,1,9,0,1.7,23,17
1983,1,10,0,2.8,23,14.5
1983,1,11,0,0.9,22,16
1983,1,12,0,3.5,20.5,17
1983,1,13,0,1.9,20,15
1983,1,14,1,0.5,22,15
1983,1,15,4,0.55,18,15
1983,1,16,6.5,0.15,16.5,10.5
1983,1,17,0,0.9,20,10
1983,1,18,8,0.2,18,12
1983,1,19,0,1.7,20,14
1983,1,20,0,1.55,20,15
1983,1,21,0,1.45,18.5,13.5
1983,1,22,0,1.9,19,13
1983,1,23,0,2.6,24,13
1983,1,24,0,2.95,24,12
1983,1,25,0,2,25,11
1983,1,26,0,3.6,22.5,12.5
1983,1,27,0,3.7,25,12
1983,1,28,0,2.75,28,12
1983,1,29,0,2.83,25,13.5
1983,1,30,0,3.02,27,14
1983,1,31,0,1.8,27,14
1983,2,1,0,3.6,25,14
1983,2,2,2,4,27,16
1983,2,3,0,1.9,23,12
1983,2,4,0.2,2.18,25,15
1983,2,5,0,2.8,27,17
1983,2,6,3,1.75,21,17
1983,2,7,3.5,0.35,28,15
1983,2,8,0,1.29,23,15
1983,2,9,0,3.32,20,16
1983,2,10,0,4.4,29,16
1983,2,11,22,4.35,21.5,17
1983,2,12,0,2.92,21,13.5
1983,2,13,0,2.92,23,13.5
1983,2,14,0,3.55,25,12
1983,2,15,0,3.1,27,12
1983,2,16,0,5.85,25,12
1983,2,17,0,2.85,25,11
1983,2,18,0,0.75,24,12
1983,2,19,0,2.85,27,12
1983,2,20,0,4.57,28,12
1983,2,21,0,4.69,26,15
1983,2,22,0,4.6,25,13.5
1983,2,23,0,3.05,25,13.5
1983,2,24,0,NULO,28,16
1983,2,25,3.5,3.95,25,17
1983,2,26,0,3.58,24,15
1983,2,27,0,3.47,24,14
1983,2,28,NULO,3.4,27,14
1983,3,1,0,3.95,27.5,14
1983,3,2,0,3.8,28,15
1983,3,3,0,3.1,31,19
1983,3,4,0,3.55,35,18
1983,3,5,0,3.4,31,18
1983,3,6,0,4.5,31,15.5
1983,3,7,0,5.45,30,15.5
1983,3,8,0,6.35,32,12
1983,3,9,2.5,5.4,29,12
1983,3,10,0,2.5,18,16
1983,3,11,0,1.83,23,16
1983,3,12,0,1.43,23,16
1983,3,13,0,2.79,26,17
1983,3,14,0,6.19,29,16
1983,3,15,0,6.39,29,16
1983,3,16,0,6.99,28,17
1983,3,17,0,4.7,28,15
1983,3,18,0,6.3,29,15
1983,3,19,0,4.74,35,18
1983,3,20,0,7.75,26.5,18
1983,3,21,0,1.2,20,18
1983,3,22,0,1.9,26,14
1983,3,23,0,6.5,29,14
1983,3,24,0,3.64,27,17
1983,3,25,0,5.78,29,15
1983,3,26,0,5,30,18
1983,3,27,0,5.37,29,18
1983,3,28,0,6.1,29,15
1983,3,29,0,6.9,31,16
1983,3,30,0,5.1,32,17
1983,3,31,0,6,34,20
1983,4,1,0,8.5,40,18
1983,4,2,0,7.26,27,15
1983,4,3,0,5.8,31,14
1983,4,4,0,8.5,40,15.5
1983,4,5,0,8.2,29,18
1983,4,6,0,3.89,29,19
1983,4,7,1.5,3.1,26,18
1983,4,8,0,5.5,24,15
1983,4,9,0,1.8,37,15
1983,4,10,0,5.16,40,18
1983,4,11,0,6.2,27,21
1983,4,12,0,6.61,26.5,18
1983,4,13,0,7.59,21,18
1983,4,14,0,6.85,25,17.5
1983,4,15,0,5.5,32,16
1983,4,16,0,1.52,37,17
1983,4,17,0,3.98,34,18
1983,4,18,0,5.52,35,22
1983,4,19,0,6.8,37,23
1983,4,20,0,7.93,36.5,22
1983,4,21,0,7.33,30,22
1983,4,22,0,9.37,31,20
1983,4,23,0,6.58,33,20
1983,4,24,0,7.02,34.5,21
1983,4,25,0,7.78,35,21.5
1983,4,26,0,6.28,35,22
1983,4,27,0,6.15,36.5,23
1983,4,28,0,7.7,36.5,23
1983,4,29,0,6.5,35,22
1983,4,30,0,7.15,36.5,23
1983,5,1,0,7.13,37,23.5
1983,5,2,0,7.42,39.5,22
1983,5,3,0,6.95,37,22.5
1983,5,4,0,3.75,32,18
1983,5,5,0,7.65,33,18
1983,5,6,0,7.65,33,18
1983,5,7,0,5.6,35.5,22.5
1983,5,8,0,5.5,34,21
1983,5,9,0,4.7,33,24.5
1983,5,10,0,7.2,35,23.5
1983,5,11,0,5.55,35,20.5
1983,5,12,0,4.95,35.5,25
1983,5,13,0,7.8,35,25
1983,5,14,0,7.5,37,25
1983,5,15,0,7.75,35.5,25
1983,5,16,0,7.4,32,23
1983,5,17,0,6.1,30.5,23.5
1983,5,18,0,2.45,39,24
1983,5,19,0,6.2,32,25
1983,5,20,0,7,38,26
1983,5,21,0,7.4,37.5,26
1983,5,22,0,4.1,33.5,26.5
1983,5,23,0,0.95,34,25.5
1983,5,24,0,6.1,34.5,24
1983,5,25,0,6.55,34,23
1983,5,26,58,3.15,37.5,23.5
1983,5,27,0,5.85,34,21.5
1983,5,28,0,3.33,31,22
1983,5,29,30,4.25,30,21
1983,5,30,0.1,4.05,30.5,21.5
1983,5,31,0,7.6,33.5,22
1983,6,1,1,4.85,32,23
1983,6,2,0,5.5,34,25
1983,6,3,0,6.7,30,25
1983,6,4,0,7,35,26
1983,6,5,0,7.1,36,25
1983,6,6,0,6.6,35,24
1983,6,7,2,2.72,25,22
1983,6,8,0,3,30,22
1983,6,9,0,4.47,33,22
1983,6,10,0,6.7,33.5,22
1983,6,11,0,7.1,33,22
1983,6,12,0,6.9,33,22.5
1983,6,13,0,6.55,35,23
1983,6,14,0,6,34,24
1983,6,15,0,5.27,32,25
1983,6,16,0,6.5,34,23
1983,6,17,0,8.25,35.5,23
1983,6,18,0,6.3,37,23
1983,6,19,0,6.36,34,24
1983,6,20,0,6.64,35,25
1983,6,21,0,6.05,33.5,24
1983,6,22,0,6.75,35,24
1983,6,23,0,6.49,36,24
1983,6,24,0,7.3,36,24
1983,6,25,0,6.63,34,25
1983,6,26,0,8.77,38,25
1983,6,27,0,8.81,39,25
1983,6,28,0,4.04,37,26
1983,6,29,0,7,37,25
1983,6,30,0,8.82,36,25
1983,7,1,5.5,2,31,23
1983,7,2,0,8.65,35.5,25
1983,7,3,0,6.05,35.5,26
1983,7,4,30,2.3,31,25.5
1983,7,5,40,2.8,27,22.5
1983,7,6,7,4.12,29,22
1983,7,7,2,3.7,30,22
1983,7,8,0,5.1,30,22
1983,7,9,8,3.15,30,23
1983,7,10,11,5.35,31,21
1983,7,11,2,3.6,31,22
1983,7,12,0,3.7,30,23
1983,7,13,0,4.1,32,23
1983,7,14,5,3.85,32,24
1983,7,15,2,5.58,31,24
1983,7,16,12,1.85,30,23
1983,7,17,15,3.9,30,23
1983,7,18,15,4.5,30,23
1983,7,19,75,4.11,29,23
1983,7,20,24,2.5,29,22
1983,7,21,21,2.3,27,22
1983,7,22,11,4.25,29,23
1983,7,23,1.5,4.25,29,22
1983,7,24,17,4.95,30,22
1983,7,25,0,4.9,31,23
1983,7,26,0,4.64,32,23
1983,7,27,0,4.06,31,23
1983,7,28,1,4.9,32,24
1983,7,29,0,5.97,33,23
1983,7,30,0,4.98,32,23
1983,7,31,1,4.98,32,24
1983,8,1,0,6.48,33,22
1983,8,2,0,5.61,33,23
1983,8,3,0,6.01,31,23
1983,8,4,0,4.06,31,23
1983,8,5,12.5,6.8,26.5,22
1983,8,6,48.5,4.74,27.5,22
1983,8,7,0,3.4,29,22.5
1983,8,8,0,5.5,31,22
1983,8,9,0,5.2,32,23
1983,8,10,11,6.56,30,24
1983,8,11,20,7.34,30,24
1983,8,12,2,4.35,31,23
1983,8,13,3,3.6,32,23
1983,8,14,3,3.61,31,24
1983,8,15,0,3.64,31,22
1983,8,16,0,6.67,33,23
1983,8,17,0,6.48,33.5,23
1983,8,18,0,5.75,33,24
1983,8,19,0,5.03,32.5,24
1983,8,20,0,6.72,33,24
1983,8,21,0,5.9,33,23.5
1983,8,22,0,3.05,31,23
1983,8,23,3.5,3.45,32,23
1983,8,24,10,2.95,31,23
1983,8,25,0.1,4.15,30.5,22
1983,8,26,0,4.95,31,22
1983,8,27,0,6.7,33,23
1983,8,28,0,4.86,33,23
1983,8,29,7,3.29,32,23
1983,8,30,1,6.2,33.5,23.5
1983,8,31,0,6.09,33,23
1983,9,1,0,6.18,34,21
1983,9,2,0,3.76,33.5,23
1983,9,3,0,6.9,34,22
1983,9,4,0,6.7,35,23.5
1983,9,5,0,6.8,35,24
1983,9,6,0,6.8,34,24
1983,9,7,30,5.65,30,25
1983,9,8,51,4.75,29,23
1983,9,9,9.5,2.5,30.5,23
1983,9,10,1.5,3.25,33,23
1983,9,11,3,5.3,31,23
1983,9,12,0,2.9,31,23
1983,9,13,20,6.95,28.5,22
1983,9,14,1.5,4.9,32,22
1983,9,15,0,5.6,31,23
1983,9,16,0,5.92,31,23
1983,9,17,0,4.54,32,23
1983,9,18,0,5.64,32.5,23
1983,9,19,0,3.2,34,24
1983,9,20,7.5,7.34,26,21
1983,9,21,0,3.96,26,17
1983,9,22,0,3.55,27,17
1983,9,23,12.5,5.35,21.5,18.5
1983,9,24,12,0.3,27,20
1983,9,25,4,4.85,27.5,21
1983,9,26,19,8.75,28.5,22.5
1983,9,27,5.5,4.2,29,20
1983,9,28,0,3.95,28.5,20.5
1983,9,29,0,2.9,28.5,20.5
1983,9,30,5,3.85,30,20.5
1983,10,1,0,2.11,30,21
1983,10,2,0,5.86,30,21
1983,10,3,0,3.64,31,20
1983,10,4,0,4.14,31,21
1983,10,5,0.1,4,31.5,21
1983,10,6,0,2.87,30,21.5
1983,10,7,0,4.73,31.5,21
1983,10,8,0,4.15,31,22
1983,10,9,0,4.7,32,22
1983,10,10,0,4.25,31,22
1983,10,11,0,4.4,31,20.5
1983,10,12,0.1,2.7,31,20.5
1983,10,13,0,3.5,25,19
1983,10,14,0,3.71,28,16
1983,10,15,0,1.95,30,17
1983,10,16,0,3,30,19
1983,10,17,4,1.67,30,23
1983,10,18,1,2.98,30,22
1983,10,19,0,3.3,31.5,22
1983,10,20,0,3.35,32,22
1983,10,21,15,4.28,30,23
1983,10,22,2,1.76,25,20
1983,10,23,0,1.5,26,21
1983,10,24,0,3.36,29,20
1983,10,25,0,5.3,27,20
1983,10,26,0,3.8,26,17
1983,10,27,0,3.75,26,17
1983,10,28,0,3.63,27,17
1983,10,29,2,3.87,27,17
1983,10,30,10,0.2,23,17
1983,10,31,12.5,1.7,27,20
1983,11,1,0,3,29,21
1983,11,2,0.1,3.5,29,19
1983,11,3,17.5,3.5,29,19
1983,11,4,0.1,2.9,29,19
1983,11,5,1,2.4,29.5,19
1983,11,6,0,4.2,30,21
1983,11,7,0,1.5,30.5,23
1983,11,8,0,1.35,27,22.5
1983,11,9,0,2.9,29,18
1983,11,10,0,3.3,24,17
1983,11,11,0,2.39,25,17
1983,11,12,0,2.59,28,17
1983,11,13,0,2.44,30,17
1983,11,14,0,2.3,29.5,17
1983,11,15,0,5.13,28,20.5
1983,11,16,0,2.9,25,18.5
1983,11,17,0,3.25,27,18
1983,11,18,0,1.95,27,17.5
1983,11,19,0,3.25,20.5,17.5
1983,11,20,0,3.44,35,17
1983,11,21,0,2.93,28,17
1983,11,22,0,1.98,31,19
1983,11,23,0,5,36,21
1983,11,24,0,3.3,23,17
1983,11,25,0,2.7,28,17
1983,11,26,0,1.2,28,17
1983,11,27,0,5.26,23,17.5
1983,11,28,0,1.32,23,17
1983,11,29,1,0.63,22,17
1983,11,30,0,1.25,28,19
1983,12,1,21,2.7,26,23
1983,12,2,0,2.95,29,21
1983,12,3,0,1.25,30,20
1983,12,4,0,2.65,38,20
1983,12,5,0,1.47,28,20
1983,12,6,0,2.96,24,16
1983,12,7,0,2.42,22,15
1983,12,8,0,0.9,25,15
1983,12,9,0,1.8,29,18.5
1983,12,10,0,2.8,29,19
1983,12,11,0,1.74,27,15
1983,12,12,0,2.26,27,16
1983,12,13,0,2.45,20,17
1983,12,14,0,2.35,27,15
1983,12,15,0,0.2,24,15
1983,12,16,0,2.43,27,16
1983,12,17,0,1.37,18,14
1983,12,18,0,2.3,23,14
1983,12,19,0,1.75,17,11
1983,12,20,0,1.1,19,10
1983,12,21,0,0.34,28,11
1983,12,22,0,0.56,17,10
1983,12,23,6,1,28,6
1983,12,24,14.5,1,15,5
1983,12,25,14.5,2,12,1.1
1983,12,26,0,0.85,12,-2
1983,12,27,0,4,25,2.5
1983,12,28,0,3.04,14,7
1983,12,29,0,1.34,15,7
1983,12,30,0,5.05,10,4
1983,12,31,0,1.75,17.5,4
1984,1,1,3,2,22,5.5
1984,1,2,13,0.85,18,10
1984,1,3,6.5,1.7,19,10
1984,1,4,0,1.25,19,14
1984,1,5,0,2.6,24,14
1984,1,6,0,1.6,25,13
1984,1,7,0,0.85,24,11
1984,1,8,0,1.35,26,12
1984,1,9,0,0.47,26,11
1984,1,10,0,2.08,18.5,15
1984,1,11,0.1,4.15,18.5,11
1984,1,12,0,1.3,23,8.5
1984,1,13,0,0.4,23.5,8.5
1984,1,14,0,1.2,23.5,12
1984,1,15,0,0.4,21,12
1984,1,16,0,0.7,13,11
1984,1,17,0,1.3,20,13
1984,1,18,0,1.6,16,12
1984,1,19,0.1,0.6,16,9
1984,1,20,4,0.9,11,8
1984,1,21,1,1.05,14,5
1984,1,22,0,1.75,18,5
1984,1,23,0,1.37,24.5,9
1984,1,24,3,3,25,12
1984,1,25,9.5,0.73,17,13.5
1984,1,26,0,2.2,22,11
1984,1,27,0,1.36,23,13
1984,1,28,0,1.79,32.5,13
1984,1,29,0,1.95,24.5,16.5
1984,1,30,25,2.35,29,13.5
1984,1,31,5,0.35,19,9
1984,2,1,1,0.15,14.5,9
1984,2,2,0.1,1.25,25,9.5
1984,2,3,0,1.75,20.5,14
1984,2,4,0.1,2.45,23,10
1984,2,5,12,0.1,17,10
1984,2,6,1,0.85,15,13
1984,2,7,3.5,0.3,15.5,11.5
1984,2,8,0,2.19,22,12
1984,2,9,0,1.96,24,12.5
1984,2,10,0,2.9,26,14
1984,2,11,0,2.5,26,14
1984,2,12,0,2.27,24,17
1984,2,13,0,3.73,27,16
1984,2,14,0,3,27,12
1984,2,15,0,1.5,26.5,13
1984,2,16,0,2.55,27,16.5
1984,2,17,0,3.99,27.5,18
1984,2,18,0,2.46,23,19
1984,2,19,0,1.3,26,16
1984,2,20,0,3.2,20,12
1984,2,21,8,0.8,16.5,9
1984,2,22,0,4.5,22,10
1984,2,23,0,4.6,25.5,12.5
1984,2,24,3.5,0.75,26.5,13
1984,2,25,0,2.63,26,10
1984,2,26,0,5.71,32,13
1984,2,27,0,4.51,20.5,13
1984,2,28,0,4.3,22,10.5
1984,2,29,6.5,0.5,22,10
1984,3,1,0,2.8,22,12
1984,3,2,0,4.8,25,13
1984,3,3,0,2.8,26,13
1984,3,4,0,3.8,29,14.5
1984,3,5,0,4.1,28,14.5
1984,3,6,0,1.4,19,10
1984,3,7,0,2.2,19,11
1984,3,8,0,1.8,21.5,12.5
1984,3,9,0,1.7,21,15
1984,3,10,0,2.65,26,16.5
1984,3,11,0,4.15,28,18
1984,3,12,0,4.45,30,18
1984,3,13,0,3.97,29.5,18
1984,3,14,0,3.78,28.5,20
1984,3,15,0,5.72,31,20
1984,3,16,0,3.73,31,20
1984,3,17,0,4.65,30.5,20
1984,3,18,0,5.7,30,19
1984,3,19,0,5.7,29,15
1984,3,20,0,4.2,25,11
1984,3,21,0,4.22,30,14
1984,3,22,0,4.23,30,14
1984,3,23,0,4.58,34,16
1984,3,24,0,4.14,28.5,19.5
1984,3,25,0,5.5,30,19
1984,3,26,0,4.07,30,19.5
1984,3,27,0,9.28,40,20
1984,3,28,0,5.15,28,16
1984,3,29,0,5.68,28,15
1984,3,30,0,6.61,27,13
1984,3,31,0,5.42,31.5,15
1984,4,1,0,5,30,19
1984,4,2,0,5.97,34.5,18
1984,4,3,0,5.75,32,19
1984,4,4,0,6.12,28.5,20
1984,4,5,0,6.68,28.5,19.5
1984,4,6,0,3.02,28,18
1984,4,7,0,5.35,33,18.5
1984,4,8,0,8.65,34,19
1984,4,9,0,7.48,34,18
1984,4,10,0,5.07,36,18
1984,4,11,0,7.2,32.5,18.5
1984,4,12,0,7.42,39.5,20.5
1984,4,13,0,6.2,33.5,22
1984,4,14,0,6.57,32.5,23
1984,4,15,0,5.38,29,20.5
1984,4,16,0,7.85,31,18.5
1984,4,17,0,6.73,32,18.5
1984,4,18,0,6.52,31,17
1984,4,19,0,7,38.5,17
1984,4,20,0,7.8,40,19
1984,4,21,0,8,42.5,20
1984,4,22,0,6.7,32.5,20
1984,4,23,0,3.33,28,21
1984,4,24,0,5.25,32,18
1984,4,25,0,7,35,18
1984,4,26,0,7.58,41,22
1984,4,27,0,8.18,44,22
1984,4,28,0,5.24,38,23
1984,4,29,0,9.1,39,22
1984,4,30,0,5.3,39,21.5
1984,5,1,0,6.52,35,24
1984,5,2,0,6.78,40,24
1984,5,3,0,7.8,43,25
1984,5,4,0,6.35,37,24
1984,5,5,0,7.54,39,24
1984,5,6,0,5.61,40,24
1984,5,7,0,6.65,39,25
1984,5,8,0,6.95,31,21
1984,5,9,0,8.85,31,16.5
1984,5,10,0,6.2,33,17
1984,5,11,0,7.16,31.5,19.5
1984,5,12,0,5.43,31,22
1984,5,13,2,3.01,30,22
1984,5,14,0.1,3.7,29,21
1984,5,15,0,3.71,33,21
1984,5,16,2.5,6.69,33,21
1984,5,17,0,5.85,32,21.5
1984,5,18,0,5.65,34,21
1984,5,19,0.1,7.7,34,22
1984,5,20,0,5.8,35.5,21
1984,5,21,0,7.55,38.5,22
1984,5,22,0,7.5,35.5,23.5
1984,5,23,0,6.65,34.5,22
1984,5,24,4,3.3,34,22
1984,5,25,0,7.25,30.5,22
1984,5,26,0.1,6.6,30.5,22
1984,5,27,0,5.05,31.5,22
1984,5,28,34.5,7.16,31.5,22
1984,5,29,14.5,3.68,26.5,21.5
1984,5,30,2,2.62,27.3,21
1984,5,31,0,5.83,29,19.5
1984,6,1,0,6.15,30,18.5
1984,6,2,0,5.36,30,18
1984,6,3,0,5.95,32,19
1984,6,4,0,5.23,32.5,21.5
1984,6,5,0,5.23,32.5,22
1984,6,6,0,3.91,31,23.5
1984,6,7,0,6.83,34,24
1984,6,8,0,7.05,35,23
1984,6,9,1,6.05,34,24
1984,6,10,9,5.8,34,26
1984,6,11,18,1.8,31,25
1984,6,12,18.5,6.15,31.5,23
1984,6,13,12,3.3,26.5,22
1984,6,14,11.5,1.8,23,22
1984,6,15,2.5,5.2,31,22
1984,6,16,0,6.1,31,22
1984,6,17,0.1,3.5,29.5,21.5
1984,6,18,35,3.8,28,22
1984,6,19,0.1,5.4,29.5,22.5
1984,6,20,2,1.5,26.5,23
1984,6,21,0,3.7,30,23
1984,6,22,0,3.35,33,22
1984,6,23,0,5.85,32,23
1984,6,24,0,6.2,33,23
1984,6,25,0,6.95,33.5,22
1984,6,26,0,8.15,33,22.5
1984,6,27,0,8.15,33,22.5
1984,6,28,0,5.44,32.5,23
1984,6,29,0,5.98,34,21.5
1984,6,30,0,5.49,34.5,21.5
1984,7,1,0,1.39,27.5,25
1984,7,2,2,0.91,29,23.5
1984,7,3,10,4.55,30.5,21.5
1984,7,4,17,2.7,29.5,21.5
1984,7,5,0.1,2.65,28,22
1984,7,6,23,4.4,27,23
1984,7,7,0,2.6,29,21
1984,7,8,23,3,28,22
1984,7,9,14.5,5.5,29.5,22
1984,7,10,17,2.35,27.5,22
1984,7,11,7,4.75,29,23
1984,7,12,26.5,NULO,27,22
1984,7,13,16.5,1.35,26.5,21
1984,7,14,10,0.44,24,21.5
1984,7,15,0,1.66,27,22
1984,7,16,0,4.5,29.5,22
1984,7,17,0,3.1,30,22
1984,7,18,0,5.02,32,22
1984,7,19,0,6.08,32.5,22.5
1984,7,20,0,5.65,32,22.5
1984,7,21,0,4.25,32,23
1984,7,22,0,5.93,32,23
1984,7,23,0,4.97,32,22
1984,7,24,1,3.95,32,22
1984,7,25,19.5,4.95,31,22
1984,7,26,0,4.9,29.5,22
1984,7,27,0,3.4,31,22
1984,7,28,0,5.2,31,22.5
1984,7,29,10,4.95,29,23
1984,7,30,0,5.1,31.5,22.5
1984,7,31,0,6.05,32,22.5
1984,8,1,0,4.4,32.5,22.5
1984,8,2,9,6,32,22.5
1984,8,3,15.5,4.22,29.5,23
1984,8,4,5,4.91,30.5,21.5
1984,8,5,12.5,3.97,30.5,21.5
1984,8,6,2,1.48,27.5,22
1984,8,7,0,3.43,31.5,22.5
1984,8,8,10,3.12,31,23
1984,8,9,5,5.1,23.5,23
1984,8,10,0.1,3.3,30,22.5
1984,8,11,0,4.7,31,22
1984,8,12,0,6,32,21
1984,8,13,0,5.3,32,22
1984,8,14,0,5.2,31,22.5
1984,8,15,30,3.9,28,21.3
1984,8,16,14.5,5.2,30,20
1984,8,17,0,4.6,30.5,21
1984,8,18,0,4.8,32,22
1984,8,19,0,6.55,33,22
1984,8,20,0,4.65,32.5,22
1984,8,21,10,4.95,31,23
1984,8,22,42,3.55,27,22
1984,8,23,10,3.1,27,21.5
1984,8,24,11,4.6,30.5,22
1984,8,25,0,4.5,30,22
1984,8,26,7,4.65,30,22
1984,8,27,6.5,3.25,30,22
1984,8,28,0.1,4.9,31,22
1984,8,29,0,5.2,32,22.5
1984,8,30,0,5.9,32,22
1984,8,31,0,4.88,32.5,22
1984,9,1,0,5.67,32,22.5
1984,9,2,0,6.04,32.5,22.5
1984,9,3,86,NULO,28.5,23
1984,9,4,114.5,6,28.5,22
1984,9,5,12.5,3.27,24,22
1984,9,6,23,2,25,22
1984,9,7,8,3.35,26,22
1984,9,8,3,2.9,26,22.5
1984,9,9,0.1,2.5,28,21.5
1984,9,10,2,2.5,28,22
1984,9,11,7,4.35,28,22
1984,9,12,28,3.4,24,21
1984,9,13,63,1.6,25.5,21
1984,9,14,25,3,25,21.5
1984,9,15,26,8.75,25,21.5
1984,9,16,9,3.46,27.5,21.5
1984,9,17,0,2.9,27,21
1984,9,18,0.1,2.9,27,21
1984,9,19,0,4,29,21
1984,9,20,0,4.7,30,21
1984,9,21,0,5.1,31,20.5
1984,9,22,1,2.7,29,21.5
1984,9,23,0.1,1.67,30,22
1984,9,24,12,2.05,30,23
1984,9,25,6,3.88,30,24
1984,9,26,12,4.75,27,22.5
1984,9,27,22.5,3.05,26.5,20.5
1984,9,28,40,4.1,22,21.5
1984,9,29,20,NULO,22,18
1984,9,30,3,NULO,22,18
1984,10,1,3,1.35,20,16
1984,10,2,0,1.45,26,18
1984,10,3,0,6.82,28.5,18
1984,10,4,0,4.3,29,20
1984,10,5,0,2.05,30,20
1984,10,6,2,2.6,31,22
1984,10,7,0,4.2,30,23
1984,10,8,0,4,31,21
1984,10,9,0,4.7,30.5,21
1984,10,10,0,4.68,30.5,21.5
1984,10,11,0,2.65,28,20.5
1984,10,12,0,3.8,30.5,21
1984,10,13,0,4,30,20
1984,10,14,0,3.3,32,21
1984,10,15,0,4.15,34,22
1984,10,16,0,3.91,34,23
1984,10,17,0,3.99,32,23.5
1984,10,18,0,3.64,32,25
1984,10,19,0,3.13,31.5,25
1984,10,20,0,4.31,32,24.5
1984,10,21,0,3.22,33.5,24
1984,10,22,8.5,3.01,31,24
1984,10,23,17,5.47,25,24
1984,10,24,0,8.75,24,19.5
1984,10,25,2,4.5,29,18
1984,10,26,0,2.6,30,20
1984,10,27,0,4.1,30.5,22
1984,10,28,0,4,30,22
1984,10,29,33,4.6,29.5,22
1984,10,30,0.1,2,27,20.5
1984,10,31,0,3.2,30,20.5
1984,11,1,0,3,30,21.5
1984,11,2,0,4.5,30,21.5
1984,11,3,0,4.3,26,19.5
1984,11,4,0,3.5,30,19.5
1984,11,5,0,2.06,21.5,19.5
1984,11,6,0,3.82,21,16.5
1984,11,7,0,3.17,28.5,16.5
1984,11,8,0,2.87,29.5,17
1984,11,9,0,3.25,29,19.5
1984,11,10,0,2.5,27,17.5
1984,11,11,0,0.9,22.5,15
1984,11,12,0,3.09,27.5,18
1984,11,13,0,1.29,24,19
1984,11,14,0,2.53,27,19
1984,11,15,0,1.7,27.5,17.5
1984,11,16,0,1.86,27.5,17.5
1984,11,17,0,2.73,27,17.5
1984,11,18,3.5,3.4,28,17.5
1984,11,19,0,2.27,23,17.5
1984,11,20,15,2.24,19.5,13
1984,11,21,2,0.95,17.5,10
1984,11,22,0,1.55,16,10
1984,11,23,0,1.4,22,12
1984,11,24,0,1.6,25,12
1984,11,25,0,1.2,25,14
1984,11,26,0,2.55,27.5,16
1984,11,27,0,3.25,20,16
1984,11,28,0,3.4,21,15
1984,11,29,0,2.2,26,15
1984,11,30,0,1.4,26,15
1984,12,1,0,2.2,27,18
1984,12,2,0,1.5,27,19
1984,12,3,0.1,1.4,25.5,20
1984,12,4,0,1.1,24.5,19
1984,12,5,4.5,1.4,21.5,17.5
1984,12,6,0,2,21,13.5
1984,12,7,0,0.05,18.5,11
1984,12,8,0,2.35,24,11
1984,12,9,0,2.1,26,13
1984,12,10,0,2.05,26,13.5
1984,12,11,0,1.15,26,15
1984,12,12,0,3.35,26.5,14.5
1984,12,13,0,1.55,29,14.5
1984,12,14,0,2.25,27,16
1984,12,15,0,1.45,28,18.5
1984,12,16,0,1.7,27.5,19
1984,12,17,0,1.3,26.5,19
1984,12,18,0,1,25.5,17
1984,12,19,0,2.3,27,17
1984,12,20,0,2.7,26,14
1984,12,21,0,1,27,15
1984,12,22,1,1,26,16
1984,12,23,0,2.3,26,16
1984,12,24,2.5,1.9,26.5,17.5
1984,12,25,27,2.5,25.5,15
1984,12,26,7.5,2,22,19
1984,12,27,0.1,0.5,24,18.5
1984,12,28,0,1.5,25,19
1984,12,29,2,1.2,25.5,18
1984,12,30,16.5,2.9,26,19
1985,1,1,0,2.05,26,15
1985,1,2,11,2.25,21,10.5
1985,1,3,0.1,0.49,15.5,8.5
1985,1,4,0,2.04,16,5.5
1985,1,5,0,2.02,19,5.5
1985,1,6,0,0.85,22,7
1985,1,7,0,2.75,23.5,9
1985,1,8,0,2,24,9.5
1985,1,9,0,2.7,25,10
1985,1,10,0,1,25.5,11
1985,1,11,16,1.9,19,14
1985,1,12,10.5,0.95,18.5,9.5
1985,1,13,0,1.15,14,6.5
1985,1,14,1,0.6,11,7
1985,1,15,0,1.8,19.5,8.5
1985,1,16,0,2,22,10.5
1985,1,17,0,1.35,16,13.5
1985,1,18,0,1.65,24,11
1985,1,19,0,2.1,26,13
1985,1,20,0,2.25,18,9.5
1985,1,21,0,0.95,18,5
1985,1,22,0,1.4,15,5
1985,1,23,0,1.65,20.5,8
1985,1,24,0,2.15,23.5,12
1985,1,25,0,1.4,23,13
1985,1,26,0,0.8,22,16
1985,1,27,0,2,27,17.5
1985,1,28,0,2.75,25.5,17.5
1985,1,29,0,3.25,27.5,18.5
1985,1,30,0,4.4,27.5,17.5
1985,1,31,0,3.3,30.5,17
1985,2,1,1.5,1.08,20,12.5
1985,2,2,0.5,0.46,13.5,9
1985,2,3,0,0.79,16.5,4.5
1985,2,4,0,2.29,23.5,8.5
1985,2,5,1,2.6,24,12
1985,2,6,0.1,0.35,16,12
1985,2,7,12,0.8,19,13
1985,2,8,3,0.75,15,9
1985,2,9,0,2.3,24,11
1985,2,10,0,3.5,26.5,15
1985,2,11,0,3.8,20,10.5
1985,2,12,0,3.5,19,10.5
1985,2,13,0,2.5,21,12
1985,2,14,0,1.1,20,12
1985,2,15,0,1.7,21,15
1985,2,16,0,2.9,24,14
1985,2,17,0,2.4,24,13
1985,2,18,0,0.95,23,11
1985,2,19,0,3.25,26.5,15.5
1985,2,20,1,1.85,19.5,18.5
1985,2,21,0.1,0.65,25,17.5
1985,2,22,0.1,0.75,26,17.5
1985,2,23,0,1.7,28,18.5
1985,2,24,0.1,2.9,26,19
1985,2,25,0,0.81,21.5,15
1985,2,26,25,3.59,24,15
1985,2,27,17,2.55,21.5,16
1985,2,28,0,NULO,21.5,16
1985,3,1,0,3.53,26,16
1985,3,2,0,3.21,26.5,16
1985,3,3,0,3.18,27.5,16
1985,3,4,0,4.1,28,18.5
1985,3,5,1.5,2.21,25.5,17.5
1985,3,6,0,1.44,22.5,18.5
1985,3,7,0,3.3,27,18.5
1985,3,8,3.5,3.85,27.5,18.5
1985,3,9,5,2.15,26,19
1985,3,10,0.1,2.5,26,20
1985,3,11,0,4.1,28,18
1985,3,12,0,3.06,28.5,18
1985,3,13,0,3.07,29,18
1985,3,14,5.5,2.27,25.5,19.5
1985,3,15,0,1.5,24,16
1985,3,16,0,2.6,25,16
1985,3,17,0.1,0.8,19,17
1985,3,18,0,2.55,21,15
1985,3,19,0,4.11,25.5,15
1985,3,20,0,4.22,31,15
1985,3,21,0,5.38,26,16
1985,3,22,0,4.22,26,18
1985,3,23,0,2.6,27,18.5
1985,3,24,0,3.9,27,19
1985,3,25,0,3.6,29,19.5
1985,3,26,0,3.8,29,19.5
1985,3,27,0,3.6,29,20.5
1985,3,28,0,4.33,31,20
1985,3,29,0,4.18,30,21
1985,3,30,0,4.76,32.5,22
1985,3,31,0,5.16,33.5,21.5
1985,4,1,0,5.8,28,17
1985,4,2,0,4.85,28,16.5
1985,4,3,0,5.95,29,14.5
1985,4,4,0,4.8,31,15.5
1985,4,5,0,4.95,34,17.5
1985,4,6,0,5.1,32,18
1985,4,7,7,4.35,30,15
1985,4,8,34,4.25,24.5,19
1985,4,9,0.1,1.41,22,15
1985,4,10,0,4.68,26,17
1985,4,11,4,3.75,29,17.5
1985,4,12,5,2.1,26,19.5
1985,4,13,9,4.7,27,19
1985,4,14,1,3.1,27,18
1985,4,15,0,5.37,28.5,19
1985,4,16,0,3.79,29,19
1985,4,17,0,5.29,29,19.5
1985,4,18,0,4.87,30.5,19
1985,4,19,0,3.2,30,19.5
1985,4,20,0,4.5,38,22.5
1985,4,21,0,4.5,32,22
1985,4,22,0,3.66,31.5,23
1985,4,23,30,6.93,32,23
1985,4,24,1,5.47,31,20.5
1985,4,25,0,4.97,22,19
1985,4,26,0,5.59,35.5,20
1985,4,27,0,5.06,34,22
1985,4,28,0,3.24,32,22
1985,4,29,0,4.38,32,25
1985,4,30,0,5.7,32,24
1985,5,1,0,4.4,32.5,21
1985,5,2,2.5,5.75,32.5,21
1985,5,3,0,3.7,28.5,20
1985,5,4,0,4.5,30,18.5
1985,5,5,0,4.8,31,18
1985,5,6,0,4.5,31,18
1985,5,7,0,5.2,32,21.5
1985,5,8,5,4.3,32,21
1985,5,9,0,5.3,32,21.5
1985,5,10,0,4.7,32,21
1985,5,11,0,5.7,33,21
1985,5,12,0,7.3,34,22
1985,5,13,0,5.8,34,24
1985,5,14,0,4.64,35.5,24
1985,5,15,0,3.61,32,25
1985,5,16,0,4.25,33,24
1985,5,17,0.1,4.5,29,24
1985,5,18,4,3.66,31,21.5
1985,5,19,0,3.95,31,22
1985,5,20,0,3.05,33.5,22.5
1985,5,21,30,9.85,36,24
1985,5,22,0,9.2,31,21
1985,5,23,0,5.2,33,22
1985,5,24,0,5.68,33,22.5
1985,5,25,0,6.67,34,23.5
1985,5,26,0,6.17,34,23.5
1985,5,27,0,3.34,33.5,23
1985,5,28,0,7.4,34,23
1985,5,29,0,6.21,35,23
1985,5,30,0,6.67,24.5,22
1985,5,31,0,6.6,35,22
1985,6,1,0,6.5,35,22
1985,6,2,0,4.7,33.5,21
1985,6,3,0,4.4,33.5,22
1985,6,4,1,4.29,32,24.5
1985,6,5,0,5.78,34,25
1985,6,6,0,4.88,34,25
1985,6,7,0,6.7,34,24
1985,6,8,0,7.2,35,22.5
1985,6,9,0,6.7,34,22
1985,6,10,0,6.82,35.5,22
1985,6,11,0,6.95,39,22
1985,6,12,1.5,4.6,33,24
1985,6,13,17.5,5.02,31,23.5
1985,6,14,0,5.92,34,22
1985,6,15,0,5.85,34,22.5
1985,6,16,1,4.6,34,24
1985,6,17,2,3.4,33,25
1985,6,18,6,1.9,30,23.5
1985,6,19,2,1.2,27.5,23
1985,6,20,4.5,3.2,29.5,23
1985,6,21,0.1,5.84,34,23
1985,6,22,5,0.92,25,23
1985,6,23,0,5.17,32,23
1985,6,24,0,3.11,33,23.5
1985,6,25,0,4.72,32,24
1985,6,26,0,5.56,32.5,23.5
1985,6,27,1,3.3,32,23.5
1985,6,28,5.5,2.25,30,22.5
1985,6,29,0,3.5,23,22
1985,6,30,0,2.15,28.5,22
1985,7,1,31,5.35,31,21.5
1985,7,2,3.5,3.38,28,21.5
1985,7,3,0,4.56,31,22
1985,7,4,1,4.96,34,23
1985,7,5,0,4.7,33,22
1985,7,6,0,2.2,33,22
1985,7,7,0,4.5,33,22
1985,7,8,0,1.62,30,22
1985,7,9,0,4.8,31.5,22.5
1985,7,10,0,6.55,34,21
1985,7,11,0,5.4,34,21.5
1985,7,12,0,6.4,34,22.5
1985,7,13,20,3.31,29.5,20
1985,7,14,85.5,NULO,25.5,22
1985,7,15,21.5,1.47,24,22
1985,7,16,0.1,2.07,27,22
1985,7,17,0,5.12,31,22
1985,7,18,0,5.3,32,22
1985,7,19,0,5.7,32,22.5
1985,7,20,0,3.3,32,23
1985,7,21,0,3.95,34,23
1985,7,22,0,3.4,34.5,22.5
1985,7,23,3,5.9,33,24
1985,7,24,0.1,4,28,22
1985,7,25,0,5.3,32,22
1985,7,26,14,2.3,30.5,23
1985,7,27,22.5,4.5,31,22
1985,7,28,14,5.2,31.5,22
1985,7,29,35,6.6,29,23
1985,7,30,12.5,2.85,29.5,22
1985,7,31,0,3.2,30,22.5
1985,8,1,0,5.65,31,23
1985,8,2,0,3.6,31,23
1985,8,3,0,5.2,32,23
1985,8,4,0,4.74,31,23
1985,8,5,0,4.85,31.5,22
1985,8,6,0,5.75,32,22
1985,8,7,0,5.9,32,23
1985,8,8,0,5.61,32.5,23
1985,8,9,0,4.99,32.5,23
1985,8,10,0,5.12,33,23.5
1985,8,11,0,4.57,31.5,24
1985,8,12,0,6.1,33.5,23.5
1985,8,13,0,5.53,33,23
1985,8,14,0,5.07,33.5,24
1985,8,15,4,4.2,32,23.5
1985,8,16,0,5.9,33,23.5
1985,8,17,2,4.55,32,23
1985,8,18,0,3.95,32,22.5
1985,8,19,0,6.5,34,23
1985,8,20,0,5.5,34,23
1985,8,21,1,3.1,34,22.5
1985,8,22,0,4.68,33.5,22.5
1985,8,23,8.5,2.32,33.5,22.5
1985,8,24,19.5,3.9,30.5,23
1985,8,25,0,5.3,33,23
1985,8,26,17,4.43,32,22.5
1985,8,27,31.5,4.89,30,22.5
1985,8,28,0,2.57,30,22
1985,8,29,1.5,4.61,32,22.5
1985,8,30,0,3.82,31,22.5
1985,8,31,0,5.5,32,22
1985,9,1,0,6,33,22
1985,9,2,0,6.72,33,23
1985,9,3,0,5.09,32.5,22.5
1985,9,4,0,5.59,34,23
1985,9,5,0,5.6,34,25
1985,9,6,0,4.61,32.5,23.5
1985,9,7,0,4.65,32,23.5
1985,9,8,0,5.1,33,23.5
1985,9,9,0,6.41,33,22.5
1985,9,10,0,6.36,33.5,22
1985,9,11,0,6.5,33,22
1985,9,12,9,NULO,31,22.5
1985,9,13,0,NULO,31,22.5
1985,9,14,3.5,3.9,32,22.5
1985,9,15,2,1,28,22
1985,9,16,6,1.5,30,21.5
1985,9,17,0,4.6,32.5,22
1985,9,18,18,3.5,32,22
1985,9,19,0.1,3.1,32,22.5
1985,9,20,21.5,6,30.5,23
1985,9,21,0,4.75,32,22
1985,9,22,0,4.85,32.5,21.5
1985,9,23,3,4.25,34,21.5
1985,9,24,2,2.34,30,22
1985,9,25,0,4.93,32,21.5
1985,9,26,0,4.21,32,21.5
1985,9,27,0,3.47,31,22
1985,9,28,0,5.2,32,22
1985,9,29,0,5.6,33,23
1985,9,30,15.5,2.12,26.5,23
1985,10,1,0,2.15,23,18
1985,10,2,0,4.25,28.5,18
1985,10,3,0,5.26,30,18
1985,10,4,9,4,32,20
1985,10,5,0,4.15,24,21
1985,10,6,0,3.25,28,19
1985,10,7,0,2.4,34,19
1985,10,8,0,3.2,31.5,19
1985,10,9,0,2.94,31.5,22
1985,10,10,0,4.06,33,23.5
1985,10,11,0,2.4,30,21.5
1985,10,12,0,3.75,32,21
1985,10,13,0,3.4,32,21
1985,10,14,0,4.2,32.5,22.5
1985,10,15,11.5,3.56,32,22
1985,10,16,0,2.84,29,22
1985,10,17,0,4,31,21
1985,10,18,6.5,4.5,31.5,21
1985,10,19,1.5,3.35,31,22
1985,10,20,0.1,2.35,29.5,22
1985,10,21,0,2.48,30,22
1985,10,22,0,3.24,30,21.5
1985,10,23,0,4.01,31,21.5
1985,10,24,5.5,3.69,32,21.5
1985,10,25,0,3.93,30,21.5
1985,10,26,0,4.46,31,21
1985,10,27,0,4.34,30,20
1985,10,28,0,4.4,31,20
1985,10,29,0,3.37,32,20
1985,10,30,0,3.4,29,18
1985,10,31,0,3.8,31,18
1985,11,1,0,3.34,33,18
1985,11,2,2.5,3.96,27.5,19
1985,11,3,0,2.35,24,16.5
1985,11,4,0,3.09,26,14
1985,11,5,0,3.65,27.5,14
1985,11,6,0,2.85,29.5,14.5
1985,11,7,0,2.8,30,15
1985,11,8,0,1.9,28,16
1985,11,9,0,2.95,29,17.5
1985,11,10,0,2.55,31,19
1985,11,11,4,2.7,30.5,21
1985,11,12,0,3.35,31.5,22.5
1985,11,13,0,3.66,31,21.5
1985,11,14,0,3.6,29.5,19
1985,11,15,0.1,3.05,30,19
1985,11,16,18.5,1.7,28,21.5
1985,11,17,0.1,1.85,28,21
1985,11,18,0.1,1.42,28,20
1985,11,19,0,2.87,30,20
1985,11,20,0,3.75,29,20.5
1985,11,21,0,1.95,25,17
1985,11,22,0,2.35,27,17
1985,11,23,0,2.48,30,19
1985,11,24,0,2.6,29,21
1985,11,25,0,1.44,28,21
1985,11,26,0,3.15,30.5,21
1985,11,27,1.5,2.61,29.5,19.5
1985,11,28,0,2.3,27,18.5
1985,11,29,0,2.3,29,18.5
1985,11,30,0,2.06,30,19
1985,12,1,0,3.9,29.5,19.5
1985,12,2,0,0.99,20.5,15
1985,12,3,0,1.5,22,15
1985,12,4,0,2.35,22,15.5
1985,12,5,0,4.05,26,12.5
1985,12,6,0,2.8,24,12
1985,12,7,0,2.1,26,13
1985,12,8,0,2.3,26,13
1985,12,9,0,2.2,28,16
1985,12,10,0,2,29,17
1985,12,11,0,3.39,30,16
1985,12,12,1,0.96,21,12
1985,12,13,0.1,0.65,20,9
1985,12,14,0,2.05,15.5,10
1985,12,15,0,1.55,20.5,10
1985,12,16,16,3.89,25,12
1985,12,17,7,0.46,16.5,15
1985,12,18,3.5,0.52,16,13
1985,12,19,1.5,0.98,15.5,12
1985,12,20,23,2.32,17,12
1985,12,21,26.5,2.26,18,15
1985,12,22,1.5,0.51,18,15
1985,12,23,0,0.76,22,15.5
1985,12,24,0,3.78,25.5,15.5
1985,12,25,0,0.95,27.5,14
1985,12,26,0,1.75,20.5,13
1985,12,27,0,1.75,25,14
1985,12,28,0,1.85,26,14.5
1985,12,29,0,1,23.5,15.5
1985,12,30,0,1.68,26,18.5
1985,12,31,0,1.72,27,19
1986,1,1,0,1.62,25,19
1986,1,2,0,1.85,24,17
1986,1,3,0,1.5,25,17
1986,1,4,0,1.9,25,18
1986,1,5,0,2.9,19,16
1986,1,6,0,1.95,24,13
1986,1,7,0.1,2.45,27,13
1986,1,8,0,1.7,14,13
1986,1,9,0,2.7,14,9
1986,1,10,0,0.45,18,9
1986,1,11,0,2.2,21,7
1986,1,12,0,3.25,22,7
1986,1,13,0,2.4,23,8.5
1986,1,14,0,2.5,24,7
1986,1,15,0,1.9,25,7
1986,1,16,0,2.7,25.5,9
1986,1,17,0,1.5,25,13
1986,1,18,0,2,25,13
1986,1,19,0,1.9,26,13
1986,1,20,0,0.65,26,14
1986,1,21,0,3.1,26,13
1986,1,22,0,1.86,24.5,13
1986,1,23,0,1.56,23,15
1986,1,24,0,2.87,26,12.5
1986,1,25,0,3.06,26,13
1986,1,26,0,3.82,21,14
1986,1,27,0,3.69,22,12
1986,1,28,0,2.91,24,12
1986,1,29,0,1.9,27,12
1986,1,30,0,1.8,24,13
1986,1,31,0,3.05,26,13.5
1986,2,1,0,2.65,25,13
1986,2,2,0,4.95,27,15
1986,2,3,0,3.11,28,19
1986,2,4,0,5.24,30,19
1986,2,5,0,5.15,33,16.5
1986,2,6,0,3.5,27,16.5
1986,2,7,0,3,31,15.5
1986,2,8,0.1,2.9,18.5,16.5
1986,2,9,0,2.95,26,17
1986,2,10,0.1,2.55,21.5,15
1986,2,11,2.5,0.9,30,10.5
1986,2,12,6,0.1,16,10.5
1986,2,13,1,1.8,19,12
1986,2,14,0,2.7,29,14
1986,2,15,1,4.4,28.5,17
1986,2,16,0,4.1,29.5,16
1986,2,17,0,4.15,31.5,16
1986,2,18,0,4.15,31.5,19
1986,2,19,0,3.51,32,15.5
1986,2,20,0,4.49,33.5,17
1986,2,21,0,3.77,30,17
1986,2,22,0,2.14,22,15
1986,2,23,0,4.56,25,12
1986,2,24,0,4,28,10
1986,2,25,0,4.5,29,10
1986,2,26,0,4.6,31,14
1986,2,27,0,6.4,35,14
1986,2,28,0,6.1,35,15
1986,3,1,0,4.6,29,11
1986,3,2,0,5,27,14
1986,3,3,0,3.6,30,14
1986,3,4,0.1,3.6,27,16
1986,3,5,1,2.2,22,17
1986,3,6,0,2.3,27,17
1986,3,7,0,3.6,27,18.5
1986,3,8,0,5.7,30,18.5
1986,3,9,0,7.2,32,19.5
1986,3,10,0,4.8,34.5,20
1986,3,11,0,6,35.5,20.5
1986,3,12,0,8,33,19
1986,3,13,0,6.12,34,17
1986,3,14,0,7.93,31.5,17.5
1986,3,15,0,7.4,32.5,20
1986,3,16,0,5.05,31,17.5
1986,3,17,0,5.64,31.5,17.5
1986,3,18,0,4.45,37,19
1986,3,19,0,8.47,31.5,18
1986,3,20,0,5.89,24.5,15
1986,3,21,0,6.32,25,12.5
1986,3,22,0,4.48,24,10.5
1986,3,23,0,4.61,25,11.5
1986,3,24,0,5.11,26,13
1986,3,25,0,4.55,26,13
1986,3,26,0,4.65,29,13
1986,3,27,10,2.2,26,16
1986,3,28,0,2.05,26,16
1986,3,29,0,5.75,29,16
1986,3,30,0,5.8,29,16
1986,4,1,0,5.05,31,17
1986,4,2,0,5.7,30,20
1986,4,3,0,6.35,35,19
1986,4,4,0,4.4,35,19.5
1986,4,5,0.1,6.3,32,22
1986,4,6,0,6.1,33,22
1986,4,7,0,6.95,34,23
1986,4,8,0,6.7,34,20.5
1986,4,9,0,6.1,33.5,20
1986,4,10,0,6.62,32,20
1986,4,11,0,5.9,33,20
1986,4,12,0,6.4,36,21
1986,4,13,0,7.75,35,22
1986,4,14,0,7.41,35.5,22
1986,4,15,0,3.22,29.5,22
1986,4,16,0,4.87,29.5,21.5
1986,4,17,0,4.81,31,21.5
1986,4,18,0,5.59,34,22
1986,4,19,0,6.8,35.5,22
1986,4,20,0,4.44,27.5,23.5
1986,4,21,0,6.45,32,20.5
1986,4,22,0,4.4,32,21
1986,4,23,0,3.55,29,21
1986,4,24,0,4.45,30,21
1986,4,25,0,6,32,21
1986,4,26,0,4.5,32,22
1986,4,27,0,6.4,34,23
1986,4,28,0,6.5,34,23
1986,4,29,3,1.6,32,23
1986,4,30,0,3.1,34,21
1986,5,1,0,7.3,35.5,22.5
1986,5,2,0,5.6,31.5,22
1986,5,3,0,5,31,22.5
1986,5,4,0,7.9,33,22
1986,5,5,0,5.2,34,22
1986,5,6,0,6.1,35,22
1986,5,7,0,6.23,34,23
1986,5,8,0,5.53,34,24
1986,5,9,1,5.59,34,24.5
1986,5,10,0,6.59,35.5,23
1986,5,11,0,5.1,34,23
1986,5,12,0,6.17,34.5,24
1986,5,13,0,6.43,35.5,24
1986,5,14,0,4.9,35,25.5
1986,5,15,0,6.55,37,21
1986,5,16,0,6.25,36,25
1986,5,17,1.5,6.7,36.5,25
1986,5,18,0,2.4,26,23
1986,5,19,0,3.75,28.5,20
1986,5,20,0,5.2,30.5,20
1986,5,21,0,6.75,33,19
1986,5,22,0,6.6,35,20
1986,5,23,0,8,36,22
1986,5,24,0,6.7,36,25
1986,5,25,0,4.9,34.5,25
1986,5,26,0,6,33,23.5
1986,5,27,0,7.85,34.5,24
1986,5,28,11.5,6.93,32,23.5
1986,5,29,0,2.32,30,22.5
1986,5,30,1,5.23,32,23.5
1986,5,31,0,6.15,33,23
1986,6,1,0,6.04,34,24
1986,6,2,42,6.56,32.5,25
1986,6,3,56,NULO,29,24
1986,6,4,2,4.8,30,23
1986,6,5,0,5.4,34,23
1986,6,6,0,7.7,35,25
1986,6,7,0,7.5,36,26
1986,6,8,0,5.85,34,25
1986,6,9,0,5.15,33,24
1986,6,10,0,5.8,32,22
1986,6,11,9,2.3,30,24.5
1986,6,12,25,3.87,31,24
1986,6,13,3,2.97,29.5,22
1986,6,14,0,4.71,32,22.5
1986,6,15,0,6.25,32,24
1986,6,16,0,6.5,33,24
1986,6,17,0,6.5,33.5,24
1986,6,18,0,6.7,32.5,24
1986,6,19,0,3.9,32.5,23.5
1986,6,20,0,4.25,32.5,23.5
1986,6,21,0,3.6,31,24.5
1986,6,22,0,4.95,32,24
1986,6,23,12,3.5,32,23
1986,6,24,0,3.05,31,23
1986,6,25,0,3.05,31,23
1986,6,26,20,5.6,31,23
1986,6,27,21,5.8,29,23
1986,6,28,20,3.55,28,23
1986,6,29,0.1,4.15,31,22
1986,6,30,0,5.1,38,23
1986,7,1,5,3.8,31,23.5
1986,7,2,1.5,2.1,28,24
1986,7,3,2,4.7,32,23
1986,7,4,0,5.5,32,23
1986,7,5,0,6.3,32,23
1986,7,6,12,2.6,31.5,23.5
1986,7,7,12,1.14,25,20.5
1986,7,8,0.1,1.61,27,20
1986,7,9,10,3.54,30,22
1986,7,10,0,4.5,30,22
1986,7,11,0,5.81,31,23
1986,7,12,8,2.05,30,24
1986,7,13,2.5,1.99,29.5,24
1986,7,14,5,1,27,22.5
1986,7,15,26,2.55,27,21
1986,7,16,0,5,30,20
1986,7,17,0,3.5,29.5,21
1986,7,18,0,5.7,31.5,22
1986,7,19,2,3.7,30,22.5
1986,7,20,0,6.75,32,21.5
1986,7,21,0,5.94,31.5,22
1986,7,22,0,6.17,32.5,22
1986,7,23,0,6.34,32,23
1986,7,24,0,3.91,33,23
1986,7,25,0,5.89,32,23
1986,7,26,0,5.7,33,23
1986,7,27,0,5.6,33,23
1986,7,28,0,5.8,32.5,24
1986,7,29,0,6.65,33.5,23.5
1986,7,30,0,6.68,33,23.5
1986,7,31,0,6.94,34,24
1986,8,1,0,7.75,34,23.5
1986,8,2,0,6.76,34.5,22
1986,8,3,0,7.72,35,22.5
1986,8,4,0.1,3.97,34,23.5
1986,8,5,0,6.65,34,22.5
1986,8,6,0,5.55,34.5,22.5
1986,8,7,0,7.15,34,23
1986,8,8,5,NULO,34,22.5
1986,8,9,5,4.05,31,23
1986,8,10,0.1,3.85,32.5,23
1986,8,11,0,5.74,34,22.5
1986,8,12,0,6.16,35,23
1986,8,13,0,6.8,35,23
1986,8,14,15,1.1,29,22
1986,8,15,0,3.7,31,22
1986,8,16,0,6.1,35,22.4
1986,8,17,0,6,34,24
1986,8,18,0,6.89,35.5,24
1986,8,19,0,7.27,36,23.5
1986,8,20,0,7.48,36.5,22.5
1986,8,21,0,7.13,37,23
1986,8,22,0,3.87,32,23
1986,8,23,9.5,4.27,33,22
1986,8,24,2,1.43,28,22
1986,8,25,0,5.6,33,22
1986,8,26,0,5.6,33,22
1986,8,27,0,6.25,35,21.5
1986,8,28,0,6.15,34,22
1986,8,29,2,3.7,33,23
1986,8,30,5,5,33.5,21.5
1986,8,31,0,5.55,34,22
1986,9,1,0,5.55,36,22
1986,9,2,20,6.85,33,22.5
1986,9,3,10,3.4,25,23
1986,9,4,0.1,1.2,28,23
1986,9,5,1,3.8,31,23
1986,9,6,9,4.1,32,24
1986,9,7,16,2.5,31,24
1986,9,8,55,2.5,30,23
1986,9,9,0,3.93,30,23
1986,9,10,0,5.42,32,23
1986,9,11,0,4.71,32,23
1986,9,12,3,2.64,30,23.5
1986,9,13,1,2.55,30,22
1986,9,14,14,2.67,30.5,22
1986,9,15,0,4.53,31,23
1986,9,16,0,3.4,30,23
1986,9,17,0,5,32.5,22
1986,9,18,0,2.8,31,22
1986,9,19,13,3.6,31.5,22.5
1986,9,20,22,2.95,28.5,21.5
1986,9,21,0,2.4,30,21.5
1986,9,22,0,3.65,31,22
1986,9,23,0,5.55,32,22.5
1986,9,24,0,4.25,31,22
1986,9,25,0,5.01,33,23
1986,9,26,13,3.89,31,25
1986,9,27,20,3.5,30,24
1986,9,28,4,3,30,24
1986,9,29,3.5,3.77,30,23
1986,9,30,0,3.63,30.5,23
1986,10,1,0,4.43,32.5,24.5
1986,10,2,0,4.71,31.5,24.5
1986,10,3,3,1.91,30,24
1986,10,4,11,0.75,27,23.5
1986,10,5,12,1.3,37,23
1986,10,6,13,2.71,36.5,23
1986,10,7,0.1,2.95,23.5,21.5
1986,10,8,0,3.54,29.5,22
1986,10,9,0,4.21,31,22
1986,10,10,11,3.96,31,22
1986,10,11,0,2.81,31,22.5
1986,10,12,7,4.74,31,20.5
1986,10,13,0.1,4.74,24.5,20
1986,10,14,0,1.68,20,16
1986,10,15,0.1,0.75,23,16
1986,10,16,0,2.05,26,19.5
1986,10,17,0,2.85,27,18
1986,10,18,0,2.75,27.5,18
1986,10,19,4.5,1.2,27,19.5
1986,10,20,0,2.6,28,19.5
1986,10,21,0,2.43,28,19.5
1986,10,22,0,3.47,30,19.5
1986,10,23,0,3.6,31,20.5
1986,10,24,0,2.2,27,22
1986,10,25,0,1.9,24,21
1986,10,26,0,1.4,24,20
1986,10,27,0,1.2,25,20
1986,10,28,0,3.5,20,19
1986,10,29,0,3.5,29,17
1986,10,30,0,1.75,28,17
1986,10,31,0,3.55,29,17
1986,11,1,0,3,29,17
1986,11,2,0,2.45,29,20
1986,11,3,0,1.7,26.5,20.5
1986,11,4,4,2.89,30.5,18
1986,11,5,50,5.3,22,18
1986,11,6,1,1.19,22.5,16
1986,11,7,0,1.92,28,16.5
1986,11,8,0,2.27,29.5,19.5
1986,11,9,14,2.31,28.5,21
1986,11,10,1,3,27,21.5
1986,11,11,8.5,2.5,27.5,21
1986,11,12,7,0.45,22,17.5
1986,11,13,20,NULO,19.5,13
1986,11,14,9,0.6,19.5,9.5
1986,11,15,0,0.7,22.5,10
1986,11,16,0,1.7,28.5,14
1986,11,17,0,1.6,29,18
1986,11,18,0,1.9,29,19.5
1986,11,19,0,1.2,29,21
1986,11,20,0,1.93,27.5,20
1986,11,21,5,1.12,26,21
1986,11,22,0,2.25,29,21
1986,11,23,0,2,28,20
1986,11,24,2,1.5,22,16
1986,11,25,1,0.9,20,12
1986,11,26,14,1.4,18,12
1986,11,27,27,NULO,17,15
1986,11,28,0,0.95,20,11
1986,11,29,0,1.15,23,11
1986,11,30,0,1.2,20,10.5
1986,12,1,0,2.55,25,12
1986,12,2,0,1.82,18,14
1986,12,3,0,0.97,20,15
1986,12,4,22,1.57,18.5,15.5
1986,12,5,0,0.84,20,16.5
1986,12,6,0,1.57,23.5,17
1986,12,7,0,1.66,25,17.5
1986,12,8,0,2.03,27,17
1986,12,9,0.1,1.3,25.5,17
1986,12,10,0.1,1.3,20.5,15
1986,12,11,2.5,0.55,19,14
1986,12,12,0,0.95,14,9.5
1986,12,13,0.1,0.5,16,10
1986,12,14,0,1.3,23.5,12
1986,12,15,0,1.25,25,14
1986,12,16,0,1.25,25,18.5
1986,12,17,0,1.4,25,19
1986,12,18,0,1.7,26,16
1986,12,19,0,1.6,18,16
1986,12,20,0.1,0.7,23,16
1986,12,21,0,1,23,16
1986,12,22,0.1,0.55,22,16
1986,12,23,0,0.65,17,13.5
1986,12,24,0,1.5,19,13
1986,12,25,0,0.85,24,13.5
1986,12,26,0,2.55,22,17
1986,12,27,0,1.4,24,15
1986,12,28,0,0.5,21,15
1986,12,29,4.5,2,19.5,14
1986,12,30,5,0.3,15,13
1986,12,31,0,0.7,20,10
1987,1,1,0,2.7,21,11
1987,1,2,0,0.9,20,11.5
1987,1,3,0,2.3,23,12
1987,1,4,0,2.75,21.5,9
1987,1,5,0,1.55,23,8
1987,1,6,0,1.62,24,9
1987,1,7,0,1.87,24.5,12
1987,1,8,0,1.49,25,14
1987,1,9,0,3.22,25,14
1987,1,10,0,3.2,18,15
1987,1,11,0,3.2,16,13
1987,1,12,6,0.6,17,11
1987,1,13,0.1,0.9,17,11
1987,1,14,0,1.2,24,12
1987,1,15,0,2,26,13
1987,1,16,0,2.7,28,13
1987,1,17,0,2.1,27,14
1987,1,18,0,1.55,18,14
1987,1,19,0,1.55,15,10
1987,1,20,0,1.39,17.5,10
1987,1,21,2.5,0.28,13,6
1987,1,22,0,2,17,6.5
1987,1,23,0,1.93,19,6
1987,1,24,0,2.05,25,6.5
1987,1,25,0,2.95,23,11
1987,1,26,0,3.3,26,11
1987,1,27,0,3.3,26,11
1987,1,28,0,2.2,26,11
1987,1,29,0,2,27,12
1987,1,30,0,1.8,25,12
1987,1,31,0,2,25,14
1987,2,1,0,1.9,25,14.5
1987,2,2,0,1.4,23.5,16
1987,2,3,0.1,1.2,25,16.5
1987,2,4,0,1.3,29,15
1987,2,5,1,2.9,27.5,15
1987,2,6,0.1,1.1,20,16
1987,2,7,0,2.8,20,12
1987,2,8,0,1.2,24,9
1987,2,9,0,6.26,24.5,9
1987,2,10,0,3.34,24,9.5
1987,2,11,0,3.43,26,10
1987,2,12,0,2.88,26,11
1987,2,13,0,2.42,26,15
1987,2,14,0,2.8,26,16
1987,2,15,0,4,29,16
1987,2,16,0,4.59,28,13
1987,2,17,0,2.53,21.5,12.5
1987,2,18,2,3.1,16,14.5
1987,2,19,0,2.01,23,14
1987,2,20,0,8.55,27,14.5
1987,2,21,1.5,1.43,18,14
1987,2,22,0.1,3.1,14.5,11
1987,2,23,0,1.93,20.5,11.5
1987,2,24,0,4.64,28,12.5
1987,2,25,0.1,1.4,22,15
1987,2,26,0,2.85,26,18
1987,2,27,0,2.85,32,18
1987,2,28,0,5.6,32,16.5
1987,3,1,0,4.4,25,15
1987,3,2,0,2,24,15
1987,3,3,9.5,1.74,22,16.5
1987,3,4,8.5,0.98,18,15
1987,3,5,0,3.88,22,12.5
1987,3,6,0,5.5,25,12
1987,3,7,0,3.9,25,12
1987,3,8,0,5.5,27,15
1987,3,9,0,5.43,27.2,15
1987,3,10,9.5,0.46,21.5,15
1987,3,11,14.5,1.56,20.5,16.5
1987,3,12,4.5,1.55,20,12.5
1987,3,13,2.5,0.2,17.5,12.5
1987,3,14,0,2.31,22,15
1987,3,15,0,2.48,25,16
1987,3,16,0,2.1,26,17
1987,3,17,0,5.26,27,17
1987,3,18,0,5.25,29.5,14.5
1987,3,19,0,4.2,29,13
1987,3,20,0,2.8,26,13
1987,3,21,0,4,30,17
1987,3,22,0,3.4,29,20
1987,3,23,0,5.2,32,21
1987,3,24,0,2.5,27,17
1987,3,25,0,2.68,29,18
1987,3,26,0.1,2.32,28,19
1987,3,27,20,0.5,23.5,18.5
1987,3,28,0,0.7,22,17
1987,3,29,0,7.2,28,15
1987,3,30,0,1.9,17,10
1987,3,31,0,3.75,12,8
1987,4,1,0,5.85,25,8
1987,4,2,0,1.9,27,10
1987,4,3,0,2.46,18,13
1987,4,4,0,1.8,22,13.5
1987,4,5,0,4.65,27,16
1987,4,6,1.5,2.3,27,15
1987,4,7,10.5,0.7,17,12.5
1987,4,8,0.1,0.5,17,13
1987,4,9,0,1.8,22,13
1987,4,10,0,3.2,27,16
1987,4,11,0,4,29,16
1987,4,12,0,2.4,27,18
1987,4,13,0,3.86,31,20
1987,4,14,0,2.84,26,21
1987,4,15,0,5.65,30,18
1987,4,16,0,6.9,32.5,16
1987,4,17,0,5.65,33,17.5
1987,4,18,0,NULO,31,19
1987,4,19,0,NULO,32,20
1987,4,20,0,4.17,34,22
1987,4,21,0,3.49,31.5,22
1987,4,22,0,4.09,35,20.5
1987,4,23,0,2.93,33,20.5
1987,4,24,0,2.52,28,19.5
1987,4,25,0,5.05,27,19
1987,4,26,0,4.05,29,19
1987,4,27,0,4.2,34,18.5
1987,4,28,0,4.1,33.5,18.5
1987,4,29,0,3.75,30,16.5
1987,4,30,0,5.9,32,17
1987,5,1,0,5.45,35,19
1987,5,2,0,6.85,32,22
1987,5,3,0,6.3,39.5,22.5
1987,5,4,2,5.9,35,24
1987,5,5,6,3.4,32,24
1987,5,6,0,0.8,27,21
1987,5,7,0,3.7,29,21
1987,5,8,0,3.4,29,22
1987,5,9,0,5.9,32.5,20
1987,5,10,0,4.05,31.5,20
1987,5,11,0.1,5.5,33,24
1987,5,12,0,5.4,33.5,22
1987,5,13,0,6.8,34,22.5
1987,5,14,0,5.77,35,22
1987,5,15,0,6.75,36,22
1987,5,16,0,6.25,35,22
1987,5,17,0,5,34,21
1987,5,18,0,3.71,35,21
1987,5,19,0,6.74,34,23
1987,5,20,0,5.85,33.5,23
1987,5,21,0,3.98,35,24
1987,5,22,0,6.82,33,24
1987,5,23,0,5.85,34.5,23
1987,5,24,0,8,34.5,22
1987,5,25,0,7.3,35,22
1987,5,26,0,5.9,34.5,23
1987,5,27,0,5.55,35,23.5
1987,5,28,0,5.6,35,25
1987,5,29,29,8.7,36,26
1987,5,30,0,6.1,33,22.5
1987,5,31,4.5,3.05,30,22.5
1987,6,1,27,6.24,29.5,25
1987,6,2,0,7.15,34,23
1987,6,3,4,7.38,34.5,22.5
1987,6,4,6,2.92,28,22
1987,6,5,37,NULO,31.5,22
1987,6,6,17.5,3,25,22
1987,6,7,9.5,1.2,25,22
1987,6,8,0,5.62,30,21.5
1987,6,9,0,2.63,30,22
1987,6,10,0,6.48,33,23
1987,6,11,0,4.87,32.5,24
1987,6,12,2,3.65,30,24
1987,6,13,0,5.8,33,25
1987,6,14,0,6.95,33,25
1987,6,15,0,4.53,32,25
1987,6,16,0,6.45,34,24
1987,6,17,0,7.05,33,23.5
1987,6,18,0,4.28,34,24
1987,6,19,0,4.47,34,24
1987,6,20,0,6.95,34,23
1987,6,21,0,5.68,35,23
1987,6,22,0,7.5,35.5,24
1987,6,23,0,7.1,36,25.5
1987,6,24,0,6.2,35.5,24.5
1987,6,25,0,7.36,36,24.5
1987,6,26,0,8.33,36,25
1987,6,27,0,5.9,30,25
1987,6,28,0,8.4,36,24
1987,6,29,0,8.05,35,24
1987,6,30,0,7.6,34.5,25
1987,7,1,12.5,1.6,33,25
1987,7,2,9,3.39,29.5,23
1987,7,3,19.5,4.94,31.5,23
1987,7,4,22.5,2.49,30,23
1987,7,5,38,NULO,29,23
1987,7,6,12.5,2.75,32,22.5
1987,7,7,0,4.95,30.5,22.5
1987,7,8,25,4.27,31.5,24
1987,7,9,37.5,4.93,28,24
1987,7,10,8,2.5,29.5,24
1987,7,11,0.1,4.2,31,22.5
1987,7,12,0,5.5,31,22.5
1987,7,13,11,6.12,31,23
1987,7,14,5,3.56,30.5,23
1987,7,15,0.1,3.86,30.5,24
1987,7,16,0,6.76,32,24
1987,7,17,0,5.2,32,24
1987,7,18,0,4.5,32,26
1987,7,19,0,5.7,32,24
1987,7,20,11,5.62,32,23
1987,7,21,0.1,5.17,30,22.5
1987,7,22,11.5,1.01,27.5,22.5
1987,7,23,0.1,1.04,25,21
1987,7,24,3.5,1.15,26.5,21
1987,7,25,0.1,1.48,26.5,21.5
1987,7,26,63.5,NULO,28,21.5
1987,7,27,19,0.72,26,23
1987,7,28,27,NULO,24.5,22
1987,7,29,9.5,0.35,27,21
1987,7,30,0,6,29,21
1987,7,31,0,2.2,29,22
1987,8,1,0.1,8.75,30,24
1987,8,2,0.1,3.31,31,24
1987,8,3,0,4.7,31,24
1987,8,4,0,4.16,31,23
1987,8,5,0,4.3,31.5,23
1987,8,6,3.1,0.31,29,22
1987,8,7,2,5.04,32,24
1987,8,8,0,4.05,33,24
1987,8,9,0,6.45,33,24
1987,8,10,0,5.95,33,23
1987,8,11,0,6.69,32.5,23.5
1987,8,12,0,5.14,33,24.5
1987,8,13,0,3.56,33,24.5
1987,8,14,0,4.69,33.5,26
1987,8,15,0,7.12,33.5,24
1987,8,16,0,5.38,34,24
1987,8,17,0.1,3.42,32,24
1987,8,18,0,5.58,33,23
1987,8,19,0,5.55,33,23.5
1987,8,20,31,6.8,30,23
1987,8,21,0.1,3.8,31.5,23
1987,8,22,0,2.4,30,23
1987,8,23,0.1,3.8,32,23
1987,8,24,0,4.39,31,23
1987,8,25,0,6.62,32,23
1987,8,26,9,3.54,32,23.5
1987,8,27,6,3.18,28.5,23
1987,8,28,14,3.37,29,22.5
1987,8,29,0,4.5,30,23
1987,8,30,8,5.1,31,23
1987,8,31,0,5.2,31,24
1987,9,1,0,4.3,29,23
1987,9,2,2,4.22,30.5,23
1987,9,3,1,2.12,29,22.5
1987,9,4,0,5.13,31.5,22.5
1987,9,5,0,4.31,31,22
1987,9,6,0,6.02,33,22
1987,9,7,0,5.65,33.5,22
1987,9,8,0,6.4,34,22.5
1987,9,9,0,7.2,33,23
1987,9,10,0,5.7,33,24
1987,9,11,0,5.6,34,23
1987,9,12,0,7.35,34.5,23
1987,9,13,0,5.7,34,23.5
1987,9,14,0,3.55,34,24
1987,9,15,0,6.9,33,24
1987,9,16,0,5.9,33.5,24
1987,9,17,0,5.8,35,24
1987,9,18,0,7.7,35,24.5
1987,9,19,0,5.45,35,24.5
1987,9,20,0,4.45,32,24
1987,9,21,0,5.08,32,24
1987,9,22,37,3.72,29,22.5
1987,9,23,0,2.15,26,20.5
1987,9,24,0,3.02,27.5,21
1987,9,25,0,4.86,31,20
1987,9,26,0,4.4,32,20
1987,9,27,0,4.94,33.5,22
1987,9,28,0,4,33,23
1987,9,29,7,2.85,31,24.5
1987,9,30,0,3.8,28.5,22.5
1987,10,1,0,6.2,29.5,21.5
1987,10,2,0,4.25,30,17.5
1987,10,3,0,4.5,30,18
1987,10,4,0,2.9,28,19.5
1987,10,5,0,5.1,30.5,20
1987,10,6,0,8.5,31,20
1987,10,7,0,0.68,30.5,18
1987,10,8,0,3.09,29.5,19
1987,10,9,0,4.43,30,18
1987,10,10,0,4.45,30,18
1987,10,11,10,2.45,27,19
1987,10,12,0,4.9,29,19
1987,10,13,0,3.96,30,18
1987,10,14,0,4.17,30,18
1987,10,15,0,3.97,30,20
1987,10,16,0,4.53,30.5,18
1987,10,17,0,6.85,31,18
1987,10,18,0,4.6,30.5,18
1987,10,19,0,5.8,31,18.5
1987,10,20,1,4.4,32,19
1987,10,21,7.5,0.2,24.5,21
1987,10,22,0,3.75,29,20
1987,10,23,0,4,30.5,19.5
1987,10,24,0,5.55,31.5,19.5
1987,10,25,0,3.8,31,18.5
1987,10,26,0,5.4,32,19.5
1987,10,27,0,4.7,32,20
1987,10,28,0,2.89,28,20
1987,10,29,0,5.16,30,17.5
1987,10,30,0,5.16,28,18
1987,10,31,0,5.35,30,17
1987,11,1,0,3.55,29,17
1987,11,2,0,7.25,30,18
1987,11,3,0,3.08,30,17
1987,11,4,0,3.79,30,16.5
1987,11,5,0,3.53,29.5,17.5
1987,11,6,0,3.65,30,17.5
1987,11,7,0,3.45,30,18
1987,11,8,1.5,2.94,28,18.5
1987,11,9,2,0.79,20,17
1987,11,10,6.5,0.75,20,15
1987,11,11,6,0.85,18,14
1987,11,12,0,1.8,22,12.5
1987,11,13,0,2.15,26,14
1987,11,14,0,2.15,28,17
1987,11,15,0,2.7,30,18
1987,11,16,0,2.5,31,18
1987,11,17,0,4.9,32,20
1987,11,18,0,0.6,29,19.5
1987,11,19,0,1.4,22,15
1987,11,20,0,3.8,23,15
1987,11,21,0,2.1,25,11
1987,11,22,0,2.05,28,12
1987,11,23,0,1.24,27,16
1987,11,24,0,2.33,27,20
1987,11,25,0,2.13,28,19
1987,11,26,0,3.04,29,19
1987,11,27,0,3.79,29,18
1987,11,28,0,2.44,19.5,15
1987,11,29,0,1.8,21,15
1987,11,30,0,1.5,21,15.5
1987,12,1,3,4,20,17
1987,12,2,0.1,3.4,19,16.5
1987,12,3,0.1,1.3,29,13
1987,12,4,0,1.15,27,17
1987,12,5,0,2.85,28,17
1987,12,6,0,1.9,29,18
1987,12,7,0,2.4,28.5,18
1987,12,8,0,3.8,29,16
1987,12,9,0,2.3,29,16
1987,12,10,0,1.6,26,16
1987,12,11,0,1.1,29,16
1987,12,12,0,2.2,29,16
1987,12,13,0,2.7,28,17
1987,12,14,0,6,33,17
1987,12,15,0,2.6,20,13
1987,12,16,1,3,17,13
1987,12,17,6,0.27,17,12
1987,12,18,0,5.2,20,13
1987,12,19,0,1.5,27,16.5
1987,12,20,0,1.58,27,17.5
1987,12,21,1,1.3,26,18.5
1987,12,22,1,1.25,21.5,21
1987,12,23,0,0.75,25,17
1987,12,24,0,1.9,29,18.5
1987,12,25,0,1.6,30,20
1987,12,26,4,0.65,23,15.5
1987,12,27,0.1,1.9,22,11
1987,12,28,0,2.73,16,11
1987,12,29,0,0.62,19,11.5
1987,12,30,0,2.7,19,12
1987,12,31,0,1.75,23,12
1988,1,1,0.1,1.25,22,11
1988,1,2,0.1,0.58,17,8.5
1988,1,3,0,1.42,18.5,9
1988,1,4,0,1.86,20,10.5
1988,1,5,0,1.59,21.5,14
1988,1,6,0,4.05,25,14
1988,1,7,0.1,1.55,24,15
1988,1,8,0.1,0.7,16.5,11
1988,1,9,1,0.85,18,10
1988,1,10,4.5,0.5,11,9
1988,1,11,1,0.22,15.5,8
1988,1,12,0,1.18,25,8
1988,1,13,2,1.4,18,12
1988,1,14,0,1.2,21,13
1988,1,15,0,0.6,20,13
1988,1,16,0,2.5,26,14
1988,1,17,0,3.4,33,15
1988,1,18,0,2.9,29.5,15
1988,1,19,0,4.92,33,15
1988,1,20,0,5.11,25,14
1988,1,21,0,2.33,19,11.5
1988,1,22,11,2.36,16,10.5
1988,1,23,1,0.63,14,10
1988,1,24,0,0.83,28.5,10
1988,1,25,0,2.54,16.5,11
1988,1,26,0,3,22,7.5
1988,1,27,0.1,1.7,20,7
1988,1,28,4,0.2,19,9.5
1988,1,29,0,1.95,22.5,13
1988,1,30,0,2.75,25,14.5
1988,1,31,0,3.3,26,14
1988,2,1,0,5.2,22.5,12
1988,2,2,0,8.25,29,16
1988,2,3,0,3.95,30,18
1988,2,4,14,1,21,11
1988,2,5,9.5,8.3,21,9.5
1988,2,6,3,1.9,NULO,NULO
1988,2,7,1,1.6,16,7
1988,2,8,1,1.01,19.5,9
1988,2,9,1,0.92,22.5,12
1988,2,10,0.1,0.61,21,15.3
1988,2,11,6,2.81,18.5,12
1988,2,12,0,0.95,17,9.5
1988,2,13,0,1.9,20.5,9
1988,2,14,0,3.4,29,10
1988,2,15,0,3.55,23.5,13
1988,2,16,0.1,0.7,22.5,14.5
1988,2,17,0,3.65,29,14.5
1988,2,18,0,3.5,29,18
1988,2,19,1,0.4,19.5,18
1988,2,20,0,1.9,18,13.5
1988,2,21,0,4.6,23.5,12
1988,2,22,0,6.15,25,9
1988,2,23,0,6.45,30,9
1988,2,24,0,1.1,32,10
1988,2,25,2,2.3,30,12
1988,2,26,0.1,1.7,27,16
1988,2,27,0,2,26.5,16
1988,2,28,0,3.8,29,16.5
1988,2,29,0,4.33,29,17
1988,3,1,0,5.07,28,17.5
1988,3,2,0,3.58,27.5,18
1988,3,3,0,3.73,30,18
1988,3,4,2,1.67,30,15.5
1988,3,5,0,2.3,30,16
1988,3,6,0.1,1.1,23,16
1988,3,7,0.1,0.63,24,17
1988,3,8,0,6.37,32,19
1988,3,9,0,3.1,33,14.5
1988,3,10,0,5.4,25,11
1988,3,11,0,5.6,32,11
1988,3,12,0,6.4,38,14
1988,3,13,0,6.4,28.5,17
1988,3,14,1,4,21,13
1988,3,15,2,1.35,18,11
1988,3,16,0.1,2.25,23,12
1988,3,17,1,2.2,27,16
1988,3,18,0,2,28,14
1988,3,19,0,6,21,11
1988,3,20,0,6.35,24,11
1988,3,21,0,2,25,13
1988,3,22,0,1.46,23,14
1988,3,23,0,1.29,24.5,15
1988,3,24,0,3.95,30,18.5
1988,3,25,0,5.69,31.5,19
1988,3,26,0,3.07,31,19.5
1988,3,27,0,8,31,20
1988,3,28,0,5.45,31,20
1988,3,29,18,8.2,32,21
1988,3,30,0,4.35,25,17
1988,3,31,0,6.75,32,17.5
1988,4,1,0,3.23,36,19
1988,4,2,0,5.75,32,20
1988,4,3,0,3.9,31,21
1988,4,4,0,2.35,32,21.5
1988,4,5,0,7.45,32,23
1988,4,6,0,4.75,29,19
1988,4,7,1.5,2.86,25,18
1988,4,8,0.1,2.79,26,17
1988,4,9,0,3.5,29,17.5
1988,4,10,25,6.8,28,15
1988,4,11,0.1,0.72,22,11
1988,4,12,0,4.5,26.5,11
1988,4,13,0,6.11,30.5,14
1988,4,14,0,5.99,29.5,16.5
1988,4,15,0,3.28,28,17
1988,4,16,0,5.49,31,18.5
1988,4,17,0,5.46,34.5,22
1988,4,18,0,9.4,41,20.5
1988,4,19,0,6.57,39,19.5
1988,4,20,0,5.43,32.5,20.5
1988,4,21,0,5.7,34,21
1988,4,22,0,5.2,34,22
1988,4,23,0,5.7,38.5,23
1988,4,24,0,6.7,35,23
1988,4,25,0,6,33,22
1988,4,26,0,6.1,35,21.5
1988,4,27,0,5.5,33,22
1988,4,28,0,5.31,33,22
1988,4,29,0,6.3,36,23.5
1988,4,30,0,5.6,35,25
1988,5,1,0,2.25,35,22
1988,5,2,0,4.16,34,23
1988,5,3,0,5.08,35,23
1988,5,4,0,6,33,21
1988,5,5,0,2.79,31.5,20.5
1988,5,6,0,5.66,30.5,21
1988,5,7,0,4.69,31.5,21
1988,5,8,0,5.2,33,22
1988,5,9,0,7.2,35,24
1988,5,10,0,4.3,36,23
1988,5,11,3.5,3.4,34,24
1988,5,12,0,4.1,29.5,21
1988,5,13,0,6.3,31,21
1988,5,14,0,6.1,32,22
1988,5,15,0,6.1,31.5,21.5
1988,5,16,0,2.75,34.5,22
1988,5,17,0,6.9,35,22.5
1988,5,18,0,5.99,34,23
1988,5,19,0,7.2,33,23
1988,5,20,0,7.1,35,23.5
1988,5,21,0,6.1,35,25
1988,5,22,0,4.3,37,25
1988,5,23,0,7.4,32,23
1988,5,24,0,5.78,31,23
1988,5,25,0,4.93,34,24.5
1988,5,26,4.5,2.36,33.5,24
1988,5,27,4,5.36,30,20
1988,5,28,0,5.9,31,20
1988,5,29,0,5.68,33,22
1988,5,30,0,7.17,33.5,25
1988,5,31,0,7.7,36,25
1988,6,1,0,6.8,36,26
1988,6,2,0,7.4,36.5,25
1988,6,3,0,5.15,34,25
1988,6,4,0,4.95,32,25
1988,6,5,0,9.3,36.5,23.5
1988,6,6,0,9.2,36,22
1988,6,7,0,8.1,36.5,22
1988,6,8,0,7.38,37,23
1988,6,9,0,7.49,38.5,23
1988,6,10,0,8.01,38,24.5
1988,6,11,0,8.2,34,24
1988,6,12,0,8.1,35,23
1988,6,13,17,8.92,34,23
1988,6,14,13,1.89,30,23.5
1988,6,15,22,4.94,28.5,23.5
1988,6,16,50,NULO,28,23.5
1988,6,17,0.1,2.85,30.5,23
1988,6,18,21,4.95,31,23
1988,6,19,0,5.32,31,23.5
1988,6,20,9,5.14,30.5,23.5
1988,6,21,5.5,3.04,29,22.5
1988,6,22,0,3.35,32,23
1988,6,23,0,5.85,32,23.5
1988,6,24,0,6,32.5,23.5
1988,6,25,1,4.8,33,24
1988,6,26,0,5.85,33.5,25
1988,6,27,0,7.05,34.5,25.5
1988,6,28,0,7.28,33.5,23.5
1988,6,29,0,7.58,33.5,22.5
1988,6,30,0,6.42,34,23.5
1988,7,1,10,5.9,34,24
1988,7,2,38,6.9,33,25
1988,7,3,3,1.1,28,21
1988,7,4,8,4.2,31,24
1988,7,5,6,1.7,27,24
1988,7,6,0,5.8,31,24
1988,7,7,0,5.5,33,24
1988,7,8,0,7.1,33.5,24
1988,7,9,0,3.8,33,24.5
1988,7,10,0,6.1,33,25
1988,7,11,0,6.7,34,25
1988,7,12,0,6.8,34,25
1988,7,13,0,5.5,33.5,24
1988,7,14,14,4.7,33,24.5
1988,7,15,10,1.4,29,24
1988,7,16,11,2.55,29,25
1988,7,17,0,1.35,31,22
1988,7,18,0,6.3,32,23
1988,7,19,0,4.9,31,23
1988,7,20,14,2.84,30.5,23
1988,7,21,12.5,3.83,29.5,21.5
1988,7,22,0,4.16,30.5,21.5
1988,7,23,6,3.97,31,22
1988,7,24,11.5,3.74,30.5,22.5
1988,7,25,1,1.4,31,22.5
1988,7,26,20,4.66,29,23
1988,7,27,0,6.3,32,23.5
1988,7,28,7,1.45,32,23
1988,7,29,5,4.05,31,22
1988,7,30,0,2.9,31,22
1988,7,31,2,3,32,24
1988,8,1,0,2,32.5,23
1988,8,2,0,2,32,23
1988,8,3,0,1.28,37,21.5
1988,8,4,5,3.28,35,23
1988,8,5,3,1.11,30,20
1988,8,6,2,4.27,30.5,20
1988,8,7,0,4.19,31.5,24
1988,8,8,0,7.02,33,23
1988,8,9,0,5.65,34,22
1988,8,10,0,6.55,34,23
1988,8,11,0,6.5,34,24
1988,8,12,3,0.26,34.5,24
1988,8,13,0.1,2.65,30.5,22.5
1988,8,14,0.1,6.65,33.5,23
1988,8,15,7,1.6,29,22
1988,8,16,48,0.7,27,21
1988,8,17,38.5,2.56,28,23
1988,8,18,0,1.47,28.5,23.5
1988,8,19,0,3.25,27,23
1988,8,20,5,0.72,30,23.5
1988,8,21,0,0.72,30,23.5
1988,8,22,0,1.59,NULO,NULO
1988,8,23,14.5,2.47,30,23
1988,8,24,0,2.87,32,24
1988,8,25,0,5.19,32,22.5
1988,8,26,0,5.66,33,22.5
1988,8,27,0,5.67,33.5,23
1988,8,28,0,4.83,33,23
1988,8,29,96,NULO,27.5,23
1988,8,30,0,4.65,30,23
1988,8,31,0.1,2.7,30,22.5
1988,9,1,40.5,NULO,27.5,23
1988,9,2,24.5,NULO,26.5,23
1988,9,3,100,NULO,29,23
1988,9,4,0.1,NULO,28,24
1988,9,5,0,NULO,30,23
1988,9,6,0,NULO,30.5,22
1988,9,7,0,NULO,31,20.5
1988,9,8,0,NULO,31,20.5
1988,9,9,0,NULO,31,21
1988,9,10,0,NULO,31,21
1988,9,11,0,NULO,32,21
1988,9,12,0,NULO,32,21
1988,9,13,1,NULO,31,22
1988,9,14,0,NULO,30.5,23.5
1988,9,15,8,NULO,31,23
1988,9,16,1.5,NULO,26.5,23.5
1988,9,17,0,NULO,33,24
1988,9,18,0,NULO,32,25
1988,9,19,0,NULO,33,24
1988,9,20,0,NULO,33,23.5
1988,9,21,0,NULO,31,23
1988,9,22,0,NULO,33.5,22
1988,9,23,0,NULO,33,22
1988,9,24,0,NULO,33,23
1988,9,25,0,NULO,32.5,23
1988,9,26,0,NULO,31.5,22
1988,9,27,0,NULO,33,21.5
1988,9,28,0,NULO,33,21.5
1988,9,29,0,NULO,33,22
1988,9,30,0,NULO,33,23
1988,10,1,0,3.9,33,23
1988,10,2,10,0.3,33,23
1988,10,3,0,4.6,26,23
1988,10,4,0.1,2.95,27.5,19.5
1988,10,5,0,4.75,27,20
1988,10,6,0.1,1.2,25,20
1988,10,7,0,1.8,28,20
1988,10,8,0.1,1.5,27,20
1988,10,9,0,1,30,21
1988,10,10,0,1,30,21
1988,10,11,0,1.57,28,20
1988,10,12,1,1.5,27,20
1988,10,13,0.1,1.7,27,20
1988,10,14,0,3.4,29,18
1988,10,15,0,2.4,29,18
1988,10,16,0,3.44,30,18
1988,10,17,0,3.54,29.5,13.5
1988,10,18,0,2.6,30,18
1988,10,19,0,2.54,30.5,15.5
1988,10,20,0,3.94,30.5,18
1988,10,21,0,2.37,30,21
1988,10,22,0,2.37,30.5,19
1988,10,23,0,3.11,32,19
1988,10,24,0,3.3,32,19
1988,10,25,0,2,31,22
1988,10,26,0,3,31,22
1988,10,27,0,3.4,31,20
1988,10,28,11.5,2.3,32,20
1988,10,29,5,1.5,29,23
1988,10,30,22.5,2.4,29.5,22
1988,10,31,4.1,3.19,29.5,20
1988,11,1,0,4.3,26,18
1988,11,2,0,4.1,28,18
1988,11,3,0,2.5,31,17
1988,11,4,0,2.55,33,18
1988,11,5,0,2.17,33,18
1988,11,6,0,1.1,32,19
1988,11,7,0,2.3,33,15.5
1988,11,8,0,0.94,33,20
1988,11,9,0,0.95,30,21
1988,11,10,0,2.2,29,21
1988,11,11,0,1.85,29,20
1988,11,12,0,1.36,30.5,19
1988,11,13,0,2.06,30,18
1988,11,14,0,1.24,29,18
1988,11,15,0,3.01,30,19
1988,11,16,0,1.01,23,17.5
1988,11,17,0,1.8,25,15
1988,11,18,0,1.25,28,15
1988,11,19,0,1.45,21,14
1988,11,20,0,2.8,27,15
1988,11,21,0,1.6,25,15
1988,11,22,0,2.2,29,15
1988,11,23,0,1.3,20,16
1988,11,24,0,2.05,28,15
1988,11,25,0,2.15,29,15
1988,11,26,0,2.2,29,15
1988,11,27,0,2.36,29,15.5
1988,11,28,0,2.11,22,16
1988,11,29,0,1.45,27,15
1988,11,30,0,1.8,21,14
1988,12,1,1,0.05,17.5,14
1988,12,2,1,0.19,17,14
1988,12,3,1,2.5,21,11
1988,12,4,0.1,2.5,22,15
1988,12,5,0,2.2,22,16.5
1988,12,6,0,1.25,26,17
1988,12,7,0,2.6,24,16
1988,12,8,2.5,1.6,27,12
1988,12,9,1,6.8,26,13
1988,12,10,0,1.09,25,14
1988,12,11,0,1.85,18,17
1988,12,12,0,1.55,19,15
1988,12,13,0,1.6,19,13
1988,12,14,0,0.69,26,13
1988,12,15,1,2.56,26,15
1988,12,16,2,1.85,18,12
1988,12,17,0,0.95,17,13
1988,12,18,0,4.15,20,13
1988,12,19,0,2,24,13.5
1988,12,20,0,2.5,27,14.5
1988,12,21,0,2.7,27,15
1988,12,22,0,1.3,28,16.5
1988,12,23,0,1.5,20,17
1988,12,24,0,3.5,27,19.5
1988,12,25,0,2,28,19
1988,12,26,0,3.3,26,18
1988,12,27,0,2.9,24.5,17
1988,12,28,0,3.5,30,16.5
1988,12,29,0,3.7,20,13
1988,12,30,0,1.3,27,14
1988,12,31,0,1.1,26.5,15
1989,1,2,3.5,0.45,NULO,NULO
1989,1,3,0,1.72,28.5,20
1989,1,4,1,0.42,27,20
1989,1,5,0,2.43,28,21
1989,1,6,0,2.41,28,18
1989,1,7,0,NULO,28,15
1989,1,8,0.1,1.2,21.5,12
1989,1,9,0,2.45,28,12
1989,1,10,0,2.05,28,16
1989,1,11,0,1.25,22,16
1989,1,12,0,1.61,21,14
1989,1,13,0,2.2,26,11
1989,1,14,0,0.88,28.8,15
1989,1,15,0.1,NULO,18.5,11
1989,1,16,0,1.39,17,11
1989,1,17,0,2.41,23.5,11
1989,1,18,0,2.3,26,11
1989,1,19,0,2.7,27,15
1989,1,20,14.5,3.8,29,17
1989,1,21,0,0.8,28,13
1989,1,22,14,1.25,19,11
1989,1,23,0,2.5,18,12
1989,1,24,0,2.4,22,12
1989,1,25,0.1,0.4,22,12
1989,1,26,0,2.22,25,12
1989,1,27,0,2.9,26,12.5
1989,1,28,0,2.11,26,16
1989,1,29,0,1.74,26,20
1989,1,30,0.1,2.45,27,16
1989,1,31,0.1,0.6,27,14
1989,2,1,0,2,28.5,16
1989,2,2,0,2.6,28.5,16
1989,2,3,0,1.85,29,15.5
1989,2,4,0.1,0.8,19,14.5
1989,2,5,1,0.15,17,11.5
1989,2,6,1,0.15,14.5,11.5
1989,2,7,0,1,18.5,11
1989,2,8,2,0.8,13,8
1989,2,9,10,0.25,12,5
1989,2,10,10,1.55,11,5
1989,2,11,3,1,11,5
1989,2,12,0,1.3,11,6
1989,2,13,0,2.55,15,10
1989,2,14,0,1.92,18,10
1989,2,15,0,1.76,19,11
1989,2,16,0,1.78,29,15
1989,2,17,0,3.21,29,11.5
1989,2,18,19.5,0.1,22.5,15
1989,2,19,6,1.58,24,19
1989,2,20,0,1.53,24.5,15.5
1989,2,21,0,3.4,30,12
1989,2,22,0,4.2,30,16
1989,2,23,0,5.25,24,16
1989,2,24,0,3.5,29.5,14
1989,2,25,0,2.85,24,9.5
1989,2,26,0,6,26,10
1989,2,27,0,4.25,21,11
1989,2,28,0,4.6,28,13
1989,3,1,0,1.5,21,20
1989,3,2,0,0.5,24,18
1989,3,3,0,3.6,30,18
1989,3,4,0,6.4,31,15
1989,3,5,0,3.8,19,12
1989,3,6,0,2.2,19,10
1989,3,7,0,1.69,22,6.5
1989,3,8,0,1.78,23.5,2.5
1989,3,9,0,4.69,24.5,5
1989,3,10,0,2.57,26,9
1989,3,11,0,4.95,27,11
1989,3,12,0,4.25,28.5,12
1989,3,13,0,4.9,21,13
1989,3,14,0,4.3,33,16
1989,3,15,0,5.35,30,20
1989,3,16,0,4.05,30,17
1989,3,17,0,5.1,31,17.5
1989,3,18,0,6.35,31,18.5
1989,3,19,0,4.25,31,19
1989,3,20,0,5.4,29,18
1989,3,21,0,3.8,23,14
1989,3,22,0,4.7,29,17
1989,3,23,0,5.2,31,17
1989,3,24,0,3.1,32,21
1989,3,25,0,4.86,34,20
1989,3,26,0,6.51,32,20
1989,3,27,0,7,32.5,21.5
1989,3,28,0,5.06,33.5,18.5
1989,3,29,0,5.06,32.5,18.5
1989,3,30,0,6.3,30,18
1989,3,31,0,NULO,33.5,19.8
1989,4,1,0,3.95,30,18.5
1989,4,2,0,6.1,34,18.5
1989,4,3,0,6.65,36,20.5
1989,4,4,0,6.45,35.5,20
1989,4,5,20,7.4,32,20
1989,4,6,2,1.6,27,19
1989,4,7,0,7.1,32.5,18.5
1989,4,8,0,7.25,35.5,18.5
1989,4,9,0,6.65,35,19
1989,4,10,0,6.2,31,15
1989,4,11,0,0.7,22,13
1989,4,12,0,5.5,29,16
1989,4,13,0,2.9,28,16
1989,4,14,0.01,4.02,30.5,19
1989,4,15,60,5.68,26,20
1989,4,16,0,2.8,28,18
1989,4,17,0,6.12,30,18
1989,4,18,0,6.08,31,20
1989,4,19,0.01,3.8,31,21.5
1989,4,20,0,5.63,31,20
1989,4,21,0,5.97,32,19.5
1989,4,22,0,4.54,31,19
1989,4,23,0,6.16,30.5,19
1989,4,24,0,4.9,31,20.5
1989,4,25,0,4.75,32,20.5
1989,4,26,0,5.75,34,21
1989,4,27,0,4.55,33,21
1989,4,28,0,5,34,21
1989,4,29,0,6.3,35.5,25
1989,4,30,0,5.6,32,24.5
1989,5,1,2,2.9,30,21.5
1989,5,2,0,4.6,31,21
1989,5,3,0,6.3,33,21.5
1989,5,4,0,6.9,34,23
1989,5,5,0,5,35,23
1989,5,6,15,4.3,31,23
1989,5,7,0,5.8,32,21
1989,5,8,0,4.55,32,22
1989,5,9,0,6.71,34,22
1989,5,10,0,4.05,32,23
1989,5,11,0,6.36,33.5,23.5
1989,5,12,0,5.15,32.5,21.5
1989,5,13,0,6.9,35.5,22
1989,5,14,0,6.12,35,25
1989,5,15,0,4.63,35,25
1989,5,16,0,4.9,36,26
1989,5,17,0,6.1,38,25
1989,5,18,0,5.14,36.5,25
1989,5,19,0,4.26,35,25.5
1989,5,20,0,5.8,36,26
1989,5,21,0,6.8,36,25
1989,5,22,0,7,36.5,24
1989,5,23,0,6.72,36,24
1989,5,24,0,7.98,36.5,23.5
1989,5,25,0,8.03,36.5,23.5
1989,5,26,0,5.7,34.5,24.5
1989,5,27,13,6.6,34,24.5
1989,5,28,0,4.9,34,22.5
1989,5,29,0,8.5,35,23
1989,5,30,0,1.09,35,22
1989,5,31,0,5.4,34,22.5
1989,6,1,0,5.36,33.5,23.5
1989,6,2,0,7.04,35,24
1989,6,3,0,8.9,35,23
1989,6,4,0,6.7,35,23.5
1989,6,5,0,6.42,37,24
1989,6,6,0,8.6,36,25.5
1989,6,7,0,7.1,38,25
1989,6,8,0,8.25,39,25
1989,6,9,0,6.15,37,25
1989,6,10,0,7.65,37.5,26
1989,6,11,0,7.25,36.5,24.5
1989,6,12,0,7.5,36.5,24
1989,6,13,0,7.2,32,24
1989,6,14,6,3.8,34,25
1989,6,15,0,3.49,31.5,22
1989,6,16,0,6.8,33,22.5
1989,6,17,0,6,33,21
1989,6,18,0,2,30.5,23
1989,6,19,0,5.89,34,24
1989,6,20,0,7.63,35,22.5
1989,6,21,1,2.99,31,22.5
1989,6,22,55,3.71,24.5,23
1989,6,23,0,6.1,32,22
1989,6,24,0,6.31,34,22.5
1989,6,25,0,6.11,34.5,24
1989,6,26,0,4.9,35,24
1989,6,27,0,6.9,36,24
1989,6,28,0,5.6,35,24.5
1989,6,29,0,8.3,36,24
1989,6,30,4.5,5.4,34,23
1989,7,1,0,6.5,33.5,24
1989,7,2,0,5.9,35,24.5
1989,7,3,0,7.28,35.5,25
1989,7,4,0,6.62,35.5,25
1989,7,5,0,4.2,33.5,25
1989,7,6,1.5,0.8,33.5,24
1989,7,7,0,3,33,21.5
1989,7,8,4.5,2.1,30,22.5
1989,7,9,0,5.2,33,23
1989,7,10,0,5.8,34,23.5
1989,7,11,29.5,3.93,29,24
1989,7,12,20,1.22,25,22.5
1989,7,13,0,4.34,31.5,21.5
1989,7,14,0,6.11,33,22
1989,7,15,0,5.11,32,23.5
1989,7,16,0,5.7,34,24
1989,7,17,0,6.74,34.5,23.5
1989,7,18,0,4,34.5,23.5
1989,7,19,0,5.6,34.5,24
1989,7,20,0,6.3,34,24.5
1989,7,21,0,7.3,35.5,24.5
1989,7,22,0,6.2,35,24
1989,7,23,0,6.6,34.5,23.5
1989,7,24,0,4.9,34,24
1989,7,25,113,NULO,29,24
1989,7,26,20,5.34,29,21
1989,7,27,3,2.51,28.5,21
1989,7,28,32,4.85,29,21
1989,7,29,0,3.05,34.5,22
1989,7,30,0,5.55,32.5,22.5
1989,7,31,0,5.05,32,23
1989,8,1,0,5.6,34,24
1989,8,2,0,4.75,33,25
1989,8,3,21,5.87,31,23.5
1989,8,4,11,4.25,31.5,23.5
1989,8,5,15,3.4,34.5,24
1989,8,6,1,3.9,32,25
1989,8,7,45,NULO,32,23.5
1989,8,8,0,2.7,29,21.5
1989,8,9,0,4.4,31,22
1989,8,10,0,5.6,32,22.5
1989,8,11,0,4,32.5,23
1989,8,12,0,5,32,23
1989,8,13,0,6.08,32.5,23
1989,8,14,2,5.34,31.5,23.5
1989,8,15,0,5.28,32,23.5
1989,8,16,6,4,34,23.5
1989,8,17,27.5,2.42,27.5,23.5
1989,8,18,4.5,3.98,31.5,22.5
1989,8,19,0,5.54,33,23
1989,8,20,0,6.6,34,23.5
1989,8,21,0,5.4,33,24
1989,8,22,0,4.3,33.5,25
1989,8,23,32,3.35,31,24.5
1989,8,24,1,3.05,30,22
1989,8,25,0,6,32.5,22
1989,8,26,0,3.9,30.5,23.5
1989,8,27,2,2.22,31.5,24.5
1989,8,28,6.5,3.18,31,22.5
1989,8,29,8.5,3.3,31,22.5
1989,8,30,1,3.33,31,23
1989,8,31,0,NULO,30.5,23
1989,9,1,0,4.15,32.5,23
1989,9,2,1,2.44,31.5,23
1989,9,3,2.5,5.62,32.5,23.5
1989,9,4,7,7.5,32.5,24
1989,9,5,4.5,0.72,32,23
1989,9,6,0,1.9,30.5,22
1989,9,7,1,0.82,31,23
1989,9,8,0,5.35,31.5,23
1989,9,9,0,3.35,32,23
1989,9,10,0.1,2.95,32,23.5
1989,9,11,0,4.3,32.5,23.5
1989,9,12,0,5.32,32.5,23.5
1989,9,13,0,5.35,33.5,23
1989,9,14,0,5.15,33,23
1989,9,15,0.1,1.85,27.5,22
1989,9,16,10,1.75,27.5,22
1989,9,17,26.5,1.63,25.5,21.5
1989,9,18,47.5,NULO,28,21.5
1989,9,19,10,2.7,30,23
1989,9,20,2.5,1.4,28,23
1989,9,21,0,1.24,32,23
1989,9,22,65.5,NULO,30,23
1989,9,23,0,3.85,28,22
1989,9,24,0,5.34,27.5,19
1989,9,25,0,4.19,28.5,17.5
1989,9,26,0,5,29,17
1989,9,27,0.1,1,24,17
1989,9,28,0,3.2,24,18
1989,9,29,0,3.6,30,18.5
1989,9,30,0,3,30,18.5
1989,10,1,0,4.3,31.5,18
1989,10,2,0,3.35,30.5,18
1989,10,3,0,3.6,31,20
1989,10,4,0,3.5,30.5,20
1989,10,5,0,3.35,30.5,20
1989,10,6,0,3.65,33,21.5
1989,10,7,0,5.4,32.5,23.5
1989,10,8,0,2.5,28.5,22.5
1989,10,9,0,2.72,29,21
1989,10,10,0,4.9,29,20
1989,10,11,0,4.21,29,19.5
1989,10,12,0,4.12,30,17.5
1989,10,13,0,3.8,30.5,17
1989,10,14,0,3.54,31.5,18
1989,10,15,0,3.95,31.5,21
1989,10,16,0,2.65,31,20
1989,10,17,0,4.25,31.5,20
1989,10,18,4,1,23,19.5
1989,10,19,0,2.15,21.5,15.5
1989,10,20,0,2,24.5,13
1989,10,21,0,4.4,27,13
1989,10,22,0,2.9,29,14
1989,10,23,0,4.5,29.5,16
1989,10,24,0,2.1,30,17.5
1989,10,25,0,3,28.5,18
1989,10,26,0,4.3,30.5,19.5
1989,10,27,0,2.4,30.5,18.5
1989,10,28,0,3,30.5,19.5
1989,10,29,2.5,1.95,30,19.5
1989,10,30,0,0.8,22,17.5
1989,10,31,0,0.8,22,17.5
1989,11,1,0,1.9,27,17.5
1989,11,2,2,1.66,21,18
1989,11,3,0,0.25,20,15
1989,11,4,0,2.58,27,15
1989,11,5,0,1.82,28.5,17.5
1989,11,6,0,3.9,29,20
1989,11,7,0,3.9,31,22
1989,11,8,0,2.2,31.5,22
1989,11,9,5,4.6,30.5,22.5
1989,11,10,3,0.15,25,21.5
1989,11,11,21.5,3.55,28,21.5
1989,11,12,0,2.45,27.5,20
1989,11,13,0,1.4,29.5,19
1989,11,14,0,2.33,29.5,20
1989,11,15,0,3.97,28.5,18
1989,11,16,0,3.65,28.5,15
1989,11,17,0.1,1.3,24.5,12.5
1989,11,18,5.5,1.4,24,13
1989,11,19,1.5,0.2,20,17
1989,11,20,0,1.6,26.5,18
1989,11,21,0,0.69,29,18.5
1989,11,22,0,1.33,29,18.5
1989,11,23,0,1.45,22,14
1989,11,24,0,1.13,24,13
1989,11,25,0,1.8,26,13
1989,11,26,0,1.8,29,14
1989,11,27,0,2.1,28.5,18
1989,11,28,2.5,0.5,29,15
1989,11,29,6.5,1.3,29,12
1989,11,30,10,2.7,20,10
1989,12,1,11.5,0.4,13,8.5
1989,12,2,18,1.6,13,9
1989,12,3,22,1.5,12,11
1989,12,4,2,0.3,14,10
1989,12,5,0,0.45,22.5,10
1989,12,6,2,0.75,24.5,13
1989,12,7,14,1.4,27,15
1989,12,8,1,0.1,27,14
1989,12,9,0,1.55,19,12
1989,12,10,0,1.95,24,10
1989,12,11,0,1.4,28,11
1989,12,12,0,1.4,15.5,10.5
1989,12,13,0,1.35,15,9.5
1989,12,14,0,1.09,29.5,10
1989,12,15,0.1,1.16,24,12.5
1989,12,16,0,1.4,14,12
1989,12,17,0,1.05,17,10
1989,12,18,0,0.74,17.5,10
1989,12,19,1.5,0.68,18.5,11
1989,12,20,0,0.5,16,12.5
1989,12,21,9,1.99,22,11
1989,12,22,6.5,0.1,14,7
1989,12,23,0,0.1,11,0
1989,12,24,0,0.8,10.5,0
1989,12,25,0,1.65,19,0
1989,12,26,0,1.45,21,4
1989,12,27,0,1.44,23,4.5
1989,12,28,0,2.21,24,9
1989,12,29,0,0.25,20,11
1989,12,30,0,0.5,26,12.5
1989,12,31,0,2,22,14
1990,1,1,0,1.5,17,13
1990,1,2,0,0.3,18.5,13
1990,1,3,0,1.4,25,14
1990,1,4,0,0.4,22.5,16
1990,1,5,0,2.25,25,16.5
1990,1,6,0,2.05,22,16
1990,1,7,0.1,1.05,18,14
1990,1,8,0,0.54,23,10
1990,1,9,0.1,1.64,25,10
1990,1,10,4.5,0.2,19.5,13
1990,1,11,0,0.5,26,17
1990,1,12,31.5,5,26,15
1990,1,13,0.1,0.4,19,11.5
1990,1,14,0,0.6,24,12
1990,1,15,0,2.4,25,13
1990,1,16,0,1.6,21,14
1990,1,17,0,1.11,25.5,13.5
1990,1,18,0,0.59,27,18
1990,1,19,0,1.9,28,20.5
1990,1,20,0,2.4,21.5,16
1990,1,21,0,1.8,21,17
1990,1,22,0,0.63,23.5,15
1990,1,23,0,3.87,28,15
1990,1,24,0,1.6,28.5,17
1990,1,25,0.1,3,24,13.5
1990,1,26,0,2.3,22,10.5
1990,1,27,0,2.4,25,11
1990,1,28,12,8.1,27.5,15
1990,1,29,0,1.8,17,15
1990,1,30,0,1.4,24,12
1990,1,31,0,2.4,27,13
1990,2,1,0,6.25,26.5,15.5
1990,2,2,6,2.05,26,18.5
1990,2,3,0,1.3,28,18
1990,2,4,0,1.9,25,18
1990,2,5,0,1.3,24,19
1990,2,6,0,1.45,25,19
1990,2,7,0,3.71,26,16
1990,2,8,0,2.89,28,17.5
1990,2,9,0,2.5,30,18
1990,2,10,0,4.9,27,18
1990,2,11,0,3.3,27,14
1990,2,12,0,3.24,27,13
1990,2,13,0,3.56,28.5,13
1990,2,14,0,3.95,32,14
1990,2,15,0,4.35,35.5,17
1990,2,16,0,5.5,27,14
1990,2,17,4,1.8,22,13
1990,2,18,0,2.8,25.5,13
1990,2,19,0,0.74,24.5,13
1990,2,20,5,1.52,21,17.5
1990,2,21,0,3.98,27,18
1990,2,22,0,5.06,27,17
1990,2,23,0,3.1,23,13
1990,2,24,0,3.5,24,9
1990,2,25,0,3.5,24,9
1990,2,26,0.1,2.17,23,11.5
1990,2,27,0.1,0.75,23,13.5
1990,2,28,0,3.64,23,18
1990,3,1,3,1.74,21.5,19
1990,3,2,0.1,1.2,20,15
1990,3,3,0,3.2,25,12.5
1990,3,4,0.1,2.26,24.5,15
1990,3,5,0,3.29,27,16.5
1990,3,6,0,3.9,30,19.5
1990,3,7,0,2.65,30,19.5
1990,3,8,0.1,2,28.5,20
1990,3,9,1.5,1.1,28,21
1990,3,10,0,3.2,30,20
1990,3,11,0,2.7,29,21
1990,3,12,0,3.32,30,22
1990,3,13,0,1.92,29,21
1990,3,14,0,3.96,32,19.5
1990,3,15,0,4.8,27,18.5
1990,3,16,0,3.95,26,19
1990,3,17,0,4.15,28,18
1990,3,18,0,6.25,28,15
1990,3,19,6,0.08,22,15
1990,3,20,0,2.25,23.5,18
1990,3,21,0,4.71,27,13.5
1990,3,22,0,5.91,28.5,14
1990,3,23,0,3.7,27,15
1990,3,24,0,3.85,28,16
1990,3,25,0,5.75,28,18
1990,3,26,2,3.2,28.5,19.5
1990,3,27,0,1.77,26,18.5
1990,3,28,0,2.11,29,18.5
1990,3,29,0,2.8,31,19.5
1990,3,30,0,3.65,31.5,21
1990,3,31,0,4.6,31.5,21
1990,4,1,0,5.6,32.5,22
1990,4,2,3,3.93,30,22.5
1990,4,3,0,2.19,25,23
1990,4,4,1.5,0.82,25,21
1990,4,5,0,2.59,26,21
1990,4,6,7,5.51,35,21
1990,4,7,0.1,1.2,22,17
1990,4,8,0,2.85,26.5,18
1990,4,9,0,3,30,18.5
1990,4,10,3,4.94,32,19
1990,4,11,6.5,3.91,25,20
1990,4,12,3,0.5,22.5,19
1990,4,13,0,2.93,27,18.5
1990,4,14,0,4.7,26,21
1990,4,15,0,6.5,32,22
1990,4,16,0,3.75,31.5,20
1990,4,17,0,6.55,32,20.5
1990,4,18,0,5.3,31.5,23.5
1990,4,19,0,5.8,31,22.5
1990,4,20,0,3.6,32,21
1990,4,21,0,5.9,31.5,22
1990,4,22,0,4,31,21
1990,4,23,0.1,4.95,30.5,20.5
1990,4,24,0,3.32,30,22
1990,4,25,0,3.4,31,22
1990,4,26,0,6.1,35,22.5
1990,4,27,0,6.9,37,23
1990,4,28,0,5.7,39,21.5
1990,4,29,0,5.8,35,22
1990,4,30,0,6.9,36,23
1990,5,1,0,7.2,35,24.5
1990,5,2,0,5.4,34,20
1990,5,3,9,4.86,32,22
1990,5,4,15.5,5.72,25.5,18
1990,5,5,6,0.6,22,19
1990,5,6,0.1,1.6,19.5,17
1990,5,7,6.5,5.82,22.5,17
1990,5,8,0,4.87,31,18
1990,5,9,0,6.27,33.5,19.5
1990,5,10,0,5.64,33,20
1990,5,11,0,5.6,33,22.5
1990,5,12,0,6.7,35.5,23.5
1990,5,13,0.1,6,35.5,24
1990,5,14,57.5,9.4,32,26
1990,5,15,0,7.1,33.5,21.5
1990,5,16,0,7.6,34,24
1990,5,17,0,5.7,33,24
1990,5,18,0,6.8,33,24
1990,5,19,0,6.5,33.5,24
1990,5,20,0,5.2,33.5,25
1990,5,21,0,6.71,35.5,24.5
1990,5,22,18,3.89,31,25
1990,5,23,0,5,32,21
1990,5,24,0,8.05,33,22
1990,5,25,0,6.6,33,22
1990,5,26,0,6.5,34,23
1990,5,27,0,7.7,35.5,23
1990,5,28,0,9.38,35,23.5
1990,5,29,0,6.04,35.5,25.5
1990,5,30,0,7.27,38,26.5
1990,5,31,0,7.45,36,26
1990,6,1,0,7.6,36,26
1990,6,2,0,6.4,35,26
1990,6,3,0,6,34,24
1990,6,4,1.5,3.9,32.5,23.5
1990,6,5,0,2.9,34.5,24
1990,6,6,0,7.9,35,24
1990,6,7,0,6.6,34.5,24
1990,6,8,0,7.25,34.5,24
1990,6,9,0,7.74,35,24
1990,6,10,0.1,2.9,30,23
1990,6,11,0,3.08,32,22.5
1990,6,12,0,7.02,33,23.5
1990,6,13,0,5.97,34.5,23.5
1990,6,14,0,6.2,34,24
1990,6,15,0,6.85,35,25
1990,6,16,0,6.05,36,25
1990,6,17,0,7.4,35,26
1990,6,18,0,6.85,33,24.5
1990,6,19,0,9.45,35.5,24
1990,6,20,0,8.35,36,23
1990,6,21,0,5.35,34,24
1990,6,22,15.5,8.2,31,25
1990,6,23,0.1,4.95,33.5,24
1990,6,24,0.1,0.85,29,24
1990,6,25,6,1,29,22.5
1990,6,26,0,7.35,33,22
1990,6,27,0,6.05,34,23
1990,6,28,0,6.45,34,23.5
1990,6,29,12,5.95,34,24
1990,6,30,0,2.4,34,23.5
1990,7,1,53,4.49,24,22
1990,7,2,0,0.9,27.5,22.5
1990,7,3,0,3.64,31.5,23.5
1990,7,4,20,6.76,31,24
1990,7,5,14,3.76,31.5,23
1990,7,6,0,4.02,29.5,23
1990,7,7,0,4.26,31.5,23
1990,7,8,25,2.99,31.5,23
1990,7,9,5,2.25,29,22.5
1990,7,10,6,3.9,30.5,22
1990,7,11,3,4.3,30.5,23
1990,7,12,1,3.2,30.5,23
1990,7,13,0,1.4,30,23.5
1990,7,14,0,5.1,32,22.5
1990,7,15,0,5.85,32,22.5
1990,7,16,0,3.55,31,23
1990,7,17,6.5,4.22,31,23
1990,7,18,4,2.34,29,23
1990,7,19,3.5,3.3,30,23
1990,7,20,0,6,32,22
1990,7,21,12,5.2,31.5,22.5
1990,7,22,0,5.4,32,22.5
1990,7,23,0,4.22,31,23
1990,7,24,0.1,1.06,25,24
1990,7,25,0,5.62,31.5,22
1990,7,26,0,5.82,32.5,22
1990,7,27,0,7.6,32.5,22.5
1990,7,28,0,6.5,33.5,20.5
1990,7,29,0,6.6,34,23
1990,7,30,0,7.3,34,23
1990,7,31,0,7.2,34,24
1990,8,1,12,4.2,34,23.5
1990,8,2,0,2.33,31.5,23.5
1990,8,3,4,3.37,30,24.5
1990,8,4,7.5,2.8,30,23
1990,8,5,7,6.2,32.5,24
1990,8,6,24,2.2,29,23.5
1990,8,7,241,2.2,25,22
1990,8,8,38.5,0.21,25.5,21
1990,8,9,6,3.15,29,21
1990,8,10,0,6,29.5,21
1990,8,11,0,2.65,29,23.5
1990,8,12,0,2.35,30,23
1990,8,13,0,4.16,30,23
1990,8,14,2,2.9,30,23.5
1990,8,15,9,2.4,30,23.5
1990,8,16,2,3.05,30,23.5
1990,8,17,0.1,4.15,31,24
1990,8,18,25.5,1,29,24
1990,8,19,1,5.85,31.5,23
1990,8,20,0,4.45,31.5,23
1990,8,21,0,4.62,31,22.5
1990,8,22,0,5.08,31,23
1990,8,23,14,4.3,31,22
1990,8,24,0,3.9,30,22.5
1990,8,25,1,2.6,31,23.5
1990,8,26,0,5,33,22
1990,8,27,0,4.73,33,23
1990,8,28,0,5.57,33,23.5
1990,8,29,0,5.6,33,23.5
1990,8,30,0,5.6,33.5,23.5
1990,8,31,1,5.7,33.5,24.5
1990,9,1,0,6,33.5,23
1990,9,2,11,4,32.5,23.5
1990,9,3,19,2.1,27.5,23
1990,9,4,1,2,27.5,22
1990,9,5,37,4.45,29,22
1990,9,6,3.5,3.95,30,22.5
1990,9,7,0,3.43,31.5,22.5
1990,9,8,48,6.62,29,23.5
1990,9,9,2,1.89,31,22.5
1990,9,10,23,NULO,31,23
1990,9,11,0,3.84,28.5,22
1990,9,12,0,4.16,30.5,22.5
1990,9,13,0,4.65,32.5,24.5
1990,9,14,0,4.95,32.5,24.5
1990,9,15,0,4.3,32.5,24
1990,9,16,0,2.35,32.5,24
1990,9,17,1,2.35,30.5,23
1990,9,18,2,1.39,32,24
1990,9,19,1,1.39,30,24.5
1990,9,20,0,4.11,31,23.5
1990,9,21,0,3.63,32.5,24
1990,9,22,0,5,32.5,24
1990,9,23,6,2,28,24
1990,9,24,0,0.22,25,22.5
1990,9,25,0,2.51,28.5,22
1990,9,26,0,2.2,31.5,22
1990,9,27,0,3.9,31,22
1990,9,28,0,3.5,32,22.5
1990,9,29,0,3.8,32,22.5
1990,9,30,0,4.25,32,22.5
1990,10,1,0,3.2,31,23
1990,10,2,0,4.61,32,21
1990,10,3,0,3.44,32,21
1990,10,4,19,3.62,32,23
1990,10,5,27,2.98,32,23
1990,10,6,1,2.3,29,20.5
1990,10,7,0,2,31,21
1990,10,8,0,3.42,30,23.5
1990,10,9,12.5,5.18,32,23
1990,10,10,3.5,2.37,31.5,19.5
1990,10,11,0,2.03,25,15.5
1990,10,12,0,2.7,29,17
1990,10,13,0,0.85,26.5,18
1990,10,14,0,2,31,21
1990,10,15,0.1,2.4,32,21
1990,10,16,0,1.65,31.5,21
1990,10,17,0.1,NULO,31.5,23
1990,10,18,9,2.25,31.5,21.5
1990,10,19,0,2.19,24,18.5
1990,10,20,0,1.9,30,19.5
1990,10,21,34,4.65,30.5,16.5
1990,10,22,1.5,1.92,24,16
1990,10,23,0,2,24,17
1990,10,24,4.5,0.83,25,17
1990,10,25,0,1.47,23.5,16
1990,10,26,0,3.08,27,17
1990,10,27,0,0.38,25,13
1990,10,28,0,4.52,25,17
1990,10,29,0,0.66,25,18
1990,10,30,0,0.37,25.5,17.5
1990,10,31,0,1.47,26,17.5
1990,11,1,0,2.85,28,18
1990,11,2,0,0.65,29,14
1990,11,3,0,2.05,29,18.5
1990,11,4,0,2.45,29,20
1990,11,5,0,2.18,22,16
1990,11,6,0,1.44,25.5,16
1990,11,7,0,1.54,28,17
1990,11,8,0,3.08,29.5,16.5
1990,11,9,0,2.89,22.5,16.5
1990,11,10,0,1.7,23,12.5
1990,11,11,0,3.05,24,13
1990,11,12,0,0.41,25,13
1990,11,13,0,1.44,24,13.5
1990,11,14,0,2.46,27,16
1990,11,15,0,2.46,27,17.5
1990,11,16,6.5,1.36,23,17.5
1990,11,17,29,2.35,23,20
1990,11,18,0,2.3,25.5,19.5
1990,11,19,0,1.5,22,19
1990,11,20,0,0.96,27,16
1990,11,21,0,1.81,28,18
1990,11,22,0,2.31,28,20
1990,11,23,0,2.8,28,21.5
1990,11,24,0,0.2,28,20.5
1990,11,25,0,3.25,28.5,20
1990,11,26,0,0.6,28,19
1990,11,27,0,1.46,29.5,19
1990,11,28,0,1.79,28.5,21
1990,11,29,15,0.65,28.5,18
1990,11,30,0,0.25,18,17
1990,12,1,0,1.3,25,13
1990,12,2,0,1.3,27,16.5
1990,12,3,3,0.95,25,18
1990,12,4,0,2.41,19,13.5
1990,12,5,0,1.04,16.5,10
1990,12,6,0,1.37,23.5,10.5
1990,12,7,0,0.53,16,13
1990,12,8,0,4.7,19,8.5
1990,12,9,0,1.1,21,7
1990,12,10,0,0.9,22,8
1990,12,11,0,1.55,24,9
1990,12,12,0,1.45,24.5,12
1990,12,13,0,2.3,26,12
1990,12,14,0,0.8,26,14.5
1990,12,15,0,1.2,26,16
1990,12,16,0,0.7,25.5,17
1990,12,17,0,5.8,26.5,17
1990,12,18,0,0.1,24,17
1990,12,19,0,0.4,25.5,12.5
1990,12,20,0,0.2,21,13
1990,12,21,0,0.4,27.5,17
1990,12,22,0,1.55,26,13
1990,12,23,3,0.15,25.5,11
1990,12,24,0,0.6,17.5,6.5
1990,12,25,0,1,18.5,7.5
1990,12,26,0,2.6,24,10.5
1990,12,27,1,0.4,24.5,15
1990,12,28,0,1.6,24,15
1990,12,29,0,0.5,26,18.5
1990,12,30,11.5,1.65,26,18.5
1990,12,31,1,0.4,26.5,15.5
1991,1,1,0,1.85,22,14
1991,1,2,0,0.08,22,15
1991,1,3,0,0.6,20,15
1991,1,4,0,0.92,26,16.5
1991,1,5,0,1,25,17
1991,1,6,0.1,0.1,25,17
1991,1,7,2,0.4,20,18
1991,1,8,1,0.13,19,15
1991,1,9,0,1.37,20,15
1991,1,10,0,1.5,26,16.5
1991,1,11,0,1.1,26,16
1991,1,12,0,1,19,15
1991,1,13,0,2.55,27.5,13
1991,1,14,0,1.95,24,14
1991,1,15,0,1.38,25,14
1991,1,16,0,1,24,12
1991,1,17,0.1,1.22,25,12
1991,1,18,0,1.6,25.5,16
1991,1,19,0,1.95,20,16
1991,1,20,0,1.95,26,13
1991,1,21,1.5,0.75,25,14
1991,1,22,0,1,25.5,11
1991,1,23,0,1.7,24,8.5
1991,1,24,1.5,1.09,23,12
1991,1,25,0,1.71,22,14
1991,1,26,1,0.8,20,14
1991,1,27,0,2.4,21,17
1991,1,28,0,0.95,27,17
1991,1,29,0,1.05,28,17
1991,1,30,0,2.55,28,14
1991,1,31,0,2.65,27,14
1991,2,1,0,2.45,28,10.5
1991,2,2,5.5,0.95,20,11
1991,2,3,0.1,0.6,21,14.5
1991,2,4,0,0.7,25,16
1991,2,5,0,1.74,24,16
1991,2,6,0,0.1,23,17.5
1991,2,7,0,2.66,22,17
1991,2,8,0,1.1,22,16
1991,2,9,0,2.25,25,13
1991,2,10,0,2.9,25,13
1991,2,11,0,2.1,26,14
1991,2,12,0,2.52,27,14
1991,2,13,0,2.44,30,12
1991,2,14,0,3.05,31,15
1991,2,15,0,2,27,17
1991,2,16,0,2.5,27,19
1991,2,17,0,3.4,29,17
1991,2,18,0,1.58,31,17
1991,2,19,0,4.97,28,18
1991,2,20,0,3,22.5,16
1991,2,21,0,3.75,24,15.5
1991,2,22,0,2.45,25,15
1991,2,23,0,3.2,26,14
1991,2,24,0,5.25,28,15
1991,2,25,0,5.8,29,17
1991,2,26,6,0.5,18,14
1991,2,27,0.1,1.5,19,10.5
1991,2,28,0,2.5,22,10.5
1991,3,1,0,4.8,36.5,15
1991,3,2,0,7.5,37,15
1991,3,3,0,6.2,29,13
1991,3,4,0,5.3,29,12
1991,3,5,0,5.05,32,11
1991,3,6,0,5.95,36,11
1991,3,7,0,5.25,37,14.5
1991,3,8,0,3.65,28,17
1991,3,9,0,3.6,26,19.5
1991,3,10,0,4,26,15.5
1991,3,11,0,4.18,28,15
1991,3,12,0,5.13,33.5,15.5
1991,3,13,0,4.81,31.5,11
1991,3,14,0,3.32,29,15.5
1991,3,15,0,5.2,32.5,20
1991,3,16,0,5.7,33,21.5
1991,3,17,0,3.5,28.5,22
1991,3,18,0,6.45,30,21
1991,3,19,0,4.8,31,20
1991,3,20,0,3.58,32,20
1991,3,21,0,6.02,36,22
1991,3,22,0,6.1,36.5,20
1991,3,23,0,3.75,30,21
1991,3,24,0,4.85,32,21
1991,3,25,0,5.3,32,21.5
1991,3,26,0,6.23,32.5,21.5
1991,3,27,0,5.4,35,20.5
1991,3,28,0,6.2,36,20.5
1991,3,29,0,2.9,27,16
1991,3,30,0,3.6,30,14.5
1991,3,31,21,5.1,27,16
1991,4,1,0.1,1.8,23,18
1991,4,2,0,5.66,28,16
1991,4,3,0,3.24,29,16
1991,4,4,0.1,4.25,29,18
1991,4,5,9,3.85,29,21.5
1991,4,6,6.5,0.2,29,21
1991,4,7,0,9.1,30,20
1991,4,8,0,5.2,32,21
1991,4,9,0,3.1,30.5,22
1991,4,10,0,3.78,31.5,22
1991,4,11,0,6.3,34,22.5
1991,4,12,0,4.7,33,23
1991,4,13,5,8.2,34,22.5
1991,4,14,0,3.26,32,22
1991,4,15,0,8.07,34,22.5
1991,4,16,0,6.34,34,23
1991,4,17,0,6.22,35.5,23.5
1991,4,18,0,7.01,39,23.5
1991,4,19,0,5.3,32,24
1991,4,20,0,5.45,33,22
1991,4,21,0,7.38,38,22
1991,4,22,0,3.45,35.5,23
1991,4,23,0.1,6.23,34.5,24.5
1991,4,24,0,6.23,34.5,24.5
1991,4,25,0,7.51,37,25
1991,4,26,0,6.65,39,26
1991,4,27,0.1,6.5,41,24
1991,4,28,0,7.2,41,25
1991,4,29,0,9.38,35.5,25.5
1991,4,30,0,7.73,36,22.5
1991,5,1,0,7.68,35,22.5
1991,5,2,0,3.89,33,24.5
1991,5,3,0,6,36,24
1991,5,4,0,4.9,35,24.5
1991,5,5,62,10.2,35,25
1991,5,6,0,4.05,29.5,21
1991,5,7,0,3.19,30,21.5
1991,5,8,0,5.39,32,21.5
1991,5,9,0,5.3,33.5,23.5
1991,5,10,0,5.57,34,23.5
1991,5,11,0,5,34.5,25
1991,5,12,0,4.75,34,25
1991,5,13,0,6.6,33.5,25
1991,5,14,0,5.5,32.5,24.5
1991,5,15,0,6.21,35,24.5
1991,5,16,0,6.1,35.5,25
1991,5,17,0,5.49,33,25
1991,5,18,0,5.1,34.5,24
1991,5,19,0,7.9,34.5,24
1991,5,20,0,7.51,34.5,22.5
1991,5,21,0,5.52,34.5,23.5
1991,5,22,0,5.84,34,25
1991,5,23,0,5.22,35,25
1991,5,24,0,5.7,35,25
1991,5,25,0,6.2,36,25
1991,5,26,0,7.7,38,26
1991,5,27,0,4.5,36.5,26
1991,5,28,0,7,36.5,25.5
1991,5,29,0,7.4,36,25
1991,5,30,0,6.55,36,25
1991,5,31,0,7,37,25
1991,6,1,0,6.85,38,26.5
1991,6,2,0,5.4,37.5,27
1991,6,3,0,5.24,37,26.5
1991,6,4,0,7.45,37.5,26
1991,6,5,0,5.61,29,24.5
1991,6,6,0,8.04,35,20
1991,6,7,0,8.1,36,24
1991,6,8,0.1,5,35.5,24
1991,6,9,0,7.65,35,23
1991,6,10,0,7.24,34,19
1991,6,11,0,6.06,34,19
1991,6,12,0,6.4,36,20
1991,6,13,0,7.7,36,23.5
1991,6,14,0,6.4,36,26
1991,6,15,7,6.5,35.5,26
1991,6,16,0,5.7,35.5,24
1991,6,17,5,4.34,35,24.5
1991,6,18,4.5,6.16,35,24
1991,6,19,0,6.52,34,25
1991,6,20,0,4.38,34,24
1991,6,21,1.5,5.49,35,25
1991,6,22,1,5.78,35.5,25
1991,6,23,1.5,1.51,31.5,25
1991,6,24,30,4.84,26,22.5
1991,6,25,20,1.58,28,22.5
1991,6,26,23,8.31,28,22.5
1991,6,27,9.5,2.89,28.5,22
1991,6,28,1.5,2.98,31,22
1991,6,29,0.1,4.25,31,24.5
1991,6,30,94.5,4.81,29,24.5
1991,7,1,32,5.37,26.5,24
1991,7,2,68,4.8,25,23
1991,7,3,24.5,4.23,25,19
1991,7,4,0,3.66,28.5,22.5
1991,7,5,0.1,3.74,31,22.5
1991,7,6,0,4.1,30,23.5
1991,7,7,0.1,0.65,30,20
1991,7,8,42,7.35,26,24.5
1991,7,9,0,2.1,30,24
1991,7,10,0,1.38,30,24
1991,7,11,0,3.31,30.5,24
1991,7,12,0,3.51,31,24
1991,7,13,0,3.94,31,24.5
1991,7,14,4.5,1.21,26,24
1991,7,15,0,4.75,26,23
1991,7,16,0,4.6,32,23
1991,7,17,0,2.71,32,23
1991,7,18,0,5.1,32,23
1991,7,19,0,2.55,31,23.5
1991,7,20,0,3.01,32.5,24
1991,7,21,0,4.39,31.5,24
1991,7,22,10.5,5.55,31,24
1991,7,23,8,3.7,31,22
1991,7,24,8,1,28,22
1991,7,25,0,5.05,32,23
1991,7,26,5,3.33,31,24
1991,7,27,0,3.22,32,24
1991,7,28,0,4.08,35.5,23
1991,7,29,0,4.55,32.5,24
1991,7,30,0,5.51,33,22.5
1991,7,31,0,4.71,33.5,23
1991,8,1,0,2.38,33,23.5
1991,8,2,0,4.7,33.5,23.5
1991,8,3,0,3.55,32,24
1991,8,4,0,4.3,32.5,24
1991,8,5,3.5,3.15,32.5,24
1991,8,6,18,4.91,32,23.5
1991,8,7,3,2.15,30.5,23
1991,8,8,13.5,4.3,30.5,22.5
1991,8,9,0,4.25,31.5,22
1991,8,10,0,3.44,31,22.5
1991,8,11,0,3.5,32.5,23.5
1991,8,12,0,5.03,32,22.5
1991,8,13,0,5.41,32.5,22.5
1991,8,14,0,3.39,32,22.5
1991,8,15,0,5.17,33,23
1991,8,16,0,5.23,34,23
1991,8,17,0,5.12,34,24
1991,8,18,0,5.2,34,24.5
1991,8,19,0,4.83,34,24.5
1991,8,20,0,4.86,34,24
1991,8,21,0,4.92,34,24
1991,8,22,0,5.43,35,23
1991,8,23,0,3.49,34,23.5
1991,8,24,0,5.3,34,23.5
1991,8,25,0,5.89,34.5,23.5
1991,8,26,0,5.31,34,23.5
1991,8,27,5.5,3.92,33.5,24
1991,8,28,0,4.5,33.5,24
1991,8,29,0,4.18,33,24
1991,8,30,0,6.77,35,22
1991,8,31,0,5.5,35,22
1991,9,1,0,5.2,35,24
1991,9,2,0,6.1,35,24
1991,9,3,0,5.2,35,24
1991,9,4,0,5.7,35,24
1991,9,5,27,6.4,30.5,24
1991,9,6,0,2.78,30.5,23.5
1991,9,7,2,0.13,27.5,23
1991,9,8,7,4.15,31.5,23.5
1991,9,9,0,5.61,32,23
1991,9,10,5.5,0.14,26,22.5
1991,9,11,0,3.8,31,22
1991,9,12,0,4.74,32,23
1991,9,13,0,3.8,32,23.5
1991,9,14,0,3.39,33.5,24
1991,9,15,37.5,5.56,32,24
1991,9,16,102,5.47,30,23
1991,9,17,25.5,5.37,29.5,22
1991,9,18,2.5,5.67,31,22
1991,9,19,32,6.99,29,21.5
1991,9,20,5.5,2.25,23,21
1991,9,21,2,1.95,26,18.5
1991,9,22,52,2.45,25,18.5
1991,9,23,19.5,2.95,27.5,21.5
1991,9,24,0,3.85,31.5,23
1991,9,25,0.1,3.85,29.5,23
1991,9,26,0,5.05,28.5,21
1991,9,27,2.5,2.6,28,18
1991,9,28,3,0.96,23.5,18
1991,9,29,2.5,2.24,22,19.5
1991,9,30,0,0.34,26.5,19.5
1991,10,1,0,1.78,29.5,20.5
1991,10,2,0,4.45,31,21.5
1991,10,3,0,2.72,31,22
1991,10,4,0,3.6,32,23
1991,10,5,38,8.57,32,20.5
1991,10,6,10.5,0.2,24,18.5
1991,10,7,202,1.34,20.5,17
1991,10,8,97,2.48,20.5,16.5
1991,10,9,30.5,3.93,20,19
1991,10,10,7.5,1.19,22.5,19
1991,10,11,0,1.79,27,19.5
1991,10,12,0,3.83,28,18.5
1991,10,13,0,2.1,28.5,18.5
1991,10,14,0,1.83,29,18.5
1991,10,15,0,1.03,28,18.5
1991,10,16,0,1.5,29,20
1991,10,17,0,2.04,29,20
1991,10,18,0,1.27,28.5,19.5
1991,10,19,0.1,2.68,29,19.5
1991,10,20,13.5,2.81,28,20
1991,10,21,5,4.37,22.5,21.5
1991,10,22,0,0.73,29.5,21.5
1991,10,23,0,1.8,30.5,22
1991,10,24,0,2.33,31,22.5
1991,10,25,0,2.15,30.5,21.5
1991,10,26,0,1.78,30.5,22
1991,10,27,0,1.59,31,22.5
1991,10,28,0,1.11,31.5,23.5
1991,10,29,0,1.3,30.5,24.5
1991,10,30,0,0.36,30.5,21.5
1991,10,31,1.5,4.42,31,24
1991,11,1,0.5,1.25,25,20
1991,11,2,0,0.15,20,16
1991,11,3,25,1,17.5,11.5
1991,11,4,3.5,0.97,17,8
1991,11,5,5,2.25,19,8
1991,11,6,0,0.18,23.5,12
1991,11,7,0.1,0.46,26,16.5
1991,11,8,0,2.19,20,13
1991,11,9,0,1.1,19,13
1991,11,10,0,0.19,23,10
1991,11,11,12.5,0.71,24,10
1991,11,12,15.5,2.71,22,14
1991,11,13,0,0.17,27,18.5
1991,11,14,0,2.18,25.5,16
1991,11,15,0,0.74,27,16
1991,11,16,0,1.5,28,18
1991,11,17,0,1.66,29,20.5
1991,11,18,0,1.25,29,22
1991,11,19,1,1.25,28,19.5
1991,11,20,0,3.12,22.5,16
1991,11,21,0,0.4,22,13.5
1991,11,22,0,3.29,25,13.5
1991,11,23,0,0.66,24.5,13.5
1991,11,24,0,0.23,17,13
1991,11,25,0,0.53,19,13
1991,11,26,0,0.27,21.5,13.5
1991,11,27,0,0.76,24.5,16
1991,11,28,0,1.59,25.5,18
1991,11,29,0,0.05,25,18
1991,11,30,0,0.35,25,18
1991,12,1,0,0.85,27,18.5
1991,12,2,1,0.32,21.5,14.5
1991,12,3,1,0.42,20.5,13
1991,12,4,0,1.53,18.5,13
1991,12,5,0,1.08,21,12.5
1991,12,6,0,1.77,21,13.5
1991,12,7,0,0.87,24,16.5
1991,12,8,0,1.51,27,19
1991,12,9,0,1.2,26.5,20
1991,12,10,0,1.04,26.5,20.5
1991,12,11,0,0.31,26,18
1991,12,12,0,1.66,26.5,18
1991,12,13,2,1.49,26,18
1991,12,14,80,1.99,24,14.5
1991,12,15,18.5,2.5,22,12
1991,12,16,1.5,0.49,18.5,11
1991,12,17,0.1,0.01,19,12
1991,12,18,0,2,21,14
1991,12,19,6.5,0.88,22,17.5
1991,12,20,1,1.47,24,19
1991,12,21,3.5,0.35,24,20.5
1991,12,22,0,0.17,24.5,20
1991,12,23,0,0.63,24.5,20
1991,12,24,4.5,2.52,24.5,16
1991,12,25,1,0.4,17.5,13
1991,12,26,1.5,0.37,21,13
1991,12,27,0,2.53,15,13
1991,12,28,0,0.53,17,13
1991,12,29,0.5,0.64,19,13.5
1991,12,30,0,0.57,20.5,13.5
1991,12,31,0,1.51,22,16.5
1992,1,1,0,NULO,24,18
1992,1,2,2,3.75,21,17.5
1992,1,3,1,0.13,19,17
1992,1,4,0,0.52,22,17
1992,1,5,0,1.33,25.5,17.5
1992,1,6,0,0.5,25,17.5
1992,1,7,0,0.66,25.5,17.5
1992,1,8,0.1,0.46,28,19.5
1992,1,9,8,0.35,20,19
1992,1,10,12,2.8,19,15
1992,1,11,0.1,1.1,19,11.5
1992,1,12,0.1,0.03,23.5,12
1992,1,13,0,1.7,21,15
1992,1,14,0,1.95,16,13
1992,1,15,24.5,1.2,16,11.5
1992,1,16,25,0.68,13,11
1992,1,17,0,0.15,14.5,9
1992,1,18,4.5,0.3,19,10.5
1992,1,19,2,0.55,13,10
1992,1,20,0,1.2,16,9
1992,1,21,0,0.78,21.5,9
1992,1,22,0,0.89,24.5,12
1992,1,23,1,1.37,21.5,12.5
1992,1,24,0,1.99,21.5,12.5
1992,1,25,10,0.71,15.5,12
1992,1,26,2.5,0.36,18.5,13
1992,1,27,2,0.6,21,13.5
1992,1,28,28,0.63,16,12.5
1992,1,29,2.5,0.69,16.5,12.5
1992,1,30,0.1,1.51,16.5,12.5
1992,1,31,4,0.4,16.5,14
1992,2,1,4.5,0.47,17.5,14
1992,2,2,3.5,0.24,26,14
1992,2,3,0,1.64,22.5,15.5
1992,2,4,0,2.66,22.5,15.5
1992,2,5,0,2.49,21.5,12.5
1992,2,6,0,1.45,23.5,11.5
1992,2,7,0,2.45,24,12
1992,2,8,0,1,19.5,13
1992,2,9,0,1.3,23,14
1992,2,10,1.5,0.56,20,14
1992,2,11,0,1.44,25,16.5
1992,2,12,0.1,0.87,25,18
1992,2,13,0,0.7,26.5,17
1992,2,14,0,3.06,27.5,17.5
1992,2,15,0,1.22,26,19
1992,2,16,0,2,27,19
1992,2,17,0,2.09,28,19
1992,2,18,3,1.46,24.5,19
1992,2,19,1,1.36,21.5,17
1992,2,20,0,2.34,20.5,17
1992,2,21,0,1.6,26,17
1992,2,22,0.1,0.8,25,17
1992,2,23,13,4.1,28,18
1992,2,24,0.1,2.63,23.5,16
1992,2,25,0,2.97,23,11.5
1992,2,26,0,1.02,17,12
1992,2,27,0,1.83,21,13
1992,2,28,0,1.85,23,13
1992,2,29,0,2.25,25.5,13
1992,3,1,0,1.1,23,13
1992,3,2,0,1.14,25,17
1992,3,3,0,1.3,28.5,20
1992,3,4,0,2.8,29.5,18.5
1992,3,5,0,3.73,28.5,18.5
1992,3,6,0,2.6,27.5,20
1992,3,7,0,3.33,28.5,20
1992,3,8,0,2.85,29,18.5
1992,3,9,0,3.38,29.5,19
1992,3,10,0,2.79,24,15.5
1992,3,11,0,2.14,22,15
1992,3,12,5.5,1.18,21.5,15
1992,3,13,0,1.75,17.5,15
1992,3,14,0,4.69,26,14
1992,3,15,0,2.42,25.5,14
1992,3,16,0,3.38,26.5,18
1992,3,17,0,3.86,30,18.5
1992,3,18,0,3.86,30,18.5
1992,3,19,0,3.46,34,18.5
1992,3,20,0,1.94,25,21
1992,3,21,0,1.97,28,21
1992,3,22,0,4.8,32,21
1992,3,23,0,2.5,25,22
1992,3,24,1.5,0.41,24,18
1992,3,25,0.1,1.55,26,18
1992,3,26,42.5,2.92,27,21
1992,3,27,0,2.02,28,20.5
1992,3,28,0,1.81,28.5,20
1992,3,29,0,4,31,22.5
1992,3,30,10,3.88,27.5,22
1992,3,31,0,5.38,26.5,21.5
1992,4,1,0,2.95,28,21
1992,4,2,6,2.45,23.5,17
1992,4,3,6.5,0.33,23,13
1992,4,4,1,0.22,19.5,12
1992,4,5,0,1,25,14.5
1992,4,6,0,2.48,28,17.5
1992,4,7,0,3.33,29.5,21
1992,4,8,0,2.77,27.5,19.5
1992,4,9,0.1,1.69,29,20.5
1992,4,10,0,5.81,31,21
1992,4,11,0,3.1,30,22.5
1992,4,12,0,4.05,30,21.5
1992,4,13,0,1.89,27.5,21
1992,4,14,0,1.98,27.5,20.5
1992,4,15,0,3.68,29,20.5
1992,4,16,0,2.65,30,21
1992,4,17,0,3.34,30,22
1992,4,18,0,3.61,31,22
1992,4,19,0,4.59,33,20
1992,4,20,0,3.34,28,20
1992,4,21,0,4.65,29,16.5
1992,4,22,0,3.44,29,17
1992,4,23,0,0.71,28.5,17.5
1992,4,24,0.1,2.35,30,21.5
1992,4,25,15,8.1,31,22.5
1992,4,26,1.5,1.75,25,20
1992,4,27,2,0.79,23.5,19.5
1992,4,28,0,5.19,27.5,18
1992,4,29,0,3.52,29.5,18.5
1992,4,30,0,4.25,29,18.5
1992,5,1,0,4.33,30,20
1992,5,2,0,4.79,31,19
1992,5,3,0,4.63,30,19
1992,5,4,0,3.94,30,20
1992,5,5,0,4.41,29,19.5
1992,5,6,40,4.5,29,20
1992,5,7,45,3.98,26.5,19
1992,5,8,0,3.46,26,17
1992,5,9,0,2.54,29,18.5
1992,5,10,0,3.3,29,20
1992,5,11,0,3.66,31,21.5
1992,5,12,0,3.01,31.5,22
1992,5,13,7.5,4.27,31.5,23
1992,5,14,1,3.26,31,22.5
1992,5,15,12,6.15,32,22.5
1992,5,16,0,4.45,31,21
1992,5,17,4,5.8,32,21
1992,5,18,0,1.94,39,21
1992,5,19,0,6.31,31.5,20.5
1992,5,20,0,3.67,31.5,21.5
1992,5,21,0,4.7,31.5,20.5
1992,5,22,0,3.98,31.5,21
1992,5,23,0,1.75,31,21.5
1992,5,24,2,8.04,31,21.5
1992,5,25,0,5.44,32,22
1992,5,26,0.1,3.06,31.5,22
1992,5,27,0.1,3.94,33,23
1992,5,28,0,4.44,34,23
1992,5,29,2,3.53,30,23
1992,5,30,13,2.07,29,22
1992,5,31,4,0.63,31,22
1992,6,1,0,2.89,30,22.5
1992,6,2,1,2.01,29,23
1992,6,3,0,0.82,28,23.5
1992,6,4,0,4.48,34,23.5
1992,6,5,1,2.95,33,24
1992,6,6,0,5.05,34,24
1992,6,7,0,3.73,35,25
1992,6,8,0,2.4,30,22
1992,6,9,32,9.86,33.5,24
1992,6,10,3,2.94,30.5,23
1992,6,11,0,4.58,32.5,22
1992,6,12,0,6.43,33,24
1992,6,13,0,5.8,34,24.5
1992,6,14,0,5.45,34.5,24.5
1992,6,15,0,5.55,34,24.5
1992,6,16,0,5.13,34,24
1992,6,17,39.5,9.32,33,23.5
1992,6,18,20.5,4,31,24
1992,6,19,0,5.02,32,24.5
1992,6,20,0,5.34,33,23
1992,6,21,0,5.81,33,23.5
1992,6,22,0,5.13,33,22.5
1992,6,23,0,4.44,33.5,22.5
1992,6,24,0,5.03,33.5,22.5
1992,6,25,0,4.59,34,22.5
1992,6,26,0,5.64,35,23
1992,6,27,0,4.05,35,24
1992,6,28,0,4.86,35,25
1992,6,29,0,5.35,35,25
1992,6,30,0,5.2,35,25.5
1992,7,1,0,4.85,34,26
1992,7,2,3.5,4.7,31,25.5
1992,7,3,13,3.1,31.5,25
1992,7,4,21,5.45,28,22
1992,7,5,7,1.2,27,22.5
1992,7,6,0,6.07,31.5,22
1992,7,7,0,4.66,32,22
1992,7,8,0,3.23,31.5,23
1992,7,9,2.5,2.89,30,23
1992,7,10,14.5,4.64,31,22
1992,7,11,12.5,4.35,31,22
1992,7,12,0,3.76,31,22
1992,7,13,0.1,3.2,31,22.5
1992,7,14,21.5,4.23,29.5,23
1992,7,15,0,1.82,29,22.5
1992,7,16,4.5,2.73,30,22.5
1992,7,17,1,2,31,23.5
1992,7,18,8,4.39,29.5,23.5
1992,7,19,2,1.56,28,23.5
1992,7,20,2.5,3.14,29,23.5
1992,7,21,0,4.09,30.5,24
1992,7,22,0,4.74,31.5,23.5
1992,7,23,0,3.03,30.5,24
1992,7,24,0,3.5,31.5,23.5
1992,7,25,0,5.59,32,23.5
1992,7,26,0,6.11,31.5,23
1992,7,27,1.5,6.82,32,22
1992,7,28,1,3.06,30.5,23.5
1992,7,29,0,3.51,32,24
1992,7,30,0,2.79,32,24
1992,7,31,18,6.3,31,24
1992,8,1,7.5,NULO,32,23.5
1992,8,2,0,NULO,32.5,22.5
1992,8,3,0,NULO,33,21.5
1992,8,4,0,NULO,33,22
1992,8,5,0,NULO,32,22.5
1992,8,6,0,NULO,32,23
1992,8,7,0,NULO,34,22.5
1992,8,8,0.1,NULO,33,23
1992,8,9,11,NULO,24.5,23
1992,8,10,0,NULO,29,22
1992,8,11,0,NULO,32.5,22
1992,8,12,0,NULO,33.5,22.5
1992,8,13,0,NULO,33,22.5
1992,8,14,50,NULO,31,23
1992,8,15,16.5,NULO,29,21.5
1992,8,16,1,NULO,28.5,22.5
1992,8,17,0.5,NULO,29.2,22.5
1992,8,18,0,NULO,31,23
1992,8,19,0,NULO,31.5,22.5
1992,8,20,0,NULO,33,22.5
1992,8,21,0.1,NULO,32.5,23
1992,8,22,0,NULO,31.5,22.5
1992,8,23,0,NULO,32,23
1992,8,24,0.1,NULO,28,23
1992,8,25,0,NULO,32.5,21.5
1992,8,26,0.1,NULO,32,21.5
1992,8,27,0,NULO,33,22.5
1992,8,28,0,NULO,33,23
1992,8,29,0,NULO,34,22
1992,8,30,0,NULO,34,22
1992,8,31,0,NULO,31,22
1992,9,1,0.1,NULO,31,22.5
1992,9,2,0,NULO,31.5,23
1992,9,3,0,NULO,33,23
1992,9,4,0,NULO,33,23
1992,9,5,2,NULO,33,23.5
1992,9,6,0,NULO,33.5,23
1992,9,7,2,NULO,32,23
1992,9,8,0,NULO,32,23
1992,9,9,0,NULO,32,22.5
1992,9,10,13,NULO,32.5,22.5
1992,9,11,23,NULO,28,22.5
1992,9,12,35,NULO,29.5,22.5
1992,9,13,0.1,NULO,30.5,22
1992,9,14,4,NULO,29.5,21.5
1992,9,15,9.5,NULO,29.5,21.5
1992,9,16,3,NULO,28.5,22.5
1992,9,17,0,NULO,31.5,22.5
1992,9,18,0,NULO,32,22
1992,9,19,0,NULO,32,22.5
1992,9,20,0,NULO,33,22.5
1992,9,21,0,NULO,33,22.5
1992,9,22,66.5,NULO,33.5,24.5
1992,9,23,1,NULO,30,22
1992,9,24,22,NULO,26.5,22
1992,9,25,0,NULO,29,22
1992,9,26,8.5,NULO,30.5,22.5
1992,9,27,21,NULO,28.5,23
1992,9,28,33.5,NULO,28,21.5
1992,9,29,0,NULO,26,20.5
1992,9,30,0,NULO,26,21
1992,10,1,0,NULO,27,16
1992,10,2,0,NULO,27,15.5
1992,10,3,0,NULO,28,15.5
1992,10,4,0,NULO,30,16
1992,10,5,0,NULO,30.5,19
1992,10,6,1.5,NULO,27,20
1992,10,7,0,NULO,30.5,21.5
1992,10,8,78,NULO,29,22
1992,10,9,0,NULO,28,18
1992,10,10,0,NULO,28.5,19
1992,10,11,12.5,NULO,26.5,22
1992,10,12,0.1,NULO,26,21.5
1992,10,13,0,NULO,29,21
1992,10,14,0,NULO,29.5,21
1992,10,15,0,NULO,31,21
1992,10,16,0,NULO,30.5,22
1992,10,17,13,NULO,26,23.5
1992,10,18,0.1,NULO,26,21
1992,10,19,6.5,NULO,26.5,20.5
1992,10,20,13.5,NULO,28,18
1992,10,21,15,NULO,25.5,18.5
1992,10,22,26.5,NULO,26.5,21
1992,10,23,135.5,NULO,24,20
1992,10,24,5,NULO,24,19
1992,10,25,0,NULO,26,19
1992,10,26,0,NULO,27.5,18
1992,10,27,0,NULO,28.5,20.5
1992,10,28,0,NULO,29,19.5
1992,10,29,0,NULO,28,15
1992,10,30,0,NULO,30,19
1992,10,31,0,NULO,31,21
1992,11,1,0,NULO,31,20
1992,11,2,0,NULO,31,22
1992,11,3,0.1,NULO,29.5,20
1992,11,4,11,NULO,23.5,16
1992,11,5,0,NULO,23.5,14
1992,11,6,3,NULO,20.5,14
1992,11,7,30,NULO,23,14.5
1992,11,8,0,NULO,24.5,12.5
1992,11,9,0,NULO,27.5,14.5
1992,11,10,0,NULO,29.5,19
1992,11,11,0,NULO,30,21
1992,11,12,15,NULO,29.5,17
1992,11,13,0,NULO,22.5,15.5
1992,11,14,6,NULO,21.5,16
1992,11,15,17,NULO,20.5,16
1992,11,16,1,NULO,19.5,16.5
1992,11,17,0,NULO,26,16.5
1992,11,18,0,NULO,27,17
1992,11,19,0,NULO,28,18.5
1992,11,20,0,NULO,26,20.5
1992,11,21,0,NULO,23,20
1992,11,22,0,NULO,21.5,16
1992,11,23,0,NULO,19.5,16.5
1992,11,24,0,NULO,27,15.5
1992,11,25,0,NULO,23.5,14.5
1992,11,26,12,NULO,16,13
1992,11,27,0,NULO,15,9
1992,11,28,0,NULO,20,9.5
1992,11,29,0,NULO,23.5,9.5
1992,11,30,0,NULO,26.5,14
1992,12,1,0,NULO,26.5,16.5
1992,12,2,0,NULO,23.5,13
1992,12,3,0,NULO,26.5,14
1992,12,4,0,NULO,25.5,17
1992,12,5,0.1,NULO,26.5,17.5
1992,12,6,0,NULO,19,13.5
1992,12,7,0,NULO,22,13.5
1992,12,8,0,NULO,23.5,15
1992,12,9,0,NULO,25.5,17.5
1992,12,10,0,NULO,25,17
1992,12,11,0,NULO,24.5,15
1992,12,12,0,NULO,30,14
1992,12,13,0,NULO,26,15
1992,12,14,0,NULO,25,16
1992,12,15,0,NULO,25,15
1992,12,16,0,NULO,22,13
1992,12,17,0,NULO,18.5,13.5
1992,12,18,0,NULO,24,11.5
1992,12,19,0,NULO,27,16
1992,12,20,5.5,NULO,28,18
1992,12,21,0,NULO,26,21
1992,12,22,0,NULO,26.5,17.5
1992,12,23,0,NULO,25.5,19
1992,12,24,12,NULO,22,19.5
1992,12,25,0.1,NULO,24,18.5
1992,12,26,0,NULO,19,18
1992,12,27,0,NULO,25,17
1992,12,28,0,NULO,25,17.5
1992,12,29,0,NULO,26,19
1992,12,30,0.1,NULO,27,19
1992,12,31,0,NULO,26,17.5
1993,1,1,2.5,NULO,23,17
1993,1,2,0,NULO,21,17
1993,1,3,0,NULO,26,16
1993,1,4,0,NULO,27.5,17
1993,1,5,0,NULO,24,17
1993,1,6,0,NULO,24,17
1993,1,7,0,NULO,27,17.5
1993,1,8,0,NULO,26,19
1993,1,9,0,NULO,26,19
1993,1,10,0,NULO,25,20
1993,1,11,0,NULO,24,16
1993,1,12,0.5,NULO,20,12
1993,1,13,0,NULO,21.5,15
1993,1,14,0,NULO,25.5,11
1993,1,15,0,NULO,22,15
1993,1,16,0,NULO,24,16
1993,1,17,0,NULO,27.5,15.5
1993,1,18,0,NULO,27.5,11.5
1993,1,19,0,NULO,28,16
1993,1,20,0,NULO,26,20.5
1993,1,21,0,NULO,22.5,17.5
1993,1,22,0,NULO,26.5,17
1993,1,23,0,NULO,26,18.5
1993,1,24,8.5,NULO,21,15
1993,1,25,0,NULO,20,10.5
1993,1,26,0,NULO,18.5,11
1993,1,27,0,NULO,20,10.5
1993,1,28,0.1,NULO,23,11
1993,1,29,0,NULO,25,13
1993,1,30,8,NULO,16,15
1993,1,31,4.5,NULO,19.5,12
1993,2,1,0,NULO,21,12
1993,2,2,1,NULO,23,15
1993,2,3,0,NULO,26.5,16
1993,2,4,0,NULO,27,17
1993,2,5,5,NULO,21,13
1993,2,6,1,NULO,18,12
1993,2,7,0,NULO,22,12
1993,2,8,0,NULO,24,10.5
1993,2,9,0,NULO,26.5,11
1993,2,10,0,NULO,29,14
1993,2,11,0,NULO,27.5,15.5
1993,2,12,0,NULO,25,15.5
1993,2,13,0,NULO,28,15.5
1993,2,14,0,NULO,27,17
1993,2,15,0,NULO,30,18
1993,2,16,0,NULO,27,18
1993,2,17,0,NULO,24.5,17.5
1993,2,18,4,NULO,23.5,16.5
1993,2,19,0,NULO,25,13.5
1993,2,20,0,NULO,27,13.5
1993,2,21,0,NULO,30.5,16
1993,2,22,0,NULO,31,17
1993,2,23,0,NULO,26.5,18.5
1993,2,24,0,NULO,27,19
1993,2,25,0,NULO,31,20
1993,2,26,0,NULO,22,20
1993,2,27,0.1,NULO,25,18
1993,2,28,0,NULO,25,18
1993,3,1,0,NULO,29.5,20
1993,3,2,0.1,NULO,28.5,20
1993,3,3,0,NULO,29.5,15.5
1993,3,4,0,NULO,28.5,13
1993,3,5,15,NULO,26.5,13
1993,3,6,1,NULO,20,12
1993,3,7,0,NULO,23,12
1993,3,8,0,NULO,27,15
1993,3,9,0,NULO,27,15
1993,3,10,0,NULO,29,14
1993,3,11,0,NULO,24.5,14
1993,3,12,0,NULO,30,10
1993,3,13,0,NULO,18.5,9.5
1993,3,14,0,NULO,17.5,10
1993,3,15,0,NULO,26,10
1993,3,16,0,NULO,30.5,13
1993,3,17,0,NULO,30,15.5
1993,3,18,0,NULO,29,18
1993,3,19,0,NULO,30,18
1993,3,20,0,NULO,27,19
1993,3,21,0,NULO,27,16
1993,3,22,0,NULO,27,16.5
1993,3,23,0,NULO,29,19
1993,3,24,0,NULO,30.5,20.5
1993,3,25,0,NULO,31.5,21
1993,3,26,0,NULO,31,20
1993,3,27,0,NULO,32,21
1993,3,28,0,NULO,34,22
1993,3,29,0,NULO,33.5,23.5
1993,3,30,0,NULO,36,22
1993,3,31,0,NULO,32.5,22.5
1993,4,1,0,NULO,30,18.5
1993,4,2,2.5,NULO,24,18
1993,4,3,0,NULO,28,18.5
1993,4,4,0,NULO,34,20.5
1993,4,5,0,NULO,30,20.5
1993,4,6,0,NULO,30,20
1993,4,7,0,NULO,34,21
1993,4,8,0,NULO,34.5,22.5
1993,4,9,0,NULO,29.5,20
1993,4,10,0,NULO,30.5,16
1993,4,11,0,NULO,31.5,17
1993,4,12,0,NULO,33,19.5
1993,4,13,0,NULO,35,20
1993,4,14,0,NULO,35.5,22
1993,4,15,0,NULO,27,22
1993,4,16,0,NULO,27.5,19
1993,4,17,0,NULO,28,19
1993,4,18,0,NULO,32,18.5
1993,4,19,0,NULO,32,19
1993,4,20,1.5,NULO,31,20
1993,4,21,0.1,NULO,25,21.5
1993,4,22,0,NULO,23.5,18.5
1993,4,23,0,NULO,31,15.5
1993,4,24,0,NULO,34,16
1993,4,25,0,NULO,34,20
1993,4,26,0,NULO,33,23.5
1993,4,27,0,NULO,33,22
1993,4,28,0,NULO,32,23.5
1993,4,29,0,NULO,32,23
1993,4,30,0.1,NULO,33,23.5
1993,5,1,0,NULO,33,23
1993,5,2,0,NULO,33,23
1993,5,3,0,NULO,33,23
1993,5,4,0,NULO,32.5,23
1993,5,5,0,NULO,34,23.5
1993,5,6,0,NULO,33,24
1993,5,7,5,NULO,33,24.5
1993,5,8,0,NULO,34,22
1993,5,9,0,NULO,35.5,23
1993,5,10,10,NULO,26,23
1993,5,11,0,NULO,30,20
1993,5,12,0,NULO,31,17
1993,5,13,1,NULO,31.5,17
1993,5,14,0,NULO,32,16
1993,5,15,0,NULO,33,19
1993,5,16,0,NULO,33.5,16
1993,5,17,0,NULO,32.5,20
1993,5,18,55,NULO,35,23
1993,5,19,0,NULO,31.5,20
1993,5,20,0,NULO,31,21
1993,5,21,0,NULO,29.5,23
1993,5,22,0,NULO,31.5,23
1993,5,23,0,NULO,34,23.5
1993,5,24,69,NULO,33,24
1993,5,25,3,NULO,27.5,19.5
1993,5,26,2.5,NULO,29,20
1993,5,27,0,NULO,30.5,20
1993,5,28,0,NULO,31,21
1993,5,29,0,NULO,34,21.5
1993,5,30,0,NULO,34,22
1993,5,31,0,NULO,34,22
1993,6,1,0,NULO,33,22.5
1993,6,2,0,NULO,34,21.5
1993,6,3,0,NULO,34,22
1993,6,4,0,NULO,34.5,23
1993,6,5,0,NULO,38,25
1993,6,6,0,NULO,34,25
1993,6,7,0,NULO,34,26
1993,6,8,0,NULO,34.5,26
1993,6,9,0,NULO,34,26
1993,6,10,28,NULO,31.5,24
1993,6,11,8.5,NULO,29,23.5
1993,6,12,24.5,NULO,27,22
1993,6,13,7,NULO,28,22
1993,6,14,50,NULO,28,23
1993,6,15,18.5,NULO,26,23
1993,6,16,2,NULO,30,22
1993,6,17,0,NULO,31.5,22.5
1993,6,18,0,NULO,32,23.5
1993,6,19,0,NULO,34,24
1993,6,20,2,NULO,31,24
1993,6,21,24,NULO,28,24
1993,6,22,18.5,NULO,28,24
1993,6,23,107,NULO,27,24
1993,6,24,17,NULO,28,23
1993,6,25,12,NULO,30,23.5
1993,6,26,24,NULO,28,22
1993,6,27,24,NULO,28,23
1993,6,28,26.5,NULO,28,23
1993,6,29,5,NULO,28.2,23.5
1993,6,30,5,NULO,28.5,24
1993,7,1,15,NULO,29,24
1993,7,2,10,NULO,30,23.5
1993,7,3,7,NULO,29,23.5
1993,7,4,0,NULO,35,23
1993,7,5,1,NULO,31,19
1993,7,6,25.5,NULO,36,19
1993,7,7,1.5,NULO,28,17
1993,7,8,7,NULO,27,21.5
1993,7,9,3.5,NULO,30,22
1993,7,10,31.5,NULO,29,23
1993,7,11,0,NULO,30,23
1993,7,12,0,NULO,31,23
1993,7,13,0,NULO,36,23.5
1993,7,14,0,NULO,32,24
1993,7,15,0,NULO,32,24
1993,7,16,0,NULO,32.5,24
1993,7,17,0,NULO,33,24.5
1993,7,18,0,NULO,33,24
1993,7,19,4,NULO,31.5,25
1993,7,20,0,NULO,32.5,23
1993,7,21,0,NULO,32,23.5
1993,7,22,0,NULO,32.5,24
1993,7,23,0,NULO,33,25
1993,7,24,0,NULO,33,24
1993,7,25,0,NULO,33.5,23
1993,7,26,0,NULO,33,23.5
1993,7,27,0,NULO,34,23
1993,7,28,0,NULO,33.5,22.5
1993,7,29,1.5,NULO,34,23.5
1993,7,30,0,NULO,34,24
1993,7,31,0,NULO,34,24
1993,8,1,0,NULO,33.5,24
1993,8,2,0,NULO,33.5,24
1993,8,3,0,NULO,32.5,24
1993,8,4,0,NULO,33.5,24.5
1993,8,5,0,NULO,33,25
1993,8,6,0,NULO,32,23
1993,8,7,0,NULO,33,23
1993,8,8,4,NULO,31.5,23.5
1993,8,9,0,NULO,32.5,23.5
1993,8,10,16,NULO,32,23
1993,8,11,0,NULO,31,22
1993,8,12,0,NULO,32,22
1993,8,13,0.1,NULO,32,23
1993,8,14,0,NULO,32,23
1993,8,15,0,NULO,32,23.5
1993,8,16,0.1,NULO,31,23.5
1993,8,17,11.5,NULO,31.5,23
1993,8,18,5.5,NULO,31,22.5
1993,8,19,0,NULO,30,23
1993,8,20,7,NULO,30,24
1993,8,21,4,NULO,28.5,23
1993,8,22,1.5,NULO,32,23
1993,8,23,0,NULO,31,23.5
1993,8,24,2,NULO,27,24
1993,8,25,8,NULO,32,23
1993,8,26,0,NULO,32,23
1993,8,27,0,NULO,32.5,22
1993,8,28,0,NULO,33,22.5
1993,8,29,0,NULO,31,23.5
1993,8,30,0,NULO,31,23.5
1993,8,31,2.5,NULO,29,23.5
1993,9,1,0,NULO,31,24
1993,9,2,0,NULO,33,24
1993,9,3,0,NULO,33,23.5
1993,9,4,0,NULO,33,23
1993,9,5,0,NULO,33,23
1993,9,6,0,NULO,32.5,23.5
1993,9,7,5,NULO,32.5,23
1993,9,8,1,NULO,29.5,23.5
1993,9,9,3.5,NULO,31,23
1993,9,10,15.5,NULO,28.5,23
1993,9,11,30,NULO,30,23
1993,9,12,0,NULO,30,22.5
1993,9,13,0,NULO,35,22.5
1993,9,14,0.1,NULO,33.5,24
1993,9,15,3,NULO,30,23.5
1993,9,16,0,NULO,29,21.5
1993,9,17,0,NULO,31.5,22.5
1993,9,18,0,NULO,32,22.5
1993,9,19,52.5,NULO,30,23
1993,9,20,10.6,NULO,30,23
1993,9,21,32,NULO,27,22.5
1993,9,22,25,NULO,28,22.5
1993,9,23,12,NULO,28,22
1993,9,24,0,NULO,28.5,22.5
1993,9,25,0,NULO,28,22.5
1993,9,26,0.1,NULO,31.5,22
1993,9,27,1.5,NULO,26,20
1993,9,28,1,NULO,23.5,20
1993,9,29,15,NULO,22.5,20
1993,9,30,16,NULO,23.5,19
1993,10,1,1,NULO,27,20
1993,10,2,1,NULO,29.5,20.5
1993,10,3,12,NULO,27,21.5
1993,10,4,0,NULO,29,21
1993,10,5,0,NULO,29,20
1993,10,6,0,NULO,29,21
1993,10,7,0,NULO,30.5,20.5
1993,10,8,0,NULO,32,20.5
1993,10,9,0,NULO,32,21
1993,10,10,0,NULO,29.5,22
1993,10,11,0,NULO,33,22
1993,10,12,0,NULO,31.5,22.5
1993,10,13,0,NULO,33,22.5
1993,10,14,0,NULO,32,23
1993,10,15,0,NULO,32,23
1993,10,16,0,NULO,32.5,22
1993,10,17,0,NULO,33,23
1993,10,18,0,NULO,33.5,24
1993,10,19,0,NULO,33.5,24
1993,10,20,188,NULO,33.5,20
1993,10,21,0,NULO,26,20
1993,10,22,0,NULO,22.5,18.5
1993,10,23,0,NULO,24,16
1993,10,24,0,NULO,25,16
1993,10,25,0,NULO,24,16
1993,10,26,0,NULO,27,11.5
1993,10,27,0,NULO,27.5,12
1993,10,28,0,NULO,27,16
1993,10,29,0,NULO,30,13
1993,10,30,1,NULO,29.5,12.5
1993,10,31,0,NULO,31,10
1993,11,1,0,NULO,21,6
1993,11,2,0,NULO,25,10
1993,11,3,0,NULO,23,10
1993,11,4,0,NULO,30,14
1993,11,5,0,NULO,31,18
1993,11,6,4,NULO,26.5,13.5
1993,11,7,0,NULO,22,12
1993,11,8,0,NULO,26,12
1993,11,9,49,NULO,26,16.5
1993,11,10,6,NULO,23,20
1993,11,11,0,NULO,27.5,18.5
1993,11,12,0,NULO,28,18.5
1993,11,13,0,NULO,28.5,19
1993,11,14,0,NULO,30,21
1993,11,15,0,NULO,30,22.5
1993,11,16,0,NULO,30,22
1993,11,17,8.5,NULO,23.5,20.5
1993,11,18,0,NULO,25.5,17
1993,11,19,5,NULO,29,17.5
1993,11,20,0,NULO,19,16
1993,11,21,0,NULO,18.5,15.5
1993,11,22,0.1,NULO,19,15
1993,11,23,0,NULO,27,15
1993,11,24,0,NULO,27.5,17
1993,11,25,0.5,NULO,25.5,13.5
1993,11,26,5.5,NULO,18,13.5
1993,11,27,0,NULO,23.5,10
1993,11,28,0,NULO,19,10
1993,11,29,0,NULO,23,10.5
1993,11,30,0,NULO,23,11
1993,12,1,0,NULO,27.5,16
1993,12,2,0,NULO,27.5,17.5
1993,12,3,0,NULO,27,16.5
1993,12,4,0,NULO,21.5,18
1993,12,5,0,NULO,26,16.5
1993,12,6,1,NULO,28.5,16.5
1993,12,7,0.1,NULO,26.5,16
1993,12,8,0.5,NULO,28,19
1993,12,9,0,NULO,28,17.5
1993,12,10,0,NULO,26,17
1993,12,11,0,NULO,24.5,17
1993,12,12,0,NULO,26,17
1993,12,13,0,NULO,27.5,17
1993,12,14,0,NULO,24,17
1993,12,15,2.5,NULO,24,17
1993,12,16,0,NULO,26.5,17.5
1993,12,17,0,NULO,27,19.5
1993,12,18,0,NULO,26.5,19
1993,12,19,0,NULO,27,19
1993,12,20,1.5,NULO,27.5,18
1993,12,21,0,NULO,20.5,17.5
1993,12,22,1,NULO,27,13
1993,12,23,0,NULO,16,9.5
1993,12,24,2.5,NULO,15,10
1993,12,25,0,NULO,16,9
1993,12,26,0,NULO,21,8
1993,12,27,0,NULO,24,8.5
1993,12,28,0,NULO,24.5,10
1993,12,29,4,NULO,23,13
1993,12,30,10.5,NULO,23,11
1993,12,31,0.1,NULO,13,10
1994,1,1,0,0.85,24,11
1994,1,2,0,0.98,22,13
1994,1,3,0,2.26,22,13
1994,1,4,0,1.75,24.5,11
1994,1,5,0,1.58,24.5,10
1994,1,6,0,2.85,26,12.5
1994,1,7,0,2.92,23.5,13.5
1994,1,8,0,2.15,20,11
1994,1,9,0,1.32,22.5,7
1994,1,10,0,2.06,20.5,7
1994,1,11,0.1,2.14,25.5,11
1994,1,12,0,1.99,26,14
1994,1,13,0,0.5,21,17
1994,1,14,0,2.3,24,13.5
1994,1,15,0,3.3,24.5,12
1994,1,16,0,3.02,24.5,11
1994,1,17,0.1,2.8,24.5,15
1994,1,18,1,0.21,17,13.5
1994,1,19,0,0.25,22,13
1994,1,20,8,3.36,20,13.5
1994,1,21,3,0.42,22,13.5
1994,1,22,6,1.63,23,18
1994,1,23,3,1.79,20,18
1994,1,24,4,4.37,24,18
1994,1,25,0,3.33,26.5,18
1994,1,26,0,1.95,26.5,19
1994,1,27,0,1.35,26,19
1994,1,28,0,2.04,25,19
1994,1,29,1,1.76,26,15
1994,1,30,1.5,1.04,26,10.5
1994,1,31,10,0.99,14,10.5
1994,2,1,7.5,1,13.5,11
1994,2,2,1,0.25,12,8
1994,2,3,0,2.24,22,8
1994,2,4,0,2.21,25.5,12
1994,2,5,0,3.59,27,16.5
1994,2,6,0,1.13,26,12.5
1994,2,7,0,4.27,27.5,15
1994,2,8,0,3.34,28,18
1994,2,9,0,2.92,32,15.5
1994,2,10,0.1,1.39,20,15
1994,2,11,0,2.3,24,12.5
1994,2,12,0,8.29,26,13
1994,2,13,0.1,1.6,19,14
1994,2,14,0,3.45,19,12
1994,2,15,7,2.76,25,12.5
1994,2,16,3.5,1.18,21,15
1994,2,17,0,2.33,23.5,18
1994,2,18,0,3.07,26,18
1994,2,19,0,3.06,26.5,17
1994,2,20,0,2.85,28.5,18
1994,2,21,0,4.56,29,18.5
1994,2,22,0,3.43,29.5,19
1994,2,23,0,4.06,26,18
1994,2,24,0,2.66,22,16
1994,2,25,0.5,3.54,27,16
1994,2,26,1,4.9,23,16
1994,2,27,1,2,19,14
1994,2,28,0,0.1,27,14
1994,3,1,0,3.15,30,17
1994,3,2,0,3.82,24.5,17
1994,3,3,0,3.98,26,12.5
1994,3,4,0,3.58,27.5,12
1994,3,5,0,2.5,29,13
1994,3,6,0,3.37,29,11
1994,3,7,0,4.8,28.5,15
1994,3,8,0,3.25,30.5,16
1994,3,9,0,3.9,23,13
1994,3,10,0,5.65,21.5,13
1994,3,11,0,2.56,22,10
1994,3,12,0,2.97,24.5,10.5
1994,3,13,3.5,0.97,23,13
1994,3,14,0,3.23,27,16
1994,3,15,0,0.42,27,20
1994,3,16,0,3.65,22.5,17
1994,3,17,0,4.9,27,15.5
1994,3,18,0,5.5,30,15.5
1994,3,19,0,5.2,30,16.5
1994,3,20,0,4.6,31.5,18
1994,3,21,0,2.17,29,21
1994,3,22,0,4.68,30,21
1994,3,23,0,5.05,32.5,20
1994,3,24,0,4.21,33,21
1994,3,25,0,3.91,29,23
1994,3,26,0,4.92,31.5,21
1994,3,27,0,6.64,36.5,21
1994,3,28,0,4.96,23,20
1994,3,29,0,1.7,21,16
1994,3,30,1,1.32,21,16
1994,3,31,1,1.32,22,17
1994,5,1,3,0.73,26,20.5
1994,5,2,0,3.2,29,19.5
1994,5,3,0,4.02,29.5,20.5
1994,5,4,0,4.55,30.5,24
1994,5,5,1.5,6.61,30.5,24
1994,5,6,0,8.86,33,24.5
1994,5,7,0,5.9,33,22.5
1994,5,8,0,6.4,32,23
1994,5,9,0,3.75,32,23
1994,5,10,0,2.52,31,23
1994,5,11,9,6.18,33.5,23.5
1994,5,12,1.5,5.05,32.5,24
1994,5,13,0.1,5,33,24
1994,5,14,0,4.28,34,24
1994,5,15,8,2.73,31.5,22
1994,5,16,0,7.53,32,21
1994,5,17,0,4.49,33,21
1994,5,18,0,4.85,32,21.5
1994,5,19,1,3.35,31,24
1994,5,20,0,5.5,30.5,21
1994,5,21,0,7.52,35,22
1994,5,22,0,4.3,32,22.5
1994,5,23,0,5.1,31.5,21.5
1994,5,24,0,6.63,33,21
1994,5,25,0,7.05,33.5,20.5
1994,5,26,0,4.6,35,21
1994,5,27,0,6.4,34.5,22.5
1994,5,28,0,6,33,25
1994,5,29,0,7.56,34,24
1994,5,30,0,5.1,38,22.5
1994,5,31,0,6.7,35.5,23
1994,6,1,0,6.54,29.5,23
1994,6,2,0,4.59,35,23
1994,6,3,0,6.85,35,23
1994,6,4,0,6.89,35,23.5
1994,6,5,0,6.45,36,24
1994,6,6,0,7.58,31,24.5
1994,6,7,0,1.1,37,25
1994,6,8,0,4.7,36,26.5
1994,6,9,0,8.2,36,22
1994,6,10,0,4.95,33,26.5
1994,6,11,44,3.19,37,26
1994,6,12,25,2.71,27,23
1994,6,13,64,2.68,27,23
1994,6,14,5,2.5,28,23
1994,6,15,0,2.54,28.5,24
1994,6,16,0,1.08,30,23.5
1994,6,17,0,4.47,32,24
1994,6,18,0,5.14,31,23
1994,6,19,0,5.56,32.5,23
1994,6,20,0,6.12,32,19.5
1994,6,21,0,5.96,33,23
1994,6,22,0,6.65,34,24
1994,6,23,2.5,4.98,34,25
1994,6,24,0,3.87,34,24
1994,6,25,0,3.87,29,24
1994,6,26,2,6.11,29,23.5
1994,6,27,0,4.95,33,23.5
1994,6,28,0,2.68,33,24
1994,6,29,0,4.86,33,24
1994,6,30,0,6.62,35,23
1994,8,1,41,12.09,32,25
1994,8,2,0,4.06,34,22
1994,8,3,35,NULO,30.5,22
1994,8,4,7.5,5.95,31,23
1994,8,5,19.5,2.25,27,23
1994,8,6,0,4.3,32,23
1994,8,7,0,6,32.5,23
1994,8,8,0,4.5,33,23
1994,8,9,6,8.6,32,24
1994,8,10,10,NULO,30,22
1994,8,11,9,7.17,28.5,22
1994,8,12,12.5,6.39,31.5,22.5
1994,8,13,1.5,2.27,30.5,23
1994,8,14,28,7.61,30.5,22
1994,8,15,2,3.97,31,22
1994,8,16,0,5.13,33,23
1994,8,17,0,7.05,33,23
1994,8,18,0,4.62,33,24
1994,8,19,0,4.4,33,22.5
1994,8,20,0,3.71,32.5,23.5
1994,8,21,0,5.61,34,23.5
1994,8,22,0,5.54,33.5,24
1994,8,23,21,10.65,33,24.5
1994,8,24,0,1.74,32,24
1994,8,25,0,2.75,31.5,23
1994,8,26,2.5,5.63,30.5,23.5
1994,8,27,0,5.08,30.5,23
1994,8,28,0,5.36,31,23
1994,8,29,12.5,2.56,33,22.5
1994,8,30,44,5.15,32,22
1994,8,31,24,5.91,32,22
1994,9,1,29,4.62,29,23
1994,9,2,15,3.32,26,22.5
1994,9,3,6.5,3.48,32,20
1994,9,4,8.5,4.04,33,20.5
1994,9,5,0,5.17,31.5,21
1994,9,6,20,4.84,32,21
1994,9,7,0,6.73,32,23
1994,9,8,0,5.6,32,22
1994,9,9,6.5,4.46,33,22.5
1994,9,10,4,4.95,31,22
1994,9,11,2,2.9,30,22.5
1994,9,12,22,3.49,29,22.5
1994,9,13,3.5,4.43,31.5,23
1994,9,14,0,5.87,31,23
1994,9,15,0,5.31,32,23.5
1994,9,16,30,7.4,31.5,23.5
1994,9,17,6.5,2.74,26.5,23
1994,9,18,11.5,3.09,28,23
1994,9,19,0,4.62,31,21.5
1994,9,20,0,5.86,30.5,21.5
1994,9,21,0,6.74,32,21.5
1994,9,22,0,3,32,21.5
1994,9,23,6.5,1.15,26.5,22.5
1994,9,24,0,4.1,32,22
1994,9,25,0,7.24,32,22.5
1994,9,26,22.5,10.38,30,22.5
1994,9,27,0.1,3.82,31.5,20.5
1994,9,28,0,5.72,30.5,21
1994,9,29,0.1,3.21,30,21
1994,9,30,0,3.1,30.5,21
1994,10,1,0,5.44,32,23
1994,10,2,0,4.25,34,23.5
1994,10,3,0,2.63,33.5,23.5
1994,10,4,1,0.52,27.5,24
1994,10,5,2,1.33,25.5,24
1994,10,6,0,6.39,32,22
1994,10,7,0,2.05,33.5,21.5
1994,10,8,11.5,5.65,33.5,19.6
1994,10,9,7.5,1.4,25,18.5
1994,10,10,0,1.53,23.5,16
1994,10,11,0,4.65,25,16
1994,10,12,0,3.8,27,16
1994,10,13,0.1,0.93,27,17
1994,10,14,0,1.36,31,17
1994,10,15,0,2.66,31,21
1994,10,16,0,3.31,32,22
1994,10,17,3,2,32.5,23
1994,10,18,0.1,3.4,31,23
1994,10,19,0,1.02,32.5,23
1994,10,20,0,3.71,31,22
1994,10,21,0,4.82,32.5,22
1994,10,22,0,2.7,34,22
1994,10,23,0,2.88,32,23
1994,10,24,0,2.63,32,23
1994,10,25,0.1,3.14,32.5,22
1994,10,26,0,2.14,28,22.5
1994,10,27,0.1,0.07,27,19
1994,10,28,0,4.23,27,19.5
1994,10,29,0,3.25,31,20
1994,10,30,1.5,4.09,32,21
1994,11,1,0,3,30,21
1994,11,2,0,4.54,32,21.5
1994,11,3,0,4.09,32,21.5
1994,11,4,0,4.04,32.5,23
1994,11,5,0.1,3.95,31.5,23
1994,11,6,10.5,2.5,27.5,22.5
1994,11,7,2,3.16,30,22
1994,11,8,0,2.74,31,20.5
1994,11,9,0,3.18,31,19.5
1994,11,10,6,3.65,30.5,19.5
1994,11,11,0,1.64,28.5,19.5
1994,11,12,0,4.52,30,19.5
1994,11,13,0,1.87,30.5,15
1994,11,14,0,3.98,29.5,19
1994,11,15,0,2.1,29,19
1994,11,16,0,3.78,27,17.5
1994,11,17,0,1.62,30,17
1994,11,18,0,4.25,30,18
1994,11,19,0,2.2,30,20.5
1994,11,20,0,1.69,31,20
1994,11,21,0,3.61,30,20
1994,11,22,0,2.07,30.5,19
1994,11,23,3,1.37,26,19
1994,11,24,6,2.46,22,16
1994,11,25,0,0.3,29,15
1994,11,26,0,6.79,29,15
1994,11,27,0,2.89,30,19
1994,11,28,0,7.48,25,20
1994,11,29,20,3.39,24,16
1994,11,30,0,0.85,21.5,14
1994,12,1,0,0.77,21.5,14
1994,12,2,0,6.01,28,16.5
1994,12,3,0,1.1,29.5,18
1994,12,4,0,2.54,30,18
1994,12,5,0,6.11,24,18.5
1994,12,6,4.5,0.65,29,20.5
1994,12,7,0,2.73,30.5,22
1994,12,8,0,1.62,30,22
1994,12,9,0,3,30,20.5
1994,12,10,3,5.8,21,16
1994,12,11,0,0.58,21,13
1994,12,12,0,1.66,20.5,11.5
1994,12,13,0.1,1.59,25.5,11
1994,12,14,0,NULO,28,11
1994,12,15,0,2.65,29,15
1994,12,16,0,2.47,28,21
1994,12,17,0,2.49,27,20
1994,12,18,4.5,1.01,22,19
1994,12,19,1,0.13,22.5,16.5
1994,12,20,0,1.37,28,16.5
1994,12,21,4,0.95,26,19
1994,12,22,0,0.12,29,18.5
1994,12,23,0,2.1,22,17
1994,12,24,0,2.8,20.5,15.5
1994,12,25,0,0.4,19,12.5
1994,12,26,0,1.17,23,13
1994,12,27,0,2.65,22,13
1994,12,28,0,2.92,27.5,15.5
1994,12,29,0.1,1.27,24,13
1994,12,30,0,1.47,28,16
1994,12,31,0,4.39,28,17
1995,1,1,3.5,NULO,19,17
1995,1,2,0,NULO,18.5,15
1995,1,3,1,NULO,20.5,14
1995,1,4,0.1,0.01,15.5,12
1995,1,5,0,NULO,19,9.5
1995,1,6,0,NULO,21,9.5
1995,1,7,0,NULO,24,10
1995,1,8,0,NULO,24,9.5
1995,1,9,0,NULO,25,10
1995,1,10,0,NULO,28,14
1995,1,11,0,NULO,28.5,18
1995,1,12,0,NULO,29.5,20.5
1995,1,13,0,NULO,27.5,20
1995,1,14,0,NULO,26.5,15.5
1995,1,15,0,NULO,27.5,13
1995,1,16,0,NULO,27.5,14
1995,1,17,0,NULO,25,14
1995,1,18,0,NULO,31.5,12
1995,1,19,0,NULO,20,16
1995,1,20,0,NULO,20,16
1995,1,21,0,NULO,24.5,15.5
1995,1,22,0.1,NULO,27,16
1995,1,23,5.5,NULO,20.5,17
1995,1,24,2.5,NULO,28,13.5
1995,1,25,0.1,NULO,21,14
1995,1,26,1,NULO,25,15.5
1995,1,27,0,NULO,29,18
1995,1,28,0,NULO,27.5,19
1995,1,29,4.5,NULO,25,15
1995,1,30,0,NULO,18,13.5
1995,1,31,0,NULO,28,12
1995,2,1,0,NULO,24.1,11.5
1995,2,2,0,NULO,26.5,11.5
1995,2,3,0,NULO,29,11.5
1995,2,4,0,NULO,23,15.5
1995,2,5,0,NULO,27,13
1995,2,6,0,NULO,22,13.5
1995,2,7,0,NULO,27.5,14
1995,2,8,0,NULO,23,14
1995,2,9,0,NULO,25.5,14
1995,2,10,0,NULO,28,14.5
1995,2,11,0,NULO,32,16
1995,2,12,0,NULO,25,20
1995,2,13,0,NULO,29,19.5
1995,2,14,0,NULO,30,20
1995,2,15,0,NULO,29.5,20
1995,2,16,0,NULO,29.5,20
1995,2,17,11.5,NULO,20.5,17.5
1995,2,18,1.5,NULO,20,14
1995,2,19,0,NULO,23,14.5
1995,2,20,0,NULO,25,17.5
1995,2,21,0,NULO,27.5,14.5
1995,2,22,0,NULO,26.5,13.5
1995,2,23,0,NULO,28,13.5
1995,2,24,0,NULO,24,14.5
1995,2,25,9.5,NULO,25,17
1995,2,26,0,NULO,27,16.5
1995,2,27,8,NULO,29,17
1995,2,28,0,NULO,29,18
1995,3,1,6.5,NULO,23,19.5
1995,3,2,9.5,NULO,22,17
1995,3,3,4,NULO,18,15.5
1995,3,4,0,NULO,22.5,14.5
1995,3,5,0,NULO,26,15
1995,3,6,0,NULO,29.5,15.5
1995,3,7,0,NULO,33.5,15
1995,3,8,0,NULO,22,14
1995,3,9,0,NULO,21.5,10
1995,3,10,0,NULO,24,9
1995,3,11,0,NULO,27,15.5
1995,3,12,0,NULO,29,16
1995,3,13,0,NULO,32,18
1995,3,14,0,NULO,31,18
1995,3,15,0,NULO,30,18
1995,3,16,0,NULO,28,16.5
1995,3,17,0,NULO,29,16.5
1995,3,18,0,NULO,30.5,16
1995,3,19,0,NULO,31,14
1995,3,20,0,NULO,31.5,16
1995,3,21,0,NULO,33.5,19.5
1995,3,22,0,NULO,32,20
1995,3,23,0,NULO,32,20
1995,3,24,0,NULO,34,20
1995,3,25,0,NULO,34,22.5
1995,3,26,0,NULO,32.5,22
1995,3,27,0,NULO,31,23
1995,3,28,0,NULO,29,22.5
1995,3,29,1,NULO,27,18
1995,3,30,0,NULO,24.5,15
1995,3,31,0,NULO,22.5,12.5
1995,4,1,9,NULO,22,16.5
1995,4,2,4,NULO,21.5,16.5
1995,4,3,0.1,NULO,24.5,16.5
1995,4,4,2.5,NULO,30,19
1995,4,5,0,NULO,27.5,21
1995,4,6,0,NULO,30.5,19.5
1995,4,7,0,NULO,28.5,18
1995,4,8,0,NULO,31,18.5
1995,4,9,0,NULO,34,20.5
1995,4,10,0,NULO,38.5,21
1995,4,11,0,NULO,30,19
1995,4,12,0,NULO,31,17
1995,4,13,0,NULO,29.5,17
1995,4,14,0,NULO,27,20.5
1995,4,15,0,NULO,35,21.5
1995,4,16,0,NULO,34,22
1995,4,17,0,NULO,36,22
1995,4,18,0,NULO,34,22.5
1995,4,19,0,NULO,37,23
1995,4,20,0,NULO,42,23
1995,4,21,0,NULO,36,23
1995,4,22,0,NULO,37,24
1995,4,23,1,NULO,25.5,19.5
1995,4,24,0,NULO,26.5,18
1995,4,25,0,NULO,24,19
1995,4,26,0,NULO,30,19
1995,4,27,11,NULO,30,19.5
1995,4,28,0,NULO,32,20
1995,4,29,0,NULO,33,21
1995,4,30,0,NULO,34,21.5
1995,5,1,0,NULO,36.5,23
1995,5,2,0,NULO,31,23
1995,5,3,0,NULO,33,22
1995,5,4,0,NULO,36,22.5
1995,5,5,0,NULO,35,24
1995,5,6,0,NULO,35,22.5
1995,5,7,0,NULO,35.5,23
1995,5,8,0,NULO,41,24
1995,5,9,0,NULO,37.5,24
1995,5,10,0,NULO,36,24
1995,5,11,0,NULO,36,23.5
1995,5,12,0,NULO,39,24
1995,5,13,0,NULO,42.5,25
1995,5,14,0,NULO,38,24.5
1995,5,15,0,NULO,32,25
1995,5,16,0,NULO,36.5,25
1995,5,17,0,NULO,34,24
1995,5,18,0,NULO,36,24.5
1995,5,19,0,NULO,34,26
1995,5,20,0,NULO,32,25
1995,5,21,0,NULO,34,25
1995,5,22,0,NULO,35.5,25
1995,5,23,0,NULO,35.5,25.5
1995,5,24,0,NULO,35,25
1995,5,25,0,NULO,37,25
1995,5,26,0,NULO,34,24
1995,5,27,0,NULO,36,24
1995,5,28,0,NULO,35,25
1995,5,29,0,NULO,35.5,25.5
1995,5,30,0,NULO,34.5,24
1995,5,31,0,NULO,34,24
1995,6,1,0,6.64,37.5,24
1995,6,2,0,6.47,37,24
1995,6,3,0,6.26,37.5,24.5
1995,6,4,0,8.74,37,24
1995,6,5,0,6.97,37,24.5
1995,6,6,0,8.07,38.5,24.5
1995,6,7,0,6.93,40,26
1995,6,8,0,6.87,38,26
1995,6,9,0,5.7,38,27
1995,6,10,0,5.7,37,26.5
1995,6,11,0.1,6.37,38,25.5
1995,6,12,0,3.18,33,23.5
1995,6,13,0,5.36,32.5,23
1995,6,14,0,5.87,34,22.5
1995,6,15,0,6.18,35.5,22
1995,6,16,0,5.27,33.5,22
1995,6,17,0,3.83,31.5,22
1995,6,18,0,1.2,33,23.5
1995,6,19,18,3.4,32.5,24
1995,6,20,0.1,5.84,31.5,22.5
1995,6,21,0,4.5,32,23.5
1995,6,22,0,5.03,32.5,24
1995,6,23,0,4.36,33,25
1995,6,24,0,5.9,35,23.5
1995,6,25,0,8.1,36,23.5
1995,6,26,1,6.38,36,24
1995,6,27,0,7.99,36,24
1995,6,28,41,7.74,35.5,25
1995,6,29,5.5,4.45,31,25
1995,6,30,0.1,4.04,34,24
1995,7,1,0.1,NULO,30,23
1995,7,2,0,NULO,35,23.5
1995,7,3,0,NULO,35,24
1995,7,4,0,NULO,37,20
1995,7,5,0,NULO,35,24
1995,7,6,18,NULO,32.5,24
1995,7,7,4.5,NULO,30,22
1995,7,8,37,NULO,31.5,22.5
1995,7,9,0,NULO,32.5,23
1995,7,10,3.5,NULO,32,23
1995,7,11,0,NULO,30,23.5
1995,7,12,6,NULO,30,23.5
1995,7,13,2,NULO,32,23.5
1995,7,14,32,NULO,26,23
1995,7,15,0,NULO,32,23
1995,7,16,22.5,NULO,37,23
1995,7,17,2,NULO,29,22.5
1995,7,18,0,NULO,33,22.5
1995,7,19,0,NULO,34,23
1995,7,20,0,NULO,34,24
1995,7,21,0.1,NULO,34,24
1995,7,22,0,NULO,33.5,24
1995,7,23,0,NULO,34,24.5
1995,7,24,40,NULO,32,25
1995,7,25,8,NULO,32.5,24
1995,7,26,0,NULO,32.5,23.5
1995,7,27,0,NULO,32.5,23.5
1995,7,28,0,NULO,33,23.5
1995,7,29,0,NULO,34,23.5
1995,7,30,0,NULO,34,24
1995,7,31,0,NULO,35,24
1995,8,1,0,NULO,35,24
1995,8,2,0,NULO,35,24
1995,8,3,0,NULO,35,24
1995,8,4,0,NULO,35,24
1995,8,5,15,NULO,33,24.5
1995,8,6,47,NULO,27,24
1995,8,7,34,NULO,27,23
1995,8,8,15,NULO,27.5,23
1995,8,9,0.1,NULO,31,23.5
1995,8,10,0.1,NULO,31,24
1995,8,11,8,NULO,28.5,24
1995,8,12,1,NULO,31,24
1995,8,13,17.5,NULO,31,19.5
1995,8,14,8,NULO,32,20
1995,8,15,20.1,NULO,32,23
1995,8,16,17,NULO,27.5,23.5
1995,8,17,0,NULO,31.5,23.5
1995,8,18,7.5,NULO,30,23.5
1995,8,19,42,NULO,29,23.5
1995,8,20,7.5,NULO,30,22.5
1995,8,21,0,NULO,32.5,23
1995,8,22,0,NULO,33,23
1995,8,23,9.5,NULO,33.5,24
1995,8,24,0,NULO,32,23.5
1995,8,25,0,NULO,33,24
1995,8,26,0,NULO,34,24
1995,8,27,0,NULO,33,25
1995,8,28,1,NULO,31,24.5
1995,8,29,40,NULO,32.5,24.5
1995,8,30,0,NULO,31.5,24.5
1995,8,31,0,NULO,33,24
1995,9,1,1,NULO,32,24
1995,9,2,0,NULO,31,23
1995,9,3,0,NULO,31,23
1995,9,4,26,NULO,33.5,19
1995,9,5,1.5,NULO,32,19.5
1995,9,6,0,NULO,32,23.5
1995,9,7,0,NULO,33.5,23
1995,9,8,0,NULO,33,22.5
1995,9,9,0,NULO,32.5,22.5
1995,9,10,2,NULO,33,22.5
1995,9,11,18,NULO,30,22.5
1995,9,12,0,NULO,30.5,23
1995,9,13,0,NULO,34.5,24
1995,9,14,24.5,NULO,34,24
1995,9,15,0,NULO,33,22.5
1995,9,16,4,NULO,34,24
1995,9,17,0,NULO,34,24
1995,9,18,0,NULO,34.5,24
1995,9,19,0,NULO,34.5,24
1995,9,20,3.5,NULO,34,24
1995,9,21,0,NULO,33.5,24
1995,9,22,0.1,NULO,30,19.5
1995,9,23,0,NULO,31,17.5
1995,9,24,0,NULO,31,18
1995,9,25,0,NULO,34,19
1995,9,26,0,NULO,34,22.5
1995,9,27,11,NULO,33.5,24
1995,9,28,0,NULO,34,24.5
1995,9,29,0,NULO,33.5,23.5
1995,9,30,0,NULO,33,23
1995,10,1,0,NULO,32,23
1995,10,2,0,NULO,34,24
1995,10,3,0,NULO,33,24
1995,10,4,0,NULO,33,21.5
1995,10,5,0,NULO,35,21
1995,10,6,23,NULO,28,21.5
1995,10,7,0,NULO,29,21
1995,10,8,0,NULO,31.5,21
1995,10,9,0,NULO,31.5,20.5
1995,10,10,0,NULO,31,20
1995,10,11,0,NULO,29,15.5
1995,10,12,2.5,NULO,24,20
1995,10,13,0,NULO,30,20
1995,10,14,0,NULO,30,22
1995,10,15,0,NULO,28,18
1995,10,16,0,NULO,28,18
1995,10,17,0,NULO,30,21
1995,10,18,0,NULO,30,19.5
1995,10,19,0,NULO,33,21
1995,10,20,2,NULO,29,23
1995,10,21,0,NULO,28,19
1995,10,22,0,NULO,39,18
1995,10,23,0,NULO,30,18
1995,10,24,15,NULO,24.5,20
1995,10,25,0,NULO,29.5,22
1995,10,26,0,NULO,32,20.5
1995,10,27,1.5,NULO,31,20
1995,10,28,16,NULO,30,23
1995,10,29,24,NULO,25,22
1995,10,30,0,NULO,30.5,21
1995,10,31,0,NULO,30,22
1995,11,1,0,NULO,33,23
1995,11,2,0,NULO,33,23
1995,11,3,11,0.02,29,19
1995,11,4,10,0.02,29,15
1995,11,5,0,NULO,29,13.5
1995,11,6,0,NULO,27,16.5
1995,11,7,0,NULO,28.5,19
1995,11,8,0,NULO,26.5,21
1995,11,9,0,NULO,28,20
1995,11,10,0,NULO,31,19
1995,11,11,0.1,NULO,29,16.5
1995,11,12,0,NULO,25,15
1995,11,13,0,NULO,29,16
1995,11,14,0,NULO,28,17
1995,11,15,0,NULO,27,18
1995,11,16,0,NULO,27.5,20
1995,11,17,0,NULO,28.5,20
1995,11,18,10.5,NULO,23,19
1995,11,19,0,NULO,21.5,18
1995,11,20,0,NULO,27,18
1995,11,21,0.1,NULO,22,19
1995,11,22,0,NULO,22,18
1995,11,23,0,NULO,29,17.5
1995,11,24,0,NULO,29,17
1995,11,25,0,NULO,26.5,16
1995,11,26,0,NULO,26,16.5
1995,11,27,0,NULO,28,15
1995,11,28,0,NULO,27.5,14
1995,11,29,0,NULO,27.5,13.5
1995,11,30,0,NULO,22,13.5
1995,12,1,0,NULO,28,18
1995,12,2,0,NULO,28.5,18.5
1995,12,3,0,NULO,28.5,18.5
1995,12,4,0,NULO,29,21
1995,12,5,0,NULO,29.5,20
1995,12,6,0,NULO,29,20
1995,12,7,0,NULO,28,19
1995,12,8,0,NULO,21.5,19
1995,12,9,1,NULO,23,15
1995,12,10,0,NULO,19.5,12
1995,12,11,0,NULO,21.5,12
1995,12,12,0,NULO,21,14
1995,12,13,0,NULO,27,15
1995,12,14,0,NULO,26,16.5
1995,12,15,0,NULO,28,18.5
1995,12,16,0,NULO,27.5,19
1995,12,17,0,NULO,29,20
1995,12,18,0,NULO,26,17
1995,12,19,0,NULO,20,17
1995,12,20,0,NULO,20,16
1995,12,21,0,NULO,20,16
1995,12,22,0,NULO,16,14
1995,12,23,0.5,NULO,16,11
1995,12,24,0,NULO,17,10
1995,12,25,3,NULO,16,10
1995,12,26,11,NULO,15,10.5
1995,12,27,13.5,NULO,15,11
1995,12,28,6.5,NULO,24,12
1995,12,29,0.1,NULO,19,12.5
1995,12,30,1,NULO,19,12.5
1995,12,31,0,NULO,26,16
1996,1,1,0,3.83,31,15
1996,1,2,0,3.24,17,13
1996,1,3,0,0.38,15.5,9
1996,1,4,0,3.1,22.5,9
1996,1,5,0,1.14,26,9.5
1996,1,6,0.1,1.43,24,10
1996,1,7,0.1,0.29,22,9.5
1996,1,8,0,3.24,17,8
1996,1,9,0,1.98,21,6
1996,1,10,0.5,1.54,25,7
1996,1,11,0,4.69,24.5,8
1996,1,12,0,2.12,22.5,11
1996,1,13,0,2.7,25,6.5
1996,1,14,0,0.43,26,6.5
1996,1,15,0,3.54,24.5,9
1996,1,16,0,2.49,25,9.5
1996,1,17,0,2.87,28,12.5
1996,1,18,0,2.63,28,13
1996,1,19,0,2.76,18.5,11
1996,1,20,0,2.48,25,10.5
1996,1,21,2.5,1.27,20,12.5
1996,1,22,0,3.31,27,14.5
1996,1,23,0,1.9,28,14
1996,1,24,0,0.78,22,15
1996,1,25,0,4.11,25.5,12
1996,1,26,0,4.15,29,12
1996,1,27,8,1.35,20,15
1996,1,28,0,2.21,24,13
1996,1,29,0,0.72,25,13.5
1996,1,30,0,3.03,28.5,14.5
1996,1,31,0,2.23,24.5,17.5
1996,2,1,0,2.41,24.5,17
1996,2,2,0.1,1.36,18,13
1996,2,3,1,1.47,18,8.5
1996,2,4,0,0.37,14,6
1996,2,5,0,0.3,19,6.5
1996,2,6,0,3.15,21.5,6
1996,2,7,0,2.42,25,9
1996,2,8,0,3.98,25.5,10
1996,2,9,0,1,27,10
1996,2,10,0,2.35,21,12.5
1996,2,11,3,3.55,27,14
1996,2,12,2,2.72,17.5,12
1996,2,13,0,2.04,21,11
1996,2,14,0,3.12,26,12
1996,2,15,0,0.8,27.5,16
1996,2,16,0,3.53,21,15
1996,2,17,0,0.92,24,15
1996,2,18,0,4.93,25,15
1996,2,19,0,2.77,31,15
1996,2,20,0,3.53,37,15
1996,2,21,0.1,3.7,29,16.5
1996,2,22,0,1.4,28,18
1996,2,23,0,5.32,30,19
1996,2,24,0,2.42,27.5,19.5
1996,2,25,0,1.81,29,19
1996,2,26,0,4.75,30,19
1996,2,27,0,3.19,31,20
1996,2,28,1,4.45,30,17
1996,2,29,0,1.75,22,15
1996,3,1,0,2.12,20.5,9
1996,3,2,0,3.1,22,9
1996,3,3,3,2.01,22,13
1996,3,4,0,4.91,28,16.5
1996,3,5,0,4.23,32,17
1996,3,6,0,5.44,35,17
1996,3,7,0,5.49,27,13
1996,3,8,0,4.98,22,10
1996,3,9,0,0.92,18,10
1996,3,10,0,1.4,23.5,10
1996,3,11,0,4.1,25,11
1996,3,12,0,4.84,27,12
1996,3,13,0,2.62,28,14.5
1996,3,14,0,6.92,32,15
1996,3,15,0,5.1,35,16
1996,3,16,0,5.3,33.5,18.5
1996,3,17,0,6.31,31,20
1996,3,18,0,6.85,36,16
1996,3,19,0,4.51,22,11.5
1996,3,20,0.5,0.95,20.5,15
1996,3,21,0,4.88,24,16
1996,3,22,0.1,0.03,26,14.5
1996,3,23,0,5.3,27.5,16
1996,3,24,0,5.43,34.5,19
1996,3,25,2,7.58,32.5,18.5
1996,3,26,0,3.27,22,16.5
1996,3,27,0,5.78,25,13.5
1996,3,28,0,4.7,27.5,13
1996,3,29,0,6.88,38,17
1996,3,30,0,6.99,38,18
1996,3,31,0,8.87,32,19
1996,4,1,0,7.95,28,16
1996,4,2,0,3.8,28,15
1996,4,3,0,5.35,32,15
1996,4,4,0,6.53,32,16
1996,4,5,0,7.62,33,15
1996,4,6,2,1.01,22,15
1996,4,7,0,2.83,23,13
1996,4,8,0,5.31,28,13
1996,4,9,0,6.97,32.5,17
1996,4,10,0,6.17,33,16.5
1996,4,11,0,3.95,30,16.5
1996,4,12,0,6.74,36.5,19
1996,4,13,0,7.42,27,20
1996,4,14,0,7.89,39.5,21.5
1996,4,15,5,7.75,28,18
1996,4,16,0,6.56,29,15.5
1996,4,17,0,6.14,32,16
1996,4,18,0,5.1,35,16.5
1996,4,19,0,5.3,35,21
1996,4,20,0,6.25,36,21.5
1996,4,21,0,5.12,34,22
1996,4,22,0,7.23,37,22
1996,4,23,11,7,27,22.5
1996,4,24,0,5.73,27,19
1996,4,25,0,5.4,34,19
1996,4,26,0,6.37,35,21
1996,4,27,0,6,35,21
1996,4,28,0,5.1,36.5,21
1996,4,29,1,5.95,33,23
1996,4,30,0,5.3,27,18.5
1996,5,1,0,8,30.5,18.5
1996,5,2,0,6.52,33.5,18.5
1996,5,3,0,4.1,38.5,20.5
1996,5,4,0,6.34,35,22
1996,5,5,0,5.24,34,22.5
1996,5,6,0,5.35,33.5,22.5
1996,5,7,0,4.65,35,23
1996,5,8,0,6.36,34,25
1996,5,9,0,6.08,35,24.5
1996,5,10,0,7.85,36,24
1996,5,11,0,6.65,36,24
1996,5,12,13,2.14,31,23.5
1996,5,13,0,6.99,33.5,22
1996,5,14,0,8.52,34,21.5
1996,5,15,0,6.34,34,21.5
1996,5,16,0,5.29,34,22
1996,5,17,0,6.4,34,23
1996,5,18,0,5.88,34,22.5
1996,5,19,0,6.3,36,22
1996,5,20,0,7.25,36,22
1996,5,21,0,7.02,37,23
1996,5,22,0,5.45,36.5,24
1996,5,23,0,8.15,35,24
1996,5,24,0,5.3,36,23.5
1996,5,25,0,4.9,37,25.5
1996,5,26,0,7.48,36,26
1996,5,27,0,6.17,38,26
1996,5,28,0,6.83,39,26
1996,5,29,0,7.17,36.5,25.5
1996,5,30,0,5.54,37,21
1996,5,31,0,6.01,37.5,25
1996,6,1,0,7.2,36,25
1996,6,2,0,8,35.5,25
1996,6,3,0,4.5,33,22.5
1996,6,4,0,7.15,36,22
1996,6,5,0,8.16,36,22
1996,6,6,0,6.75,36.5,22
1996,6,7,0,7.25,36,22
1996,6,8,0,7.9,36.5,24
1996,6,9,0,6.2,36,25
1996,6,10,0,9.57,32,24
1996,6,11,3.5,3.25,37.5,24
1996,6,12,0,4.34,32,23
1996,6,13,2,6.26,36.5,23.5
1996,6,14,0,7.68,36.5,23
1996,6,15,0,4.38,34,23
1996,6,16,0,7.37,33,24
1996,6,17,0,5.72,32,24
1996,6,18,0,8.33,37,23.5
1996,6,19,0,6.99,37.5,24
1996,6,20,0,7.6,38,25
1996,6,21,0,7.17,38,25
1996,6,22,0,7.13,36,25
1996,6,23,2,3.2,35.5,25.5
1996,6,24,0,8.85,37,25
1996,6,25,0,6.09,37,25
1996,6,26,4,2.63,37,25
1996,6,27,22,6.03,30.5,25.5
1996,6,28,46,6,32.5,24
1996,6,29,39.5,4.78,28,21
1996,6,30,25,3.55,26,21.5
1996,7,1,0,4.15,31.5,22
1996,7,2,0,7.26,34,22
1996,7,3,0,7.59,35,22.5
1996,7,4,0,7.87,35,23
1996,7,5,0,5.7,36,24
1996,7,6,0,5.8,35.5,25
1996,7,7,0,6.55,35.5,24
1996,7,8,0,8.84,35,24.5
1996,7,9,0,7.7,36,25
1996,7,10,0,7.06,36,25
1996,7,11,0,6.8,35,25
1996,7,12,0,7.44,35,24
1996,7,13,0,6.64,34,24
1996,7,14,0,6.16,36,24
1996,7,15,3,5.5,34,25
1996,7,16,5,2.01,33,24
1996,7,17,41,2.63,29,24
1996,7,18,13,2.3,30,23
1996,7,19,0,4.66,33,24
1996,7,20,0,5.75,33,23
1996,7,21,0,4.42,34,23
1996,7,22,3,4.89,32,23.5
1996,7,23,0,4.89,34,25
1996,7,24,0,5.91,34,24.5
1996,7,25,0,5.02,34,25
1996,7,26,0,6.03,34,24
1996,7,27,3,1.66,30,23.5
1996,7,28,0,5.52,33,24
1996,7,29,4.5,4.55,29.5,23
1996,7,30,0,4.81,32,23
1996,7,31,0,2.53,33,23
1996,8,1,0,8.34,35.5,23.5
1996,8,2,0,6.38,34,23
1996,8,3,0,5.59,35,23
1996,8,4,0,5.77,35.5,24
1996,8,5,0,6.76,36,25
1996,8,6,0,7.27,36,24
1996,8,7,0,6.09,35,24
1996,8,8,15.5,4.66,33,23
1996,8,9,34.5,2.38,26,23
1996,8,10,26,3.6,32,22.5
1996,8,11,0,4.7,32,22.5
1996,8,12,0,6.55,33,23
1996,8,13,0,5.84,33,24
1996,8,14,0,3.77,32,24
1996,8,15,9,2.24,25.5,23.5
1996,8,16,0,2,30,21.5
1996,8,17,0,5.54,31,21.5
1996,8,18,2,3.66,33,22
1996,8,19,20,4.9,30,22
1996,8,20,15,6.55,27,22
1996,8,21,20,4.4,29.5,21.5
1996,8,22,27,0.7,27,22
1996,8,23,35,1.7,26.5,23
1996,8,24,41.5,2.62,29,22
1996,8,25,17,3.55,28,24
1996,8,26,18,0.8,29,22
1996,8,27,5,0.4,31,22.5
1996,8,28,0,3.07,29,23
1996,8,29,0,3.41,31,23
1996,8,30,0,6.67,32,23.5
1996,8,31,0,6.18,33,23.5
1996,9,1,0,4.57,32,23.5
1996,9,2,3,3.85,32.5,24
1996,9,3,23,4.29,30,23
1996,9,4,1,4.73,30,23
1996,9,5,43,4.15,28,22.5
1996,9,6,0,2.7,30,24
1996,9,7,25.5,6.7,31.5,23.5
1996,9,8,0,4.15,32,23
1996,9,9,0,3.17,31,23.5
1996,9,10,0,5.24,32,24
1996,9,11,3,6.05,33,23.5
1996,9,12,0,5.22,32,23
1996,9,13,0,4.48,33.5,22.5
1996,9,14,0,5.15,34,23
1996,9,15,0,5.69,36,23.5
1996,9,16,0,5.03,35.5,26
1996,9,17,0,3.74,38.5,25.5
1996,9,18,0,4.23,32,26
1996,9,19,0,5.05,34,24
1996,9,20,0,5.58,32,25
1996,9,21,0,4.42,33,21
1996,9,22,0.1,4.2,32,24.5
1996,9,23,0,0.95,33,22
1996,9,24,18.5,4.55,33,23
1996,9,25,0,4.9,33.5,23.5
1996,9,26,0,4.19,33.5,24
1996,9,27,0,4.96,33,25
1996,9,28,10,1.43,26,22.5
1996,9,29,0,3.72,26,19.5
1996,10,1,6,1.31,24,18.5
1996,10,2,21,5.36,26,20
1996,10,3,15,2.81,28.5,22
1996,10,4,0,4.42,28,22.5
1996,10,5,0,3.22,29.5,22
1996,10,6,0,0.87,27,21.5
1996,10,7,0,5.14,30,22
1996,10,8,6,5,30,21
1996,10,9,0,3.54,30.5,20
1996,10,10,0,2.97,30,20.5
1996,10,11,0,5.1,29,21
1996,10,12,0,3.43,29,20.5
1996,10,13,0,3.18,29,19.5
1996,10,14,0,4.21,30.5,20
1996,10,15,0,3.97,31,20.5
1996,10,16,0,3.74,32,20
1996,10,17,0,3.6,32,20.5
1996,10,18,0,4,30,20
1996,10,19,0,2.59,31,20.5
1996,10,20,0,4.19,32,21
1996,10,21,0,3.97,32,22
1996,10,22,0,3.31,27,18
1996,10,23,0,0.47,26,17.5
1996,10,24,0.1,5.42,30,17.5
1996,10,25,0,5.18,33,20
1996,10,26,0,4.45,33,20
1996,10,27,0,1.95,33,24
1996,10,28,0,2.79,32,23
1996,10,29,0,2.81,33,21
1996,10,30,0,2.83,32.5,20
1996,10,31,0,3.32,31.5,20
1996,11,1,0,2.97,32.5,21
1996,11,2,0.1,0.88,26,17
1996,11,3,0,1,22,14
1996,11,4,0,1.65,30,14
1996,11,5,0,3.35,31,18.5
1996,11,6,0,2.69,31,21
1996,11,7,0,3.16,30.5,19
1996,11,8,0,4.9,26,16
1996,11,9,0,2.45,27,14
1996,11,10,0,1.3,27,14
1996,11,11,0,2.27,29,14
1996,11,12,20,5.18,24.5,15
1996,11,13,0.1,0.45,32,17
1996,11,14,0,2.09,27,16
1996,11,15,0,2.72,29,12.5
1996,11,16,0,0.89,30,17
1996,11,17,0,2.83,30,18
1996,11,18,0,3.12,30,19
1996,11,19,0,2.19,29,19.5
1996,11,20,0,2.72,30,18.5
1996,11,21,0,1.24,30.5,19
1996,11,22,0,2.1,29.5,19.5
1996,11,23,0,1.6,29,19.5
1996,11,24,2,5,29,16.5
1996,11,25,0,0.92,21.5,13
1996,11,26,0,0.21,22,13.5
1996,11,27,1,2.77,19,16
1996,11,28,0.1,0.67,22,15.5
1996,11,29,1,0.81,28,15
1996,11,30,0,3.22,31,18
1996,12,1,0,3.98,21,13
1996,12,2,0,3.59,23.5,13
1996,12,3,9,3.22,21,13
1996,12,4,2.5,2.85,21,17
1996,12,5,0,2.48,25,19
1996,12,6,0,2.11,29.5,19
1996,12,7,0,1.5,27,19
1996,12,8,0,3.47,25,17
1996,12,9,0,1.05,27,15
1996,12,10,0,0.78,28,15
1996,12,11,0,1.96,28.5,16.5
1996,12,12,0,1.34,27,17
1996,12,13,0,1.6,27,18.5
1996,12,14,0,2.8,28,18.5
1996,12,15,2,0.49,28,14
1996,12,16,0,1.02,19,9.5
1996,12,17,1.5,1.74,21,10
1996,12,18,0,1.87,13,9
1996,12,19,0,0.46,11,6
1996,12,20,0,1.32,19,6
1996,12,21,0,0.45,22,8.5
1996,12,22,0,1.68,26.5,11
1996,12,23,0,2.42,21,15
1996,12,24,3,0.89,23,17
1996,12,25,0,1.14,20,12.5
1996,12,26,0,1.62,27,12
1996,12,27,0,0.85,26,15.5
1996,12,28,0,0.3,28,16
1996,12,29,7.5,1.52,27,19
1996,12,30,0,2.78,27,20
1996,12,31,0,2.78,29,19.5
1997,1,1,0,0.18,27,18
1997,1,2,0,1.76,27,15
1997,1,3,0,1.93,29,18
1997,1,4,0,2.68,33.5,19
1997,1,5,0,1.31,29,19
1997,1,6,0,2.37,24.5,16.5
1997,1,7,0.1,1.61,21,12
1997,1,8,2,0.72,15,9.5
1997,1,9,0,1.14,17.5,9
1997,1,10,0,1.88,23,9.5
1997,1,11,0,1.08,18,12.5
1997,1,12,0,2.79,18,8
1997,1,13,0,2.19,15,7.5
1997,1,14,0,1.08,16.5,6.5
1997,1,15,0,2.24,25,7
1997,1,16,0.1,1.66,22,8.5
1997,1,17,1,1.08,20,11
1997,1,18,8.5,1.4,16,11
1997,1,19,4,0.45,29,11
1997,1,20,0,2.52,22,11
1997,1,21,0,1.98,26.5,15
1997,1,22,0,2.03,28,15
1997,1,23,0,1.75,27,15.5
1997,1,24,0,2.67,28,16
1997,1,25,0,2.2,26,17
1997,1,26,0,1,28.5,18
1997,1,27,0.1,1.95,22.5,16
1997,1,28,20,0.68,21,11.5
1997,1,29,0,0.28,21,9
1997,1,30,0,1.89,16.5,9
1997,1,31,0,0.38,24.5,12.5
1997,3,1,0,4.95,34.5,18
1997,3,2,0,7,27,17
1997,3,3,0,4.77,29,13
1997,3,4,0,2.06,29,13.5
1997,3,5,0,2.77,29.5,17
1997,3,6,0.1,0.95,21,19
1997,3,7,0,4.25,28,16
1997,3,8,0,2.65,28,16
1997,3,9,0,2.8,28,18
1997,3,10,0,2.62,29,19
1997,3,11,0,3.21,28.5,19.5
1997,3,12,0,3.24,27,20.5
1997,3,13,0,2.88,31.5,19.5
1997,3,14,0,5.2,34.5,20.5
1997,3,15,14,0.04,21,19
1997,3,16,1,1.09,23,18.5
1997,3,17,0,4.14,30,18.5
1997,3,18,14,4.45,31,20
1997,3,19,6,2.6,22,19
1997,3,20,0,3.96,26,14.5
1997,3,21,0,5.14,30,13
1997,3,22,0,2.16,31,14
1997,3,23,0,5.85,30,13
1997,3,24,0,4.69,31,17
1997,3,25,0,3.66,32,18
1997,3,26,0,4.23,26.5,20.5
1997,3,27,2,3.38,28.5,18.5
1997,3,28,0,4.65,32.5,18.5
1997,3,29,0,6.31,35,20.5
1997,3,30,9,3.84,32.5,20
1997,3,31,2,0.56,22.5,17.5
1997,4,1,0,5.17,27,18
1997,4,2,0,5.13,31,18.5
1997,4,3,1,2.13,32,21
1997,4,4,10,3.04,32,22.5
1997,4,5,0,4,36.5,21
1997,4,6,0,5.46,33,19
1997,4,7,12,6.19,29,18
1997,4,8,2,1.6,29,19
1997,4,9,26,4.87,27.5,20
1997,4,10,4.5,2.71,30,19.5
1997,4,11,0,6.48,33.5,20
1997,4,12,1,3.8,23.5,16
1997,4,13,3.5,0.15,22,13
1997,4,14,4,1.57,15,11
1997,4,15,33,3.29,19,12
1997,4,16,1,3.73,27,13.5
1997,4,17,8,0.86,26,17
1997,4,18,1,0.86,25.5,20.5
1997,4,19,1,4.2,30,21
1997,4,20,0,3.42,31,21
1997,4,21,0,7.36,34,22
1997,4,22,0,5.1,36.5,20
1997,4,23,0,4.47,27,20
1997,4,24,0,5.07,31,20
1997,4,25,0,3.88,34,20.5
1997,4,26,0,5.22,29,20
1997,4,27,0,2.33,25,19
1997,4,28,0,6,30,19
1997,4,29,0,5.79,31,18.5
1997,4,30,0,4.11,31,15
1997,5,1,0,3.62,31.5,20
1997,5,2,0,4.82,36,23
1997,5,3,1,4.6,32,23
1997,5,4,18.5,3.05,24,22
1997,5,5,12.5,4.66,29,21
1997,5,6,0,4.3,32,21
1997,5,7,0,2.52,29.5,21
1997,5,8,0,3.05,30,20.5
1997,5,9,11.5,6.5,32,20.5
1997,5,10,1,3.27,26.5,18.5
1997,5,11,0,4.45,29,19
1997,5,12,2.5,3.05,30,19
1997,5,13,0,5.49,31,20
1997,5,14,0,1.8,29,21
1997,5,15,2,5.08,33,21.5
1997,5,16,0,3.53,30,21.5
1997,5,17,0,5.15,32,21
1997,5,18,0,5.9,33,20
1997,5,19,0,5.76,34,21
1997,5,20,4,4.66,34,23
1997,5,21,0,3.73,32,22
1997,5,22,5.5,7.39,34,22.5
1997,5,23,0,3.36,32,20
1997,5,24,0,5.39,35,20
1997,5,25,0,7.46,37,23
1997,5,26,0,7.46,37,24
1997,5,27,0,5.87,36,26
1997,5,28,4,5.53,30.5,25
1997,5,29,34,4.7,30,23
1997,5,30,0,4.41,33,20.5
1997,5,31,0,6.2,34,21
1997,7,1,14,4.19,29.5,23.5
1997,7,2,8.5,7.56,29.5,24
1997,7,3,6,4.59,33,24
1997,7,4,0,6.5,32,24
1997,7,5,29,5.45,33,24
1997,7,6,7,3.51,32.5,23
1997,7,7,2,2.89,30,23
1997,7,8,1,1.9,31,23.5
1997,7,9,0,2.85,31,23.5
1997,7,10,0,2.31,34,22
1997,7,11,0,7.09,34.5,22.5
1997,7,12,0,3.97,34,23
1997,7,13,0,4.83,33,24
1997,7,14,0,6.16,34,24
1997,7,15,0,5.09,34,23
1997,7,16,0,4.67,34.5,22
1997,7,17,0,4.23,33,22.5
1997,7,18,0,6.08,35,23
1997,7,19,0,2.9,32,25
1997,7,20,0,2.97,32.5,26
1997,7,21,0,6.06,35.5,26
1997,7,22,0,4.93,35,24
1997,7,23,0,3.99,33,23
1997,7,24,0,4.63,34,23.5
1997,7,25,0,5.32,36,23.5
1997,7,26,0,6.84,36,23.5
1997,7,27,0,5.56,36,24
1997,7,28,0,4.96,32,24
1997,7,29,4,4.11,33.5,24
1997,7,30,0,4,33,24
1997,7,31,0,5.23,36,24
1997,8,1,0,6.2,36,23.5
1997,8,2,0,6.4,36,24
1997,8,3,0,4.73,35,24
1997,8,4,4,0.94,39.5,23
1997,8,5,6.5,3.3,32.5,23
1997,8,6,0,4.28,35,23
1997,8,7,0,6.28,36.5,23
1997,8,8,0,6,36,23
1997,8,9,0,5.8,36,24
1997,8,10,0,5.3,37,24
1997,8,11,0,0.9,37,24.5
1997,8,12,0,4.5,33,24
1997,8,13,2,2.72,31,23
1997,8,14,0.1,3.05,32.5,22.5
1997,8,15,0,5.8,37.5,22
1997,8,16,0.1,5.52,38.5,25
1997,8,17,0,5.48,37,25.5
1997,8,18,0,4.82,35,24.5
1997,8,19,0,7.6,37,23
1997,8,20,0,5.35,38.5,23
1997,8,21,0,6.4,38,23
1997,8,22,0,7.5,39,24
1997,8,23,0,6.25,36.5,22.5
1997,8,24,0,3.75,35,23
1997,8,25,0,8.59,36,23
1997,8,26,6,4.09,31,23
1997,8,27,0,3.58,33,23
1997,8,28,0,5.71,36.5,23
1997,8,29,0,7.05,36.5,24
1997,8,30,0,6.44,31,23.5
1997,8,31,0,4.96,35.5,23.5
2000,1,1,0,1.05,29,15
2000,1,2,0,0.47,27,14
2000,1,3,0,0.73,28,14.5
2000,1,4,0,1.56,22.5,15.5
2000,1,5,0,0.84,23,12
2000,1,6,6,7.39,26,12
2000,1,7,0,1.26,26.5,14.5
2000,1,8,0,0.3,26,10
2000,1,9,1,2.79,27.5,11.5
2000,1,10,0,1.5,29,15.5
2000,1,11,0,1.1,30,16.5
2000,1,12,0,1.09,30,17
2000,1,13,0,2.18,27,17
2000,1,14,5,0.43,25,18.5
2000,1,15,15.3,1.71,20.5,18
2000,1,16,0,0.93,25,18
2000,1,17,0,1.02,24.5,15.5
2000,1,18,0,0.91,27.5,14
2000,1,19,0,0.89,28.5,10
2000,1,20,0,1.07,28,10
2000,1,21,0,0.68,28,11.5
2000,1,22,0,1.67,28,15.5
2000,1,23,0,0.5,25.5,15
2000,1,24,0,1.28,24,16
2000,1,25,0,1.26,28,17
2000,1,26,0,0.96,28.5,17
2000,1,27,0,1.94,30,17
2000,1,28,0,1.22,20.5,14
2000,1,29,4,0.48,19,12
2000,1,30,0,0.45,15,10
2000,1,31,0,1.07,15,10
2000,2,1,0,0.3,27,10
2000,2,2,0,0.71,25,12
2000,2,3,0,0.21,25,13
2000,2,4,0,2.5,27,13
2000,2,5,0,1.01,22.5,13
2000,2,6,0,1.94,27,13
2000,2,7,0,2.28,29,13.5
2000,2,8,0,1.97,29,13.5
2000,2,9,0,2.78,29.5,14
2000,2,10,0,2.15,31,11
2000,2,11,0,1.59,30.5,14
2000,2,12,0,3.62,29.5,12.5
2000,2,13,0,2.07,31.5,16
2000,2,14,0,2.13,32,17
2000,2,15,0,2.74,31.5,19.5
2000,2,16,0,2.29,30.5,18.5
2000,2,17,0,3.92,32.5,19
2000,2,18,0,2.45,30.5,20
2000,2,19,0,0.73,29,21
2000,2,20,4.5,3.68,26,19
2000,2,21,0,1.01,26.5,16
2000,2,22,0,1.04,28,16
2000,2,23,0,1.67,28,18.5
2000,2,24,0,1.47,31,16
2000,2,25,0,3.46,32.5,16
2000,2,26,0,3.44,31.5,19
2000,2,27,0,0.92,22,18
2000,2,28,0,3.16,30,16
2000,2,29,0,1.97,30,16.5
2000,3,1,0,1.49,31,16.5
2000,3,2,0,2.06,31,16.5
2000,3,3,0,2.59,30.5,16.5
2000,3,4,0,3.24,31,17.5
2000,3,5,0,3.89,29.5,19
2000,3,6,0,1.12,33,19.5
2000,3,7,0,3.52,33,20
2000,3,8,0,2.35,33.5,20.5
2000,3,9,0,3.92,33.5,21
2000,3,10,0,4.96,33.5,21.5
2000,3,11,2,1.46,30.5,21
2000,3,12,0,3.4,24,16.5
2000,3,13,0.1,1.73,32,17
2000,3,14,0.1,2.97,32,18.5
2000,3,15,0,2.79,32,19
2000,3,16,0,3.44,35.5,15.5
2000,3,17,0,3.82,30.5,20
2000,3,18,0,4.31,32.5,20
2000,3,19,0,5.16,29,20.5
2000,3,20,0,0.89,26,19
2000,3,21,0,2.76,35.5,20
2000,3,22,0,4.53,36,20
2000,3,23,0,4.16,35.5,20
2000,3,24,0,3.79,33,20
2000,3,25,0,3.76,33.5,21
2000,3,26,0,4.6,34.5,21
2000,3,27,0,4.28,33,21
2000,3,28,0,5.49,36,21.5
2000,3,29,0,NULO,44,23
2000,3,30,0,NULO,37.5,19
2000,3,31,0,NULO,37,22
2000,4,1,0,NULO,36,23
2000,4,2,0,NULO,32,23.5
2000,4,3,0,NULO,28,24
2000,4,4,0,NULO,28,20
2000,4,5,0,NULO,33,15.5
2000,4,6,0,NULO,35,11
2000,4,7,0,NULO,28,15
2000,4,8,0,NULO,32,15
2000,4,9,0,NULO,30,19
2000,4,10,0,NULO,35,20.5
2000,4,11,0,NULO,35.5,20
2000,4,12,2,NULO,36,20
2000,4,13,8.3,NULO,28.5,21
2000,4,14,0,NULO,34.5,21
2000,4,15,0,5.73,35,21
2000,4,16,0,5.74,35.5,20.5
2000,4,17,0,4.13,35,24
2000,4,18,0,3.68,37,23
2000,4,19,0,6.38,38,21
2000,4,20,0,5.12,37,22
2000,4,21,0,3.54,36,22
2000,4,22,0,5.09,38,21
2000,4,23,0,5.69,42.5,21
2000,4,24,0,5.93,39.5,21
2000,4,25,0,4.8,35,23
2000,4,26,0,4.93,35,24
2000,4,27,4.5,1.61,35,24
2000,4,28,0,5.1,36.5,23
2000,4,29,0,5.28,36.5,23
2000,4,30,0,4.16,36.5,24
2000,5,1,0,3.91,35,24
2000,5,2,40.5,NULO,36,23.5
2000,5,3,0,6.11,35,23
2000,5,4,0,3.91,38,22
2000,5,5,0,4.38,35.5,21.5
2000,5,6,0,4.7,37,25
2000,5,7,0,5.27,37,24.5
2000,5,8,0,4.91,36.5,24.5
2000,5,9,0,3.9,39.5,19.8
2000,5,10,0,3.3,37.5,24
2000,5,11,0,5.48,38.5,26
2000,5,12,0,4.94,39,25.5
2000,5,13,22,12.38,32.5,21
2000,5,14,0,5.54,34,22
2000,5,15,0,7.11,36,22.5
2000,5,16,0,5.14,37.5,22
2000,5,17,0,6.57,37,22
2000,5,18,0,4.89,37.5,22.5
2000,5,19,0,6.24,39,22
2000,5,20,0,4.32,36,22
2000,5,21,5,9.51,35.5,25
2000,5,22,0,0.85,32.5,24
2000,5,23,0,0.45,37,24.5
2000,5,24,0,7.52,39,23
2000,5,25,0,NULO,41,23
2000,5,26,0,5.62,40.5,23
2000,5,27,0,5.53,39,25
2000,5,28,19,3.84,32.5,25.5
2000,5,29,0,3.95,31,24
2000,5,30,0,0.1,36,23
2000,5,31,0,10.75,35.5,23.5
2000,6,1,5.5,4.67,35.5,25
2000,6,2,21,5,36,25
2000,6,3,0,5.61,35.5,24
2000,6,4,0,5.68,37,24
2000,6,5,9,5.48,35,24
2000,6,6,6.2,5.27,36,23
2000,6,7,0.1,1.4,34,19
2000,6,8,0,5.39,37,20
2000,6,9,6.5,9.06,34,23
2000,6,10,0,0.91,35,24
2000,6,11,45,11.99,28,24
2000,6,12,41.5,NULO,31,24.5
2000,6,13,2,3.38,31,24
2000,6,14,1.5,4.97,35,24
2000,6,15,0,6.1,36,24
2000,6,16,0,5.7,37,24
2000,6,17,0,5.3,35,25.5
2000,6,18,1,2.84,31,26.5
2000,6,19,5,2.32,34,24
2000,6,20,26,4.73,34,24
2000,6,21,18,1.61,34,24
2000,6,22,3,6.8,34,24
2000,6,23,0,5.16,36,23
2000,6,24,0,5.26,36.5,24
2000,6,25,0,6.04,36,24
2000,6,26,6.7,5.62,33,24
2000,6,27,0.1,2.51,33.5,24
2000,6,28,0,4.07,35,24
2000,6,29,0,6.98,34,24
2000,6,30,0,4.63,34,24
2000,7,1,0,3.34,36,24
2000,7,2,0,5.4,36.5,24
2000,7,3,0,3.47,37,24
2000,7,4,0,3.47,34.5,24
2000,7,5,0,5.4,35,23.5
2000,7,6,1,5.49,35,23
2000,7,7,0,0.6,37,23
2000,7,8,0,5.77,36.5,23
2000,7,9,3.5,4.61,36,23.5
2000,7,10,0.1,4.37,34,23
2000,7,11,0,1.19,35,23.5
2000,7,12,0,5.3,36,23
2000,7,13,0,4.98,37.5,23
2000,7,14,0,6.15,39.5,24
2000,7,15,0,6.78,40,23
2000,7,16,0,7.56,35,24
2000,7,17,0,6.24,37.5,24
2000,7,18,0,3.86,37,25.5
2000,7,19,6.3,6.02,37,23
2000,7,20,2,5.65,35,23
2000,7,21,0,NULO,37,23
2000,7,22,0,5.3,38,24
2000,7,23,0,6.3,38,23.5
2000,7,24,0,7.42,38,24.5
2000,7,25,0,6.82,38,24.5
2000,7,26,0,5.77,37,23
2000,7,27,0.1,5.74,35,23.5
2000,7,28,6,5.37,36,23
2000,7,29,0.1,4.84,36,22
2000,7,30,0,3.51,37.5,23
2000,7,31,0,6.18,37.5,25
2000,8,1,0,4.13,36,25
2000,8,2,0,7.06,38,24
2000,8,3,2.5,4.39,34,23
2000,8,4,2.5,4.24,34,24
2000,8,5,0,5.03,35,24
2000,8,6,0,6.92,39,24
2000,8,7,0,4.96,38,24
2000,8,8,60,NULO,33,23
2000,8,9,30,2.53,31.5,23
2000,8,10,0,2.95,32.5,23
2000,8,11,0,5.14,33,23
2000,8,12,0,4.88,35,23
2000,8,13,0,5.38,35.5,24
2000,8,14,1.1,2.22,35,24.5
2000,8,15,1.5,1.3,35,24.5
2000,8,16,0,4.02,35,23
2000,8,17,0,5.14,36,23
2000,8,18,0,4.72,35,23
2000,8,19,0,5.43,35,24
2000,8,20,0.1,4.87,36,24
2000,8,21,1.8,2.76,35,23.5
2000,8,22,15.5,4.46,35,23
2000,8,23,0,3.8,32.5,22
2000,8,24,0,4.09,35,22
2000,8,25,0,6.55,36,23
2000,8,26,21,6.68,35,23
2000,8,27,0,6.6,35,22.5
2000,8,28,0,5.53,36,23.5
2000,8,29,0,4.49,36,24
2000,8,30,0,6.27,34.5,24
2000,8,31,0,4.79,34.5,24.5
2000,9,1,0,4.79,36,19.8
2000,9,2,0,5.27,36,24
2000,9,3,2,5.09,35,23
2000,9,4,0,5.21,37,22.5
2000,9,5,0,3.26,38,23
2000,9,6,0,8.26,39.5,25
2000,9,7,0,4.02,32,24
2000,9,8,0,6.14,37,24
2000,9,9,0,6.02,38,23
2000,9,10,0,4.14,38,24
2000,9,11,0,6.15,38.5,25
2000,9,12,0,5.14,38,25
2000,9,13,40.3,9.03,33.5,24
2000,9,14,0,NULO,33,23
2000,9,15,25.5,NULO,33,22.5
2000,9,16,10,4.61,33,23.5
2000,9,17,11,2.91,30,23
2000,9,18,20,4.52,30,23.5
2000,9,19,0,5.08,33.5,23
2000,9,20,0,5.2,35,23.5
2000,9,21,0,5.05,35,23.5
2000,9,22,0,5.44,36,25
2000,9,23,0,4.13,38,25
2000,9,24,0,5.93,36,25
2000,9,25,51.5,NULO,32.5,25.5
2000,9,26,1.2,4.43,28,18
2000,9,27,0,4.19,31,20
2000,9,28,0,5.21,30,19
2000,9,29,0,5.73,32,20
2000,9,30,0,2.5,32,20
2000,10,1,0,5.33,33.5,20.5
2000,10,2,0,4.83,34.5,20
2000,10,3,0,4.84,35.5,20.5
2000,10,4,17,5.2,34,20
2000,10,5,40,1.31,34,23
2000,10,6,103,NULO,31,22
2000,10,7,11.5,6.34,33,19
2000,10,8,15,1.01,24,15
2000,10,9,9.5,0.25,19,11
2000,10,10,1.5,0.5,17,11
2000,10,11,7.5,0.1,21,11
2000,10,12,0,1.52,30.5,15
2000,10,13,0,2.8,29,15
2000,10,14,0,4.47,33,19.8
2000,10,15,0,3.3,33.5,20
2000,10,16,0,4.04,33,20
2000,10,17,0,4.53,33,21
2000,10,18,4,3.18,32,21
2000,10,19,0,2.84,30.5,20
2000,10,20,0,4.31,32.5,20
2000,10,21,0,2.96,33,18.5
2000,10,22,0,2.3,36,19
2000,10,23,0,4.19,33,22.5
2000,10,24,0,1.92,24,22.5
2000,10,25,0,3.15,31,20
2000,10,26,0,4.02,33,21
2000,10,27,0,4.27,35.5,20.5
2000,10,28,0,3.75,33.5,21
2000,10,29,0,3.06,32.5,21
2000,10,30,0,3.49,32.5,21
2000,10,31,0,4.6,32,19.8
2000,11,1,0,2.52,33,21
2000,11,2,0,3.56,33.5,21
2000,11,3,0,1.42,34,23
2000,11,4,0,2.84,33,23
2000,11,5,0,4.37,34,21
2000,11,6,0,2.56,32,21
2000,11,7,0,3.36,34,21.5
2000,11,8,0,4.23,29,17
2000,11,9,0,3.73,23,17
2000,11,10,0,1.18,27,17
2000,11,11,0,4.65,33,17
2000,11,12,0,2.98,33,21
2000,11,13,1,1.23,30,17
2000,11,14,4.5,0.97,22,15
2000,11,15,0,2.17,28.5,15
2000,11,16,0,3.01,32.5,15.5
2000,11,17,0,1.99,28.5,20
2000,11,18,2,1.59,27,15.5
2000,11,19,1.5,1.51,19,14.5
2000,11,20,0,1.05,18.5,14
2000,11,21,1.5,0.32,21,14.5
2000,11,22,0,0.75,27,15
2000,11,23,0,2.66,30.5,16
2000,11,24,0,3.25,27.5,17
2000,11,25,0,3.29,26,17.5
2000,11,26,0,0.65,23,18.5
2000,11,27,7.5,7.47,28.5,19
2000,11,28,0,NULO,29.5,19
2000,11,29,0,2.58,30,18.5
2000,11,30,16,4.43,30,19
2000,12,1,0,1.44,30,18
2000,12,2,6,1.71,22.5,15
2000,12,3,8.5,0.01,20,12
2000,12,4,2.7,0.57,14.5,12
2000,12,5,0,0.98,19.5,12
2000,12,6,0,2.03,28,12
2000,12,7,0,2.71,23,14
2000,12,8,0,1.82,27.5,11
2000,12,9,0,2.3,28.5,12.5
2000,12,10,0,2.45,30,15
2000,12,11,0,3.93,20,15
2000,12,12,0.1,1.33,22.5,17.5
2000,12,13,0.1,0.64,27,13.5
2000,12,14,6,0.11,26,14.5
2000,12,15,0,1.01,28,15
2000,12,16,0,2.91,29,17
2000,12,17,0,3.63,24,17
2000,12,18,0,2.25,30,15
2000,12,19,0,3.63,23,11
2000,12,20,0,3.22,26,10
2000,12,21,0,3.46,26,10.5
2000,12,22,0,0.81,25,13.5
2000,12,23,0,3.68,28,13.5
2000,12,24,0,1.58,27,14.5
2000,12,25,0,2.82,28,16
2000,12,26,0,1.34,29,14.5
2000,12,27,1,2.84,18,14
2000,12,28,0.5,0.38,18,10.5
2000,12,29,0.1,0.98,18,10.5
2000,12,30,0,1.3,18,12
2000,12,31,0,1.15,18,12.5
2001,1,1,0,1.14,20,14
2001,1,2,9,0.5,20,11
2001,1,3,3,0.4,14,9
2001,1,4,0,0.61,21.5,9.5
2001,1,5,0,3.41,26.5,10
2001,1,6,0,2.25,28.5,10
2001,1,7,0,2.42,29,13
2001,1,8,0,2.08,20,17
2001,1,9,8.5,1.28,19,14.5
2001,1,10,0,1.5,23,13.5
2001,1,11,0,1.21,24,13.5
2001,1,12,0,2.24,28,13.5
2001,1,13,0,2.51,29,16
2001,1,14,0,1.63,27,19
2001,1,15,0,2.01,29,19
2001,1,16,0,3.88,30,18.5
2001,1,17,0,2.54,31,19
2001,1,18,2.8,1.95,30,14.5
2001,1,19,0.1,0.44,30,10
2001,1,20,0,1.99,20.5,10
2001,1,21,0,1.53,23,10
2001,1,22,0,3.48,23.5,11
2001,1,23,0,1.43,24,11
2001,1,24,0,1.06,25.5,12.5
2001,1,25,0,3.09,27,12.5
2001,1,26,0,4.1,27,10.5
2001,1,27,0,1.63,29,11
2001,1,28,0,3.24,30,15
2001,1,29,0,2.84,23,18
2001,1,30,0,3.37,30,18
2001,1,31,11.3,4.38,30,18
2001,2,1,2,4.38,23,16
2001,2,2,6.5,0.28,22,13
2001,2,3,0.8,0.49,18,10
2001,2,4,0,0.23,23.5,10
2001,2,5,0,0.87,24,14
2001,2,6,0,2.34,28,15
2001,2,7,0,3.4,29,14
2001,2,8,0,2.85,30,16
2001,2,9,0,3.22,29,18
2001,2,10,0,1.33,21,16
2001,2,11,0,1.98,27,16
2001,2,12,0,2.22,29,17
2001,2,13,0,1.81,31,17
2001,2,14,0,4.39,31,18.5
2001,2,15,0,1.54,33,18.5
2001,2,16,0,3.95,28,21
2001,2,17,0,4.64,26,18
2001,2,18,0,4.87,27,14.5
2001,2,19,0,2.33,28,15
2001,2,20,0,2.52,31,18
2001,2,21,0,4.07,31,19
2001,2,22,0,4.71,31,20
2001,2,23,0,3.76,31.5,20.5
2001,2,24,0,2.58,34,20
2001,2,25,0,4.22,28,21
2001,2,26,0,1.51,32,22
2001,2,27,0,3.72,32.5,21
2001,2,28,0,4.85,32.5,21
2001,3,1,0,3.38,33,20
2001,3,2,0,1.27,22,17
2001,3,3,0,1.12,29.5,17
2001,3,4,0,5.12,31.5,14
2001,3,5,0,3.91,27.5,14
2001,3,6,0,5.94,30,17
2001,3,7,0,3.51,30,17
2001,3,8,0,5.05,31,17
2001,3,9,0,4.9,31.5,18
2001,3,10,0,4.25,24,19.5
2001,3,11,0,5.14,36.5,19.5
2001,3,12,0,5.46,37.5,21.5
2001,3,13,4.8,4.98,34,21
2001,3,14,0,5.62,34,20
2001,3,15,0,6.03,35,22
2001,3,16,0,3.57,28,20
2001,3,17,0,3.3,30,20
2001,3,18,0,2.72,30,18.5
2001,3,19,2.5,0.22,20.5,17
2001,3,20,0,4.1,26,15
2001,3,21,0,5.09,31,11.5
2001,3,22,0,5.85,32,12
2001,3,23,0,6.48,33,14
2001,3,24,0,5.05,33,17
2001,3,25,0,3.92,30,19
2001,3,26,0,1.54,25,18.5
2001,3,27,0,5.21,30.5,18
2001,3,28,0,5.09,36,20
2001,3,29,0,7.34,34,21
2001,3,30,0,5.24,32,20
2001,3,31,0,8.9,36,21
2001,4,1,0,6.14,36,19
2001,4,2,0,7.3,36.5,20
2001,4,3,0,6.02,38,20
2001,4,4,0,4.31,38,22
2001,4,5,0,6.41,37,22
2001,4,6,0,5.98,37,21
2001,4,7,0,5.49,37,21
2001,4,8,0,6.23,37,21.5
2001,4,9,0,6.23,37,21.5
2001,4,10,0,5.04,37,22
2001,4,11,0,7.45,38,22
2001,4,12,0,4.38,34,22.5
2001,4,13,0,5.84,38.5,22
2001,4,14,0,7.3,39,18
2001,4,15,0,6.91,39,22
2001,4,16,0,6.18,37.5,23
2001,4,17,0,5.01,37,22
2001,4,18,110.8,2.02,26,22.5
2001,4,19,0,3.02,36,18.5
2001,4,20,0,4.65,33,19
2001,4,21,0,4.69,36,22.5
2001,4,22,0,5.13,35.5,23
2001,4,23,0,6.3,34,22.5
2001,4,24,0,3.04,33,23
2001,4,25,7.5,2.84,27,19
2001,4,26,0,3.01,27,20
2001,4,27,0,1.59,23.5,16
2001,4,28,0,2.79,30,17
2001,4,29,0,4.3,32,19
2001,4,30,0,5.58,32,19
2001,5,1,0,6.34,35,19.5
2001,5,2,0,5.93,36,20
2001,5,3,0,2.76,33,23
2001,5,4,0,5.48,34.5,24
2001,5,5,0,3.28,32.5,23
2001,5,6,1,3.78,34,23
2001,5,7,3,4.52,34,23
2001,5,8,0,4.24,33.5,21
2001,5,9,0,6.64,33,21
2001,5,10,0,6.71,36,18
2001,5,11,0,7.6,36,19.5
2001,5,12,39.5,9.91,30,21
2001,5,13,5.5,5.36,34,19.5
2001,5,14,0,6.36,34,21
2001,5,15,0,7.4,35,20.5
2001,5,16,0,7,36,20
2001,5,17,0,5.45,32,20.5
2001,5,18,0,7.37,38,23.5
2001,5,19,0,5.76,38,24.5
2001,5,20,0,6.87,38,24
2001,5,21,0,8.12,39.5,24
2001,5,22,32,1,27.5,25
2001,5,23,0,4.24,33.5,22
2001,5,24,0,7.03,30,22
2001,5,25,0,7.26,37,22
2001,5,26,0,6.4,37,22.5
2001,5,27,0,8.28,38,22
2001,5,28,0,6.5,37.5,23
2001,5,29,0,8.34,37,23
2001,5,30,0,NULO,37,23
2001,6,1,0,7.7,28.5,24.5
2001,6,2,0,6.79,38,25
2001,6,3,0,8.6,38,24
2001,6,4,0,7.31,39,24
2001,6,5,0,6.67,39.5,24
2001,6,6,0,7.93,40.5,25
2001,6,7,0,8.02,39.5,26
2001,6,8,0,5.46,38,25
2001,6,9,0,8.04,40,25
2001,6,10,0,8.37,41,25
2001,6,11,0,8.03,41,25
2001,6,12,0,8.81,40.5,25
2001,6,13,0,9.74,42.5,25
2001,6,14,0,7.27,41,25
2001,6,15,0,6.95,41,26.5
2001,6,16,3,5.03,34.5,24.5
2001,6,17,0,6.5,35,24
2001,6,18,0,7.98,37,22.5
2001,6,19,18,8.59,38.5,23
2001,6,20,0,4.83,36,22.5
2001,6,21,0,5.14,35.5,23
2001,6,22,2,7.76,36,23
2001,6,23,0,5.2,35,23.5
2001,6,24,0,7.46,36.5,23.5
2001,6,25,2,3.5,35,23.5
2001,6,26,10,2.89,30,23
2001,6,27,13.5,5.21,29,21.5
2001,6,28,2,3.36,33.5,21.5
2001,6,29,1,6.38,34,22.5
2001,6,30,0,4.87,34,23
2001,7,1,4,2.61,32.5,26
2001,7,2,43,NULO,33,22.5
2001,7,3,27,2.36,27,21
2001,7,4,16.5,3.66,32,22
2001,7,5,0,4.1,32.5,22.5
2001,7,6,0,6.16,34.6,22.5
2001,7,7,0,7.34,35,23
2001,7,8,0,5.16,34,23
2001,7,9,0,5.74,35.5,23
2001,7,10,0,7.55,35.5,24
2001,7,11,0,5.15,35.5,24
2001,7,12,0,7.6,37.1,24
2001,7,13,0,7.15,36.5,24
2001,7,14,0,6.96,37,23.5
2001,7,15,0,7.23,37,23.5
2001,7,16,0,7.54,37,24
2001,7,17,0,7.02,37,25
2001,7,18,5,9.55,35.5,25
2001,7,19,0,4.13,36.5,24.5
2001,7,20,0,5.31,37,24
2001,7,21,0,5.88,36.5,21
2001,7,22,0,6.11,38,22
2001,7,23,0,9.79,38,23.5
2001,7,24,13,8.65,40,25
2001,7,25,0,4.48,34,23
2001,7,26,0,6.73,36.5,23.5
2001,7,27,0,7.17,36.5,24.5
2001,7,28,0,2.27,35,25
2001,7,29,0,7.34,37,24
2001,7,30,18,7.98,35.1,23.5
2001,7,31,0,5.75,35,23
2001,8,1,0,2.64,37.5,24
2001,8,2,1.5,3.63,32.5,23.5
2001,8,3,14,5.57,35.5,23.5
2001,8,4,0,4.93,35,21
2001,8,5,0,5.55,36.5,24
2001,8,6,10.5,5.23,35,24.5
2001,8,7,12.5,6.09,34.5,24
2001,8,8,3,5.14,35,23
2001,8,9,0,5.93,35,21.5
2001,8,10,1,3.76,35,22
2001,8,11,42,4.68,32.5,22.5
2001,8,12,4,4.33,33.5,23.5
2001,8,13,4,5.73,35,23.5
2001,8,14,0,7.7,36,23
2001,8,15,3.5,6.05,37,23.5
2001,8,16,3.5,4.18,34,24
2001,8,17,10,5.28,35,24
2001,8,18,0,6.05,37,24
2001,8,19,0,6.4,37,23
2001,8,20,0,5.4,37,23
2001,8,21,0,5.52,36.5,23
2001,8,22,0,7.5,37,24
2001,8,23,0,5.86,36,23.5
2001,8,24,6,0.75,32.5,24
2001,8,25,4,2.86,33,20.5
2001,8,26,5.5,1.54,31.5,23.5
2001,8,27,20,2.3,27.5,23.5
2001,8,28,0,1.74,32,23.5
2001,8,29,0,4.67,34,23.5
2001,8,30,0,2.64,32,25
2001,8,31,0,4.06,36,24
2001,9,1,0,NULO,36,23.5
2001,9,2,0,NULO,37,24
2001,9,3,0,NULO,37.5,24
2001,9,4,0,NULO,37,25
2001,9,5,0,NULO,37,25
2001,9,6,0,NULO,37,24
2001,9,7,0,NULO,37,23.5
2001,9,8,0,NULO,38,24.5
2001,9,9,7.5,NULO,38,25
2001,9,10,10,NULO,29,24
2001,9,11,6,NULO,33.5,24
2001,9,12,0,NULO,35,23.5
2001,9,13,0,NULO,35,23.5
2001,9,14,25,NULO,31,24
2001,9,15,0,NULO,35,22.5
2001,9,16,0,NULO,35,22
2001,9,17,0,NULO,35,22
2001,9,18,0,NULO,35.5,22.5
2001,9,19,9.5,NULO,34.5,24
2001,9,20,7.5,NULO,35.5,24.5
2001,9,21,0,NULO,35.5,24
2001,9,22,3,NULO,32.5,23
2001,9,23,14,NULO,32,23.5
2001,9,24,42,NULO,27,23
2001,9,25,3,NULO,26,21.5
2001,9,26,0,NULO,27,20
2001,9,27,0,NULO,32,20
2001,9,28,0,NULO,30,21
2001,9,29,0,NULO,31,21
2001,9,30,0,NULO,31,20.5
2001,10,1,0,NULO,26,19.5
2001,10,2,0,NULO,31.5,19.5
2001,10,3,0,NULO,29,20.5
2001,10,4,0,NULO,35,21.5
2001,10,5,0,NULO,31,22
2001,10,6,0,NULO,30.5,22
2001,10,7,0,NULO,33,22
2001,10,8,0,NULO,35,22
2001,10,9,0,NULO,32,21
2001,10,10,0,NULO,34.5,21.5
2001,10,11,0,NULO,35,22
2001,10,12,1,NULO,36,22
2001,10,13,0,NULO,33.5,22.5
2001,10,14,0,NULO,33.5,20
2001,10,15,0,NULO,31,21
2001,10,16,0,NULO,28.5,17.5
2001,10,17,0,NULO,32,17
2001,10,18,0,NULO,33,17
2001,10,19,0,NULO,34,18
2001,10,20,0,NULO,33,19
2001,10,21,0,NULO,34,19.5
2001,10,22,0,NULO,36,20
2001,10,23,0,NULO,35.5,20
2001,10,24,0,NULO,36.5,21.5
2001,10,25,18,NULO,25,23
2001,10,26,16.5,NULO,28,21
2001,10,27,3.5,NULO,23.5,18
2001,10,28,3,NULO,23.5,17
2001,10,29,0,NULO,23.5,17
2001,11,1,0,NULO,32,17
2001,11,2,0,NULO,32.5,18
2001,11,3,0,NULO,28.5,19.5
2001,11,4,0,NULO,27.5,20
2001,11,5,0,NULO,29.5,19.5
2001,11,6,0,NULO,28,19
2001,11,7,0,NULO,31,17.5
2001,11,8,0,NULO,31,18
2001,11,9,27,NULO,28.5,17
2001,11,10,0,NULO,30,19.5
2001,11,11,0,NULO,30,17
2001,11,12,0,NULO,31,17
2001,11,13,0,NULO,32,17
2001,11,14,0,NULO,31,18
2001,11,15,0,NULO,31.5,18
2001,11,16,0,NULO,31,20
2001,11,17,1,NULO,28.5,20.5
2001,11,18,0,NULO,30,19
2001,11,19,0,NULO,30.5,18
2001,11,20,0,NULO,22.5,18
2001,11,21,3.5,NULO,25.5,15.5
2001,11,22,0,NULO,29,16
2001,11,23,0,NULO,29,16
2001,11,24,0,NULO,32,17.5
2001,11,25,0,NULO,31,17.5
2001,11,26,0,NULO,31.5,17
2001,11,27,0,NULO,32,17.5
2001,11,28,0.1,NULO,25.5,13.5
2001,11,29,0,NULO,22,10
2001,11,30,0,NULO,16,10.5
2001,12,1,0,NULO,28,13
2001,12,2,0,NULO,32,17
2001,12,3,0,NULO,30,20
2001,12,4,0,NULO,29,16.5
2001,12,5,0,NULO,31.5,17
2001,12,6,5.3,NULO,30.5,18.5
2001,12,7,0,NULO,30,20
2001,12,8,0,NULO,28.5,18
2001,12,9,0,NULO,19.5,15
2001,12,10,0,NULO,21.5,12.5
2001,12,11,0,NULO,28,12.5
2001,12,12,0,NULO,32,16.5
2001,12,13,0,NULO,23,16
2001,12,14,0,NULO,23,18
2001,12,15,0,NULO,27,18
2001,12,16,0,NULO,31,17
2001,12,17,0,NULO,24,17
2001,12,18,0,NULO,28.5,16
2001,12,19,0,NULO,25,14
2001,12,20,0,NULO,26,14.5
2001,12,21,0,NULO,28.5,12.5
2001,12,22,0,NULO,30,13
2001,12,23,0,NULO,26,16
2001,12,24,0,NULO,22,17
2001,12,25,1.5,NULO,18,15
2001,12,26,0,NULO,18,11
2001,12,27,0,NULO,24,11
2001,12,28,0,NULO,28,12.5
2001,12,29,0,NULO,27,12
2001,12,30,0,NULO,27,13
2001,12,31,0,NULO,28,16
2002,1,1,0,1.75,26,14.5
2002,1,2,0.1,0.19,20.5,10
2002,1,3,0,2.61,15,8.5
2002,1,4,0,0.34,18.5,9
2002,1,5,0,2.81,29.5,9
2002,1,6,0,3.64,25.5,10.5
2002,1,7,0,4.53,26,8.5
2002,1,8,0,2.37,28,8
2002,1,9,0,4.83,29,8
2002,1,10,0,2.9,30,12.5
2002,1,11,0,1.8,23,11
2002,1,12,6,0.33,16,15
2002,1,13,10,1.71,15.5,12
2002,1,14,0,2.49,28,11
2002,1,15,0,3.62,28,10.5
2002,1,16,0,3.08,29,13.5
2002,1,17,0,2.58,28,14
2002,1,18,0,2.02,30,15.5
2002,1,19,0,3.58,29.5,17
2002,1,20,0,4.11,29.5,17.5
2002,1,21,0,1.46,24,17
2002,1,22,0,4,32,16.5
2002,1,23,0,3.1,31,18
2002,1,24,0,4.32,32,17
2002,1,25,0,1.94,21,17
2002,1,26,0,3.07,25,15
2002,1,27,0,4.69,30,15
2002,1,28,0,6.07,29.5,16
2002,1,29,0,3.47,30,17.5
2002,1,30,0,3.11,32.5,16.5
2002,1,31,8.5,6.18,33,17.5
2002,2,1,1,1.12,20,16
2002,2,2,0,3.72,23,12
2002,2,3,0,2.84,29,12
2002,2,4,1,1.3,22,16
2002,2,5,0,1.32,27,17
2002,2,6,0,1.97,18.5,16
2002,2,7,0,2.98,21,13
2002,2,8,0,2.87,26,13
2002,2,9,0,3.74,30,12.5
2002,2,10,10.5,1.34,18.5,13
2002,2,11,0,0.78,17.5,9.5
2002,2,12,0,3.19,18,9.5
2002,2,13,2,1.54,20,12.5
2002,2,14,0,0.34,22,11.5
2002,2,15,0,5.46,30.5,11.5
2002,2,16,0,1.26,24,14.5
2002,2,17,0,2.81,23.5,16
2002,2,18,0,2.93,27,16
2002,2,19,0,4.24,33,18
2002,2,20,0,2.2,28,18
2002,2,21,0,4.9,32.5,17.5
2002,2,22,0,5.44,27,14
2002,2,23,0,4.92,29,10
2002,2,24,0,5.34,31,14
2002,2,25,0,3.77,32.5,10
2002,2,26,0,3.75,27.5,9
2002,2,27,0,2.99,18,8.5
2002,2,28,0,3.04,16,9
2002,3,1,0,5.43,33,13
2002,3,2,0,7.84,42,13.5
2002,3,3,0,6.16,30,13
2002,3,4,0,2.79,19.5,8.5
2002,3,5,0,3.54,24,8.5
2002,3,6,0,1.52,28,12
2002,3,7,0,3.7,31.5,14.5
2002,3,8,0,5.05,34,17
2002,3,9,4,7.47,30,17
2002,3,10,4,2.64,21,15
2002,3,11,0,2.79,31.5,16
2002,3,12,0,5.25,33.5,13
2002,3,13,0,5.56,38,12.5
2002,3,14,0,5.05,41.5,17
2002,3,15,0,5.8,36.5,20.5
2002,3,16,0,9.86,36.5,20
2002,3,17,0,5.92,35,20
2002,3,18,0,4.25,35.5,20
2002,3,19,0,6.42,37,21
2002,3,20,0,8.15,32,20.5
2002,3,21,0,5.85,29,19
2002,3,22,0,4.05,27,16
2002,3,23,0,4.71,31.5,14
2002,3,24,0,5.41,34,14
2002,3,25,0,7.46,41.5,16
2002,3,26,0,5.81,38,20
2002,3,27,0,3.68,38,17
2002,3,28,0,7.38,35,18.5
2002,3,29,0,3.92,37,18.5
2002,3,30,0,5.57,37,19
2002,3,31,0,7.92,32.5,18.5
2002,4,1,0,6.66,34,15.5
2002,4,2,0,5.47,37,17
2002,4,3,3,5.23,29.5,19
2002,4,4,0.1,1.03,25.5,20
2002,4,5,0,7.43,27.5,20.5
2002,4,6,9,5.64,33,20
2002,4,7,0,6.1,37,21
2002,4,8,0,9.66,41.5,22
2002,4,9,0,6.09,34.5,21
2002,4,10,0,6.09,34,21
2002,4,11,0,6.5,35.5,17.5
2002,4,12,0,6.53,37,17.5
2002,4,13,0,7.23,37,19.5
2002,4,14,0,5.59,37,20
2002,4,15,0,8.36,36,21
2002,4,16,0,7.13,37,20.5
2002,4,17,0,4,36,21.5
2002,4,18,0,3.32,38,21.5
2002,4,19,0,5.82,36.5,21.5
2002,4,20,0,6.49,36,21.5
2002,4,21,0,5.99,36,21
2002,4,22,0,6.15,37,20
2002,4,23,0,6.3,36.5,21
2002,4,24,0,7.9,38.5,21.5
2002,4,25,0,6.16,36.5,21
2002,4,26,0,4.21,35,22
2002,4,27,0,7.27,37,22
2002,4,28,0,6.14,39,22
2002,4,29,0,7.58,40,23
2002,4,30,0,3.1,38,21
2002,5,1,0,6.99,41,21.5
2002,5,2,0,6.89,43,23.5
2002,5,3,0,5.79,41,23.5
2002,5,4,0,8.25,41,24
2002,5,5,0,6.35,41,24
2002,5,6,0,7.25,29.5,23.5
2002,5,7,0,7.99,39,24
2002,5,8,0,5.91,40,24
2002,5,9,0,7.19,40,24
2002,5,10,0,3.03,39.5,24
2002,5,11,0,6.99,39,23.5
2002,5,12,0,6.73,39,23.5
2002,5,13,0,8.72,38,24
2002,5,14,0,2.65,27,21
2002,5,15,0,4.61,36.5,20.5
2002,5,16,0,7.95,37.5,21
2002,5,17,77,7.85,39,23
2002,5,18,8,4.74,29.5,21
2002,5,19,0,3.13,28,21.5
2002,5,20,0,4.29,30.5,22
2002,5,21,0,6.72,34.5,20.5
2002,5,22,0,6.89,34.5,20
2002,5,23,0,7.08,35,19.5
2002,5,24,0,6.33,37,19.5
2002,5,25,0,5.52,38,22
2002,5,26,0,5.77,37.5,24
2002,5,27,0,7.45,38,22.5
2002,5,28,0,7.81,37,22.5
2002,5,29,0,6.19,38,22.5
2002,5,30,0,7.87,38.5,22.5
2002,5,31,0,7.33,38.5,21
2002,6,1,0,7.54,37,20
2002,6,2,0,6.36,38,24
2002,6,3,0,6.95,38,20
2002,6,4,0,5.97,37,24
2002,6,5,4,9.46,37,25
2002,6,6,10,2.3,28.5,23
2002,6,7,0,5.21,34.5,23
2002,6,8,50,6.29,34.5,23
2002,6,9,17,NULO,26.5,23.5
2002,6,10,0.1,1.06,30,24.5
2002,6,11,12,3.4,34,24
2002,6,12,0,0.67,34.5,24.5
2002,6,13,0,6.01,36,24.5
2002,6,14,0,6.8,35.5,24
2002,6,15,0,8.7,35,24
2002,6,16,0,6.23,38,23
2002,6,17,0,5.45,36.5,23
2002,6,18,0,7.59,37,23.5
2002,6,19,0,6.8,37,24.5
2002,6,20,0,5.37,34.5,25
2002,6,21,0,5.37,36,23
2002,6,22,0,5.48,32.5,22.5
2002,6,23,0,6.38,34.5,22.5
2002,6,24,0,6.76,35.5,22.5
2002,6,25,0,6.23,35,23
2002,6,26,0,6.35,35.5,23
2002,6,27,0,7.22,36,24
2002,6,28,0,6.2,36,24
2002,6,29,0,4.32,36.5,24
2002,6,30,2,2.28,36.5,24
2002,7,1,0,5.29,34,24
2002,7,2,0,5.97,35,24
2002,7,3,0,5.25,36,23.5
2002,7,4,0,5.21,37,24
2002,7,5,0.1,4.07,36,24.5
2002,7,6,12.5,3.37,31.5,24.5
2002,7,7,19,5.21,34.5,22.5
2002,7,8,0,9.77,34,23
2002,7,9,0,5.2,33,23
2002,7,10,20,4.96,33.5,22
2002,7,11,6,3.15,31.5,22
2002,7,12,0,4.78,35,23
2002,7,13,0,7.13,33.5,23
2002,7,14,0,6.06,33.5,23
2002,7,15,0.1,2.61,33,24
2002,7,16,0.1,1.68,30,24
2002,7,17,10.5,2.03,30,23
2002,7,18,0,5.47,34,22.5
2002,7,19,0,5.19,33.5,22
2002,7,20,11,5.91,30,22
2002,7,21,45,NULO,33,22.5
2002,7,22,8,5.33,30,22.5
2002,7,23,6,7.35,32,22
2002,7,24,6,2.17,33,21.5
2002,7,25,0,4.77,34.5,22.5
2002,7,26,0,4.82,35,22.5
2002,7,27,0,5.78,35,22.5
2002,7,28,0,4.44,35,23
2002,7,29,0,6.61,36,24
2002,7,30,7,6.3,34.5,24
2002,7,31,16,1.58,33.5,23
2002,8,1,0,3.76,34,23
2002,8,2,2,6.68,34,23
2002,8,3,0,3.88,35.5,23
2002,8,4,0,5.89,35.5,24.5
2002,8,5,0,6.09,35.5,24
2002,8,6,0,5.5,36,23
2002,8,7,0,6.81,37,23
2002,8,8,0,5.86,36.5,22
2002,8,9,0,5.81,36,22.5
2002,8,10,0,6.7,35.5,23
2002,8,11,0,5.97,36,23
2002,8,12,0,4.62,36,23
2002,8,13,0,6.55,36,22.5
2002,8,14,0,6.06,37,24
2002,8,15,0,3.89,36,25
2002,8,16,7,2.23,32.5,24.5
2002,8,17,0.5,4.34,34.5,23
2002,8,18,2.5,3.32,33.5,22.5
2002,8,19,4.7,9.42,34.5,23
2002,8,20,0,5.44,37,24
2002,8,21,0,4.7,36,23
2002,8,22,0,3.58,36,23
2002,8,23,3,4.52,34,23.5
2002,8,24,0,5.31,36,23
2002,8,25,0,5.19,37,23
2002,8,26,0,6.76,36,22.5
2002,8,27,0,6.5,39,23
2002,8,28,0,7.25,36,22.5
2002,8,29,0,4.18,36,23
2002,8,30,2,3.12,32.5,23
2002,8,31,16,4.13,35,23
2002,9,1,0,NULO,36.5,23
2002,9,2,8,NULO,34.5,23
2002,9,3,0,NULO,35.5,23
2002,9,4,0,NULO,38,23
2002,9,5,0,NULO,38,23
2002,9,6,0,NULO,38.5,23.5
2002,9,7,0,NULO,38,24
2002,9,8,0,NULO,39.5,24
2002,9,9,0.1,NULO,38,25
2002,9,10,0.1,NULO,37,25
2002,9,11,20,NULO,34,24
2002,9,12,50,NULO,32,23.5
2002,9,13,52,NULO,29.5,23
2002,9,14,0,NULO,32.5,23
2002,9,15,49,NULO,34,24
2002,9,16,40,NULO,26.5,24
2002,9,17,0,NULO,34,23.5
2002,9,18,0,NULO,35,23.5
2002,9,19,30,NULO,36,23
2002,9,20,13,NULO,36,22
2002,9,21,0,NULO,32,22
2002,9,22,0,NULO,32.5,22
2002,9,23,0,NULO,33,20
2002,9,24,0,NULO,32,20.5
2002,9,25,0,NULO,32,20
2002,9,26,0,NULO,32,21
2002,9,27,0,NULO,34,23
2002,9,28,0,NULO,34,22
2002,9,29,0,NULO,35,21
2002,9,30,0,NULO,35.5,20.5
2002,10,1,0,NULO,35.5,21
2002,10,2,0,NULO,35.5,22
2002,10,3,0,NULO,36,22.5
2002,10,4,10,NULO,36,22
2002,10,5,7,NULO,30,22.5
2002,10,6,0,NULO,34,22
2002,10,7,9,NULO,33,22
2002,10,8,0,NULO,34,22
2002,10,9,0,NULO,35,22
2002,10,10,4.5,NULO,30,22
2002,10,11,2,NULO,33,22.5
2002,10,12,0,NULO,33.5,22.5
2002,10,13,76,NULO,31,22.5
2002,10,14,0,NULO,29.5,20
2002,10,15,0,NULO,28.5,20
2002,10,16,0,NULO,25.5,19
2002,10,17,0.1,NULO,27.5,19
2002,10,18,0,NULO,30.5,21
2002,10,19,0,NULO,33,22
2002,10,20,0,NULO,34,22
2002,10,21,0,NULO,34,20
2002,10,22,0,NULO,34,21.5
2002,10,23,0,NULO,34,22
2002,10,24,0,NULO,34,23
2002,10,25,0,NULO,30.5,23.5
2002,10,26,1,NULO,35,23.5
2002,10,27,1.5,NULO,28,23.5
2002,10,28,0,NULO,32.5,23
2002,10,29,0,NULO,35,23
2002,10,30,22,NULO,30,23.5
2002,10,31,16,NULO,32,22
2002,11,1,30.5,NULO,24,20
2002,11,2,11,NULO,26,19
2002,11,3,1,NULO,28,20
2002,11,4,3.5,NULO,27,20
2002,11,5,3,NULO,24,20
2002,11,6,0,NULO,25,17.5
2002,11,7,0,NULO,27,13
2002,11,8,0,NULO,29.5,14
2002,11,9,0,NULO,33,16.5
2002,11,10,0,NULO,33,17.5
2002,11,11,0,NULO,31,21
2002,11,12,0,NULO,31.5,21
2002,11,13,0,NULO,25,17
2002,11,14,0,NULO,29,17
2002,11,15,0,NULO,30,17
2002,11,16,0,NULO,22,13
2002,11,17,0,NULO,26,12
2002,11,18,0,NULO,29,12
2002,11,19,0,NULO,29,12
2002,11,20,0,NULO,29,14
2002,11,21,0,NULO,28.5,14
2002,11,22,0,NULO,28.5,12
2002,11,23,0,NULO,29,11.5
2002,11,24,0,NULO,29.5,11.5
2002,11,25,0,NULO,25.5,13
2002,11,26,1,NULO,27,15
2002,11,27,1,NULO,17,13
2002,11,28,15,NULO,18,10
2002,11,29,0.5,NULO,20,10
2002,11,30,0.5,NULO,26,12
2002,12,1,0,2.24,26,15
2002,12,2,0,3.02,29,15
2002,12,3,0,2.09,29,15
2002,12,4,0,2.97,29,17
2002,12,5,0,1.39,18,13
2002,12,6,0,1.38,17.5,11.5
2002,12,7,0,1.93,21,11.5
2002,12,8,0,0.2,20,13
2002,12,9,0,3.82,27.5,15
2002,12,10,0,2.07,21.5,15
2002,12,11,0,1.14,22,15
2002,12,12,0,3.12,28,15
2002,12,13,0,NULO,25,16
2002,12,14,0,NULO,24,15
2002,12,15,0,NULO,28,15
2002,12,16,0,NULO,29,14
2002,12,17,0,NULO,29,14
2002,12,18,0,NULO,29,16
2002,12,19,0,NULO,27,16
2002,12,20,0,NULO,26,13
2002,12,21,0,NULO,28,12
2002,12,22,0,NULO,28,13.5
2002,12,23,0,NULO,26,14
2002,12,24,0,NULO,28,15.5
2002,12,25,0,NULO,17.5,14
2002,12,26,0,NULO,19,13.5
2002,12,27,2.5,NULO,18,14.5
2002,12,28,3.5,NULO,16.5,14
2002,12,29,0,NULO,26,14.5
2002,12,30,0,NULO,28,15
2002,12,31,0,NULO,28,14
2003,1,1,0,4.68,28,11
2003,1,2,0,2.78,23,12.5
2003,1,3,0,3.09,23,9.5
2003,1,4,0,2.75,26.5,9.5
2003,1,5,0,2.54,29,10.5
2003,1,6,3.5,0.58,25,12.5
2003,1,7,19,2.86,21.5,13.5
2003,1,8,0,0.4,20,13
2003,1,9,0,2.74,28,14
2003,1,10,0,1.78,28.5,14
2003,1,11,2.5,0.09,18.5,14
2003,1,12,1.5,0.23,17.5,13
2003,1,13,0.1,0.24,16.5,13
2003,1,14,0,1.19,22,12.5
2003,1,15,0,2.1,26,12
2003,1,16,0,4.11,28,13
2003,1,17,0,4.48,16.5,13
2003,1,18,0,0.7,17.5,10.5
2003,1,19,0,1.16,23,11
2003,1,20,0,4.35,28,14
2003,1,21,0,3.13,30,13.5
2003,1,22,0,2.35,29,14
2003,1,23,2,0.94,18,10
2003,1,24,0,0.75,18,10
2003,1,25,0,0.21,21,9
2003,1,26,3,1.82,23,11
2003,1,27,0.1,1.27,16,11
2003,1,28,0,2.39,26,12
2003,1,29,0,1.21,28,12
2003,1,30,0,2.03,24.5,13
2003,1,31,0,3.57,26,16
2003,2,1,0,3.04,27.5,16.5
2003,2,2,0,3.36,30,16
2003,2,3,0,2.59,30.5,15
2003,2,4,0,1.63,22,15
2003,2,5,0,3.21,29,16
2003,2,6,0,5.24,33,17
2003,2,7,0,4.51,20,14
2003,2,8,0,1.43,22,13
2003,2,9,0,4.5,29,13
2003,2,10,0,1.52,21,14
2003,2,11,0,2.72,26,15
2003,2,12,0,1.4,29,16
2003,2,13,0,1.69,29,17
2003,2,14,0,3.19,31,17
2003,2,15,0,3.81,31.5,19.5
2003,2,16,0,3.29,25,19
2003,2,17,0,3.8,25,14.5
2003,2,18,0,1.18,26,15
2003,2,19,0,4.68,30,17
2003,2,20,0,4.1,32,19
2003,2,21,0,4.26,35,16
2003,2,22,0,3.87,30,16
2003,2,23,0,5.68,30,17
2003,2,24,0,3.28,28,16
2003,2,25,0,3.58,20,12
2003,2,26,0,2.75,28,11
2003,2,27,0,2.94,23,12
2003,2,28,0,4.4,23,14
2003,3,1,0,3.27,31,15.5
2003,3,2,0,3.6,32.5,19
2003,3,3,0,6.03,33,19
2003,3,4,0,3.82,29,18
2003,3,5,0,3.97,35,18
2003,3,6,0,2.72,27,20
2003,3,7,0,4.7,29,17
2003,3,8,0,4.39,32,17.5
2003,3,9,0,2.78,29,18.5
2003,3,10,0,3.45,33.5,21
2003,3,11,0,4.07,33,21
2003,3,12,0,4.04,34,20.5
2003,3,13,0,6.52,35,20.5
2003,3,14,3.5,3.63,32,22
2003,3,15,0,2.49,30.5,20.5
2003,3,16,0,2.29,35.5,20.5
2003,3,17,0,9.04,39.5,21
2003,3,18,0,11.23,41,17.5
2003,3,19,0,5.56,34,18
2003,3,20,0,7.66,33,18
2003,3,21,0,4.89,29.5,18
2003,3,22,0,4.7,33,18
2003,3,23,0,4.92,32,18
2003,3,24,0,5.34,29.5,19
2003,3,25,0,6.27,36,19.5
2003,3,26,0,4.79,32,20
2003,3,27,0,6.79,33,16.5
2003,3,28,0,1.38,38.5,16
2003,3,29,0,5.99,25,16.5
2003,3,30,0,5.95,24.5,14.5
2003,3,31,0,6.02,28,10
2003,4,1,0,6.12,20.5,10.5
2003,4,2,0,4.91,32,12
2003,4,3,0,7.1,35,12
2003,4,4,0,7.07,37.5,16
2003,4,5,0,6.84,26,18
2003,4,6,0,6.28,37,20
2003,4,7,1,4.12,36,23
2003,4,8,5,7.44,30.5,20
2003,4,9,0,3.21,25.5,18
2003,4,10,0,7.83,30,14
2003,4,11,0,6.88,32,15
2003,4,12,0,7.14,33,15
2003,4,13,0,5.84,33,17
2003,4,14,0,4.86,30.5,18.5
2003,4,15,0,3.37,33,19
2003,4,16,0,4.32,36,19.5
2003,4,17,0,6.36,36,22
2003,4,18,0,5.28,36.5,20
2003,4,19,0,6.37,38,20
2003,4,20,0,5.56,36,21
2003,4,21,0,4.35,32.5,23
2003,4,22,0,4.33,35,22
2003,4,23,0,6.86,37,22
2003,4,24,0,9.1,44,22.5
2003,4,25,0,7.71,43,22.5
2003,4,26,0,8.63,35.5,22.5
2003,4,27,0,6.24,37,22.5
2003,4,28,0,6.48,38,23.5
2003,4,29,0,6.76,38.5,23
2003,4,30,0,6.23,38.5,24.5
2003,5,1,0,5.28,38,24
2003,5,2,0,6.99,38.5,25
2003,5,3,0,5.09,37,25
2003,5,4,0,7.36,41,25
2003,5,5,0,9.78,43,24
2003,5,6,0,7.17,44,24.5
2003,5,7,0,6.2,39,24.5
2003,5,8,0,7.99,41,24.5
2003,5,9,0,10.28,41,24.5
2003,5,10,0,4.45,41,24.5
2003,5,11,0,6.03,38,24.5
2003,5,12,0,5.77,36,24
2003,5,13,0,8.3,39,23.5
2003,5,14,0,7.89,38,23.5
2003,5,15,0,6.79,39,23
2003,5,16,0,8.9,41,23
2003,5,17,0,8.67,39,23.5
2003,5,18,0,6.84,39.5,24
2003,5,19,0,6.22,37,22
2003,5,20,0,8.7,39,24.5
2003,5,21,0,5.66,36.5,24
2003,5,22,0,2.88,36.5,24
2003,5,23,7,7.1,36,24
2003,5,24,0,8.25,39.5,22
2003,5,25,0,6.55,38,22
2003,5,26,87,NULO,38,23
2003,5,27,0,6.06,33.5,21
2003,5,28,0,7.06,35,21
2003,5,29,0,4.12,35,22
2003,5,30,0,6.44,37,22
2003,5,31,0,7.31,36,22
2003,6,1,0,6.68,38,23
2003,6,2,0,5.96,38,24
2003,6,3,0,4.87,37,25
2003,6,4,0,8.85,40,23.5
2003,6,5,0,6.29,39,24
2003,6,6,3,7.37,37,25
2003,6,7,0,6.14,35,24
2003,6,8,0,8.5,39,24
2003,6,9,0,7.1,38.5,24.5
2003,6,10,0,7.78,38,24
2003,6,11,0,6.81,38,24
2003,6,12,0,7.01,40,24
2003,6,13,0,7.98,40,25
2003,6,14,9,4.34,36,25
2003,6,15,6,4.51,35,24
2003,6,16,0,5.57,33,21
2003,6,17,0.1,2.41,34.5,22
2003,6,18,0,6.29,37,23
2003,6,19,0,5.26,38,23
2003,6,20,0,6.5,38.5,24
2003,6,21,0,5.23,38,24
2003,6,22,0,8.42,39.5,24.5
2003,6,23,0,8.06,39,24.5
2003,6,24,13,6.29,36.5,24.5
2003,6,25,0,7.01,38,25
2003,6,26,1,8.62,38,23
2003,6,27,2.5,4.79,38,24
2003,6,28,0,6.07,37,22.5
2003,6,29,0,6.27,39,23
2003,6,30,0,6.55,39,23
2003,7,1,0,7.81,40,23.5
2003,7,2,0,6.92,35,23
2003,7,3,0,3.9,35.5,24
2003,7,4,0,3.7,33.5,24
2003,7,5,0,2.95,31,23.5
2003,7,6,22,6.42,35,22
2003,7,7,12,6.01,32,22
2003,7,8,11,5.01,32.5,22
2003,7,9,3.5,2.36,32,21
2003,7,10,1,3.97,34,22
2003,7,11,0,6.26,36,22
2003,7,12,0,7.4,36,22.5
2003,7,13,0,6.94,36,22.5
2003,7,14,0,4.82,35,23
2003,7,15,0,4.58,37,23.5
2003,7,16,12,4.66,33,23
2003,7,17,12,4.66,31,23
2003,7,18,1.5,1.17,34,22
2003,7,19,0,6.65,34,22
2003,7,20,0,7.5,34.5,21
2003,7,21,0,NULO,34,21.5
2003,7,22,0,6.74,37,21.5
2003,7,23,0,5.31,38,23
2003,7,24,0,8.7,36,23
2003,7,25,0,7.05,37,23
2003,7,26,0,4.24,33.5,22.5
2003,7,27,15.5,5.06,33,22
2003,7,28,0,3.65,34,21
2003,7,29,0,7.78,36,22
2003,7,30,0,6.91,36,22
2003,7,31,0,4.19,34.5,23
2003,8,1,0,4.69,34,23.5
2003,8,2,0,6.35,35.5,22.5
2003,8,3,0,5.72,36.5,22.5
2003,8,4,0,6.15,36.5,23
2003,8,5,0,7.17,37.5,23
2003,8,6,0,7.64,39,23.5
2003,8,7,0,6.91,38,23.5
2003,8,8,0,7.61,39,22
2003,8,9,0,7.98,39,23
2003,8,10,0,8.26,40,23
2003,8,11,0,9.29,40,23
2003,8,12,1.5,8.33,40,23
2003,8,13,11,3.3,34,22
2003,8,14,14,5.04,32,22
2003,8,15,3,2.41,32,22
2003,8,16,0,5,34,22
2003,8,17,1,NULO,34,22
2003,8,18,0,NULO,35,22
2003,8,19,0,5.83,34,22
2003,8,20,0,3.13,30,23
2003,8,21,0,NULO,33,22
2003,8,22,30,5.99,31,22
2003,8,23,16,3.3,32.5,22
2003,8,24,0,3.77,34,22.5
2003,8,25,0,3.18,33,22.5
2003,8,26,0,7.13,33,22.5
2003,8,27,0,5.76,35.5,22.5
2003,8,28,0,6.94,36,23
2003,8,29,0,6.29,36.5,23
2003,8,30,0,6.66,34.5,23
2003,8,31,1,6.43,34.5,23.5
2003,9,1,35,5.44,33.5,23.5
2003,9,2,52,NULO,30,22
2003,9,3,5,3.48,33.5,22
2003,9,4,0.1,3.23,34,22
2003,9,5,31,6.53,34,23.5
2003,9,6,9,4.24,34,22.5
2003,9,7,0,4.58,34,22.5
2003,9,8,0,6.1,34,22.5
2003,9,9,0,6.42,36,23.5
2003,9,10,0,3.5,36,23.5
2003,9,11,0,6.28,35,23
2003,9,12,0,5.14,34.5,23.5
2003,9,13,0,4.59,35,23.5
2003,9,14,97,NULO,31,23.5
2003,9,15,11.5,NULO,29,22
2003,9,16,24.5,NULO,32.5,22.5
2003,9,17,1,1.78,34,22
2003,9,18,0,4.96,35,22.5
2003,9,19,1,2.3,28.5,23
2003,9,20,2,1.37,29,23
2003,9,21,0,2.47,35,23.5
2003,9,22,18,2.88,33,24
2003,9,23,0,3.13,33,23
2003,9,24,0,4.62,34,23
2003,9,25,0,4.94,35,23
2003,9,26,0,6.51,35,23.5
2003,9,27,16,7.03,33,24
2003,9,28,8.5,2.28,27,21
2003,9,29,32,3.77,27,20.5
2003,9,30,0,5.15,30,21
2004,1,1,0,2.9,28,16
2004,1,2,0,1.8,29,17
2004,1,3,0,3.4,29,18
2004,1,4,0,2.1,30,19
2004,1,5,3.5,3.5,27,15
2004,1,6,15.5,1.35,21,12
2004,1,7,2.5,0.35,15,8.5
2004,1,8,0,1.33,25,9
2004,1,9,4,1.26,20,12.5
2004,1,10,0,2.83,20,13
2004,1,11,0,0.44,18,12
2004,1,12,0,1.76,20,12.5
2004,1,13,0,2.8,24,14
2004,1,14,0,1.81,24,16.5
2004,1,15,0,1.94,25.5,17
2004,1,16,0,1.03,24,17
2004,1,17,0,1.4,24.5,14
2004,1,18,0,3.9,23,14.5
2004,1,19,0,3.1,23,14
2004,1,20,0,2.5,24.5,10.5
2004,1,21,0,2.8,24.5,10.5
2004,1,22,0,1.8,24.5,14
2004,1,23,0,1.24,25,18
2004,1,24,0,2.43,28,18
2004,1,25,0,1.21,25,17
2004,1,26,0,1.69,24.5,15
2004,1,27,0,2.03,18,14
2004,1,28,0.1,0.25,15.5,12
2004,1,29,0,0.79,21,12
2004,1,30,0,0.36,22,14
2004,1,31,0,2.11,25.5,13.5
2004,2,1,0,2.79,25,13
2004,2,2,0,4,27.5,13.5
2004,2,3,0,1.9,19,15
2004,2,4,0,2.02,28,15
2004,2,5,0,4.18,27,15
2004,2,6,0,2.83,23,15
2004,2,7,3.5,5.77,20,14
2004,2,8,0.1,1.09,21,13
2004,2,9,0,3.63,28,14
2004,2,10,0,2.27,28,16
2004,2,11,0.1,2.46,29,17
2004,2,12,2,1.08,19,14
2004,2,13,0,1.74,19.5,10
2004,2,14,0,1.87,15,10.5
2004,2,15,0,2.13,17.5,11
2004,2,16,0,3.9,27.5,12.5
2004,2,17,0,4.12,28.5,10
2004,2,18,0,3.85,27,9.5
2004,2,19,0,5.15,28.5,10
2004,2,20,0,4.75,34.5,11.5
2004,2,21,0,2.74,28,14
2004,2,22,0,4.74,29.5,14
2004,2,23,0,2.09,29,17
2004,2,24,0,4.93,33.5,17
2004,2,25,0,5.67,26,17
2004,2,26,0,7.09,25,13
2004,2,27,0,4.51,26,10
2004,2,28,0,2.14,26.5,10.5
2004,2,29,0,4.66,32,15
2004,3,1,0,2.5,29,18
2004,3,2,0,4.15,31,18
2004,3,3,0,4.8,31.5,19.5
2004,3,4,0,3.81,33.5,19
2004,3,5,0,6.56,35.5,19.5
2004,3,6,0,3.3,29.5,20
2004,3,7,0,3.98,29,20
2004,3,8,0.1,5.5,28.5,19
2004,3,9,0,5.09,28,17
2004,3,10,0,2.47,28,16
2004,3,11,0,4.05,27,16
2004,3,12,6,0.7,24.5,16
2004,3,13,2,1.3,24.5,17.5
2004,3,14,0.5,0.8,27,19
2004,3,15,1.3,1.31,25,20
2004,3,16,2.5,0.89,22.5,21
2004,3,17,2.5,1.1,26,20
2004,3,18,0,2.55,29,17
2004,3,19,0,6.87,30,18
2004,3,20,0,4.3,30,21
2004,3,21,0,4.5,29,20
2004,3,22,0,2.36,28,16
2004,3,23,0,4.13,29,16
2004,3,24,0,2.14,29,17
2004,3,25,0,3.25,30,18.5
2004,3,26,0,3.98,30,18
2004,3,27,0,4.25,31,19
2004,3,28,0,4.4,31,19.5
2004,3,29,29,6,30.5,18.5
2004,3,30,19,1.5,23.5,17
2004,3,31,5,2.63,27.5,17.5
2004,4,1,0,6.53,30.5,17
2004,4,2,1,5.34,32,17
2004,4,3,0.5,2.35,30.5,18
2004,4,4,0,4.88,30,21
2004,4,5,0.1,4.17,32,21
2004,4,6,0,4.86,33,21
2004,4,7,0,3.64,33,21
2004,4,8,0,3.38,30,22
2004,4,9,0,6.82,33.5,22.5
2004,4,10,0,6.2,33.5,23
2004,4,11,0,3.65,29,19
2004,4,12,0,2.45,23.5,16.5
2004,4,13,0,3.3,25,15
2004,4,14,0,3.86,28,13.5
2004,4,15,0,5.31,28,13
2004,4,16,0,5.42,28,14
2004,4,17,0,3.81,30,17
2004,4,18,0,6.47,32,17
2004,4,19,0,5.27,31.5,19
2004,4,20,0,7.72,32,18
2004,4,21,0,6.43,33,18
2004,4,22,0,5.61,33.5,19
2004,4,23,0,6.14,34,20
2004,4,24,0,4.35,34,22.5
2004,4,25,0,4.45,33.5,23
2004,4,26,40,NULO,31,20
2004,4,27,0.5,1.17,24,19.5
2004,4,28,0,4.25,30,19.5
2004,4,29,0,4.62,33,20
2004,4,30,0,6.5,35,21
2004,5,1,80,NULO,36,16
2004,5,2,2.5,3.68,23.5,14
2004,5,3,0,5.67,27.5,15
2004,5,4,0,5.33,29,15
2004,5,5,0,4.77,29,15
2004,5,6,0,6.05,32.5,17
2004,5,7,6,6.2,32.5,20.5
2004,5,8,17,5.4,30.5,21.5
2004,5,9,0,3.1,31.5,21.5
2004,5,10,0,5.6,35.5,21.5
2004,5,11,0,7,35.5,22
2004,5,12,0,5.22,35,24
2004,5,13,0,5.03,35,23
2004,5,14,88,NULO,26,20
2004,5,15,20,3.53,27,18
2004,5,16,0,6.25,31,17
2004,5,17,0,6.03,33,18
2004,5,18,0,5.47,34,21
2004,5,19,0,5.2,33.5,22
2004,5,20,0,4.85,32,20
2004,5,21,0,5.2,32,20
2004,5,22,0,5.85,32.5,21.5
2004,5,23,0,6.4,33.5,21.5
2004,5,24,0,4.5,34,22
2004,5,25,0,6.45,34.5,21.5
2004,5,26,0,3.76,34,21.5
2004,5,27,0,7.45,35,22
2004,5,28,0,4.8,32,22
2004,5,29,0,6.94,37,24
2004,5,30,0,5.26,44,24
2004,5,31,0,7.72,35,23
2004,6,1,0,1.29,28,23
2004,6,2,18,5,31,22
2004,6,3,53,NULO,27,21
2004,6,4,20,4.67,25,20
2004,6,5,7,4.51,31.5,20
2004,6,6,10.5,4.4,30.5,21
2004,6,7,3.5,1.8,32,21.5
2004,6,8,6.5,3.8,32.5,22
2004,6,9,0,2.17,33,24
2004,6,10,0,4.9,33,24
2004,6,11,0,5.4,35,23
2004,6,12,0,7.56,35,23
2004,6,13,0,5.27,36,22
2004,6,14,0,6.4,36,22
2004,6,15,0,7.38,36,22
2004,6,16,2,4.3,36,24
2004,6,17,2,4.18,33,23
2004,6,18,0,7.14,34.5,22
2004,6,19,0,6,35.5,22
2004,6,20,0,8,35.5,21.5
2004,6,21,0,6.4,34.5,22
2004,6,22,7,5.35,35.5,22.5
2004,6,23,10,5.05,31.5,23
2004,6,24,0,3.45,33.5,23
2004,6,25,0,6.84,34,22
2004,6,26,0.1,4.07,33,23
2004,6,27,16,3.61,32,22
2004,6,28,0,3.91,33,22
2004,6,29,0,6.41,34,22
2004,6,30,0,3.71,33,23
2004,7,1,0,6.59,33.5,23
2004,7,2,0.1,7.81,34.5,23
2004,7,3,0,6.19,35,22
2004,7,4,0,4.3,37,22.5
2004,7,5,0,5.9,35.5,23
2004,7,6,0,6.9,35.5,22.5
2004,7,7,0,6.88,35,23
2004,7,8,0,6.79,36,23
2004,7,9,0,5.74,35,23
2004,7,10,2,4.13,33,23
2004,7,11,75,NULO,25.5,22
2004,7,12,0,3.01,32,20
2004,7,13,0,5.03,32,21
2004,7,14,0,5.53,34,21
2004,7,15,0,5.44,35,21
2004,7,16,0,6.96,35,21
2004,7,17,0,7,36,22
2004,7,18,0,5,36,22
2004,7,19,0,7.35,36.5,23
2004,7,20,0,6.25,36.5,23
2004,7,21,0,5.18,36,24
2004,7,22,1.5,4.99,35,24
2004,7,23,6,0.29,35,22
2004,7,24,0,3.11,35,22
2004,7,25,14,5.31,34,23
2004,7,26,0,2.73,33,22
2004,7,27,0,8,35,22
2004,7,28,0,6.37,36,22
2004,7,29,2,7.81,36,23
2004,7,30,0,5,37.5,24
2004,7,31,0,6.2,36.5,21.5
2004,8,1,0,4.71,36.5,22
2004,8,2,5,7.5,35,23
2004,8,3,0,6.75,36.5,22.5
2004,8,4,0,6.04,37,22.5
2004,8,5,0,7.32,38,23
2004,8,6,0,8.44,38,22
2004,8,7,0,6.31,38,23
2004,8,8,0,8.77,38,24
2004,8,9,0,4.89,38,23
2004,8,10,0,6.7,38,23
2004,8,11,0,9.18,38,22
2004,8,12,0,5.04,37,22
2004,8,13,0,7.35,35,22
2004,8,14,0.1,8.7,35.5,22
2004,8,15,0,8.85,34,22
2004,8,16,0,7.4,35,22
2004,8,17,0,4.35,35,22
2004,8,18,0,4.36,35,22
2004,8,19,0,3.77,36,22
2004,8,20,0,5,35.5,23
2004,8,21,0,5.12,35,22.5
2004,8,22,0,8.46,38,22.5
2004,8,23,0,6.21,36,23
2004,8,24,0,5.49,38,24
2004,8,25,0,7.41,38,23
2004,8,26,0,7.19,37,22
2004,8,27,0,7.95,37.5,23
2004,8,28,0,5.45,37,23
2004,8,29,8,7.4,37,22
2004,8,30,31,7.75,30,23
2004,8,31,5,5.35,33.5,21.5
2004,9,1,8,0.58,35,21.5
2004,9,2,0,2.53,33,21
2004,9,3,0,4.81,35,21
2004,9,4,0,8.33,37,23
2004,9,5,0.1,5.05,36,22
2004,9,6,0,3.22,35,22.5
2004,9,7,28,6.3,31,22
2004,9,8,0,5.12,33,22
2004,9,9,0.1,4.89,35,22
2004,9,10,11,5.94,32,22.5
2004,9,11,17.5,6.5,31,22
2004,9,12,0,4.6,33,21
2004,9,13,0,3.48,34,22
2004,9,14,0,6.51,35.5,22
2004,9,15,0,5.25,36,22
2004,9,16,0,3.37,34,22
2004,9,17,3.5,2.85,31,22.5
2004,9,18,4,2.08,30,23
2004,9,19,0,2.11,34,22
2004,9,20,0,2.6,32.5,22.5
2004,9,21,9.5,5.18,35,22.5
2004,9,22,0,5.22,36,20
2004,9,23,0,6.4,36,21
2004,9,24,0,5.85,34.5,21
2004,9,25,0,4.8,34.5,21.5
2004,9,26,0,5.6,35,21.5
2004,9,27,0,5.4,34,21.5
2004,9,28,15,3.9,34,21
2004,9,29,12,2.52,26.5,21
2004,9,30,0,0.72,31,20.5
2004,10,1,0,4.96,35,20
2004,10,2,19,8.15,35,21
2004,10,3,14,3.84,28.5,21
2004,10,4,10,1.65,29,21
2004,10,5,18,2.7,26,20
2004,10,6,6,2.04,30,20
2004,10,7,0.1,7.3,30,20
2004,10,8,8,3.25,32,21
2004,10,9,0,4.55,34.5,21
2004,10,10,0,4.3,33.5,19
2004,10,11,0,2.55,33.5,19
2004,10,12,0,3.54,34,20.5
2004,10,13,0,2.7,34,21
2004,10,14,7,1.62,30,17
2004,10,15,0,5.51,33,16
2004,10,16,0,4.14,35,20
2004,10,17,0,3.65,35,20
2004,10,18,0,3.65,35,21
2004,10,19,0,3.72,35,21
2004,10,20,0,4.16,35,22
2004,10,21,0,8.59,37.5,22
2004,10,22,0,5.32,35,23
2004,10,23,0,3.72,35,22
2004,10,24,0,4.23,35,22
2004,10,25,0,8.05,36.5,23
2004,10,26,0,3.5,34,21
2004,10,27,0,3,35,21
2004,10,28,7.5,3.7,35,21.5
2004,10,29,0,4.4,35,20
2004,10,30,0,4.65,34,15
2004,10,31,0,6.26,35,18
2004,11,1,0,8.4,35.5,20
2004,11,2,2,4.74,28,16
2004,11,3,0,2.94,24,14
2004,11,4,0,1.52,25,13
2004,11,5,0,6.05,37,14
2004,11,6,0,5.35,30,11
2004,11,7,0,7.05,32,11.5
2004,11,8,0,2.15,32.5,12
2004,11,9,0,4.1,32,13.5
2004,11,10,0,4.7,32,13
2004,11,11,0,3.3,32,15
2004,11,12,0,2.63,25,16
2004,11,13,8,3.44,22,16
2004,11,14,0.1,2.42,26,16
2004,11,15,0,1.57,31,16
2004,11,16,0,2.42,33,16
2004,11,17,0,2.63,34,17
2004,11,18,0,6.15,32,18
2004,11,19,0,4.3,33,18.5
2004,11,20,0,1.5,34.5,18.5
2004,11,21,0,5.3,33.5,19
2004,11,22,0,4.65,34,18
2004,11,23,0,6.2,27.5,18
2004,11,24,0,3.3,26.5,18
2004,11,25,0,2.81,30,16.5
2004,11,26,0,2.69,30,15
2004,11,27,0,1.69,36,16
2004,11,28,0,3.94,33,17
2004,11,29,0,4.02,33,19
2004,11,30,1,1.72,33,18
2004,12,1,0,2.08,21,11
2004,12,2,0,3.65,28,13
2004,12,3,0,3.4,30,16
2004,12,4,0,2.1,29,16
2004,12,5,0,4,32,17
2004,12,6,0,3.55,31,16
2004,12,7,0,2,29,17
2004,12,8,0,3.05,30,18
2004,12,9,0,2.35,30,18
2004,12,10,0,3,28,18
2004,12,11,0,3.25,29,15
2004,12,12,0,5.17,29,14
2004,12,13,0,3.67,31,12.5
2004,12,14,0,6,26,13
2004,12,15,3,4.26,14,10
2004,12,16,0,2.24,25,10
2004,12,17,0,1.38,16,11
2004,12,18,0,3.05,23,12
2004,12,19,0,4.4,21.5,12
2004,12,20,0,2.6,25,9
2004,12,21,0,3.8,29.5,9.5
2004,12,22,0,5.95,34,10.5
2004,12,23,0,3.95,28,11.5
2004,12,24,0,1.59,14,7
2004,12,25,0,1.59,16,5
2004,12,26,0,1.7,21,2
2004,12,27,0,2.18,23,2
2004,12,28,0,4.11,27,4
2004,12,29,0,5.53,29,8
2004,12,30,0,3.22,29,9
2004,12,31,0,3.1,29,11
2005,1,1,0,3.03,30.5,13.5
2005,1,2,0,1.9,30.5,14.5
2005,1,3,0,4.9,32.5,16.5
2005,1,4,0,0.9,27,18
2005,1,5,0,3.18,30,16
2005,1,6,0,3.52,31,15
2005,1,7,0,2.67,30.5,16
2005,1,8,0,1.1,21,16
2005,1,9,0,2.73,31,16
2005,1,10,0,3.47,30,16
2005,1,11,0,1.47,29,12
2005,1,12,0,4.25,31,12
2005,1,13,0,6.49,27,13
2005,1,14,0,4.5,24,11
2005,1,15,0,4.15,26,9
2005,1,16,0,3.35,29,8.5
2005,1,17,0,3.65,22.5,12
2005,1,18,0,2.05,21,12
2005,1,19,0,1.1,23,13
2005,1,20,0,2.6,28.5,13
2005,1,21,0,3.31,30,12
2005,1,22,0,1.22,26.5,11
2005,1,23,5,3.53,18.5,13
2005,1,24,0.5,0.39,19,10
2005,1,25,0,4.3,30,13
2005,1,26,0,3.41,30,11
2005,1,27,0,3.34,27,11
2005,1,28,0,2.21,25,7
2005,1,29,0,4,30.5,10
2005,1,30,0,1.93,31,14
2005,1,31,2,3.97,27,16
2005,2,1,4.5,1.89,18,11.5
2005,2,2,7,0.75,12,8
2005,2,3,0.1,0.4,15,8
2005,2,4,0.1,2.98,15,7
2005,2,5,0,1.15,21,7
2005,2,6,0,2.32,26,10
2005,2,7,0,4.75,30,12
2005,2,8,0,4.1,29,12
2005,2,9,0,3.73,31,16
2005,2,10,7,3,22,12
2005,2,11,4,2.14,18,11
2005,2,12,0,3.2,27,12
2005,2,13,0,4.8,30.5,13
2005,2,14,0,4,31,13
2005,2,15,0,1.8,30,13
2005,2,16,0,3.71,31,15
2005,2,17,0,1.87,29,16
2005,2,18,0,3.16,23,17
2005,2,19,0,3.24,30,16
2005,2,20,0,2.78,36,16
2005,2,21,0,2.83,30,14
2005,2,22,0,1.54,29,15
2005,2,23,0,4.92,32,16
2005,2,24,0,4.92,33,15
2005,2,25,12,2.53,19,16
2005,2,26,1,1.5,19.5,12
2005,2,27,0.5,1.1,24.5,12
2005,2,28,0,5.05,29,12.5
2005,3,1,0,NULO,27.5,12
2005,3,2,0,NULO,27,10.5
2005,3,3,0,NULO,28,12
2005,3,4,0,NULO,28,12
2005,3,5,0,NULO,28.5,10
2005,3,6,0,NULO,29,10
2005,3,7,0,NULO,28.5,12
2005,3,8,0,NULO,29,13
2005,3,9,0,NULO,36,13
2005,3,10,0,NULO,34.5,14
2005,3,11,0,NULO,34.5,12.5
2005,3,12,0,NULO,30.5,13
2005,3,13,0,NULO,30,14
2005,3,14,0,NULO,22.5,15.5
2005,3,15,0,NULO,26.5,12.5
2005,3,16,0,NULO,29,13
2005,3,17,0,NULO,26,15
2005,3,18,0,NULO,28,14
2005,3,19,0,NULO,33,14
2005,3,20,0,NULO,36,14
2005,3,21,0.01,NULO,26,15
2005,3,22,0,NULO,25,14
2005,3,23,2,NULO,17,15
2005,3,24,1,NULO,19.5,7
2005,3,25,0,NULO,20.5,7.5
2005,3,26,1.5,NULO,26,8.5
2005,3,27,0,NULO,27,8.5
2005,3,28,0,NULO,29.5,15
2005,3,29,0,NULO,28,14.5
2005,3,30,0,NULO,29,14.5
2005,3,31,0,NULO,30,14
2005,4,1,0,5.19,27,13
2005,4,2,0,8.27,28,12
2005,4,3,0,6.59,30,9
2005,4,4,0,6.6,32,10
2005,4,5,0,7.24,34,14
2005,4,6,0,8.15,32,12
2005,4,7,0,7.14,35,15
2005,4,8,0,8.86,34,12
2005,4,9,0,8.5,34.5,12.5
2005,4,10,0,5.2,36,14.5
2005,4,11,0,7.3,34,17.5
2005,4,12,0,8.95,34.5,17
2005,4,13,0,8.84,35,16
2005,4,14,0,8.54,33,14
2005,4,15,0,3.79,31,13
2005,4,16,0,6.78,32.5,13
2005,4,17,0,6.63,34,13
2005,4,18,0,7.95,34,13
2005,4,19,0,6.58,33,15
2005,4,20,0,6.51,37,18
2005,4,21,0,6.33,34,19
2005,4,22,0,6.96,34,19
2005,4,23,0,6.67,31,19
2005,4,24,0,4.3,35,16.5
2005,4,25,0,8.19,36.5,17
2005,4,26,0,9.06,35,19
2005,4,27,0,7.09,34,19.5
2005,4,28,0,5.53,37,18.5
2005,4,29,0,6.25,41.5,17
2005,4,30,0,7.14,41,20
2005,5,1,0,5.12,37,18
2005,5,2,0,3.03,33,17
2005,5,3,0.1,3.23,28,18
2005,5,4,0.1,3.38,29,19
2005,5,5,NULO,3.34,29,19
2005,5,6,0,4.87,32,17
2005,5,7,0,4.6,34,19
2005,5,8,0,7.9,37,20
2005,5,9,0,7.9,37,21
2005,5,10,0,8.6,40,21.5
2005,5,11,0,6.99,37.5,19
2005,5,12,0,8.36,38,18
2005,5,13,0,6.13,37,21
2005,5,14,7,9.77,38,20
2005,5,15,0,5.19,34,18
2005,5,16,20,9.26,32,19
2005,5,17,0,6.5,35,18
2005,5,18,0,8.6,36,18
2005,5,19,0,8.08,38,19
2005,5,20,0,8.32,36.5,19
2005,5,21,0,9.4,37.5,20
2005,5,22,0,9.1,36.5,18.5
2005,5,23,0,8.1,36.5,18.5
2005,5,24,0,9,27.5,20
2005,5,25,0,8.05,39,21
2005,5,26,0,7.4,38,21
2005,5,27,0,8.6,36,20
2005,5,28,16,9.92,36,21
2005,5,29,0,6.18,38,20
2005,5,30,0,7.65,37,18
2005,5,31,0,7.75,40,19
2005,6,1,0,7.67,40,20
2005,6,2,0,8.07,40,21
2005,6,3,0,8.9,38.5,23
2005,6,4,0,7.85,36.5,21.5
2005,6,5,0,6.35,38.5,22
2005,6,6,0,2.2,39.5,23
2005,6,7,0,7.4,38,23
2005,6,8,0,7.8,38,22
2005,6,9,0,8.05,41,22
2005,6,10,0,9.12,36,21
2005,6,11,0,7.99,39,21
2005,6,12,0,6.89,39,22
2005,6,13,0,9.39,39.5,22
2005,6,14,0,7.58,39.5,21
2005,6,15,0,3.15,39,21
2005,6,16,0,7.12,38,20
2005,6,17,0,9.45,40,20
2005,6,18,0,9.2,40.5,20.5
2005,6,19,0,7.5,40,20.5
2005,6,20,10,8.4,34.5,21
2005,6,21,16,2.8,31.5,18.5
2005,6,22,31,2.86,31,18
2005,6,23,0,4.6,31.5,18
2005,6,24,1,4.74,30,19
2005,6,25,0,5.4,32,21
2005,6,26,18,7.8,35,18
2005,6,27,0,3.3,32,19
2005,6,28,63,NULO,31,19.5
2005,6,29,116,NULO,21,19
2005,6,30,0,3.34,31.5,18
2005,7,1,0,9.5,35.5,19
2005,7,2,0,6.38,35,21
2005,7,3,0,6.82,35.5,21
2005,7,4,0.1,2,33.5,20.5
2005,7,5,5,5.05,34,21.5
2005,7,6,0,5.26,34,20
2005,7,7,0,6.47,32,20
2005,7,8,0,6.5,34,20
2005,7,9,0,8.42,35,20
2005,7,10,0,8.11,35,19
2005,7,11,0,7.12,34,20
2005,7,12,0,5.03,34,20
2005,7,13,1,3.73,32,20
2005,7,14,0,5.39,33,19
2005,7,15,0,4.52,36,19.5
2005,7,16,7,2.37,30,20
2005,7,17,10,4.15,30,19.5
2005,7,18,2.5,4.25,33,19.5
2005,7,19,0,4.91,33.5,19
2005,7,20,0,3.54,30,19.5
2005,7,21,35,6.1,27,22
2005,7,22,10,5.45,32,19
2005,7,23,2,4.39,31,20
2005,7,24,61.5,NULO,34,19
2005,7,25,11,3.82,33,20
2005,7,26,2.5,6.08,32.5,19
2005,7,27,0,4.79,33,19.5
2005,7,28,2,1.75,29,19
2005,7,29,0,4.51,33.5,18
2005,7,30,0,7.65,34.5,19
2005,7,31,0,0.7,32,19
2005,8,1,0,7.05,33,18
2005,8,2,0,4.95,33.5,18
2005,8,3,0,3.65,34.5,20
2005,8,4,0,5.85,34,19.5
2005,8,5,12,4.1,31,19
2005,8,6,6,4.1,29,19
2005,8,7,0.1,0.72,30.5,18
2005,8,8,19,7.16,34,19
2005,8,9,0,4.84,34,18
2005,8,10,0,4.96,34,19
2005,8,11,8,4.33,30.5,19
2005,8,12,5.5,5.7,34.5,18
2005,8,13,0,5.7,31,20
2005,8,14,3.5,3.1,32.5,19
2005,8,15,62,NULO,31.5,19.5
2005,8,16,1.5,3.15,32,18.5
2005,8,17,0,3.58,32,18.5
2005,8,18,0,5.75,34,18.5
2005,8,19,5,4.55,31,18
2005,8,20,17,2.71,29,18
2005,8,21,6,3.34,31,18.5
2005,8,22,27,NULO,31,19
2005,8,23,26,4.04,27,18
2005,8,24,0,5.45,32,18.5
2005,8,25,9,6.23,34,19
2005,8,26,0,5.63,32.5,15
2005,8,27,0,7,32.5,19
2005,8,28,0,7.65,34.5,18.5
2005,8,29,0,5.5,34.5,19
2005,8,30,0,6.1,34.5,19.5
2005,8,31,0,4.64,34,20
2005,9,1,27,9.71,34,20
2005,9,2,5,1.8,27,19
2005,9,3,20,5.01,29,18.5
2005,9,4,23,6.13,32,18
2005,9,5,23,NULO,29,18
2005,9,6,23,5.45,30,18
2005,9,7,1,0.6,26,17
2005,9,8,0,6.47,30,16
2005,9,9,0,6.47,33.5,14
2005,9,10,0,5.15,33.5,18
2005,9,11,0,5.75,34,19
2005,9,12,0,6.4,39,18.5
2005,9,13,0,5.7,33.5,19
2005,9,14,0,4.77,35,19
2005,9,15,0,5.19,34,19
2005,9,16,9,3.25,30,17
2005,9,17,0,3.3,35,18
2005,9,18,0,6.09,35,18
2005,9,19,5.5,8.71,35,18.5
2005,9,20,40,5.03,30,19
2005,9,21,12,4.57,29,17.5
2005,9,22,0,5.54,32,17
2005,9,23,0,6.28,33.5,17
2005,9,24,0,5.65,34.5,17.5
2005,9,25,0,6.45,33.5,18
2005,9,26,0,1.6,31.5,18.5
2005,9,27,1,3.05,33,18
2005,9,28,0,6.09,34,18
2005,9,29,0,9.61,37,18
2005,9,30,0,4.42,32,18
2005,10,1,0,4.92,34,18
2005,10,2,0,4.46,35,17
2005,10,3,30,4.38,28,17
2005,10,4,72,NULO,25,18
2005,10,5,49,NULO,27,18
2005,10,6,5,8.69,28,18
2005,10,7,3,0.25,24,18
2005,10,8,0,2.49,25.5,15
2005,10,9,0,2.85,24,15.5
2005,10,10,0,3.7,31.5,17
2005,10,11,7.5,3.25,29.5,18.5
2005,10,12,11,0.74,29,19
2005,10,13,7,2.72,28,18
2005,10,14,2,1.09,25.5,17
2005,10,15,0,5.35,31.5,16
2005,10,16,0,3.95,27,17
2005,10,17,0,3.86,30,17
2005,10,18,0,5,30,15.5
2005,10,19,0,2.45,30,16
2005,10,20,0,3.99,29,16.5
2005,10,21,0,3.25,29,15.5
2005,10,22,0,3.3,28,16
2005,10,23,0,2.45,31.5,15.5
2005,10,24,3,2.35,33.5,15
2005,10,25,0,1.15,21,10.5
2005,10,26,0,2.97,27.5,9.5
2005,10,27,0,3.13,29,13
2005,10,28,6,1.16,25,14
2005,10,29,17,2.32,25,16
2005,10,30,3,3.26,27.5,13
2005,10,31,3,4.18,29,13
2005,11,1,0,4.23,23,13
2005,11,2,0,2.89,25,10
2005,11,3,0,3.36,25,9
2005,11,4,0,3.97,29,8
2005,11,5,0,2.55,27,10.5
2005,11,6,0,2.53,28.5,13.5
2005,11,7,11,2.49,25,14
2005,11,8,0,1.68,29,16.5
2005,11,9,0,2.58,28,16
2005,11,10,0,1.17,24,15
2005,11,11,0,2.18,28,15
2005,11,12,0,4.73,28.5,14
2005,11,13,0,2.52,30,15
2005,11,14,0,1.74,23,15
2005,11,15,0,7.81,28,15
2005,11,16,0,1.57,20,11
2005,11,17,0,1.07,22,9.5
2005,11,18,2,0.43,26,9
2005,11,19,0,7.54,28,10.5
2005,11,20,6,1.76,22,13
2005,11,21,0,2.66,24,10
2005,11,22,0,4.16,22.5,10.5
2005,11,23,0,2.98,26,7
2005,11,24,0,4.43,29,9
2005,11,25,0,3.78,25,8
2005,11,26,0,3.65,25,11
2005,11,27,0,4.33,27,13
2005,11,28,0,4.94,26,8.5
2005,11,29,0,2.69,21,7
2005,11,30,0,2.22,22.5,7
2005,12,1,0,1.82,25.5,12
2005,12,2,0,3.36,26,13
2005,12,3,0,4.69,26.5,14
2005,12,4,0,2.37,27,15
2005,12,5,0,2.28,18,15
2005,12,6,0,2.14,17,10.5
2005,12,7,1.5,1.65,23,10.5
2005,12,8,3.5,0.51,12.5,6
2005,12,9,5,1.24,16,3
2005,12,10,0,1.4,18.5,5
2005,12,11,3,0.49,16,8
2005,12,12,0,3.49,23,12
2005,12,13,0,2.46,23,12
2005,12,14,0,4.11,25,10
2005,12,15,0,4.19,18,11
2005,12,16,0,1.79,17,9
2005,12,17,0,4,22,9.5
2005,12,18,0.1,1.8,17,10
2005,12,19,10,0.65,12,10
2005,12,20,0.1,0.66,17,9
2005,12,21,2.2,0.18,14.5,10
2005,12,22,0,3.28,20.5,10
2005,12,23,0,2.12,21,8
2005,12,24,0,1.11,22,8
2005,12,25,0,4.26,22.5,9
2005,12,26,0,4.52,24,8.5
2005,12,27,0,2.92,24,6
2005,12,28,0,2.97,23,6
2005,12,29,0,2.11,23.5,6
2005,12,30,0,1.69,23.5,8
2005,12,31,0,0.89,20,11
2006,1,1,0,0.79,25,11.5
2006,1,2,0,2.54,21,12
2006,1,3,0,1.85,25,13
2006,1,4,0,4.4,24,14
2006,1,5,3,4.7,23,14
2006,1,6,0,3.84,20,9.5
2006,1,7,0,3.5,21,9
2006,1,8,0,2.8,22.5,7
2006,1,9,0,2.97,23.5,6.5
2006,1,10,0,3.29,20.5,6.5
2006,1,11,0,2.09,23,9.5
2006,1,12,0,4.2,24,8.5
2006,1,13,0,4.19,24,9
2006,1,14,0,3.7,21,8
2006,1,15,0,2.76,23,7.5
2006,1,16,0,4.25,25,8
2006,1,17,0,4.48,20,9
2006,1,18,0,2.08,20,5
2006,1,19,0,4.12,23,8
2006,1,20,0,4.27,29,8
2006,1,21,2,2.77,22,8
2006,1,22,3,2.46,21,11.5
2006,1,23,5,0.78,13,9
2006,1,24,10,0.47,12,8.5
2006,1,25,3,0.71,12,9
2006,1,26,2,0.69,15,8
2006,1,27,0,1.49,22,8
2006,1,28,0,2.15,22.5,11.5
2006,1,29,0,2.1,24.5,12
2006,1,30,0,2.4,23.5,12
2006,1,31,0,2.4,23,9.5
2006,2,1,0,1.98,25,8.5
2006,2,2,0,3.92,26.5,11.5
2006,2,3,0,3.7,26,9
2006,2,4,0,2.7,22,8.5
2006,2,5,0,3.7,23,8.5
2006,2,6,0,7.9,24,8
2006,2,7,0,4.5,19,9
2006,2,8,0,1.52,21,8
2006,2,9,0,1.74,18,8
2006,2,10,0,4.06,24,10
2006,2,11,0,1.9,12.5,7
2006,2,12,0,3.6,15,5
2006,2,13,0,4.1,20,1
2006,2,14,0,4.4,22,5.5
2006,2,15,0,2.66,24.5,6
2006,2,16,0,4.35,25,8.5
2006,2,17,0,3.94,26,12
2006,2,18,0,4.23,20,14
2006,2,19,0,1.42,20,10
2006,2,20,0,2.93,24.5,6
2006,2,21,0,2.23,25,10
2006,2,22,0,2.38,27,7
2006,2,23,0,1.4,26,10
2006,2,24,0,4.1,27,14
2006,2,25,0,4.1,28,11.5
2006,2,26,0,6,22,11
2006,2,27,0,4.6,25,9.5
2006,2,28,0,4.6,27,9
2006,3,1,0,2.99,27.5,8.5
2006,3,2,0,4.25,27,10.5
2006,3,3,0,3.44,28,12
2006,3,4,0,8.66,28,12
2006,3,5,0,4.26,28.5,10
2006,3,6,0,4.22,29,10
2006,3,7,0,4.93,28,12
2006,3,8,0,6.81,29,13.5
2006,3,9,0,7.47,36,13
2006,3,10,0,6.44,34.5,14
2006,3,11,0,7.2,34.5,12.5
2006,3,12,0,4.1,30.5,13
2006,3,13,0,5.28,30,14
2006,3,14,0,3.1,22.5,15
2006,3,15,0,3.84,26.5,12.5
2006,3,16,0,4.49,29,13
2006,3,17,0,5.67,26,14
2006,3,18,0,3.9,26,14
2006,3,19,0,6,33,14
2006,3,20,0,7.3,36,14
2006,3,21,0,4.88,26,15
2006,3,22,0,4.54,25,14
2006,3,23,2,2.84,17,9.5
2006,3,24,1,4.17,19,8
2006,3,25,0,2.05,20.5,7.5
2006,3,26,1.5,5.5,26,8.5
2006,3,27,0,4.9,27,10.5
2006,3,28,0,6.05,29.5,15
2006,3,29,0,2.02,23,14.5
2006,3,30,0,2.02,23,14.5
2006,3,31,0,3.7,29,14
2006,4,1,0,6.95,31,14
2006,4,2,0,9.43,31.5,14
2006,4,3,0,5.72,32,15
2006,4,4,0,5.7,30,13
2006,4,5,0,3.55,31,13
2006,4,6,0,5.25,32,11
2006,4,7,0,4.97,34,13
2006,4,8,0,5.95,26.5,14
2006,4,9,0,6.45,28,11.5
2006,4,10,0,4.4,28,10
2006,4,11,0,7.35,30,10.5
2006,4,12,0,6.73,30.5,12
2006,4,13,1.5,4.72,30.5,11.5
2006,4,14,0,4.26,30,11
2006,4,15,0,4.72,30,11
2006,4,16,0,5.46,32,11
2006,4,17,0,7.01,35,12
2006,4,18,0,7.15,34,13
2006,4,19,0,6.36,31,16
2006,4,20,0,7.34,31,17
2006,4,21,0,6.8,30,17
2006,4,22,0,5.55,30,18.5
2006,4,23,0,5.45,33,17.5
2006,4,24,0,9.4,34.5,18
2006,4,25,0,7.8,35.5,18
2006,4,26,0,7.2,34,18
2006,4,27,0,6.7,34,18.5
2006,4,28,0,6.5,33,17.5
2006,4,29,7,9.03,32,17
2006,4,30,0,7.29,32,15
2006,5,1,0,7.56,32,15
2006,5,2,0,7.03,32,15
2006,5,3,0,7.66,33,15
2006,5,4,0,6.09,33,16
2006,5,5,0,8,34,17
2006,5,6,0,6.6,37,18.5
2006,5,7,0,7.55,36,18.5
2006,5,8,0,6.9,33.5,19
2006,5,9,0,8.1,36,19.5
2006,5,10,0,8.6,38,19
2006,5,11,0,3.7,29,19
2006,5,12,0,6.9,28,15
2006,5,13,0,6.97,34,16
2006,5,14,80,NULO,34,16
2006,5,15,0,5.42,27,12
2006,5,16,0,7.06,32,13
2006,5,17,0,2.45,NULO,NULO
2006,5,18,78,NULO,NULO,NULO
2006,5,19,0,7.5,32,16
2006,5,20,0,7.5,33,17
2006,5,21,0,6.9,32,19
2006,5,22,0,6.5,34,21
2006,5,23,0,7.25,34,21
2006,5,24,0,5.35,32.5,20.5
2006,5,25,0,2.95,33,20
2006,5,26,0,3.8,34,20
2006,5,27,0,7,35,21
2006,5,28,0,5.76,35,22
2006,5,29,0,7,34,21
2006,5,30,40,4.5,31,22
2006,5,31,0,4.91,32,19
2006,6,1,0,5,35,20
2006,6,2,0,4.05,32,20
2006,6,3,0,7.45,31.5,20.5
2006,6,4,0,3.85,28.5,21
2006,6,5,0,4.2,30,20
2006,6,6,0,7.15,30.5,21
2006,6,7,0,6.65,32.5,19
2006,6,8,0,5.39,35,19
2006,6,9,0,7.06,34,19
2006,6,10,0,6.66,33,18
2006,6,11,0,8.26,33,19
2006,6,12,0,7.4,34,19
2006,6,13,0,5.71,36,19
2006,6,14,0,9.73,35,19
2006,6,15,0,7.22,36,19
2006,6,16,0,8.75,35,20.5
2006,6,17,0,7.8,35,21.5
2006,6,18,0,7.4,34,23
2006,6,19,0,6.2,30,22.5
2006,6,20,0,6.77,35,22.5
2006,6,21,0,7.24,35,22
2006,6,22,0,5.39,35,21
2006,6,23,0,4.31,33,20
2006,6,24,0,8.49,36,21
2006,6,25,15,7.91,33,21
2006,6,26,0,6.84,36,19
2006,6,27,0,5.6,35,19
2006,6,28,0,6.25,33,20
2006,6,29,11,3.76,34,21
2006,6,30,1,4.63,27,20
2006,7,1,43.5,3.15,24.5,20
2006,7,2,0,4.6,32,20
2006,7,3,0,5.6,34,21
2006,7,4,0,7.6,32,24
2006,7,5,0,4.65,34,22
2006,7,6,0,4.98,35,21
2006,7,7,0,6.04,35,21
2006,7,8,20,2.48,31,18
2006,7,9,0,4.23,31,20
2006,7,10,0,3.26,32,19
2006,7,11,0,2.65,32,20
2006,7,12,0,2.79,31,22
2006,7,13,0,5.58,29,21.5
2006,7,14,0,7.24,30.5,20.5
2006,7,15,18,5.6,32,20.8
2006,7,16,0,2.7,34,21
2006,7,17,0,4.2,34.5,21
2006,7,18,0,8,29,19
2006,7,19,0,4.15,34,20
2006,7,20,2,6.03,34.5,21
2006,7,21,1.4,1.72,29,19
2006,7,22,8.5,2.92,30.5,20
2006,7,23,0,1.24,30,21
2006,7,24,0,2.26,30,20
2006,7,25,0,7.34,30,20
2006,7,26,0,4.14,34,21
2006,7,27,0,8.14,33,21
2006,7,28,0,7.5,33,22
2006,7,29,0,7.3,32,19
2006,7,30,0,6.7,33,21
2006,7,31,0,6.8,32,21
2006,8,1,0,6.45,34,21.5
2006,8,2,0,4.41,32,21.5
2006,8,3,0,6.79,33,22
2006,8,4,4,3.44,30,22
2006,8,5,0,5.06,30,20
2006,8,6,0,4.68,31,20.5
2006,8,7,20,6,31,20
2006,8,8,0,3.5,27,20
2006,8,9,0,3.33,30,20
2006,8,10,0,7.27,31.5,20
2006,8,11,0,7.6,32,20
2006,8,12,0,6.8,32.5,20.5
2006,8,13,0,6.3,33.5,22.5
2006,8,14,0,9.2,34,22.5
2006,8,15,0,3.85,30,22
2006,8,16,0,5.95,34,21
2006,8,17,0,6.26,35,21
2006,8,18,0,5.57,36,20
2006,8,19,0,8.26,34,21
2006,8,20,0,7.32,34,21.5
2006,8,21,0,6.23,34,21
2006,8,22,0,7.4,34,21
2006,8,23,0,7.23,34.5,20
2006,8,24,0,6.74,36,21
2006,8,25,0,7.28,32.5,21.5
2006,8,26,0,6.3,32.5,21.5
2006,8,27,0,7.7,34,22
2006,8,28,3,6,32.5,21
2006,8,29,0,7.6,34.5,21.5
2006,8,30,0,7.15,33,21
2006,8,31,0,7.35,35,20.5
2006,9,1,0,8.76,36,20
2006,9,2,15,3.7,34,21
2006,9,3,7,4.2,29,21
2006,9,4,0,6.25,31,20
2006,9,5,1,6.23,35,20
2006,9,6,3,2.22,31,20
2006,9,7,0,5.08,32,20
2006,9,8,0,7.1,34,20
2006,9,9,0,6.4,34,21
2006,9,10,0,7.9,34.5,22
2006,9,11,0,3.8,32,21.5
2006,9,12,0,7.4,33.5,21.5
2006,9,13,0,4.7,34,21.5
2006,9,14,0,3.3,31,21.5
2006,9,15,0,4.9,34,21.5
2006,9,16,0,5.78,35,21
2006,9,17,0,8.22,35.5,22.5
2006,9,18,0,9.77,37,23
2006,9,19,0,4.29,33,21
2006,9,20,3,3,30,21
2006,9,21,0,7.66,34,20
2006,9,22,0,6.85,36,21
2006,9,23,0,8.55,36,23
2006,9,24,42,7.1,34,23
2006,9,25,24,3.5,24,20
2006,9,26,7,0.8,27,19
2006,9,27,0,4.23,30.1,18.5
2006,9,28,0,5.07,32,21
2006,9,29,0,4.8,31,21
2006,9,30,0,3.6,31,19
2006,10,1,0,6.27,30.5,19
2006,10,2,0,3.65,31,20.5
2006,10,3,0.1,2.42,30,19
2006,10,4,1,3.31,29,20
2006,10,5,30,4.43,23,19
2006,10,6,0.1,0.9,27,18
2006,10,7,0.1,2.9,28,19
2006,10,8,0,4.1,29.5,19.5
2006,10,9,0,3.7,30.5,20
2006,10,10,0,4.2,31.5,21
2006,10,11,0,3.12,31.5,21
2006,10,12,0,3.85,31,20
2006,10,13,4,1.63,30,20
2006,10,14,21.5,1.7,25,21
2006,10,15,0.1,2.39,28,21
2006,10,16,0,2.87,31,21
2006,10,17,0,4.22,33,22
2006,10,18,0,3.08,33,23
2006,10,19,0,3.87,32,23
2006,10,20,0,2.27,24.5,19.5
2006,10,21,0,3.9,30,19
2006,10,22,36.5,5.6,24,17
2006,10,23,7,0.3,22,16.5
2006,10,24,0.1,2,22,15.5
2006,10,25,0,1.84,30,16.5
2006,10,26,0,3.66,31,19
2006,10,27,0.8,2.3,25,19
2006,10,28,0,3.9,26,16
2006,10,29,0,2.4,26,13
2006,10,30,0,3.8,28,13
2006,10,31,0,2,28.5,13
2006,11,1,0,4.23,23,13
2006,11,2,0,2.89,25,10
2006,11,3,0,3.36,25,9
2006,11,4,0,3.97,27,8
2006,11,5,0,2.55,27,10.5
2006,11,6,0,2.53,28.5,13
2006,11,7,11,2.49,25,14
2006,11,8,0,1.68,29,16
2006,11,9,0,2.58,28,16
2006,11,10,0,1.17,29,15
2006,11,11,0,2.18,28,15
2006,11,12,0,4.73,28.5,14
2006,11,13,0,2.52,30,15
2006,11,14,0,1.74,23,15
2006,11,15,0,7.81,28,15
2006,11,16,0,1.57,20,11
2006,11,17,0,1.07,22,9.5
2006,11,18,2,0.43,26,9
2006,11,19,0,7.54,28,10.5
2006,11,20,6,1.76,22,13
2006,11,21,0,2.66,24,10
2006,11,22,0,4.16,22.5,10.5
2006,11,23,0,2.98,26,7
2006,11,24,0,4.43,27,9
2006,11,25,0,3.78,25,8
2006,11,26,0,3.65,25,11
2006,11,27,0,4.33,27,14
2006,11,28,0,4.94,26,12
2006,11,29,0,2.69,21,7
2006,11,30,0,2.22,22.5,7
2006,12,1,0,1.82,25.5,12
2006,12,2,0,3.36,26,13
2006,12,3,0,4.69,26.5,14
2006,12,4,0,2.37,27,15
2006,12,5,0,2.28,18,15
2006,12,6,0,2.14,17,10.5
2006,12,7,1.5,1.65,23,10.5
2006,12,8,3.5,0.51,12,11
2006,12,9,5,1.24,16,3
2006,12,10,0,1.4,18.5,4
2006,12,11,3,0.49,16,8
2006,12,12,0,3.49,23,12
2006,12,13,0,2.46,23,12
2006,12,14,0,4.11,25,10
2006,12,15,0,4.19,18,11
2006,12,16,0,1.79,17,9
2006,12,17,0,4,22,9.5
2006,12,18,0.01,1.8,17,10
2006,12,19,10,0.65,12,10
2006,12,20,0.01,0.66,17,9
2006,12,21,2.2,0.18,14.5,10
2006,12,22,0,3.28,20.5,10
2006,12,23,0,2.12,21,8
2006,12,24,0,1.11,22,8
2006,12,25,0,4.26,22.5,9
2006,12,26,0,4.52,24,8.5
2006,12,27,0,2.92,24,6
2006,12,28,0,2.97,23,6
2006,12,29,0,2.11,23.5,6
2006,12,30,0,1.69,23.5,8
2006,12,31,0,0.89,20,11
2007,1,1,0,3.2,19.5,14
2007,1,2,2.5,1.1,18,13.5
2007,1,3,0.6,0.1,19,13
2007,1,4,0,0.35,21.5,13
2007,1,5,0,2.88,24,15
2007,1,6,0,0.82,26.5,13
2007,1,7,6,1.23,16.5,14
2007,1,8,0,1.2,16,13
2007,1,9,0,1.15,20,9
2007,1,10,0,2.31,21,9
2007,1,11,0,2.4,22,10
2007,1,12,0,3.66,25,14
2007,1,13,0,2.1,26,16.5
2007,1,14,0,2.3,26.5,18
2007,1,15,2,1.6,26.5,13.5
2007,1,16,5.5,0.4,19,9
2007,1,17,0.1,0.06,14,5.5
2007,1,18,2,0.84,17,5
2007,1,19,0.1,1.37,15,9.5
2007,1,20,0,1.32,19.5,11
2007,1,21,0,1.23,20,9
2007,1,22,0,1.15,20,10
2007,1,23,4,1.22,20,12
2007,1,24,0.1,0.69,17,9
2007,1,25,8,0.36,11,7
2007,1,26,0.1,2.06,12.5,7
2007,1,27,0,1.6,20,9
2007,1,28,0,2.2,22,11.5
2007,1,29,0,1.4,20,11.5
2007,1,30,0,1.3,26,12
2007,1,31,0,0.68,17,14
2007,2,1,0,0.32,20,13
2007,2,2,2,2.7,21,14
2007,2,3,30,0.23,15,13
2007,2,4,40,0.21,14,11
2007,2,5,15,1.32,15,11
2007,2,6,0,1.86,21,12
2007,2,7,0,2.68,25,11
2007,2,8,0,1.25,25.5,12
2007,2,9,0,3.65,25,14
2007,2,10,2,1.5,21.5,18
2007,2,11,0,1.2,20,14
2007,2,12,0,2.3,24.5,14
2007,2,13,0,1.1,22.5,15
2007,2,14,4,0.73,18,11
2007,2,15,12,3.55,17,10
2007,2,16,0,2.42,12,7
2007,2,17,0,1.3,21,8
2007,2,18,0,3.36,21.5,9
2007,2,19,0,2.59,21,9
2007,2,20,0,5.35,26,11
2007,2,21,0,3.1,24,13
2007,2,22,0,6.87,26,14
2007,2,23,0,5.63,27,13.5
2007,2,24,0,1.9,30,14.5
2007,2,25,0,4.9,25.5,15
2007,2,26,0,1.5,26,15
2007,2,27,0,2.75,30,15
2007,2,28,0,2.95,28,15.5
2007,3,1,0,3.41,28,16
2007,3,2,0,3.71,28,14
2007,3,3,0,2.19,24,14
2007,3,4,0,3.96,18,10
2007,3,5,0,4.17,20,10
2007,3,6,0,3.62,27,8
2007,3,7,0,3.06,24,8
2007,3,8,0,3.24,25,10
2007,3,9,0,4.15,24,11
2007,3,10,0,2,26,14.5
2007,3,11,0,6.8,27,14
2007,3,12,3,2.2,27,16
2007,3,13,0,2.6,26,19
2007,3,14,0,1.47,29,18.5
2007,3,15,0,4.46,27,16
2007,3,16,0,3.13,25,18
2007,3,17,0,4.23,26.5,14
2007,3,18,0,3.26,27,15
2007,3,19,0,4.22,26,14
2007,3,20,0,4.54,29,18
2007,3,21,0,5.4,26,18
2007,3,22,0,2.33,28,18
2007,3,23,0,5.9,28,19
2007,3,24,0,3.3,25.5,19
2007,3,25,0,4.3,28.5,18
2007,3,26,0,1.7,28.5,19
2007,3,27,0,1.7,29,18.5
2007,3,28,0,5.34,28,18
2007,3,29,0,3.16,27,20
2007,3,30,0,3.2,28,20
2007,3,31,2,4.22,28,20
2007,4,1,1,2.24,27,21
2007,4,2,7,1.23,31,19
2007,4,3,7,1.15,28,18
2007,4,4,4,3.26,29,18
2007,4,5,0,4.83,28,17
2007,4,6,0,2.77,27,15
2007,4,7,0,7.3,25,13.5
2007,4,8,0.1,7.3,25,13
2007,4,9,0,5.1,25,11
2007,4,10,0,6.2,30,11
2007,4,11,0,5.14,33,15.5
2007,4,12,0,4.25,34,18
2007,4,13,0,4.76,30,18
2007,4,14,0,8.51,26,16
2007,4,15,0,6.27,26,13
2007,4,16,0,4.8,30,14
2007,4,17,0,7.61,31,18
2007,4,18,0,9.92,32,15
2007,4,19,0,7.4,29.5,15
2007,4,20,0,4.7,27.5,18
2007,4,21,0,5.4,33.5,19
2007,4,22,0,6.3,31,19
2007,4,23,0,5.9,32,19.5
2007,4,24,0,6.92,34,21
2007,4,25,0,6.23,31,21
2007,4,26,0,6.23,31,21
2007,4,27,0,7.54,31,21
2007,4,28,0,6.23,30,20
2007,4,29,0,5.26,31,20
2007,4,30,0,9.47,32,18
2007,5,1,0,6.24,32,21
2007,5,2,0,4.2,33,21
2007,5,3,0,4.46,33,22
2007,5,4,0,7.4,34,22.5
2007,5,5,0,4.1,34,23
2007,5,6,0,7.4,36,22.5
2007,5,7,0,7,32,22.5
2007,5,8,0,6.5,30,23
2007,5,9,0,4,31,19.5
2007,5,10,0,5.54,31,20
2007,5,11,0,4.26,33,20
2007,5,12,0,7.32,34,21
2007,5,13,0,8.27,32,21
2007,5,14,0,9.51,32,20
2007,5,15,0,8.23,31.5,19.5
2007,5,16,0,8.15,31,19
2007,5,17,0,5.96,31,20
2007,5,18,0,8.16,31,18
2007,5,19,0,7.3,32,18
2007,5,20,0,7.8,31.5,18.5
2007,5,21,0,7.22,30,20
2007,5,22,0,6.23,33.5,19.5
2007,5,23,0,6.24,31,20
2007,5,24,9,3.24,30,21
2007,5,25,11,4.44,30.5,20
2007,5,26,0,4.89,30,18
2007,5,27,0,8.01,31.5,18
2007,5,28,0,6.15,33,20
2007,5,29,0,8.24,30.5,20
2007,5,30,0,5.94,33,20
2007,5,31,0,7.69,34,20
2007,6,1,0,9.16,33,19
2007,6,2,0,8,33,20
2007,6,3,0,8.2,34,21
2007,6,4,0,6.6,33.5,21
2007,6,5,0,6.6,33,21.5
2007,6,6,0,6.6,34,21
2007,6,7,0,7.22,36,22
2007,6,8,0,8.48,34,22
2007,6,9,17,4.21,25,22
2007,6,10,0,4.14,32,19
2007,6,11,0,6.22,34,20
2007,6,12,0,7.01,32,20
2007,6,13,0,9.9,34,19
2007,6,14,0,1,34,20
2007,6,15,0,7.9,34,20
2007,6,16,0,7.6,34,22
2007,6,17,0,7.9,33,22
2007,6,18,0,7.3,34.5,23
2007,6,19,0,5.1,33.5,22.5
2007,6,20,0,1.78,34,22
2007,6,21,0,2.27,32,23
2007,6,22,0,2.22,32,20
2007,6,23,0,9.45,34,20
2007,6,24,0,4.22,32,21
2007,6,25,14,3.26,31,22
2007,6,26,3,6.1,30,23
2007,6,27,0,6.37,32,21
2007,6,28,0,6.5,34,21
2007,6,29,0,6.27,34,20
2007,6,30,0,6.28,34,21
2007,7,1,0,NULO,33,22
2007,7,2,0,NULO,32,23
2007,7,3,0,NULO,34.5,22
2007,7,4,0,NULO,33,23
2007,7,5,0,NULO,33.5,22.5
2007,7,6,0,NULO,34,22.5
2007,7,7,0,NULO,34.5,21
2007,7,8,0,NULO,35,21
2007,7,9,0,NULO,35,21
2007,7,10,0,NULO,35,21
2007,7,11,0,NULO,33.5,22
2007,7,12,0,NULO,32,23
2007,7,13,0,NULO,35,21
2007,7,14,0,NULO,34.5,22
2007,7,15,0,NULO,34.5,21.5
2007,7,16,0,NULO,33.5,21.5
2007,7,17,0,NULO,35,22
2007,7,18,0,NULO,26,21.5
2007,7,19,0,NULO,32,20
2007,7,20,0,NULO,32,20
2007,7,21,1,NULO,33,20
2007,7,22,0,NULO,33,21
2007,7,23,0,NULO,30,19
2007,7,24,0,NULO,33,20
2007,7,25,0,NULO,31,20
2007,7,26,0,NULO,35,21
2007,7,27,0,NULO,34,21
2007,7,28,0,NULO,34.5,22
2007,7,29,0,NULO,34.5,23
2007,7,30,0,NULO,34,22
2007,7,31,0,NULO,34,23
2007,8,1,0,6.63,34.5,23
2007,8,2,0,7.25,36,21
2007,8,3,0,6.32,31,21
2007,8,4,0,7.35,31,22
2007,8,5,0,7.23,34,21
2007,8,6,2,6.36,32,22
2007,8,7,0,7.23,31,22
2007,8,8,0,6.24,32,22
2007,8,9,0,5.5,35,21
2007,8,10,0,8.4,35,20
2007,8,11,0,4.7,32.5,21
2007,8,12,0,7.5,34,20
2007,8,13,0,8.2,35.5,20
2007,8,14,0,7.4,34,20
2007,8,15,0,6.23,35,21
2007,8,16,0,7.22,34.5,21
2007,8,17,1,3.4,33,22
2007,8,18,0,7.93,34,22
2007,8,19,6,6.5,31,22
2007,8,20,0,6.58,34.5,21.5
2007,8,21,20,9.14,32,21
2007,8,22,84,NULO,24,21
2007,8,23,0,3.15,34,21
2007,8,24,22,8.2,32,21
2007,8,25,10,9.95,31,21
2007,8,26,10.7,NULO,27,21
2007,8,27,12,3,28,18.5
2007,8,28,71,NULO,28,19
2007,8,29,12,4.9,27,21
2007,8,30,11,5.3,28.5,21
2007,8,31,128,NULO,29,20.5
2007,9,1,128,NULO,27,20
2007,9,2,80,NULO,23,21
2007,9,3,15,2.1,23.5,21
2007,9,4,1,3.43,31.5,21.5
2007,9,5,0,4.97,30,21
2007,9,6,0,2.1,31,22
2007,9,7,1,3,29,22
2007,9,8,1,2.67,31,21.5
2007,9,9,5,2.73,29,21.5
2007,9,10,20,2.5,27.5,21
2007,9,11,0,4.1,29,20
2007,9,12,0,4.22,29.5,20
2007,9,13,0,3.57,28,22
2007,9,14,0,3.71,31,21
2007,9,15,9,5.4,29,22
2007,9,16,0,2.88,29,21
2007,9,17,0,2.57,30,21
2007,9,18,0,4.01,30,22
2007,9,19,0,3.65,29,22
2007,9,20,0,3.76,30,22
2007,9,21,0,5.94,31,21.5
2007,9,22,0,3.9,31,21.5
2007,9,23,0,2.9,31,21.5
2007,9,24,0,3.2,31,21
2007,9,25,0,3.36,32,21
2007,9,26,1,2.27,31,22
2007,9,27,0,2.3,30,22
2007,9,28,29,3.53,28,22
2007,9,29,0,1.93,28,21
2007,9,30,0,5.23,29,21
2007,10,1,30,3.26,29,20
2007,10,2,1,3.22,30,21
2007,10,3,0,8.56,33,20
2007,10,4,0,6.05,31,20
2007,10,5,0,3.05,30,21
2007,10,6,0,3.4,30,20.5
2007,10,7,0,3.3,33,21
2007,10,8,0,3.1,30,21
2007,10,9,72,NULO,24.5,21
2007,10,10,3.5,2.8,28,20
2007,10,11,2,3.41,30,20.5
2007,10,12,0,3.13,31,21
2007,10,13,0,4.29,29,20
2007,10,14,0,4.3,30,19
2007,10,15,0,4.26,29.5,20
2007,10,16,0,6.32,29.5,19
2007,10,17,0,5.62,32,19
2007,10,18,0,6.35,31,20
2007,10,19,0,3.5,30,22
2007,10,20,26,1.3,27,21
2007,10,21,0,3.9,29,19
2007,10,22,24,NULO,30,15
2007,10,23,0,2.15,21.5,14
2007,10,24,0,3.9,25,12.5
2007,10,25,0,2.1,28,11.5
2007,10,26,0,2.8,27,11
2007,10,27,0.1,1.68,26,12
2007,10,28,0,4.19,24,16
2007,10,29,0,4.66,28,14
2007,10,30,0,4.46,26,14
2007,10,31,0,2.52,26,14
2007,11,1,0,2.02,27,15
2007,11,2,0,1.73,26,14
2007,11,3,0,1.7,26,19
2007,11,4,0,2.3,27,16.5
2007,11,5,0,2.3,26.5,16
2007,11,6,0,2,27,15.5
2007,11,7,0,1,26,16
2007,11,8,0,2.5,25,14.5
2007,11,9,0,0.84,26,14.5
2007,11,10,0,0.86,27,15.5
2007,11,11,0,3.15,28,14
2007,11,12,0,2.9,27,15
2007,11,13,0,2.6,27,15
2007,11,14,7,3.1,29,15
2007,11,15,51,NULO,23,16
2007,11,16,1,0.4,18,11
2007,11,17,0,1.9,26,13
2007,11,18,12.5,3.3,26,16
2007,11,19,0,1.2,24,16.5
2007,11,20,0,2.2,26,16.5
2007,11,21,0,1.3,38,17
2007,11,22,0.5,0.7,32.5,18
2007,11,23,0,0.75,18,11
2007,11,24,0.5,1.4,23,11
2007,11,25,2,1.22,17,12.5
2007,11,26,3,1.32,15,12.5
2007,11,27,2,1.52,17,10
2007,11,28,0,3.48,23,11
2007,11,29,6,2,22,12
2007,11,30,0,1.1,22,18
2007,12,1,0,1,26,17.5
2007,12,2,0,0.8,26,17
2007,12,3,0,0.4,22,16.5
2007,12,4,0,1.7,23,12
2007,12,5,0,1.1,25,11
2007,12,6,0,1,26,12
2007,12,7,0,1.22,26,13
2007,12,8,0,1.52,26,17
2007,12,9,0,1.22,26,16
2007,12,10,0,2.32,27,19
2007,12,11,0,3.26,26,16
2007,12,12,0,3.56,27,14
2007,12,13,2,4.3,20.5,18
2007,12,14,11,1.6,23,16
2007,12,15,0,4.9,27,15
2007,12,16,0,2,18,12
2007,12,17,0,1.3,17,11
2007,12,18,0,0.7,22.5,12
2007,12,19,0,2.1,25,14.5
2007,12,20,0,0.8,26,15
2007,12,21,0,1.15,26,15
2007,12,22,0,1.5,27,14.5
2007,12,23,0,1.2,21,14.5
2007,12,24,0,1.32,22,16
2007,12,25,0,1.32,23,15
2007,12,26,0,3.42,22,14
2007,12,27,0,1.7,23,11
2007,12,28,0,1.8,23,14
2007,12,29,0,2.2,22.5,11
2007,12,30,0,3,23,13
2007,12,31,0,1.5,25.5,13
2008,1,1,20,0.5,19,9.5
2008,1,2,0,0.72,15,8.5
2008,1,3,0,0.43,14,8.5
2008,1,4,0,0.5,19,8
2008,1,5,0,1.75,24,11
2008,1,6,0,1.58,24,11
2008,1,7,0,2.74,25,11.5
2008,1,8,0,NULO,25,13.5
2008,1,9,0,0.94,25,15
2008,1,10,0,1.62,26,15.5
2008,1,11,0,1.2,25,15
2008,1,12,0,1.1,26,15
2008,1,13,0,1.1,21,15
2008,1,14,1,2.9,17.5,13.5
2008,1,15,0,1.2,24,14
2008,1,16,0,1.93,24,13
2008,1,17,4,1.45,20,12
2008,1,18,1,0.62,27,12
2008,1,19,0.01,1.42,14.5,8.5
2008,1,20,0,1.05,10,8
2008,1,21,0,0.72,21.5,8
2008,1,22,0,1.23,22,9
2008,1,23,0,1.48,25,10
2008,1,24,0.1,7.67,19,8
2008,1,25,0,0.27,18,12
2008,1,26,0,0.5,16,12
2008,1,27,0,2.2,19,12
2008,1,28,0,1,26,14
2008,1,29,0,2.2,30.5,15
2008,1,30,0,3.9,24,15.5
2008,1,31,0,2.08,29,17.5
2008,2,1,0,4.75,28,10
2008,2,2,0,5.36,25.5,9
2008,2,3,0,6.32,27,11
2008,2,4,0,5.56,29,14
2008,2,5,0,5.06,30,16
2008,2,6,0,3.56,23,11.5
2008,2,7,0,6.54,24,10
2008,2,8,0,3.7,25,10
2008,2,9,0,4.5,27,11.5
2008,2,10,7,2.4,27,14
2008,2,11,0,2.8,24,15
2008,2,12,0,3.9,29,16
2008,2,13,0,3.59,21.5,14
2008,2,14,0,4.26,24.5,11
2008,2,15,0,4.26,27,9
2008,2,16,1,5.27,28,10
2008,2,17,0.01,4.78,28,10
2008,2,18,7,1.17,20,12
2008,2,19,4,6.71,18,16
2008,2,20,0,2.49,26,16
2008,2,21,0,4.54,28,17
2008,2,22,0,4.4,30.5,18
2008,2,23,0,3.3,28,16
2008,2,24,0,4.5,26,14
2008,2,25,0,4.2,29,14
2008,2,26,0,5.8,26,17
2008,2,27,0,5.15,22,12.5
2008,2,28,0,3.32,22,10.5
2008,2,29,0,2.63,26,10
2008,3,1,0,4.15,29,20
2008,3,2,0,4.02,29,21
2008,3,3,0,6.18,30,19
2008,3,4,0,4.6,34,18
2008,3,5,0,1.73,25,18
2008,3,6,0,8.52,32,19
2008,3,7,0,6.1,32,20
2008,3,8,0,6.5,32.5,20
2008,3,9,0,7.49,33.5,21
2008,3,10,0,7.11,39.5,21
2008,3,11,0,6.7,35.5,21
2008,3,12,0,7.8,29,22
2008,3,13,0,0.3,23,18
2008,3,14,0,4.95,26.5,14
2008,3,15,0,5.85,27,13
2008,3,16,0,7.6,28,12
2008,3,17,0,3.9,29,14
2008,3,18,0,4.29,29,17
2008,3,19,0,5.17,30,17.5
2008,3,20,0,7.75,31.5,17.5
2008,3,21,0,7.4,33,19
2008,3,22,0,7.05,31,20.5
2008,3,23,0,5.69,30,21
2008,3,24,0,5.21,31,22.5
2008,3,25,5,4.88,33,22
2008,3,26,5,4.58,30,22
2008,3,27,4,4.44,30,18
2008,3,28,8,1.44,21,16
2008,3,29,0,6.49,27,16
2008,3,30,0,6.62,27,16
2008,3,31,0,NULO,30,16
2008,4,1,0,4.15,29,17
2008,4,2,0,4.02,29,21
2008,4,3,0,6.18,30,19
2008,4,4,0,4.6,34,18
2008,4,5,0,1.73,25,18
2008,4,6,0,8.52,32,19
2008,4,7,0,6.1,32,20
2008,4,8,0,6.5,32.5,20
2008,4,9,0,7.49,33.5,21
2008,4,10,0,7.11,39.5,21
2008,4,11,0,6.7,35.5,21
2008,4,12,0,7.8,29,22
2008,4,13,0,0.3,23,18
2008,4,14,0,4.95,26.5,18
2008,4,15,0,5.85,27,14
2008,4,16,0,7.6,28,13
2008,4,17,0,3.9,29,14
2008,4,18,0,4.29,29,17
2008,4,19,0,5.17,30,17.5
2008,4,20,0,7.75,31.5,17.5
2008,4,21,0,7.4,33,19
2008,4,22,0,7.05,31,20.5
2008,4,23,0,5.69,30,21
2008,4,24,0,5.24,31,22.5
2008,4,25,0,4.88,33,22
2008,4,26,5,4.58,30,22
2008,4,27,4,4.44,30,17
2008,4,28,8,1.44,21,16
2008,4,29,0,6.49,27,14
2008,4,30,0,6.68,30,16
2008,5,1,0,7.22,35,17
2008,5,2,0,9.75,39.5,20
2008,5,3,0,7.7,32.5,22
2008,5,4,0,5.8,32,22
2008,5,5,0,5.9,32,20.5
2008,5,6,0,6.7,32.5,20.5
2008,5,7,0,7.2,35,20
2008,5,8,0,3.9,34,20
2008,5,9,0,5.4,36,22
2008,5,10,0,5.22,36.2,22
2008,5,11,0,9.41,35,22
2008,5,12,0,5.05,33,23
2008,5,13,0,8.07,36,22
2008,5,14,0,8.2,39,22
2008,5,15,1,9.38,38,23
2008,5,16,1,5.66,31,21
2008,5,17,6,0.7,22.5,21.5
2008,5,18,0,6.8,25.5,19
2008,5,19,0,1.23,31,19
2008,5,20,0,3.37,30.5,20
2008,5,21,0,7.61,36,21
2008,5,22,0,10.1,39,20
2008,5,23,0,13.4,41,21
2008,5,24,0,8.27,35,21.5
2008,5,25,0,7.06,34,21
2008,5,26,0,5.93,36,22
2008,5,27,0,7.22,34,22
2008,5,28,0,7.11,33,21.5
2008,5,29,0,7.47,32,20
2008,5,30,0,8.7,33,19
2008,5,31,0,8.9,22,20
2008,6,1,0,9.16,33,19
2008,6,2,0,8,33,20
2008,6,3,0,8.2,34,21
2008,6,4,0,6.6,33.5,21
2008,6,5,0,6.6,33,21.5
2008,6,6,0,6.6,34,21
2008,6,7,0,7.22,36,22
2008,6,8,0,8.48,34,22
2008,6,9,17,4.21,25,22
2008,6,10,0,4.14,32,19
2008,6,11,0,6.22,34,20
2008,6,12,0,7.01,32,20
2008,6,13,0,9.9,34,19
2008,6,14,0,10,34,20
2008,6,15,0,7.9,34,20
2008,6,16,0,7.6,34,22
2008,6,17,0,7.9,33,22
2008,6,18,0,7.3,34.5,23
2008,6,19,0,5.1,33.5,22.5
2008,6,20,0,1.78,34,22
2008,6,21,0,2.27,32,23
2008,6,22,0,2.22,32,20
2008,6,23,0,9.45,34,20
2008,6,24,0,4.22,32,21
2008,6,25,14,3.26,31,22
2008,6,26,3,6.1,30,23
2008,6,27,0,6.37,32,21
2008,6,28,0,6.5,34,21
2008,6,29,0,6.27,34,20
2008,6,30,0,4.53,34,21
2008,7,1,22,3.9,26.5,19
2008,7,2,6.5,4.2,28,19.5
2008,7,3,36.5,NULO,27,20
2008,7,4,40,8.5,27,21
2008,7,5,162,NULO,25,20
2008,7,6,88,NULO,27,20
2008,7,7,27,2.5,25,21
2008,7,8,5,0.73,26,22
2008,7,9,49,NULO,26,21
2008,7,10,8,3.9,27,20
2008,7,11,2,1.8,26,21
2008,7,12,4.5,4.7,29,19.5
2008,7,13,0,5,29,20
2008,7,14,0,5.78,30.5,21
2008,7,15,NULO,6.12,30,21
2008,7,16,3,4.85,30,22
2008,7,17,0,5.03,30.5,21
2008,7,18,0,3.84,30,21.5
2008,7,19,0,7.13,30,21.5
2008,7,20,0.01,3.37,31.5,21
2008,7,21,0,4.3,31,20
2008,7,22,0,2.78,28,20
2008,7,23,0,5.98,34,21
2008,7,24,0,4.7,31,22
2008,7,25,0,5.04,31,22.5
2008,7,26,46.5,6.9,27,21
2008,7,27,0,5.3,30,20
2008,7,28,0,6.7,31,21
2008,7,29,0,5,31.5,21
2008,7,30,0,5.25,32.5,22
2008,7,31,0,5,31,23
2008,8,1,0,6.27,30,22.5
2008,8,2,0,7.22,31,22
2008,8,3,0,7.32,32,22
2008,8,4,0,8.33,33,21
2008,8,5,5,6.22,32,21
2008,8,6,0,5.26,29,21
2008,8,7,0,5.01,30.5,21
2008,8,8,0,7.08,32.5,19
2008,8,9,0,6,31.5,21
2008,8,10,0,5.1,32,21.5
2008,8,11,0,4.9,32.5,21.5
2008,8,12,0,5.5,33.5,20
2008,8,13,0,5.7,33.5,22.5
2008,8,14,0,5.65,33,23
2008,8,15,0,5.33,33,23
2008,8,16,0,4.23,32.5,22
2008,8,17,0,4.63,31,23
2008,8,18,0,5.52,32,23
2008,8,19,50,NULO,29,23
2008,8,20,3,1.42,28,21
2008,8,21,0,4.13,31,21
2008,8,22,0,2.4,28,22
2008,8,23,17,4.5,30.5,22
2008,8,24,0,3.3,30.5,21.5
2008,8,25,0,3,30,21.5
2008,8,26,6,1.2,28,22
2008,8,27,2.5,3.3,29,22
2008,8,28,7.8,1.88,29.5,21.5
2008,8,29,7.5,1.13,26,21
2008,8,30,0,1.4,29,21
2008,8,31,0,NULO,29,21
2008,9,1,0,2.32,31,22
2008,9,2,0,5.76,32,22
2008,9,3,0,7.68,32,21
2008,9,4,0,4.42,31.5,22
2008,9,5,2.5,4.07,26.5,22
2008,9,6,0.5,2.2,29,22
2008,9,7,84,NULO,25,22
2008,9,8,23,4.7,26,21
2008,9,9,0,1.2,26,21
2008,9,10,0,4.78,29.5,21.5
2008,9,11,0,4.38,31,22
2008,9,12,30,6.27,32.5,22
2008,9,13,7,4.22,30,20
2008,9,14,35,3.25,26,20
2008,9,15,11,2.23,26,19
2008,9,16,0,8.81,25,16
2008,9,17,0,4.76,26,17
2008,9,18,0,5.76,27,19
2008,9,19,0,3.07,24,19
2008,9,20,0,2.35,27,19.5
2008,9,21,37,4.49,25,20
2008,9,22,17,NULO,26,21
2008,9,23,8,1.75,24,20.5
2008,9,24,28,2.05,25,20.5
2008,9,25,31,NULO,23,20
2008,9,26,0,3.79,26,18
2008,9,27,0,3.78,26,17
2008,9,28,0,6.22,27,17
2008,9,29,0,4.23,27,19
2008,9,30,0,5.61,28,19
2008,10,1,0,4.6,29,16
2008,10,2,0,4.5,28.5,17
2008,10,3,0,7.32,29,16
2008,10,4,0,6.1,29,17.5
2008,10,5,0,4.5,29.5,18
2008,10,6,0,4.6,29.5,19
2008,10,7,113,NULO,27,19.5
2008,10,8,13,2.09,25,20
2008,10,9,0,3.47,27,19.5
2008,10,10,0,4.04,21,19.5
2008,10,11,0,3.32,29,20
2008,10,12,0,3.18,22.5,18.5
2008,10,13,8,4.05,30,20
2008,10,14,8,4.15,27,19
2008,10,15,27,4.64,24,19
2008,10,16,5,3.46,21,18
2008,10,17,0,1.6,21,19
2008,10,18,0,3.5,26,18.5
2008,10,19,0,4.2,27,18
2008,10,20,0,6.6,27.5,18
2008,10,21,0,2.42,27,17.5
2008,10,22,0,3.48,26,16
2008,10,23,0,3.96,29,17
2008,10,24,0,3.04,28,19
2008,10,25,0,2.89,28,15
2008,10,26,0,3.84,20,16
2008,10,27,0,4.12,29,17
2008,10,28,0,1.41,28,19
2008,10,29,0,4.09,28,16
2008,10,30,1,1.55,24,16
2008,10,31,5,2.2,25,15
2008,11,1,0,2.4,23,17.5
2008,11,2,0,2.1,26,16
2008,11,3,0,2.2,27,15
2008,11,4,0,1.6,27,15
2008,11,5,0,2.5,27.5,15
2008,11,6,0,2.07,22,16
2008,11,7,8,0.75,28,17
2008,11,8,0,4.23,28,16
2008,11,9,0,2.19,28,17
2008,11,10,0,1.91,27,16
2008,11,11,0,2.71,28,17
2008,11,12,0,2.44,28,19
2008,11,13,0,2.6,27,20
2008,11,14,0,3.7,28,19
2008,11,15,0,1.8,21,15
2008,11,16,0,2.8,22,12.5
2008,11,17,0,1.4,22.5,9.5
2008,11,18,0,3.1,23,9.5
2008,11,19,0,1.61,22,12
2008,11,20,0,2.49,25.5,13
2008,11,21,6,0.5,19,13.5
2008,11,22,0.01,2.25,19,11
2008,11,23,0,1.93,24,11
2008,11,24,17,0.58,25,14
2008,11,25,4,0.43,17.5,15.5
2008,11,26,0,3.27,25.5,15
2008,11,27,0,2.4,26.5,15
2008,11,28,0,3.5,28.5,14.5
2008,11,29,0,2,26.5,16
2008,11,30,0,3.55,22,17.5
2008,12,1,0,3.88,21,16
2008,12,2,0,5.98,23,14
2008,12,3,0,4.47,24,14
2008,12,4,0,0.73,21.5,13
2008,12,5,0,1.46,21.5,12
2008,12,6,0,1.87,21.5,12
2008,12,7,0,1.78,20,13
2008,12,8,0,3.26,25,11
2008,12,9,0,3.26,28,13
2008,12,10,0,1.22,16,9
2008,12,11,0,1.29,20,7
2008,12,12,0,1.41,21,7
2008,12,13,0,3.28,22.5,8
2008,12,14,0,1.3,25,9
2008,12,15,0,1.61,26,12
2008,12,16,0,0.37,20,13.5
2008,12,17,0,1.07,23.5,17
2008,12,18,0,2.03,26.5,17
2008,12,19,0,4.74,27,18
2008,12,20,0,3.26,27,19
2008,12,21,0,4.22,27,16
2008,12,22,0,1.77,20,12
2008,12,23,0,1.12,22,9
2008,12,24,0,2,23.5,10
2008,12,25,0,3.24,25.5,10.5
2008,12,26,0,1.69,26.5,10
2008,12,27,0,3.1,27,12
2008,12,28,0,2.01,21,16
2008,12,29,0,2.34,17,15
2008,12,30,0,1.45,23.5,12
2008,12,31,0,2.78,20,13
2009,1,1,0,1.13,25,13
2009,1,2,0,2.7,25,12.5
2009,1,3,0,2.85,26,12
2009,1,4,0,2.6,27,16
2009,1,5,0,3.2,25,15
2009,1,6,0,1.17,27,17
2009,1,7,0,2.1,22,16
2009,1,8,0,1.93,27.5,15
2009,1,9,0,1.77,27.5,15
2009,1,10,1.8,2.86,24,14
2009,1,11,NULO,1.67,24,12
2009,1,12,0,3.25,20,12
2009,1,13,0,3.47,21.5,9
2009,1,14,0,1.99,22,8.5
2009,1,15,15,1.16,17,9.5
2009,1,16,2,1.26,17,14
2009,1,17,0,5.54,22,14
2009,1,18,0,2.3,24,13
2009,1,19,0,3.24,25,13
2009,1,20,0,3.3,25.5,13
2009,1,21,0,3.26,25,12
2009,1,22,0,4.2,24,11
2009,1,23,0,4.36,25.5,10
2009,1,24,0,2.31,25,10.5
2009,1,25,0,1.88,24.5,12.5
2009,1,26,0,0.81,26,14
2009,1,27,0,3.7,26,15
2009,1,28,4,2.33,18,15
2009,1,29,0.01,3.19,23,13
2009,1,30,0,7.75,16,14
2009,1,31,0,2.26,16.5,12.5
2009,2,1,0,4.3,25,12
2009,2,2,0,1.17,25,13
2009,2,3,0,1.15,22,12
2009,2,4,0,2.06,23,11
2009,2,5,0,3.45,22,11
2009,2,6,0,2.31,25,13.5
2009,2,7,0,3.82,25.5,11
2009,2,8,0,2.88,25,13
2009,2,9,0,1.03,27,12.5
2009,2,10,0,2.62,27.5,13.5
2009,2,11,0,2.73,21.5,16.5
2009,2,12,0,2.24,27,16.5
2009,2,13,0,3.05,25,16.5
2009,2,14,0,4.22,25,16
2009,2,15,3,0.61,28,16
2009,2,16,2,0.11,22,15
2009,2,17,0.1,2.49,26,15
2009,2,18,0,3.31,29,18
2009,2,19,6,2.76,26,18
2009,2,20,3,1.05,26,14
2009,2,21,2.6,1.67,25.5,14
2009,2,22,0,3.52,22,14.5
2009,2,23,0,3.31,29,10
2009,2,24,0,2.98,26,9
2009,2,25,0,3.68,27,11
2009,2,26,0,2.53,28.5,11.5
2009,2,27,0.2,2.36,29,13
2009,2,28,0,5.04,29,14.5
2009,3,1,0,4.89,20.5,14
2009,3,2,0,4.75,22.5,11
2009,3,3,0,3.66,25,7
2009,3,4,0,3.9,26,8.5
2009,3,5,0,3.51,27,10
2009,3,6,0,3.18,27,13
2009,3,7,0,2.81,27.5,14
2009,3,8,0,3.34,27,15
2009,3,9,0,4.02,29,17.5
2009,3,10,0,2.83,27,18
2009,3,11,0,2.69,29,17.5
2009,3,12,0,4.47,28,18
2009,3,13,0,2.24,28,13.5
2009,3,14,0,0.57,27.5,13
2009,3,15,0,3.25,25,11
2009,3,16,3,2.7,24,11
2009,3,17,13,1.95,25.5,13
2009,3,18,0,3.99,27.5,17.5
2009,3,19,0.5,4.87,27.5,16
2009,3,20,5.3,1.37,24,16
2009,3,21,0,3.07,27,15
2009,3,22,0,3.02,28,14
2009,3,23,0,6.28,28,14.5
2009,3,24,0,3.25,30,15
2009,3,25,0,4.4,31.5,17
2009,3,26,0,3.98,34,20
2009,3,27,0,7.28,38,19
2009,3,28,0,3.6,26,15
2009,3,29,0,5.39,26,11.5
2009,3,30,0,3.71,29,12.5
2009,3,31,0,3.1,36.5,17
2009,4,1,NULO,8.45,31,17.5
2009,4,2,NULO,8.2,31,17
2009,4,3,NULO,6.26,30,15
2009,4,4,NULO,4.91,34.5,17
2009,4,5,NULO,7.66,33,18
2009,4,6,NULO,7.59,24,19
2009,4,7,NULO,4.3,25,16
2009,4,8,NULO,5.72,28.5,15
2009,4,9,NULO,5.02,34.5,15.5
2009,4,10,NULO,5.25,35,16.5
2009,4,11,NULO,5.7,30.5,20
2009,4,12,NULO,4.16,34.5,20
2009,4,13,NULO,6.56,32,21
2009,4,14,NULO,7.54,30.5,20
2009,4,15,NULO,4.45,29.5,18.5
2009,4,16,NULO,5.63,32.5,20
2009,4,17,NULO,3.92,32,21
2009,4,18,NULO,4.65,32,21
2009,4,19,NULO,7.19,30,21
2009,4,20,NULO,5.68,28,18
2009,4,21,NULO,6.99,30.5,16
2009,4,22,NULO,5.87,30,16
2009,4,23,NULO,2.8,31.5,15.5
2009,4,24,NULO,0.57,31.5,16.5
2009,4,25,NULO,12.33,32,19
2009,4,26,NULO,6.2,31,21.5
2009,4,27,NULO,7.22,31,20
2009,4,28,NULO,7.34,32,20
2009,4,29,NULO,7.14,32,21
2009,4,30,NULO,5.26,33,19.5
2009,5,1,0,7.46,33,19.5
2009,5,2,0,7.84,34,21
2009,5,3,0,7.59,35,21
2009,5,4,0,7.11,34,22
2009,5,5,0,7.97,34.5,23
2009,5,6,0,7.89,35,21
2009,5,7,0,8.65,35,22
2009,5,8,0,9,34.5,22
2009,5,9,0,8.15,33.5,21.5
2009,5,10,0,5.34,33,22
2009,5,11,0,8.06,33,22
2009,5,12,0,5.91,33,21.5
2009,5,13,0,6.62,33.5,20
2009,5,14,0,7.51,33,20
2009,5,15,0,5.39,32,23
2009,5,16,0.01,5.61,32,21
2009,5,17,10.5,3.05,26,20
2009,5,18,0,5.8,28,19
2009,5,19,0,5.76,29.5,18
2009,5,20,0,9.41,30,16
2009,5,21,0,7.64,31.5,16.5
2009,5,22,0,7.21,31,18
2009,5,23,0,7.44,32.5,19
2009,5,24,0,5.62,33,19
2009,5,25,0,7.98,35,20
2009,5,26,0,6.34,34,22
2009,5,27,0,6.6,34.5,23
2009,5,28,0,4.7,30,24
2009,5,29,0,5.75,31,21
2009,5,30,7,5.1,32,23
2009,5,31,0.01,6.24,33,21.5
2009,6,1,0,7.47,33,22
2009,6,2,0,7.18,33.5,21
2009,6,3,0,7.38,34,21
2009,6,4,0,8.2,35,21
2009,6,5,0,7.16,33,20
2009,6,6,0,6.23,32.5,21
2009,6,7,0,9.17,33,21
2009,6,8,0,7.6,34,21
2009,6,9,0,8.3,34,22
2009,6,10,0,8.15,34,22
2009,6,11,0,7.33,34.5,23.5
2009,6,12,0,9.5,36,23.5
2009,6,13,0,7.08,35,24
2009,6,14,0,8.11,34,22.5
2009,6,15,0,8.82,34,22.5
2009,6,16,0,6.91,34,22
2009,6,17,0,7.86,32.5,22
2009,6,18,25,6.16,30,22.5
2009,6,19,1.5,4.7,32,22
2009,6,20,2,4.88,31.5,22
2009,6,21,10,4.16,31,22
2009,6,22,13,5.8,27,21
2009,6,23,0,7.43,30.5,21.5
2009,6,24,0,4.7,33,22
2009,6,25,4,4.86,29,23
2009,6,26,0,6.23,32,22
2009,6,27,0,6.1,33.5,22
2009,6,28,9.4,4.9,31,22.5
2009,6,29,0,7.66,33.5,22
2009,6,30,0,7.21,34,22.5
2009,7,1,0,6.98,34,22.5
2009,7,2,0,4.76,32,22
2009,7,3,7,7.89,34,22
2009,7,4,0,2.21,29,21
2009,7,5,0,5.37,33,21
2009,7,6,0,7.56,34.5,22
2009,7,7,0,7.21,35,22.5
2009,7,8,0,7.5,35,23
2009,7,9,2,6.8,34.5,22
2009,7,10,10,5.42,32,23
2009,7,11,2,4.83,31,21
2009,7,12,0,4.39,31,21
2009,7,13,0,7.71,33,20.5
2009,7,14,0,6.4,33,21
2009,7,15,0,6.33,33,21.5
2009,7,16,0,5.91,32,22
2009,7,17,0,11.53,33,22
2009,7,18,0,2.23,33,22.5
2009,7,19,0,6.3,32,23
2009,7,20,0,6.02,34,22
2009,7,21,0,7.9,34,22.5
2009,7,22,6.5,4.01,32,23
2009,7,23,0.01,5.1,32,22.5
2009,7,24,0,7.28,31.5,21
2009,7,25,0,5.7,33,21
2009,7,26,6.5,5.68,32,21
2009,7,27,0,5.97,32.5,21.5
2009,7,28,0,5.48,35,21.5
2009,7,29,0,7.13,36,20
2009,7,30,0,7.44,35,21
2009,7,31,0,1.05,35,22
2009,8,1,0.01,5.76,34,23
2009,8,2,0,6.23,34,19
2009,8,3,0,7.24,34,22
2009,8,4,1,3.6,32.5,23
2009,8,5,0,9,33.5,21.5
2009,8,6,0,6.96,34,21
2009,8,7,0,8.78,34.5,21
2009,8,8,0,8.29,35,21
2009,8,9,9.3,6.86,31,22.5
2009,8,10,0,5,30.5,21
2009,8,11,0,7.26,33,21
2009,8,12,0,9.32,35,21
2009,8,13,0,9.1,34,21
2009,8,14,0,8.61,32,21
2009,8,15,0,9.42,35,21
2009,8,16,0,8.05,35,21
2009,8,17,27,10.05,30.5,22
2009,8,18,0,3.29,29,21
2009,8,19,0,5.68,33,21
2009,8,20,0,6.85,34,21
2009,8,21,28,6.62,31,22
2009,8,22,0,6.46,31,23
2009,8,23,0,7.57,33,22.5
2009,8,24,0,9.15,34,22
2009,8,25,0,8.29,34,22
2009,8,26,0,7.77,33,21.5
2009,8,27,0,6.88,33,21.5
2009,8,28,0,8.06,34,21
2009,8,29,2,1.85,31.5,21
2009,8,30,51,5.02,29,21
2009,8,31,3,3.28,26,20
2009,9,1,1,8.16,30,21.5
2009,9,2,7,6.23,29,21
2009,9,3,0,5.65,31,20.5
2009,9,4,1,5.48,31,21
2009,9,5,12,1.08,25,21
2009,9,6,1,3.26,26,21
2009,9,7,1.5,2.35,28,21
2009,9,8,0,5.49,31,21
2009,9,9,1.5,0.92,30.5,22
2009,9,10,10,8.53,31,22
2009,9,11,0,5.23,30,22
2009,9,12,0,5.93,31,21
2009,9,13,0,6.63,32.5,21
2009,9,14,0,4.04,32,21
2009,9,15,0,4.37,32,22
2009,9,16,0,4.82,32.5,22.5
2009,9,17,0,4.53,32,21.5
2009,9,18,0,5.18,30,21.5
2009,9,19,1.3,2.69,29,22
2009,9,20,0,4.64,30,21
2009,9,21,0,5.5,31,21
2009,9,22,2.2,5.11,31.5,21
2009,9,23,23.5,4.19,23,21
2009,9,24,0.5,1.13,33,19
2009,9,25,21,NULO,23,19
2009,9,26,96,NULO,23.5,20
2009,9,27,2,2.2,25,20
2009,9,28,9,3.55,30,21.5
2009,9,29,14,1.24,30.5,21.5
2009,9,30,2,2.76,30,21.5
2009,10,1,0,3.5,31.5,21.5
2009,10,2,0,3.68,32,21
2009,10,3,0,2.91,32,23
2009,10,4,0,2.56,32,23.5
2009,10,5,0,5.14,32,24
2009,10,6,0,3.31,32,23
2009,10,7,0.01,2.71,32,23.5
2009,10,8,0,4.66,31.5,23
2009,10,9,20,NULO,33,23
2009,10,10,0,2.33,23,16
2009,10,11,0,7.92,28,16
2009,10,12,0,4.22,24,17
2009,10,13,34,8.93,30.5,19
2009,10,14,0,1.85,31,20
2009,10,15,0,5.99,31,21.5
2009,10,16,6,4.16,30,21
2009,10,17,104,NULO,21,20
2009,10,18,0.5,6.1,24,18
2009,10,19,0,3.92,26,17
2009,10,20,0,3.23,27,18
2009,10,21,0,2.09,27.5,18
2009,10,22,0,3.94,30,18.5
2009,10,23,0,2.03,27,19.5
2009,10,24,18.5,5.05,20,19
2009,10,25,0,1.75,25,19
2009,10,26,43,NULO,28,18.5
2009,10,27,0,1.04,25,14.5
2009,10,28,0,1.66,26,15
2009,10,29,0,1.68,26.5,17
2009,10,30,0,3.55,25,20
2009,10,31,0,2.22,25,15.5
2009,11,1,0,3.04,24,12
2009,11,2,0,2.48,24,12
2009,11,3,0,2.78,25,13
2009,11,4,0,2.49,24,15
2009,11,5,5,2.34,24,16.5
2009,11,6,3.5,1.01,21,17
2009,11,7,0,2.26,24,16
2009,11,8,0,3.2,26,16.5
2009,11,9,0,2.4,27,17
2009,11,10,0.01,2.49,26,17
2009,11,11,0,3.13,25,16.5
2009,11,12,0,2.94,25,15
2009,11,13,0,3.02,26,14
2009,11,14,0,2.41,26,16
2009,11,15,0,3.38,27.5,16
2009,11,16,0,2.51,28,10.5
2009,11,17,0,2.34,18,15.5
2009,11,18,0.7,2.15,21,14
2009,11,19,0,2.03,24,15
2009,11,20,0,4.25,27.5,16
2009,11,21,0,3.22,22,17
2009,11,22,0,2.22,21,17
2009,11,23,0,3.24,25,16
2009,11,24,12,3.65,27,18
2009,11,25,0,1.24,20,14.5
2009,11,26,1,1.95,14.5,13
2009,11,27,0,0.44,18,11.5
2009,11,28,0,1.55,25,12.5
2009,11,29,0,2.52,25,14
2009,11,30,2,2.34,22.5,14.5
2009,12,1,0.4,0.72,23,12.5
2009,12,2,0,2.15,21,13
2009,12,3,2.3,0.38,16,14
2009,12,4,5,0.18,13,11.5
2009,12,5,0,2.33,13,5
2009,12,6,0,2.86,21,6
2009,12,7,0,3.2,26,11
2009,12,8,0,3.1,26.5,12
2009,12,9,0.01,2.61,27.5,14.5
2009,12,10,0.5,2.21,21.5,17
2009,12,11,0,2.63,23,14
2009,12,12,0,1.08,23.5,15
2009,12,13,0,2.32,22,15.5
2009,12,14,0,2.11,26,17
2009,12,15,6.5,2.96,25,17.5
2009,12,16,22.8,2.88,15,14
2009,12,17,0,1.81,20,11
2009,12,18,0,2.03,23,11
2009,12,19,2,1.22,18,13
2009,12,20,6,1.1,19,11
2009,12,21,0,2.74,20,11
2009,12,22,0,2.01,22.5,11
2009,12,23,0,1.83,24,11.5
2009,12,24,0,4.28,23,13
2009,12,25,0,2.18,16,10
2009,12,26,0,1.84,18.5,11
2009,12,27,0.01,1.71,19.5,11
2009,12,28,13.5,0.78,19,11
2009,12,29,0,0.96,16,10.5
2009,12,30,0.01,0.79,21,11
2009,12,31,0,0.13,22,13
2010,1,1,0.01,2.41,NULO,NULO
2010,1,2,0.01,1.7,NULO,NULO
2010,1,3,2,2.85,NULO,NULO
2010,1,4,0,1.77,NULO,NULO
2010,1,5,0,1.63,NULO,NULO
2010,1,6,0,1.05,NULO,NULO
2010,1,7,2,1.38,NULO,NULO
2010,1,8,11.5,4.59,NULO,NULO
2010,1,9,0,1.16,NULO,NULO
2010,1,10,0.5,0.38,NULO,NULO
2010,1,11,1.5,0.91,NULO,NULO
2010,1,12,1.8,0.29,NULO,NULO
2010,1,13,1,0.24,NULO,NULO
2010,1,14,1,1.74,NULO,NULO
2010,1,15,5,0.43,NULO,NULO
2010,1,16,0,1.93,NULO,NULO
2010,1,17,0,1.23,NULO,NULO
2010,1,18,0,2.31,NULO,NULO
2010,1,19,0,3.24,NULO,NULO
2010,1,20,0,2.49,NULO,NULO
2010,1,21,0,2.68,NULO,NULO
2010,1,22,0,2.57,NULO,NULO
2010,1,23,0,2.41,NULO,NULO
2010,1,24,0,3.27,NULO,NULO
2010,1,25,0,2.72,NULO,NULO
2010,1,26,0.7,1.31,NULO,NULO
2010,1,27,0,1.73,NULO,NULO
2010,1,28,0,1.02,NULO,NULO
2010,1,29,0,2.11,NULO,NULO
2010,1,30,0,2.65,NULO,NULO
2010,1,31,3,5.26,NULO,NULO
2010,2,1,8,2.12,20,9
2010,2,2,12,0.4,16,10
2010,2,3,16,0.48,17,13
2010,2,4,22,NULO,17,13
2010,2,5,0,2.66,23,11
2010,2,6,0,1.58,21.5,11.5
2010,2,7,0,1.58,23,12
2010,2,8,0,3.75,25,11.5
2010,2,9,0.4,1.51,17,15.5
2010,2,10,0.01,1.56,16,10
2010,2,11,0.7,1.25,20,10
2010,2,12,0,0.6,20,12
2010,2,13,0,1.3,20,10
2010,2,14,0,5.6,21,11
2010,2,15,10,2.21,15,12
2010,2,16,0.01,0.76,13,6.5
2010,2,17,9,0.53,10.5,7
2010,2,18,2,1.81,12.5,9
2010,2,19,0,1.73,23,9.5
2010,2,20,0,3.26,23,11
2010,2,21,0,3.09,26.5,11.5
2010,2,22,0,2.38,25,12
2010,2,23,3.7,4.42,25,12
2010,2,24,0.2,2.23,14,6
2010,2,25,0,3.24,20,5
2010,2,26,0,3.3,23.5,6
2010,2,27,0,2.85,24,9
2010,2,28,0,3.24,24,11
2010,3,1,0,3.2,26,10
2010,3,2,0,2.21,26,9
2010,3,3,0,3.08,20,7
2010,3,4,0,1.74,19.5,8
2010,3,5,0,1.75,22,13
2010,3,6,0,2.07,23,15
2010,3,7,0,2.6,25,16
2010,3,8,0,1.54,24,16
2010,3,9,0.01,3.71,28,16
2010,3,10,0,4.29,28,16.5
2010,3,11,0,4.46,33,14.5
2010,3,12,0,4.31,23.5,15.5
2010,3,13,0,5.22,25,10
2010,3,14,0,4.3,26,9
2010,3,15,0,5.3,26,10
2010,3,16,0.01,3.59,21,12
2010,3,17,0,4.46,22,13
2010,3,18,0,4.48,25,10
2010,3,19,0,2.52,23.5,10
2010,3,20,0,6.36,31,14
2010,3,21,0,5.44,18.5,12
2010,3,22,0,5.09,24,10
2010,3,23,0,4.64,25.5,10
2010,3,24,0,2.49,25,12
2010,3,25,0,5.02,26,16.5
2010,3,26,0,4.66,26,13
2010,3,27,0,4.56,28.5,12.5
2010,3,28,0,5.23,28.5,15
2010,3,29,0,6.57,29,18.5
2010,3,30,0,8.61,26,13.5
2010,3,31,0,4.93,25.5,12
2010,4,1,0,4.98,28,14.5
2010,4,2,0,2.95,29,17
2010,4,3,0,4.66,29,19
2010,4,4,0,4.79,29,19
2010,4,5,0,5.7,29,19.5
2010,4,6,0,4.62,28.5,18.5
2010,4,7,0.01,7.11,32,18
2010,4,8,1.8,3.34,25,21
2010,4,9,4.5,4.9,26,17.5
2010,4,10,0,4.6,26.5,14.5
2010,4,11,0,4.8,29,14.5
2010,4,12,8,1.54,22.5,17
2010,4,13,122,NULO,21.5,19
2010,4,14,0,2.79,27,16.5
2010,4,15,0,2.33,26,17.5
2010,4,16,0,5.07,27.5,19
2010,4,17,5.5,3.57,27,18.5
2010,4,18,0.01,3.41,26,18
2010,4,19,0,5.27,26,18
2010,4,20,0,3.12,26,18.5
2010,4,21,0,5.02,27.5,19
2010,4,22,0,2.59,28,19.5
2010,4,23,0,3,33,20
2010,4,24,0,5.93,29,21
2010,4,25,0,6.92,30,17
2010,4,26,0,2.03,31,14
2010,4,27,0,7.97,NULO,NULO
2010,4,28,1,1,NULO,NULO
2010,4,29,0,NULO,NULO,NULO
2010,4,30,0,NULO,NULO,NULO
2010,5,1,0,1.13,33,19
2010,5,2,0,6.04,37,19
2010,5,3,0,7.98,29,18
2010,5,4,0,7.52,31,18
2010,5,5,0,5.29,32,16
2010,5,6,0,6.83,32,16
2010,5,7,0,4.47,31,19
2010,5,8,0,6.22,31.5,21
2010,5,9,0,4.94,32,21
2010,5,10,0,5.01,33,22
2010,5,11,0,7.32,32,22
2010,5,12,0,4.95,32,20
2010,5,13,0,3.92,32,21
2010,5,14,5,10.16,31.5,22
2010,5,15,0.01,4.32,30,23
2010,5,16,0,4.48,32,21.5
2010,5,17,0,7.62,31,20.5
2010,5,18,0,4.35,33,21
2010,5,19,0,7.66,32,21
2010,5,20,0,7.78,34,21
2010,5,21,0,7.32,33,22
2010,5,22,0,7.4,34,22
2010,5,23,0,8.55,33,21
2010,5,24,0,7.32,34,22
2010,5,25,8,9.76,34,21
2010,5,26,8,8,34,21
2010,5,27,0,9.05,31,21
2010,5,28,0,7.98,32,20
2010,5,29,0,9.98,32,20
2010,5,30,0,5.04,32,21
2010,5,31,0,7.18,33,22
2010,6,1,0,8.44,34,23
2010,6,2,0,4.48,34,23
2010,6,3,0,7.21,37,24
2010,6,4,0,7.03,36.5,24
2010,6,5,0,7.4,37,21.5
2010,6,6,0,0.68,34,22
2010,6,7,28,8.24,36.5,21
2010,6,8,0,9.85,32,20
2010,6,9,0,8.08,33.5,21
2010,6,10,0,7.05,33,23
2010,6,11,0,8.91,33,23
2010,6,12,0,5.96,33,24
2010,6,13,0,6.27,32,23.5
2010,6,14,0,8.93,33,23
2010,6,15,1,5.27,33,22
2010,6,16,8.3,3.25,26,18
2010,6,17,23,7.95,28,19
2010,6,18,0,1.17,31,22
2010,6,19,0,7.23,32,20
2010,6,20,0,6.34,32,21
2010,6,21,0,6.52,31,22
2010,6,22,0,6.15,33.5,21.5
2010,6,23,0,8.08,32,21.5
2010,6,24,7,4.78,31,20
2010,6,25,0,4.33,31,20.5
2010,6,26,0,6.34,32,21.5
2010,6,27,0,6.62,34.5,21
2010,6,28,0.01,8.5,34,22
2010,6,29,3,5.6,33,24
2010,6,30,0,1.13,32,23.5
2010,7,1,0,7.18,32,24
2010,7,2,0,6.22,31,24
2010,7,3,0.01,2.63,30.5,19
2010,7,4,0,4.26,33,20
2010,7,5,0,5.3,33,20
2010,7,6,71,NULO,32,21
2010,7,7,5,2.53,28.5,21.5
2010,7,8,2,4.48,29,22
2010,7,9,2.8,2.8,28,22.5
2010,7,10,6,2.3,28.5,22
2010,7,11,0,4.4,28,21.5
2010,7,12,0,5.67,30,21
2010,7,13,0,4.93,31,21
2010,7,14,21,6.59,30,23
2010,7,15,3.7,4.76,31,21
2010,7,16,11,4.29,31,21
2010,7,17,0,4.3,30,21
2010,7,18,0,4.22,29,21
2010,7,19,1,4.57,29,20
2010,7,20,55,NULO,26,21
2010,7,21,70,NULO,31,21
2010,7,22,105,NULO,25,21.5
2010,7,23,71.2,NULO,25.5,21.5
2010,7,24,43.1,NULO,24.5,21.5
2010,7,25,22,NULO,24.5,21
2010,7,26,13,2.38,25,20.5
2010,7,27,0,4.22,29.5,21
2010,7,28,38.5,NULO,26,22
2010,7,29,20,2.87,26,22
2010,7,30,0.01,1.59,28,21
2010,7,31,0,0.96,28,21
2010,8,1,0,5.22,38,22
2010,8,2,0,7.28,35,22
2010,8,3,0,5.71,32,21.5
2010,8,4,0,5.77,32,22
2010,8,5,0,7.85,31,22
2010,8,6,0,5.94,32,22
2010,8,7,14.5,6.28,31,22
2010,8,8,0.01,4.75,31,22.5
2010,8,9,0.01,6.05,31,22.5
2010,8,10,0,6.01,32,22.5
2010,8,11,0.8,5.11,31,23
2010,8,12,11.5,7.45,31,22
2010,8,13,0.5,3.2,30,22
2010,8,14,4,6.32,31,22.5
2010,8,15,5,5.32,31,21.5
2010,8,16,5,4.32,31,21
2010,8,17,27,NULO,32,22
2010,8,18,0,5.15,31,22
2010,8,19,0,4.79,31.5,22
2010,8,20,10.4,NULO,30,22
2010,8,21,70,NULO,27,21
2010,8,22,0,1.62,30,21
2010,8,23,0,5.18,30.5,21
2010,8,24,0,5.55,32,21
2010,8,25,0,4.15,31,21.5
2010,8,26,0,5.22,30.5,22
2010,8,27,0,2.96,31,22
2010,8,28,0,4.27,31,22
2010,8,29,0,5.32,32,22
2010,8,30,22,4.13,30.5,22
2010,8,31,0,9.45,22.5,21
2010,9,1,0,4.4,31,22
2010,9,2,0,4.15,32,21.5
2010,9,3,11.8,3.67,30,22
2010,9,4,12.6,NULO,26,21
2010,9,5,18,1.98,25.5,21
2010,9,6,0,2.64,28,21.5
2010,9,7,0,4.22,28,21
2010,9,8,0,3.34,28,21
2010,9,9,0,4.36,31,21
2010,9,10,0,5.32,32,22
2010,9,11,0,6.32,33,23
2010,9,12,0,6.52,32,22.5
2010,9,13,0,2.7,31,23
2010,9,14,0,3.53,30.5,21
2010,9,15,0,3.77,31,22
2010,9,16,0,2.9,32,22
2010,9,17,18,1.66,26,22
2010,9,18,8.7,NULO,27,21.5
2010,9,19,14.7,2.46,27,21.5
2010,9,20,0.01,4.94,30,22
2010,9,21,0,3.9,30,22
2010,9,22,0,2.29,29,21
2010,9,23,83,NULO,27,21.5
2010,9,24,5,1.35,27,20
2010,9,25,6,1.4,26,20
2010,9,26,2,2.2,27,20
2010,9,27,18,6.04,28,20
2010,9,28,0,3.49,27,19
2010,9,29,0,5.26,29,17
2010,9,30,0,4.96,29,17.5
2010,10,1,0,4.88,30,19.5
2010,10,2,0,4.05,29.5,19
2010,10,3,8,5.32,27.5,18.5
2010,10,4,0.8,2.58,30,17
2010,10,5,0,3.65,27,17
2010,10,6,9.5,3.97,26,17.5
2010,10,7,0,3.1,30,17
2010,10,8,0,4.32,27,18
2010,10,9,0,5.17,29,18
2010,10,10,0,6.32,29,16
2010,10,11,0,5.13,29.5,17
2010,10,12,0,3.94,29,19
2010,10,13,4,3.34,29,19
2010,10,14,0,3.66,27,18.5
2010,10,15,0,3.67,27.5,17
2010,10,16,0,4.3,27,15.5
2010,10,17,0,4.67,27,15.5
2010,10,18,0,4.54,27,16
2010,10,19,0,5.2,28,16.5
2010,10,20,0,5.22,29,17
2010,10,21,0,6.3,29,18
2010,10,22,0,4.38,29,18
2010,10,23,0,3.28,28.5,18
2010,10,24,0,4.12,29.5,19
2010,10,25,0,3.7,30,19
2010,10,26,0,4.08,30,18
2010,10,27,0,3.27,29.5,18
2010,10,28,0,4.33,29,21
2010,10,29,0,3.44,25,16.5
2010,10,30,0,4.22,26,14
2010,10,31,0,5.13,26,15
2010,11,1,0,5.2,29,15
2010,11,2,0,4.28,30,18.5
2010,11,3,0,1.64,29,17
2010,11,4,0,4.11,25,12
2010,11,5,0,4.16,23,9.5
2010,11,6,0,4.64,25,9
2010,11,7,0,3.87,25.5,8
2010,11,8,0,3.45,25,9.5
2010,11,9,0,4.18,26,10
2010,11,10,0,3.41,26.5,11
2010,11,11,0,4.37,27,14
2010,11,12,0,4.5,27,15
2010,11,13,0,5.3,27,15
2010,11,14,0,4.16,25,16
2010,11,15,0,3.83,30,16
2010,11,16,0,3.09,27.5,16
2010,11,17,0,6.24,28.5,14
2010,11,18,0,5.2,26,15
2010,11,19,0,2.11,26,17
2010,11,20,0,4.01,27,14
2010,11,21,0,3.98,28,17.5
2010,11,22,0,3.22,27.5,16
2010,11,23,0,12.62,28.5,18
2010,11,24,0,7.32,34,18.5
2010,11,25,0,8.22,28,19
2010,11,26,0.01,4.81,23,21
2010,11,27,0,13.15,21.5,11.5
2010,11,28,0,2.75,25,12
2010,11,29,0.01,4.41,28,12
2010,11,30,0,1.2,21,13
2010,12,1,0,4.32,22,13
2010,12,2,0,4.5,23,11
2010,12,3,0,4.25,25,12
2010,12,4,0,3.44,27,12
2010,12,5,0,2.35,23,13
2010,12,6,8,1.74,17,14
2010,12,7,0,2.1,24,11
2010,12,8,0,2.84,24.5,12
2010,12,9,0,3.35,22,12
2010,12,10,0,4.25,24,8
2010,12,11,0,5.16,25,10
2010,12,12,0,4.3,25,13
2010,12,13,0,3.7,25.5,9
2010,12,14,0,2.44,23,8
2010,12,15,0,3.76,24,9
2010,12,16,0,3.11,26,8
2010,12,17,0,3.21,22.5,12
2010,12,18,0,3.13,21,14
2010,12,19,0,2.61,24,11
2010,12,20,0,2.85,25.5,11.5
2010,12,21,0,2.39,26,14
2010,12,22,0,3.59,26,14
2010,12,23,0,3.72,25,14
2010,12,24,0,2.5,26,14
2010,12,25,0,4.47,18,14
2010,12,26,0,2.02,17,11
2010,12,27,0,2.94,19,10
2010,12,28,0,2.61,22,10
2010,12,29,0,2.7,23,14
2010,12,30,0,3.2,24,12
2010,12,31,0,4.96,32,12
2011,1,1,0,5.3,24,13.5
2011,1,2,0,3.01,19,11
2011,1,3,0,2.45,21.5,14
2011,1,4,0,2.74,25,15
2011,1,5,0,3.06,26.5,14.5
2011,1,6,0,2.45,26,15
2011,1,7,0,2.7,27,16
2011,1,8,0,3.42,27,15
2011,1,9,0,4.3,25,15
2011,1,10,0,4.39,26,14
2011,1,11,12,2.28,25,15
2011,1,12,9,2.15,10,8
2011,1,13,9,3.13,11,7
2011,1,14,0,1.98,19,7.5
2011,1,15,0.4,2.06,21,10
2011,1,16,0,2.7,23,13.5
2011,1,17,0,3.18,26,14
2011,1,18,0,3.68,22.5,14
2011,1,19,0,3.46,25,14
2011,1,20,0,3.97,27,12.5
2011,1,21,0,3.42,19,11.5
2011,1,22,0,3.5,22,10
2011,1,23,0,2.6,23,10
2011,1,24,0,4.15,24,11
2011,1,25,0,2.18,19,14
2011,1,26,0,2.65,20,13
2011,1,27,5,5.74,17.5,13
2011,1,28,0.6,0.11,18.5,13
2011,1,29,0,1,24,13.5
2011,1,30,0,0.34,27,14
2011,1,31,0,4.05,26.5,13
2011,2,1,0,3.86,26,14
2011,2,2,0.4,2.15,21.5,12
2011,2,3,0,1.11,20,1.5
2011,2,4,0,1.38,7,1.5
2011,2,5,0,1.4,12,0.5
2011,2,6,0,2.15,23,5
2011,2,7,0,4.24,33.5,10
2011,2,8,0,4.02,23,8
2011,2,9,0,6.23,25,9
2011,2,10,0,1.91,12,7
2011,2,11,3,2.45,13.5,6
2011,2,12,9.5,0.75,11.5,7.5
2011,2,13,0,0.21,20,8
2011,2,14,0,4.84,24,9.5
2011,2,15,0,3.01,26,10.5
2011,2,16,0,4.32,27,12
2011,2,17,0,2.48,26,11
2011,2,18,0,2.98,26.5,14.5
2011,2,19,0,3.2,27.5,16.5
2011,2,20,0,4.3,27,18
2011,2,21,0,5.2,27,15
2011,2,22,0,3.16,22,19
2011,2,23,0,5.3,29,16
2011,2,24,0,5.74,30,17
2011,2,25,0,3.91,26,19
2011,2,26,0,4.63,29,18.5
2011,2,27,0,4.91,30.5,18
2011,2,28,0,5.59,24,16
2011,3,1,0,5.88,27,14
2011,3,2,0,4.98,27.5,12
2011,3,3,0,4.63,27,11
2011,3,4,0,3.28,28,11.5
2011,3,5,1,5.79,27,10.5
2011,3,6,0,8.65,25,15
2011,3,7,0,5.67,28,11.5
2011,3,8,0,6.46,35,12.5
2011,3,9,0,8.89,27,15
2011,3,10,0,5.29,24,15
2011,3,11,0,5.9,26.5,10
2011,3,12,0,5.97,29,11
2011,3,13,0,4.25,29,10
2011,3,14,0,5.28,28,11.5
2011,3,15,0,5.97,29,10
2011,3,16,0,5.86,29,16
2011,3,17,0,5.83,29,14.5
2011,3,18,0,7.35,28,13.5
2011,3,19,0,2.35,29,18
2011,3,20,0,6.22,30,16
2011,3,21,0,5.21,30,15
2011,3,22,0,4.36,29,17
2011,3,23,0,6.67,31,13
2011,3,24,0,5.55,30,14
2011,3,25,0,6.79,31,17
2011,3,26,0,5.67,33,18
2011,3,27,0,7.47,35.5,18
2011,3,28,0,5.83,30.5,19.5
2011,3,29,0,6.53,32.5,20.5
2011,3,30,0,5.98,31,21.5
2011,3,31,0,4.71,31,19.5
2011,4,1,0,7.35,31.5,21
2011,4,2,0,4.4,31,20
2011,4,3,0,6.9,32.5,19
2011,4,4,0,11.3,41,20
2011,4,5,0,7.67,28,20
2011,4,6,0,6.3,31,15
2011,4,7,0,7.3,33,16
2011,4,8,0,6.11,32.5,18
2011,4,9,0,6.13,33,19.5
2011,4,10,0,6.98,35,20
2011,4,11,0,8.98,31.5,20
2011,4,12,0,8.51,30.5,17.5
2011,4,13,0,7.64,32.5,15.5
2011,4,14,0,7.54,39,16
2011,4,15,0,5.04,30.5,18
2011,4,16,3,3.71,27,19
2011,4,17,0,3.2,30,19
2011,4,18,0,6.78,36,18
2011,4,19,0,7.49,36,19
2011,4,20,0,7.03,34,21
2011,4,21,0,6.92,33,22
2011,4,22,0,6.27,33,21
2011,4,23,0,7.03,32,20.5
2011,4,24,0,7.49,34,20
2011,4,25,0,7.66,36.5,21
2011,4,26,0,8.85,40,21
2011,4,27,0,9.18,44,20
2011,4,28,0,5.12,31,20
2011,4,29,0,7.4,32,20
2011,4,30,5.6,12.9,35,20
2011,5,1,0,6.3,36,19
2011,5,2,0,6.4,32,21
2011,5,3,0,6.28,27,18.5
2011,5,4,0,8.3,28,15
2011,5,5,0,8.5,31,15
2011,5,6,0,7.85,31,16
2011,5,7,0,7.88,34,18
2011,5,8,0,7.36,34,19
2011,5,9,0,7.88,34,19
2011,5,10,0,6.8,34,21
2011,5,11,0,6.92,35,22
2011,5,12,0,7.3,37,23
2011,5,13,0,6.2,33,22.5
2011,5,14,0,5.16,33,21
2011,5,15,0,3.8,31,22
2011,5,16,0,1.85,27.5,21
2011,5,17,0,5.14,30.5,20.5
2011,5,18,0,3.81,34,21
2011,5,19,0,7.84,40.5,21
2011,5,20,0,7.88,40,22
2011,5,21,0,8.01,35.5,22
2011,5,22,0,5.86,34,21
2011,5,23,0,7.61,34.5,22
2011,5,24,0,7.65,35,22
2011,5,25,0,7.32,35,22
2011,5,26,0,5.31,34,22
2011,5,27,0,7.99,35,22.5
2011,5,28,0,7.88,32,22
2011,5,29,0,8.3,35,21
2011,5,30,0,9.2,35,22
2011,5,31,NULO,4.5,35,24
2011,6,1,0,6.88,32,23
2011,6,2,0,8.25,33,19
2011,6,3,0,7.84,34,19
2011,6,4,3,6.7,32.5,19
2011,6,5,0,5.68,31,20
2011,6,6,0,7.22,33.5,20
2011,6,7,0,7.52,34,20.5
2011,6,8,0,6.98,35,21
2011,6,9,0,6.45,34,21.5
2011,6,10,0,7.3,35,21
2011,6,11,0,8.3,36,21
2011,6,12,0,8.4,36,22
2011,6,13,0,14.28,34,22
2011,6,14,0,8.35,35.5,21.5
2011,6,15,0,8.92,35,22
2011,6,16,0,9.32,36,22
2011,6,17,0,9.28,36.5,23
2011,6,18,0,8.19,36,23
2011,6,19,0,8.65,35,23
2011,6,20,0,8.88,35,22.5
2011,6,21,0,8.16,38,23
2011,6,22,13.5,5.34,35.5,24
2011,6,23,0,5.32,32.5,21
2011,6,24,0,4.39,31,22
2011,6,25,27,3.24,30,21
2011,6,26,24,3.2,30.5,21
2011,6,27,24,NULO,30.5,21.5
2011,6,28,58,NULO,27,21
2011,6,29,80,NULO,25,21
2011,6,30,178,NULO,22,20
2011,7,1,68,NULO,24,21
2011,7,2,150,NULO,22,21
2011,7,3,0,5.23,28,21
2011,7,4,0,3.5,29,21.5
2011,7,5,0,5.77,31,20
2011,7,6,0,6.7,31,21
2011,7,7,0,7.3,32,21
2011,7,8,0,4.29,31,22
2011,7,9,0,4.7,30.5,21
2011,7,10,0,3.55,31,22
2011,7,11,0,2.95,30,22
2011,7,12,2,5.77,31,22
2011,7,13,10.5,1.16,29,22
2011,7,14,6,3.41,27,22
2011,7,15,20,4.53,29,22
2011,7,16,0.5,5.02,29,21
2011,7,17,50,NULO,29,22
2011,7,18,4,4.92,29,21.5
2011,7,19,0,6.38,30,22
2011,7,20,0,6.54,30,22
2011,7,21,0.6,4.26,30,23
2011,7,22,0,5.68,32,21
2011,7,23,0,5.2,32.5,21.5
2011,7,24,35,6.3,35,22
2011,7,25,0,5.2,31,21
2011,7,26,0,9.16,32,21
2011,7,27,0,7.03,31.5,21.5
2011,7,28,15,2.89,30,22
2011,7,29,8,7.51,32.5,22.5
2011,7,30,9,2.3,30,22
2011,7,31,21,8.22,27,21
2011,8,1,5.5,1.77,28.5,21
2011,8,2,34,NULO,30,22
2011,8,3,0,5.23,32,22
2011,8,4,0,2.03,30,22.5
2011,8,5,0,5.53,30,22
2011,8,6,0,4.32,31,22.5
2011,8,7,0,4.2,31,22.5
2011,8,8,0,5.98,31,23
2011,8,9,0,5.88,32,23
2011,8,10,0,6.04,33,23
2011,8,11,0,4.85,32,24.5
2011,8,12,0,6.2,34,25
2011,8,13,27,4.4,33,25
2011,8,14,3,4.05,31,22.5
2011,8,15,0,5.72,31.5,22
2011,8,16,0,4.26,31,21.5
2011,8,17,0,5.73,30.5,21
2011,8,18,0,5.34,32.5,21
2011,8,19,0,6.37,32,22
2011,8,20,0,6.69,31,21
2011,8,21,5.5,4.78,31.5,21
2011,8,22,24,3.34,26.5,21.5
2011,8,23,0,4.8,30.5,21
2011,8,24,0,6.46,32,22
2011,8,25,0,6.41,32,21.5
2011,8,26,0,4.23,31,22
2011,8,27,0,6.63,32,22
2011,8,28,0,5.3,32,22.5
2011,8,29,14,4.3,32,22.5
2011,8,30,8,5.2,30,21
2011,8,31,0.01,5.72,30,22
2011,9,1,0,4.48,27,21.5
2011,9,2,0,4.62,32,22.5
2011,9,3,0,3.78,32,22.5
2011,9,4,0,4.47,33,22
2011,9,5,11,4.2,31,23
2011,9,6,16,4.58,29,21
2011,9,7,0,5.47,29,19.5
2011,9,8,0,5.34,29,20
2011,9,9,0,6.3,30,18
2011,9,10,17,5.23,30.5,18.5
2011,9,11,22,3.91,29,20
2011,9,12,0,4.5,30,18.5
2011,9,13,0,5.03,30.5,20
2011,9,14,0,4.35,30.5,20
2011,9,15,0,6.2,31,22
2011,9,16,9,2.1,31,21
2011,9,17,0,3.56,31,21
2011,9,18,0,4.21,31,21
2011,9,19,0,4.08,30.5,19
2011,9,20,0,4.09,31,20
2011,9,21,0,4.83,31,20.5
2011,9,22,0,3.87,31,20.5
2011,9,23,0,4.26,30,21
2011,9,24,0,5.31,31,21
2011,9,25,0,5.35,30.5,21
2011,9,26,0,6.22,30,20
2011,9,27,0,6.45,34,21
2011,9,28,0,3.08,31.5,21
2011,9,29,0.01,4.61,32.5,21.5
2011,9,30,0,1.69,26,21.5
2011,10,1,0.01,2.51,28,19.5
2011,10,2,8,1.83,25,19
2011,10,3,0,2.97,28,19
2011,10,4,0,3.17,27,18.5
2011,10,5,0,5.6,29,18.5
2011,10,6,0,2.3,30,18
2011,10,7,0,3.13,31,18
2011,10,8,0,5.2,30.5,19
2011,10,9,0,3.25,30.5,21
2011,10,10,0,5.69,31,21.5
2011,10,11,0.01,3.54,29,20
2011,10,12,0,5.38,30,19.5
2011,10,13,0,4.09,31,20
2011,10,14,0,4.12,30,19
2011,10,15,0,4.14,34,19.5
2011,10,16,0,2.31,29,19
2011,10,17,0,3.71,31,19
2011,10,18,0,5.06,31,19
2011,10,19,0,5.01,27,17
2011,10,20,0,5.31,26,13
2011,10,21,0,3.79,30.5,13
2011,10,22,0,4.2,30,16
2011,10,23,0,5.3,29.5,17
2011,10,24,0,7.43,29,16
2011,10,25,0,7.43,29,16
2011,10,26,0,6.15,30,16
2011,10,27,0,5.23,28,18
2011,10,28,0,5.03,21.5,17
2011,10,29,0,2.53,23,17
2011,10,30,0,3.12,27,12.5
2011,10,31,0,4.53,28,13
2011,11,1,0,3.74,28,12
2011,11,2,0,3.68,29.5,15
2011,11,3,28,9.79,21,15.5
2011,11,4,0,2.29,21.5,12
2011,11,5,0,3.4,22,13
2011,11,6,0,3.1,33,17
2011,11,7,0,4.32,30,18
2011,11,8,0,5.23,31,17
2011,11,9,64.5,NULO,24,17
2011,11,10,0.01,2.06,16,11
2011,11,11,0,1.93,21,11
2011,11,12,0,1.59,25,12.5
2011,11,13,0,2.9,27,15
2011,11,14,0,2.74,27,17
2011,11,15,0,1.78,29,19
2011,11,16,0,1.83,28,20
2011,11,17,6,2.95,25,19
2011,11,18,0,4.12,20,16
2011,11,19,0,4.1,20,16
2011,11,20,0,3.12,21,17
2011,11,21,0,5.17,29,16
2011,11,22,0,4.09,28,17
2011,11,23,0,3.49,23.5,17.5
2011,11,24,0,7.06,26,15
2011,11,25,0,2.05,26.5,14
2011,11,26,9,1.93,25,15
2011,11,27,1,1.18,13,11
2011,11,28,0,1.22,20,7.5
2011,11,29,0,3.53,24,7
2011,11,30,0,3.18,24,6
2011,12,1,0,1.82,24,9
2011,12,2,0,1.8,25,11
2011,12,3,0,1.64,25.5,12.5
2011,12,4,0,1.55,26,13.5
2011,12,5,0,1.71,24,15
2011,12,6,0.01,0.47,15,12.5
2011,12,7,0,1.88,14.5,8.5
2011,12,8,0,1.8,20,9.5
2011,12,9,0,1.25,21,11
2011,12,10,0,0.95,20,15
2011,12,11,0,1.35,17,8.5
2011,12,12,0,1.65,24,8.5
2011,12,13,0,1.66,26,14
2011,12,14,0,3.07,27,15
2011,12,15,0,2.01,27,16
2011,12,16,6,2.43,26.5,16
2011,12,17,0.01,1.93,20,13
2011,12,18,0,2.3,23,13
2011,12,19,0,1.64,25,14
2011,12,20,0,2.9,26,13.5
2011,12,21,0,5.96,24,14
2011,12,22,0,3.94,22,15.5
2011,12,23,0,2.73,22,14
2011,12,24,0.01,2.81,19.5,14.5
2011,12,25,0,0.77,14,10
2011,12,26,0,1.27,19,10
2011,12,27,0,3.05,22,10
2011,12,28,0,1.98,24,9.5
2011,12,29,0,1.8,25,10
2011,12,30,0,3.2,26,11.5
2011,12,31,0,4.2,26.5,13
2012,1,1,6,1.23,23,13
2012,1,2,0,1.5,18,13
2012,1,3,0,3.61,21,12.5
2012,1,4,0,5.19,24,11
2012,1,5,2.5,0.87,18.5,12
2012,1,6,0,0.94,22,14
2012,1,7,0,1.59,25.5,12.5
2012,1,8,0,1.57,24,12
2012,1,9,0,5.03,27,14
2012,1,10,0,1.23,19,15
2012,1,11,0,2.6,25,13
2012,1,12,0,3.03,20,12.5
2012,1,13,0,2.2,19,10
2012,1,14,10,3.16,19.5,10
2012,1,15,0.01,1.52,19.5,11
2012,1,16,0,2.81,25.5,10
2012,1,17,0,2.57,27,15.5
2012,1,18,0,1.17,22.5,16.5
2012,1,19,0,1.16,26,15
2012,1,20,0,2.58,26,15
2012,1,21,0,1.09,24.5,14.5
2012,1,22,0,2.4,28,16.5
2012,1,23,1,2.53,25,18
2012,1,24,0,1.84,26,18
2012,1,25,0,2.45,28,18
2012,1,26,0,4.03,24,18
2012,1,27,0,2.65,25.5,11
2012,1,28,0.01,1.34,23.5,11.5
2012,1,29,22.5,2.08,16,11
2012,1,30,0.5,0.46,19,13
2012,1,31,0,1.52,24,13.5
2012,2,1,0,2.3,25,14
2012,2,2,0,3.2,26,16
2012,2,3,0,2.2,26.5,17
2012,2,4,15,4.16,28.5,16
2012,2,5,11.5,3.2,15,13.5
2012,2,6,2,1.66,15.5,13.5
2012,2,7,1,0.57,20,12
2012,2,8,8,1.02,15,12
2012,2,9,8,1.1,15,11
2012,2,10,2,1.78,22,11
2012,2,11,27,NULO,14,13
2012,2,12,2.5,0.55,13.5,10
2012,2,13,0,1.46,22,10.5
2012,2,14,0,2.3,26,12
2012,2,15,0.01,2.84,26,15
2012,2,16,0.01,3.41,25,15
2012,2,17,0,3.25,28,18.5
2012,2,18,0,1.09,23,19
2012,2,19,0,1.35,21,16
2012,2,20,0,4.15,25,16
2012,2,21,0,2.09,27,14
2012,2,22,0,3.14,27,16
2012,2,23,0,3.18,28,17
2012,2,24,0,3.91,27,18
2012,2,25,0,2.11,15,11
2012,2,26,0,3.28,24.5,11
2012,2,27,0,4.2,28,12.5
2012,2,28,0,5.59,27,13.5
2012,3,1,0,4.78,28,18
2012,3,2,0,3.88,30,18.5
2012,3,3,0,5.96,26.5,19
2012,3,4,0,5.58,25,14
2012,3,5,0,4.7,25,11.5
2012,3,6,2,1.61,22,11
2012,3,7,1,1.31,25,12
2012,3,8,0,2.47,27,16
2012,3,9,15,0.97,22,15
2012,3,10,0.01,1.21,16.5,10.5
2012,3,11,0.5,1.18,23,11
2012,3,12,0,2.4,25,14
2012,3,13,0,5.2,28,17
2012,3,14,0,4.92,28.5,17
2012,3,15,0,3.1,28,18.5
2012,3,16,0,3.92,27.5,17.5
2012,3,17,0,3.08,27,17.5
2012,3,18,0.01,3.76,28,17
2012,3,19,0,4.24,30,19
2012,3,20,0,4.36,33,20
2012,3,21,0,4.32,33,17
2012,3,22,0,4.98,28,15.5
2012,3,23,0,3.95,29,14.5
2012,3,24,0,5.84,31,15
2012,3,25,0,4.43,30,18
2012,3,26,0,5.2,30.5,18
2012,3,27,0,5.43,30.5,19
2012,3,28,0,7.65,30,18
2012,3,29,0,5.95,30.5,18.5
2012,3,30,0,3.66,31,20
2012,3,31,0,3.63,30.5,21
2012,4,1,0,6.2,32,21.5
2012,4,2,0,4.22,34,19
2012,4,3,0,3.78,35,19
2012,4,4,0,5.55,36,19
2012,4,5,0,5.47,31,20
2012,4,6,0.01,5.74,31.5,21
2012,4,7,64,NULO,29,20
2012,4,8,0.01,4.52,30,19
2012,4,9,0,4.35,27,19
2012,4,10,0,5.45,30,17.5
2012,4,11,0,5.52,30.5,18
2012,4,12,0,5.85,30.5,18
2012,4,13,0,5.14,30,18
2012,4,14,0,3.51,31,21
2012,4,15,0,5.96,33,21
2012,4,16,0.01,5.59,33,21
2012,4,17,7.4,1.06,25,18.5
2012,4,18,0,3.74,27.5,18.5
2012,4,19,0,3.55,28,18
2012,4,20,0,7.08,32,18
2012,4,21,0,7.7,29,19.5
2012,4,22,0,6.76,30,16.5
2012,4,23,0,7.87,30,15
2012,4,24,0,7.59,31,15
2012,4,25,0,9.33,32,15
2012,4,26,0,8.42,32,15
2012,4,27,0,7.39,31,14.5
2012,4,28,0,6.03,30,15
2012,4,29,0,5.38,31.5,18
2012,4,30,0,7.31,31.5,20
2012,5,1,0,7.46,32,21
2012,5,2,0,5.64,31.5,21
2012,5,3,0,8.19,32.5,21
2012,5,4,0,7.4,33,22
2012,5,5,0,7.75,35,22
2012,5,6,0,9.78,35.5,21.5
2012,5,7,0,6.2,34,22
2012,5,8,0.01,4.75,32.5,23
2012,5,9,2,4.2,28,23
2012,5,10,0,7.58,31,21
2012,5,11,0,2.84,33,20
2012,5,12,29,5.94,29,20
2012,5,13,13,4.92,27.5,24
2012,5,14,0,6.92,29,24
2012,5,15,0,8.24,31,18
2012,5,16,0,6.18,29,18
2012,5,17,0,5.94,30,18
2012,5,18,0,6.96,31.5,18
2012,5,19,0,6.85,31,18
2012,5,20,11,5.43,32,19
2012,5,21,0.01,1.82,28,19
2012,5,22,0,8.78,31,19
2012,5,23,0,6.27,31.5,17.5
2012,5,24,0,7,33.5,18
2012,5,25,0,8.77,33.5,20
2012,5,26,0,7.23,32,23.5
2012,5,27,0,5.2,32,22
2012,5,28,0,7.8,33.5,21
2012,5,29,0,6.73,34,21
2012,5,30,0,7.57,34,21
2012,5,31,0,7.83,34,21
2012,6,1,0,5.61,33,21.5
2012,6,2,0,5.69,32,22.5
2012,6,3,4,6.58,33,22
2012,6,4,0,5.2,33.5,19
2012,6,5,45,NULO,33,21
2012,6,6,0,6.77,31,18
2012,6,7,0,6.96,31,19
2012,6,8,0,6.96,33.5,21.5
2012,6,9,0,6.5,33,22
2012,6,10,0,7.2,34.5,22
2012,6,11,0,6.82,34,22
2012,6,12,0,7.15,33,23.5
2012,6,13,0,6.92,32,22
2012,6,14,0,6.21,32,22
2012,6,15,0,6.06,33,22
2012,6,16,10,4.27,30.5,22
2012,6,17,1,4.42,31,19.5
2012,6,18,0,7.17,33,20
2012,6,19,40,NULO,28,21
2012,6,20,0.01,3.62,26.5,19
2012,6,21,13,1.67,27,19
2012,6,22,40,NULO,27,20
2012,6,23,0,3.18,31,20
2012,6,24,0,6.07,32,20.5
2012,6,25,0,6.55,32,21
2012,6,26,0,6.92,32,22
2012,6,27,0,6.42,32,21.5
2012,6,28,0,7.6,32,22
2012,6,29,0,6.52,32.5,22
2012,6,30,0.01,5.61,31.5,22
2012,7,1,3.5,3.07,29,21
2012,7,2,21,6.75,28,20.5
2012,7,3,14,3.41,29,21
2012,7,4,0,5.97,30,21
2012,7,5,0.01,5.6,30,20.5
2012,7,6,0.01,3.31,30,20
2012,7,7,0,6.7,30.5,20.5
2012,7,8,0,5.87,31,20
2012,7,9,13.5,3.25,28,20
2012,7,10,0,6.04,30,20
2012,7,11,0,6.32,31,20
2012,7,12,0,6.5,31,22
2012,7,13,13,0.98,28,21.5
2012,7,14,15.5,0.95,23,19.5
2012,7,15,25,NULO,27,20
2012,7,16,0,2.72,27.5,21
2012,7,17,32,2.9,29,21
2012,7,18,6,6.35,26.5,21
2012,7,19,0,8.24,28,20
2012,7,20,0,8.56,29,20
2012,7,21,0,5.43,29.5,21
2012,7,22,0,3.51,30,21
2012,7,23,5,4.78,28,21
2012,7,24,4,5.16,31,21
2012,7,25,0,4.79,29.5,21
2012,7,26,0,5.79,31,22
2012,7,27,0.01,4.2,30,22
2012,7,28,0.01,5.1,30.5,22.5
2012,7,29,27,6.2,31,22
2012,7,30,0,3.79,32,20
2012,7,31,0,0.51,31.5,21
2012,8,1,0,5.94,32,20
2012,8,2,0,4.5,32,21
2012,8,3,0,6.85,31.5,21.5
2012,8,4,0,4.01,32,22
2012,8,5,0,4.29,32,22
2012,8,6,0,6.42,33,22
2012,8,7,0,6.73,32,21.5
2012,8,8,4.5,5.85,32.5,21
2012,8,9,19,2.6,27,21
2012,8,10,19.5,3.43,27,22
2012,8,11,8,5.68,31,21
2012,8,12,26.5,7.62,30.5,21
2012,8,13,14,2.37,27,20
2012,8,14,0.01,1.52,28.5,21
2012,8,15,0,2.78,30,21
2012,8,16,2,4.65,31.5,22
2012,8,17,5,3.54,27,22
2012,8,18,6.4,2.13,28,21.5
2012,8,19,0,2.27,29,22
2012,8,20,0,2.52,28,22.5
2012,8,21,0,3.08,30,22
2012,8,22,0,2.98,30,21
2012,8,23,0.01,2.51,28,22
2012,8,24,0,4.08,30,21
2012,8,25,0,2.62,29,20
2012,8,26,0,1.71,28,20
2012,8,27,0,3.2,30,20
2012,8,28,0,6.53,32,21
2012,8,29,0,5.6,33,21
2012,8,30,0,5.1,34,22
2012,8,31,0.5,1.7,32,22
2012,9,1,1.5,3.5,30,22
2012,9,2,2.5,2.57,31,21.5
2012,9,3,0,3.18,32,21
2012,9,4,0,4.81,32,20
2012,9,5,0,4.42,32,21
2012,9,6,0,5.62,32,21.5
2012,9,7,0,6.2,33,22
2012,9,8,0,6.3,32.5,21.5
2012,9,9,0.01,2.7,28,21.5
2012,9,10,0,4.16,30,21
2012,9,11,26,3.54,30,21
2012,9,12,4.5,2.35,26,20
2012,9,13,36,NULO,26.5,21.5
2012,9,14,18,2.72,27,19.5
2012,9,15,0,1.93,27.5,20
2012,9,16,0,4.1,30,20
2012,9,17,0,4.11,31,20.5
2012,9,18,14,6.34,32,21
2012,9,19,0,3.63,29,19
2012,9,20,0,4.89,30,20
2012,9,21,0,4.33,30.5,19
2012,9,22,7,5.61,29,19
2012,9,23,18,2.19,26,19
2012,9,24,3,1.64,26.5,19.5
2012,9,25,1,2.78,27.5,19.5
2012,9,26,0,5.72,31,20.5
2012,9,27,0,3.83,30,21
2012,9,28,0.01,2.6,30,21
2012,9,29,0,3.5,31,21.5
2012,9,30,4.5,4.41,26,22.5
2012,10,1,4.9,2.53,31.5,19.5
2012,10,2,0,4.28,29,18.5
2012,10,3,0,4.79,30.5,18
2012,10,4,0,4.65,30.5,17.5
2012,10,5,0,4.04,29,17.5
2012,10,6,0,4.51,30,17
2012,10,7,0,3.14,29,17.5
2012,10,8,0,3.2,27,18.5
2012,10,9,0,5.26,30,17
2012,10,10,0.01,2.89,30,18
2012,10,11,6,2.7,29,20
2012,10,12,7,3.73,29,21.5
2012,10,13,0,2.05,29,22
2012,10,14,0,3.13,30,21
2012,10,15,0,4.97,29,19.5
2012,10,16,0,4.31,30,18
2012,10,17,0,3.61,30,18
2012,10,18,0,2.32,31.5,20
2012,10,19,0,5.3,31,20.5
2012,10,20,0,4.15,30,21
2012,10,21,0,4.35,31,20
2012,10,22,0,3.51,32,18.5
2012,10,23,5,1.54,28,18
2012,10,24,0,3.2,30.5,19.5
2012,10,25,0,4.2,30,18
2012,10,26,13.5,4.94,30,19
2012,10,27,0,1.51,17,16.5
2012,10,28,0,2.98,20,15
2012,10,29,0.01,1.21,21,14.5
2012,10,30,0,1.55,27,16.5
2012,10,31,0,3.56,29,17
2012,11,1,0,3.49,29,17
2012,11,2,0,3.58,21,17.5
2012,11,3,10,14.16,28,17
2012,11,4,0,1.21,24,18
2012,11,5,0,3.16,23,17
2012,11,6,0,3.24,29,18
2012,11,7,0,2.88,27.5,16.5
2012,11,8,0,5.32,28,16
2012,11,9,0,3.99,28.5,15
2012,11,10,0,3.19,28,15.5
2012,11,11,0,3.87,28,16
2012,11,12,17,2.28,24,16.5
2012,11,13,3,0.37,17,11
2012,11,14,6.8,1.03,16.5,11.5
2012,11,15,0,2.93,23,13.5
2012,11,16,11,0.71,21,14.5
2012,11,17,3,0.23,18.5,15
2012,11,18,0,1.53,22,15
2012,11,19,0,2.72,26,16
2012,11,20,0,3.3,26.5,14
2012,11,21,2,1.45,24,15
2012,11,22,0,1,22.5,16
2012,11,23,0.01,2.91,27,17.5
2012,11,24,3,1.08,18.5,17
2012,11,25,0,1.65,25,15
2012,11,26,0,3.15,26.5,14.5
2012,11,27,0,3.99,25,14.5
2012,11,28,0.3,1.35,20,16
2012,11,29,0,1.71,24,16
2012,11,30,0,2.26,27,17
2012,12,1,0,3.2,28,16
2012,12,2,0,4.3,29,16
2012,12,3,0,3.26,27,17
2012,12,4,0,3.3,27,15
2012,12,5,0,1.73,26,16.5
2012,12,6,0,2.79,25.5,13
2012,12,7,0,3.11,27.5,15
2012,12,8,0,2.8,27,17.5
2012,12,9,0,2.14,27.5,16.5
2012,12,10,0,3.81,26,16
2012,12,11,1.5,0.76,14,12.5
2012,12,12,2,0.47,13.5,10.5
2012,12,13,1.5,0.5,18.5,10.5
2012,12,14,0,3,25,13
2012,12,15,0,3.3,26,14.5
2012,12,16,0,3.5,27,15
2012,12,17,0,2.87,25,15.5
2012,12,18,0,3.12,27.5,16.5
2012,12,19,0,2.81,27,16.5
2012,12,20,0,2.7,20,16
2012,12,21,0,3.78,20,9
2012,12,22,0,3.02,21,9
2012,12,23,0,3.3,26,13
2012,12,24,0,2.55,26,13
2012,12,25,0,3.6,29,13.5
2012,12,26,0,2.95,15.5,14
2012,12,27,0,2.38,23,12.5
2012,12,28,0,3.15,24,12.5
2012,12,29,0,2.9,19,13
2012,12,30,0.01,1.01,17.5,11.5
2012,12,31,0,2.23,23,12
2013,1,1,0,2.2,24,15
2013,1,2,6,1.13,13.5,12
2013,1,3,6,0.97,12,9
2013,1,4,1.4,1.21,12,7.5
2013,1,5,0.4,0.52,13,8
2013,1,6,0.01,0.89,13,8.5
2013,1,7,0,1.3,20,10.5
2013,1,8,0.5,2.89,25,12
2013,1,9,0,3.82,27,15
2013,1,10,0,2.64,24,15.5
2013,1,11,0,1.97,22,15.5
2013,1,12,0,3.48,27,16
2013,1,13,0,2.47,22,16.5
2013,1,14,0,2.93,19,13
2013,1,15,2,1.8,20,13
2013,1,16,0.01,0.15,11,7
2013,1,17,0,1.19,18.5,6.5
2013,1,18,0,1.27,20,6
2013,1,19,0,2.49,23.5,6.5
2013,1,20,0,2.68,23.5,9
2013,1,21,0,3.29,20.5,10.5
2013,1,22,0,3.86,26,13
2013,1,23,0,3.04,25,14
2013,1,24,0,2.2,25,13
2013,1,25,0,1.65,26,12.5
2013,1,26,0,4.05,25,11.5
2013,1,27,0,1.55,26,12
2013,1,28,0,1.32,26.5,15
2013,1,29,0,3.09,29,16
2013,1,30,0,3.49,22,16
2013,1,31,0,1.88,21.5,12.5
2013,2,1,0,3.2,20.5,13
2013,2,2,2,2.15,22,15.5
2013,2,3,4,2,21,15.5
2013,2,4,0,3.41,27,16
2013,2,5,0,3.88,28,15
2013,2,6,0.4,4.44,29,15.5
2013,2,7,0,2.11,26,16.5
2013,2,8,0,5.2,27,18
2013,2,9,0,4.2,28,18
2013,2,10,0,5.3,28,20
2013,2,11,0,4.16,31,17
2013,2,12,0,3.44,33,18.5
2013,2,13,0,3.63,20,19
2013,2,14,0,4.11,22,14
2013,2,15,3.02,1.96,20,15
2013,2,16,1,1.8,17,14.5
2013,2,17,0.01,2.91,19,13.5
2013,2,18,0,3.88,27,13
2013,2,19,0,3.15,25,14.5
2013,2,20,0,4.14,27,15
2013,2,21,0,4.97,31.5,16
2013,2,22,0,2.43,30,16.5
2013,2,23,0,5.2,29,19
2013,2,24,0,4.2,27,19
2013,2,25,0,6.15,35,19
2013,2,26,0,4.2,23,16
2013,2,27,0,6.1,27.5,14
2013,2,28,0,3.07,19,14
2013,3,1,0,3.29,18,13
2013,3,2,0,4.7,25,11
2013,3,3,0,4.31,25,8
2013,3,4,0,4.98,29,9
2013,3,5,0,5.33,31,12.5
2013,3,6,0,5.85,14.5,12
2013,3,7,0,5.22,26,12
2013,3,8,0,4.53,26,12.5
2013,3,9,0,5.2,28,18
2013,3,10,0,5.6,30,19
2013,3,11,0,5.16,29,15
2013,3,12,0,6.3,30,17
2013,3,13,0,4.2,25,16
2013,3,14,0,4.99,25.5,11.5
2013,3,15,0,3.59,22,11
2013,3,16,0,3.33,25,13.5
2013,3,17,0,4.97,35,14
2013,3,18,0,7.12,39,13
2013,3,19,0,6.85,33,16
2013,3,20,0.01,3.57,25.5,16.5
2013,3,21,0,4.95,29,17
2013,3,22,0,7.54,40,19
2013,3,23,0,6.3,40,18
2013,3,24,0,7.23,32,19
2013,3,25,5,4.29,22,15
2013,3,26,11,0.19,17,14
2013,3,27,5,0.92,21,12.5
2013,3,28,0.01,3.35,24,12
2013,3,29,0,5.04,26,17
2013,3,30,0,4.51,28,17.5
2013,3,31,0,4.74,30,17
2013,4,1,0,5.9,27,18.5
2013,4,2,0,5.16,30,19
2013,4,3,0.01,5.78,31,20
2013,4,4,0,2.82,22.5,19
2013,4,5,0,6.65,28,16.5
2013,4,6,0,6.12,23,14
2013,4,7,0,6.51,30,15
2013,4,8,0,7.3,34,15
2013,4,9,0,7.53,37,19
2013,4,10,0,8.6,38.5,18.5
2013,4,11,0,3.47,27,19
2013,4,12,0,3.99,26,15
2013,4,13,0,4.22,31,17
2013,4,14,0,6.89,35.5,19
2013,4,15,0,7.97,31.5,18
2013,4,16,0,4.81,31,18
2013,4,17,0,4.48,34,19.5
2013,4,18,0,6.52,38.5,20
2013,4,19,0,5.96,23.5,20
2013,4,20,0,5.9,26,12.5
2013,4,21,0,6.49,30,12
2013,4,22,0,5.25,30,12
2013,4,23,0,5.97,31,18
2013,4,24,5,3.01,26,19
2013,4,25,0.01,2.35,20.5,15
2013,4,26,0,6.88,29,15
2013,4,27,0,3.97,30,18
2013,4,28,0,3.88,30,18
2013,4,29,0,4.23,30.5,20.5
2013,4,30,0,6.06,32,21.5
2013,5,1,0,6.79,36,21
2013,5,2,0,7.11,32,21
2013,5,3,0,3.52,19.5,17.5
2013,5,4,0,4.13,26,16
2013,5,5,0,5.3,27,16
2013,5,6,0,6.15,30.5,16
2013,5,7,0,5.42,30.5,15
2013,5,8,0,8.13,32,20
2013,5,9,0,6.4,33.5,20
2013,5,10,0,7.52,25.5,21.5
2013,5,11,2,6.44,30.5,23
2013,5,12,12,1.32,22,21
2013,5,13,6,1.72,19.5,15
2013,5,14,0,2.28,23.5,16
2013,5,15,0,5.67,30,18
2013,5,16,0,5.65,31.5,19
2013,5,17,0,6.96,33.5,20
2013,5,18,0,1.17,34.5,20.5
2013,5,19,0,7.15,34,21
2013,5,20,0,7.06,34.5,22
2013,5,21,0,7.74,34.5,22
2013,5,22,0,6.42,34.5,22.5
2013,5,23,0,7.03,34,23.5
2013,5,24,0,6.82,33,23
2013,5,25,6.2,4.25,32,21
2013,5,26,9,3.04,30,21
2013,5,27,4.6,4.6,30,22
2013,5,28,0,6.95,31,21.5
2013,5,29,0,4.78,31,21.5
2013,5,30,0,6.72,33,21.5
2013,5,31,0,7.13,34,22.5
2013,6,1,0,7.3,34,23
2013,6,2,0,8.56,35,23
2013,6,3,0,6.85,35,22.5
2013,6,4,0,5.32,35,22
2013,6,5,0,8.73,35.5,22
2013,6,6,0,8.07,35,22
2013,6,7,0,7.82,35,21.5
2013,6,8,0,7.75,35.5,21.5
2013,6,9,0,6.77,35,21
2013,6,10,10,4.45,32,22
2013,6,11,0,6.58,32,23
2013,6,12,0.5,5.49,30,23
2013,6,13,0,4.87,30.5,23
2013,6,14,0,3.83,32,23.5
2013,6,15,0,4.12,34,22.5
2013,6,16,0,4.22,34,23
2013,6,17,0,7.13,35,22
2013,6,18,0,8.75,33.5,22
2013,6,19,20,2.89,27,22
2013,6,20,80,NULO,27.5,21.5
2013,6,21,21,2.25,25,20.5
2013,6,22,26.5,3.2,27,20
2013,6,23,2,1.24,31,20
2013,6,24,9.5,5.76,30.5,21
2013,6,25,0,5.45,31,22
2013,6,26,0,6.35,31,23
2013,6,27,0,7.07,31,22.5
2013,6,28,0,7.49,32.5,22.5
2013,6,29,0,6.88,32.5,22
2013,6,30,0,7.05,33,21
2013,7,1,0,6.93,32,21
2013,7,2,17,6.87,31,21
2013,7,3,1,5.51,30.5,20
2013,7,4,0,5.71,30.5,21
2013,7,5,0,6.38,31,21.5
2013,7,6,24,NULO,30.5,22
2013,7,7,5,1.03,24,21
2013,7,8,2,1.4,27,21
2013,7,9,0,5.01,30,21.5
2013,7,10,0,4.11,30,21.5
2013,7,11,0,6.01,30.5,21.5
2013,7,12,0,5.87,30.5,21
2013,7,13,0,4.86,31,21
2013,7,14,0,8.2,31.5,21
2013,7,15,0,4.96,31,21.5
2013,7,16,0,5.3,31.5,21
2013,7,17,0.01,4.72,30.5,21
2013,7,18,0,3.2,30,20.5
2013,7,19,0,5.67,31,21
2013,7,20,0,4.75,31,21
2013,7,21,2.5,9.22,31,21
2013,7,22,0.01,5.31,31.5,22.5
2013,7,23,1.4,2.93,31,22
2013,7,24,0,4.96,31.5,21
2013,7,25,0,5.85,30.5,21
2013,7,26,0,6.2,31,22
2013,7,27,0,6.28,32,22
2013,7,28,0,6,33,21.5
2013,7,29,0,6.19,32,21.5
2013,7,30,0,7.12,32,21.5
2013,7,31,0,6.3,33,21.5
2013,8,1,0,4.46,33.5,21.5
2013,8,2,0,5.45,32.5,21.5
2013,8,3,0,5.32,33,21.5
2013,8,4,11,3.85,30,21.5
2013,8,5,0,4.19,31,21
2013,8,6,0,5.51,32.5,21
2013,8,7,0,8.03,33,22
2013,8,8,0,6.88,33,21.5
2013,8,9,0.01,8.52,34,23
2013,8,10,30,0.93,26,22.5
2013,8,11,0.01,1.61,29,20.5
2013,8,12,36,NULO,30,21
2013,8,13,0,2.34,31,20.5
2013,8,14,0,6.18,32,20
2013,8,15,0,6.1,32,21
2013,8,16,0,6.55,32.5,21
2013,8,17,0,6.12,32,22
2013,8,18,0,6.15,32,22
2013,8,19,0,5.21,31.5,22
2013,8,20,0,5.63,31,21
2013,8,21,0,2.63,31,20.5
2013,8,22,2.7,4.9,32,21
2013,8,23,8.5,5.7,31,21
2013,8,24,3,2.99,30.5,21.5
2013,8,25,56,NULO,28.5,21.5
2013,8,26,14,4.18,24.5,21
2013,8,27,34,4.28,25,20.5
2013,8,28,3.5,4.94,30,20.5
2013,8,29,0,3.93,30,20.5
2013,8,30,0,3.43,31,20
2013,8,31,0,5.25,32,21
2013,9,1,0,6.43,32,21
2013,9,2,14.6,7.37,29.5,21
2013,9,3,6,8.11,29,22
2013,9,4,38.5,3.35,27,21
2013,9,5,19.8,NULO,29,21
2013,9,6,20,5.26,22.5,21
2013,9,7,10,0.78,24,21
2013,9,8,0,2.99,28,20.5
2013,9,9,0,1.74,31,20.5
2013,9,10,8,3.62,28,20.5
2013,9,11,1.5,3.22,28,21
2013,9,12,37,NULO,28.5,21.5
2013,9,13,7.8,0.46,24,20.5
2013,9,14,12.5,0.7,25,21
2013,9,15,11,3.61,28,21
2013,9,16,2.7,2.32,28,21
2013,9,17,8,0.13,24,22
2013,9,18,17,3.48,26,21.5
2013,9,19,0,2.32,29,21.5
2013,9,20,5,5.13,32,22.5
2013,9,21,0.01,2.59,25,23
2013,9,22,0,4.14,30,21
2013,9,23,0,4.88,31,21
2013,9,24,0,3.84,33,21
2013,9,25,0,5.75,33,21
2013,9,26,0,2.95,31,21.5
2013,9,27,0,2.3,30,22.5
2013,9,28,0,3.44,33,22.5
2013,9,29,0,4.49,33,23
2013,9,30,0,4.62,33,21
2013,10,1,0,4.53,32,21
2013,10,2,0,4.74,32,21
2013,10,3,0,4.7,32,20.5
2013,10,4,0,4.74,32,20.5
2013,10,5,0,3.55,32,21
2013,10,6,20,3.7,28,22
2013,10,7,0,4.16,23.5,18
2013,10,8,0,2.21,28,20
2013,10,9,0,5.2,29,16.5
2013,10,10,0,5.3,30,17
2013,10,11,0,5.06,31,21
2013,10,12,0.01,3.31,31,21.5
2013,10,13,0,3.19,31.5,22
2013,10,14,0,4.85,31,20.5
2013,10,15,0,4.45,32,20.5
2013,10,16,0,3.5,32,20
2013,10,17,0.5,3.85,31,19.5
2013,10,18,0,3.98,32,20
2013,10,19,0,3.22,30,21
2013,10,20,27,2.16,30,19
2013,10,21,0,0.15,29,18
2013,10,22,8,0.45,22,19.5
2013,10,23,0,1.16,22,17
2013,10,24,0,2.96,27,16
2013,10,25,18,1.76,23,15
2013,10,26,12,2.94,21,15.5
2013,10,27,7,2.1,24,18
2013,10,28,0,3.26,30,19
2013,10,29,0,2.6,30,20
2013,10,30,1,2.11,28,20.5
2013,10,31,0,1.86,31,21
2013,11,1,7,4.2,27,22
2013,11,2,0,2.3,24,20
2013,11,3,0,4.3,27,14
2013,11,4,0,4.2,27,15
2013,11,5,0,2.74,29,14
2013,11,6,2,2.93,30,17.5
2013,11,7,53,NULO,19,17
2013,11,8,0,1.35,20,12
2013,11,9,0,1.7,24,12.5
2013,11,10,5,1.39,24,15
2013,11,11,0.5,2.34,24,18
2013,11,12,24.7,NULO,21,18.5
2013,11,13,7.7,1.14,15,14
2013,11,14,0,1.26,21,10.5
2013,11,15,0,1.51,25,11
2013,11,16,0,2.37,28,11
2013,11,17,0,1.95,30,17
2013,11,18,0,3.28,28,17.5
2013,11,19,0,2.3,27,18
2013,11,20,0,3.16,28.5,20
2013,11,21,0,4.13,29,20
2013,11,22,6,4.26,30,20
2013,11,23,8,0.83,14.5,14
2013,11,24,0,1.67,15,9
2013,11,25,2,2.59,22,8.5
2013,11,26,0.3,1.61,16,9
2013,11,27,0,2.4,17,7
2013,11,28,0,1.03,17,6.5
2013,11,29,2,4.27,20,7
2013,11,30,0,2.92,24,12.5
2013,12,1,0,1.75,26,14
2013,12,2,0,4.38,26.5,13.5
2013,12,3,0,1.2,27.5,12.5
2013,12,4,0,1.83,28,14
2013,12,5,0,2.13,29,15.5
2013,12,6,6,1.83,26,16
2013,12,7,0.01,0.8,13,8.5
2013,12,8,0,1.03,22.5,8.5
2013,12,9,1.8,2.54,24,11.5
2013,12,10,7,1.02,NULO,NULO
2013,12,11,15.5,0.81,17,10
2013,12,12,10.7,0.46,14.5,11
2013,12,13,0,4.1,23,11
2013,12,14,0,7.53,21,11.5
2013,12,15,0,3.64,19.5,11.5
2013,12,16,0,3.12,21,8
2013,12,17,0,4.26,23,7.5
2013,12,18,0,4.16,24,9
2013,12,19,0,4.3,28,9
2013,12,20,0,3.2,25,10
2013,12,21,0,2.08,28,15
2013,12,22,0,2.58,24,17
2013,12,23,0,3.72,19,15
2013,12,24,0,2.45,17,11.5
2013,12,25,0.01,1.32,19,10.5
2013,12,26,36.5,NULO,14,11
2013,12,27,20,3.04,12,10
2013,12,28,1.5,0.7,15,10
2013,12,29,0.01,1.33,19,10
2013,12,30,12,1.95,16,11
2013,12,31,10,2.64,19,10
2016,1,1,8.8,NULO,18.9,14.7
2016,1,2,1.8,0.98,13.4,10.6
2016,1,3,0.4,0.54,13.5,10.1
2016,1,4,0.4,1.11,15.8,9.8
2016,1,5,0.8,1.48,21.5,11.6
2016,1,6,0,0.72,25.7,14.2
2016,1,7,0,NULO,31,15.2
2016,1,8,0,5.52,25.8,14.8
2016,1,9,0.2,1.03,23.3,15.1
2016,1,10,0,3.42,19.4,15.5
2016,1,11,0.8,1.5,19.5,13.1
2016,1,12,0,1.02,16.5,13.6
2016,1,13,0,0.44,18.3,14.5
2016,1,14,0,0.32,24.7,14.9
2016,1,15,0,NULO,31.2,14.2
2016,1,16,0,1.98,28.4,14.2
2016,1,17,0,3.14,23.7,13.1
2016,1,18,1.8,2.38,18.5,13.4
2016,1,19,0.2,1.41,22.9,15.1
2016,1,20,0,0.97,25,13.8
2016,1,21,0,0.71,28.6,13.3
2016,1,22,0,2.99,24.4,14.4
2016,1,23,0,0.66,23.8,8.6
2016,1,24,0,2.69,25,9
2016,1,25,0,3.88,25.3,9.6
2016,1,26,0,1.49,26.2,13
2016,1,27,1.6,2.61,19.8,13.4
2016,1,28,0,0.28,21,8.2
2016,1,29,0,2.35,22.6,7.9
2016,1,30,0,NULO,24.9,7.4
2016,1,31,0,1.85,32.1,11.1
2016,2,1,0.2,2.1,30.2,12.8
2016,2,2,0.2,2.1,28.1,14
2016,2,3,0,2.43,26.1,14.5
2016,2,4,0,3.62,20.8,14.5
2016,2,5,0,2.12,20,13.8
2016,2,6,0,1.93,25.9,13.8
2016,2,7,0,2.77,21.8,10.6
2016,2,8,0,1.01,25.2,10.7
2016,2,9,0,1.24,21.4,11.1
2016,2,10,0,2.97,24.9,13.2
2016,2,11,0,3.67,26.3,9.2
2016,2,12,0,3.2,27.1,8.6
2016,2,13,0,2.1,25.7,12.2
2016,2,14,0,2.4,26.3,11.9
2016,2,15,0.2,3.2,28.5,12.2
2016,2,16,0.2,2.95,28.2,15.7
2016,2,17,0.2,2.35,28.6,15.5
2016,2,18,0,2.68,29.5,15.2
2016,2,19,0.6,3.44,27,18.2
2016,2,20,3.8,2.16,27.7,17.3
2016,2,21,0,2,28.1,16.7
2016,2,22,0,2.93,29.6,15.8
2016,2,23,0,3.95,37.4,19.5
2016,2,24,0,5.4,27.3,17.2
2016,2,25,0,3.16,23.9,10.2
2016,2,26,1.6,3.69,19,10.2
2016,2,27,5.6,6.65,19.4,14.1
2016,2,28,0,5.22,27.1,16.5
2016,2,29,0,3.18,28.1,17
2016,3,1,0,3.19,28.3,18.1
2016,3,2,0,2.13,26.4,19
2016,3,3,0,1.6,31.5,18.9
2016,3,4,0,3.3,29.6,19.4
2016,3,5,0,2.68,29.7,19.3
2016,3,6,0,3.8,30.7,19
2016,3,7,0,3.89,30.7,18.7
2016,3,8,0.2,4.85,33.1,18.7
2016,3,9,19.8,4.08,30.3,20.3
2016,3,10,0.6,5.29,23.4,14.2
2016,3,11,0,2.82,30,14.2
2016,3,12,0,2.54,31.1,16.9
2016,3,13,0.2,3.3,31.7,18.3
2016,3,14,0.2,NULO,30.6,16.2
2016,3,15,0,4.2,31.9,18.6
2016,3,16,0,5.1,29.8,18.6
2016,3,17,0,3.57,28.5,22.1
2016,3,18,0,2.41,29.7,21.9
2016,3,19,1.2,1.16,25.9,22.2
2016,3,20,2.4,NULO,19.5,15.1
2016,3,21,0,1.16,22.5,14.5
2016,3,22,0,2.74,24.3,16
2016,3,23,0,2.98,30.1,16.7
2016,3,24,0,4.61,29.1,19.1
2016,3,25,0,6.66,29.1,13.5
2016,3,26,0,7.3,26.6,16.7
2016,3,27,0,2.17,32.7,17.5
2016,3,28,0,6.29,28.2,20.7
2016,3,29,0,5.1,31.5,22.8
2016,3,30,0,6.15,35.6,21.6
2016,3,31,0,NULO,38.4,22.3
2016,4,1,0,7.2,42.8,23.4
2016,4,2,0,6.12,31.7,20.6
2016,4,3,0,3.95,25.4,18.2
2016,4,4,0,4.8,29.3,14.7
2016,4,5,0,5.47,29.4,14.7
2016,4,6,0,5.18,31.3,17.2
2016,4,7,0,4.92,30,17
2016,4,8,0,4.22,30.6,19
2016,4,9,0,NULO,27.3,19.7
2016,4,10,0,3,30.1,20.7
2016,4,11,0,4.4,36.2,21.3
2016,4,12,0,6.3,30.9,21.3
2016,4,13,0,7.2,30.7,23.1
2016,4,14,0,6.45,26.6,21.9
2016,4,15,0,NULO,29.3,21.9
2016,4,16,0,2.83,33.4,22.5
2016,4,17,0,3.84,33.7,22.5
2016,4,18,0,5.35,33.5,24
2016,4,19,0,5.24,32.1,20.9
2016,4,20,0,3.67,32.3,21.5
2016,4,21,0,4.52,33.2,21.4
2016,4,22,0,5.17,29.7,21.4
2016,4,23,0,1.89,30.4,23
2016,4,24,0,7.55,34.2,21.8
2016,4,25,0,5.12,36.5,21.8
2016,4,26,0,6.22,35.4,23.6
2016,4,27,0,6.3,40.2,24.1
2016,4,28,0,NULO,36.3,23.8
2016,4,29,0,7.15,36.7,23.2
2016,4,30,0,6.32,39.7,23.2
2016,5,1,0,3.1,37.4,23.8
2016,5,2,0,3.24,34.8,24.4
2016,5,3,0,4.23,28.6,22.4
2016,5,4,0.2,2.7,24,21
2016,5,5,0,1.5,32.3,20.9
2016,5,6,0,2.27,33.4,18.2
2016,5,7,0,6.4,32.2,17.6
2016,5,8,0,5.25,33.2,17.7
2016,5,9,0,NULO,32.7,19.5
2016,5,10,0,6.05,27.4,22.1
2016,5,11,0,6.2,35,24.5
2016,5,12,0,NULO,34.9,24.8
2016,5,13,0,4.75,34.8,23.9
2016,5,14,0,6.49,35.5,23.6
2016,5,15,0.2,6.26,35.2,23.3
2016,5,16,0,NULO,35.2,22.6
2016,5,17,0,6.63,36.9,22.7
2016,5,18,0,5.17,33.1,23.3
2016,5,19,0,4.18,37.8,25.8
2016,5,20,0,NULO,35.1,26.2
2016,5,21,0,4.53,37.5,26.6
2016,5,22,0,5.26,38.4,25.8
2016,5,23,0,NULO,35.4,25.8
2016,5,24,0,6.4,37.2,26.9
2016,5,25,0,7.12,35.2,27.2
2016,5,26,0,5.08,34.7,26.8
2016,5,27,0,3.86,37.4,26.7
2016,5,28,0,5.3,34.4,25.8
2016,5,29,0,4.4,35.1,25.8
2016,5,30,0,3.34,35.1,24.9
2016,5,31,0,6.88,36.8,24.1
2016,6,1,22.5,5.47,31.3,25.9
2016,6,2,3.8,3.71,36.7,23.6
2016,6,3,4.8,4.98,35.8,24
2016,6,4,0.4,3.12,35.6,22.2
2016,6,5,0.8,NULO,34.1,22.2
2016,6,6,0,4.04,36.8,23
2016,6,7,0,4.4,36.6,22.6
2016,6,8,0,5.68,35.4,22.2
2016,6,9,0,5.01,36.5,22.9
2016,6,10,0.2,4.8,35.2,24.3
2016,6,11,0,6.65,33.3,23.7
2016,6,12,0,3.48,33.7,23.7
2016,6,13,0,3.8,34.9,25
2016,6,14,0,6.38,34.9,24.5
2016,6,15,0,6.48,35.9,24.5
2016,6,16,1.6,6.44,36.2,25.2
2016,6,17,0,5.89,37.4,25.2
2016,6,18,10.8,7.15,36.1,25.3
2016,6,19,48.8,6.9,30.88,21.9
2016,6,20,71.6,NULO,26.4,21.98
2016,6,21,53.4,NULO,29.6,23
2016,6,22,0.2,NULO,33.8,22.9
2016,6,23,0,5.45,31,22
2016,6,24,0,5.68,33.6,21.5
2016,6,25,5.8,5.89,31.5,23.7
2016,6,26,2.4,4.25,31.4,23.1
2016,6,27,6.2,3.05,33.8,23.7
2016,6,28,1.6,4.93,34.7,24.4
2016,6,29,0,6.4,35.1,23.6
2016,6,30,0,6.53,35.2,23.5
2016,7,1,0,6.09,33.3,23.6
2016,7,2,0,5.56,32.3,24.4
2016,7,3,0,3.9,28.7,25.1
2016,7,4,0,5.3,33.6,25.1
2016,7,5,0,6.2,33.8,24.8
2016,7,6,0.2,5.2,33.4,24.4
2016,7,7,0,6.3,31.3,23.9
2016,7,8,0,6.96,35,23.9
2016,7,9,0,NULO,35.1,24.3
2016,7,10,0,NULO,34.5,25.1
2016,7,11,0,4.53,32.9,25
2016,7,12,0,6.57,31.6,25.1
2016,7,13,1.4,5.32,35.1,25.7
2016,7,14,0,6.85,34.6,25
2016,7,15,0,3.47,34.2,24
2016,7,16,0,5.78,34.4,24
2016,7,17,0,NULO,35.5,23.9
2016,7,18,0,6.25,34.6,23.9
2016,7,19,0.8,8.34,34.4,23.3
2016,7,20,28.4,6.3,30.3,23.3
2016,7,21,0,NULO,31.9,22.8
2016,7,22,0,5.3,34.4,23.1
2016,7,23,0,4.7,34.6,23.7
2016,7,24,0,NULO,35.5,24.3
2016,7,25,1.8,8.66,34.8,23.8
2016,7,26,0,5.38,34.9,23.6
2016,7,27,0,5.51,33.9,24.5
2016,7,28,0.4,3.51,31.6,24.1
2016,7,29,0,2.25,33.5,23.8
2016,7,30,1.4,3.97,33.3,23.8
2016,7,31,1.2,3.76,33.1,23.6
2016,8,1,0,4.42,35,23.6
2016,8,2,0,6.54,34.9,23.7
2016,8,3,0,7.01,36.4,23.7
2016,8,4,0,7.59,34.8,24.2
2016,8,5,31.2,8.1,31.7,24.1
2016,8,6,4.2,3.54,29.5,23.5
2016,8,7,24.8,1.69,31.7,23.8
2016,8,8,0,NULO,33.3,24.4
2016,8,9,0.4,2.64,35.3,24.5
2016,8,10,0,5.95,35.9,25.6
2016,8,11,0,5.72,34.8,25.2
2016,8,12,0.2,5.64,35.2,24.8
2016,8,13,0,6.48,35.1,25.1
2016,8,14,0.2,NULO,34.5,25.6
2016,8,15,2,NULO,33.6,23.1
2016,8,16,14.8,NULO,30.3,24.4
2016,8,17,10.4,NULO,30.1,23.8
2016,8,18,29.2,NULO,31.4,23.9
2016,8,19,0.4,NULO,31.8,23.9
2016,8,20,0,NULO,32.5,24.1
2016,8,21,0,NULO,32.9,24.6
2016,8,22,23.8,NULO,32.2,23.8
2016,8,23,6,3.86,31.3,22.6
2016,8,24,0,3.96,30.1,23.1
2016,8,25,0,2.06,33.1,23.1
2016,8,26,0,4.91,34.5,23.1
2016,8,27,0,NULO,34.4,23.7
2016,8,28,0,NULO,35.5,23.8
2016,8,29,0,NULO,35.8,23.4
2016,8,30,0,NULO,36.1,23.4
2016,8,31,29.4,NULO,34.7,23.7
2016,9,1,7.2,NULO,29.7,24.6
2016,9,2,3.2,NULO,32.2,24.3
2016,9,3,12.8,NULO,30.2,24.3
2016,9,4,1.6,NULO,28.1,23.5
2016,9,5,2.6,NULO,31.8,23.3
2016,9,6,1,3.27,33.9,24.1
2016,9,7,10,NULO,31.4,23.8
2016,9,8,0,3.91,33.1,23.6
2016,9,9,0,4.24,34,23.6
2016,9,10,0,3.79,34.6,23.1
2016,9,11,0,4.76,34.4,23.1
2016,9,12,0,3.23,34.7,23.7
2016,9,13,0,4.55,34.7,24
2016,9,14,0.2,4.73,34.9,24
2016,9,15,0,5.16,34.4,23.7
2016,9,16,0,NULO,35.6,23.3
2016,9,17,1.6,NULO,32.8,22.8
2016,9,18,0,2.76,34.9,24.2
2016,9,19,0,5.13,34.8,24.2
2016,9,20,30.6,4.76,32.1,25
2016,9,21,0,NULO,33.7,23.5
2016,9,22,0,4.5,33.3,23.3
2016,9,23,0,4.91,34.2,23.1
2016,9,24,0,NULO,33.5,23.1
2016,9,25,0,NULO,34.5,23.6
2016,9,26,38,NULO,31.9,23.9
2016,9,27,12.2,NULO,27.8,23.7
2016,9,28,4.2,NULO,26.5,21.9
2016,9,29,3.6,1.58,28.1,21.8
2016,9,30,0.6,1.16,29.8,23.9
2016,10,1,0,2.76,31.5,23.4
2016,10,2,0.2,3.24,32.2,23.4
2016,10,3,0,3.72,32.4,22.8
2016,10,4,0,6.06,33.3,23.4
2016,10,5,0,4.21,34.6,23.2
2016,10,6,0,4.87,34.8,24.2
2016,10,7,0,4.64,34,23.9
2016,10,8,0,NULO,28.9,23.3
2016,10,9,0,NULO,31.8,22.8
2016,10,10,0,4.25,28.4,21.2
2016,10,11,0,3.95,32.6,21.3
2016,10,12,0,4.26,33,21.3
2016,10,13,0,4.82,32,21.2
2016,10,14,0,4.2,33.1,22.2
2016,10,15,0,4.82,32.6,21.5
2016,10,16,0,NULO,33.4,21.5
2016,10,17,0,5.95,33.3,22.3
2016,10,18,0,NULO,32.9,23
2016,10,19,0,4.18,31.6,23.3
2016,10,20,6,3.67,32.6,21.8
2016,10,21,0,4.92,27,21.4
2016,10,22,0,NULO,26.3,20.7
2016,10,23,0,NULO,27.7,21.5
2016,10,24,0,1.8,32,21.8
2016,10,25,0,4.35,30.7,21.1
2016,10,26,0,NULO,31.6,21.1
2016,10,27,0,3.8,28.9,21.5
2016,10,28,0,0.65,29.2,20.7
2016,10,29,0,5.18,29.3,20.4
2016,10,30,0,NULO,30.6,20.4
2016,10,31,0,3.4,31.9,21.1
2016,11,1,0,4.85,31.5,21.1
2016,11,2,0,2.68,33,22
2016,11,3,24.5,2.87,28.3,23.7
2016,11,4,0,3.81,28.3,22.6
2016,11,5,0,NULO,29.2,21.8
2016,11,6,0,NULO,30.2,20.9
2016,11,7,0,2.33,31.2,21.2
2016,11,8,0,3.25,29.1,21.9
2016,11,9,1,0.85,24.7,18.6
2016,11,10,0,4.05,22.1,19
2016,11,11,1,1.8,22.5,18.7
2016,11,12,0,NULO,21.2,18
2016,11,13,0,1.06,25.7,17.2
2016,11,14,0,1.38,27.4,18.7
2016,11,15,0,1.8,26.5,18.8
2016,11,16,0,1.46,25.7,19.4
2016,11,17,0,1.35,28.1,19.6
2016,11,18,6,2.15,30.6,20
2016,11,19,4.6,NULO,24.5,18.5
2016,11,20,0,2.1,21.8,15.3
2016,11,21,0,1.52,25.9,15.6
2016,11,22,0,1.77,28.4,18.2
2016,11,23,0,5.2,27.9,18.5
2016,11,24,0.2,3.2,28.4,16.8
2016,11,25,0,2.37,27.4,15.9
2016,11,26,0.8,2.81,28,16.5
2016,11,27,0,3.7,28.5,19.1
2016,11,28,0,3.18,32.8,17.9
2016,11,29,0,5.55,32.4,18.8
2016,11,30,0,5.33,28.3,19.1
2016,12,1,0,2.57,28.2,19.9
2016,12,2,0,2.8,29.4,20.2
2016,12,3,0,1.96,30,20.5
2016,12,4,0,2.79,28.9,20.1
2016,12,5,0.2,3.19,23.3,17.7
2016,12,6,0,1.6,27.6,16.4
2016,12,7,0,1.9,29.1,18
2016,12,8,0,2.2,27.6,20.3
2016,12,9,21,1.7,18.8,10
2016,12,10,2.8,3.74,17.6,9.2
2016,12,11,0,0.9,26.7,10.6
2016,12,12,0,1.15,27.6,14.7
2016,12,13,0,2.88,29,16
2016,12,14,30.8,2.86,28.6,19.2
2016,12,15,53.6,2.81,24.4,20.1
2016,12,16,0,2.5,27.7,20.2
2016,12,17,0,1.53,28.5,19.4
2016,12,18,0,2.62,23.9,19.4
2016,12,19,0,1.26,16.9,11.3
2016,12,20,0.4,1.79,16.2,10.8
2016,12,21,0,2.2,24.9,10
2016,12,22,0,2.15,27.8,13.1
2016,12,23,0,2.02,29.2,15.8
2016,12,24,0,NULO,27.67,16.7
2016,12,25,0,NULO,28.3,17.5
2016,12,26,0,2.15,28.8,16.8
2016,12,27,8,2.02,25.5,18.6
2016,12,28,0,1.88,29.4,19
2016,12,29,0,2.06,29.1,18.3
2016,12,30,5.4,2.25,22,14.8
2016,12,31,0,1,26,13.2
2018,1,1,14.6,NULO,21,15
2018,1,2,1,NULO,14.3,7.1
2018,1,3,0.6,NULO,11.3,6.7
2018,1,4,0,NULO,17.8,6.3
2018,1,5,0,NULO,18,8.1
2018,1,6,0,NULO,25.1,10.1
2018,1,7,0,NULO,24,14
2018,1,8,0,NULO,26.4,13
2018,1,9,0,NULO,26.5,11.9
2018,1,10,0,NULO,27.3,11.9
2018,1,11,0,NULO,29.1,13.6
2018,1,12,0,NULO,23.3,15
2018,1,13,0,NULO,18.6,8.6
2018,1,14,0,NULO,22.8,11
2018,1,15,0,NULO,22.1,13.4
2018,1,16,15.4,NULO,20.1,14.5
2018,1,17,4,NULO,12.1,4.1
2018,1,18,2.6,NULO,12.2,2
2018,1,19,0.2,NULO,20.3,3.5
2018,1,20,0,NULO,24.9,9
2018,1,21,0,NULO,26.5,13.9
2018,1,22,0,NULO,25.6,15.9
2018,1,23,0.2,NULO,21.4,17.2
2018,1,24,2,NULO,18.4,15
2018,1,25,0,NULO,18.3,10.7
2018,1,26,0,NULO,25,12.3
2018,1,27,0.6,NULO,26.6,15.3
2018,1,28,23.4,NULO,21.8,17
2018,1,29,0.2,NULO,19.3,17
2018,1,30,0,NULO,22.3,13.1
2018,1,31,0,NULO,24.5,13.2
2018,2,1,0,NULO,26.5,13.9
2018,2,2,0.8,NULO,23.6,13.4
2018,2,3,0,NULO,26.1,15.7
2018,2,4,0,NULO,30.1,16.9
2018,2,5,0,NULO,26.4,16.8
2018,2,6,0,NULO,28.1,18
2018,2,7,0.2,NULO,27.6,18.1
2018,2,8,0.8,NULO,15.9,14.9
2018,2,9,0,NULO,21.8,14.3
2018,2,10,0,NULO,29.6,15.4
2018,2,11,0.2,NULO,29.8,16.9
2018,2,12,0.2,NULO,16.2,14
2018,2,13,0.2,NULO,24.5,12.2
2018,2,14,0,NULO,26.8,16.1
2018,2,15,0,NULO,29.1,18
2018,2,16,0,NULO,27.2,18.8
2018,2,17,0,NULO,29.1,19
2018,2,18,0,NULO,26,19.1
2018,2,19,0,NULO,30.5,15.1
2018,2,20,0,NULO,28.5,19.6
2018,2,21,0,NULO,29.9,20.1
2018,2,22,0,NULO,29.1,20.7
2018,2,23,0,NULO,29.5,21.3
2018,2,24,0,NULO,31.6,19.2
2018,2,25,0,NULO,31.7,18.8
2018,2,26,0,NULO,29.5,20.8
2018,2,27,0,NULO,31.8,20.7
2018,2,28,0,NULO,33.6,18.9
2018,3,1,0,NULO,30.6,18.9
2018,3,2,0,NULO,29.8,19.3
2018,3,3,0,NULO,30.2,19.4
2018,3,4,0,NULO,29.5,18.1
2018,3,5,0,NULO,29.6,18.5
2018,3,6,0.4,NULO,31.2,20.9
2018,3,7,23.8,NULO,17.3,15.8
2018,3,8,2,NULO,19.2,14.5
2018,3,9,0,NULO,29.1,16
2018,3,10,0,NULO,32.5,17.4
2018,3,11,0,NULO,33.5,17.3
2018,3,12,0,NULO,22.4,20.8
2018,3,13,2.4,NULO,22.8,17.6
2018,3,14,1.2,NULO,18.5,15.7
2018,3,15,0,NULO,26.5,15.6
2018,3,16,0,NULO,31,16.9
2018,3,17,0,NULO,33,18.1
2018,3,18,0,NULO,32.6,21.3
2018,3,19,0,NULO,36,21.1
2018,3,20,0,NULO,28.6,20.7
2018,3,21,0,NULO,23.1,19.9
2018,3,22,0.6,NULO,25.5,20
2018,3,23,5.8,NULO,28.5,13.5
2018,3,24,0,NULO,30.9,20.1
2018,3,25,0,NULO,32,19.8
2018,3,26,0,NULO,30.6,18.6
2018,3,27,0,NULO,35,18.4
2018,3,28,0,NULO,34.7,22.4
2018,3,29,0,NULO,30.2,23.2
2018,3,30,0,NULO,30.7,19.1
2018,3,31,0,NULO,29.7,17.2
2018,4,1,0,NULO,31.2,17.2
2018,4,2,0,NULO,30.7,15.2
2018,4,3,0,NULO,36.8,20.1
2018,4,4,0,NULO,30.4,20.1
2018,4,5,0,NULO,28.1,20
2018,4,6,0,NULO,33.6,20
2018,4,7,0,NULO,40.9,20.2
2018,4,8,0,NULO,26,16.9
2018,4,9,0,NULO,33.9,19.7
2018,4,10,71.2,NULO,26.1,22.2
2018,4,11,0,NULO,27.6,18.6
2018,4,12,0,NULO,30.8,19.3
2018,4,13,0,NULO,36.2,21.2
2018,4,14,0,NULO,30.5,21.8
2018,4,15,0,NULO,28.9,17.7
2018,4,16,0,NULO,28.2,13.9
2018,4,17,0,NULO,29.4,13.9
2018,4,18,0,NULO,32.2,17.4
2018,4,19,0,NULO,29.4,20.2
2018,4,20,0,NULO,30.7,18.8
2018,4,21,0,NULO,29.6,18.8
2018,4,22,0,NULO,29.6,22.9
2018,4,23,0,NULO,29.2,22.9
2018,4,24,9.4,NULO,28.4,23
2018,4,25,4.2,NULO,30.2,22
2018,4,26,0.2,NULO,28.9,20
2018,4,27,8.8,NULO,26.4,20
2018,4,28,8.8,NULO,26.4,19
2018,4,29,0.2,NULO,26.5,19
2018,4,30,0,NULO,28.5,19.4
2018,5,1,0,NULO,31.6,21
2018,5,2,0,NULO,33.6,23.5
2018,5,3,0,NULO,32.9,22.7
2018,5,4,0,NULO,32.2,22.7
2018,5,5,8.8,NULO,30.8,22.9
2018,5,6,8.8,NULO,30.8,21.7
2018,5,7,0,NULO,31.7,21.7
2018,5,8,0,NULO,31.3,20.4
2018,5,9,0,NULO,32.2,19.8
2018,5,10,0,NULO,32.3,19.4
2018,5,11,0,NULO,33,19
2018,5,12,0,NULO,33.6,19.4
2018,5,13,0,NULO,36.3,23.2
2018,5,14,0,NULO,35,24.2
2018,5,15,0,NULO,35.7,24.7
2018,5,16,0,NULO,33.1,23
2018,5,17,0,NULO,35.6,22.8
2018,5,18,0,NULO,33.7,21.1
2018,5,19,0,NULO,34.1,21.1
2018,5,20,0,NULO,33.6,22.7
2018,5,21,2.4,NULO,31.7,25
2018,5,22,0,NULO,32.3,23.8
2018,5,23,0,NULO,35.2,23.5
2018,5,24,0,NULO,35.7,23.2
2018,5,25,0,NULO,37,22.9
2018,5,26,0,NULO,37.1,23.4
2018,5,27,0,NULO,37.7,23.6
2018,5,28,0,NULO,37,23.1
2018,5,29,0,NULO,35.7,23.5
2018,5,30,0,NULO,36.3,23.6
2018,5,31,0,NULO,36.3,24.9
2018,6,1,0,NULO,38.2,24.9
2018,6,2,0,NULO,35.8,24.6
2018,6,3,0,NULO,35.2,23.6
2018,6,4,0,NULO,35.5,23.3
2018,6,5,0,NULO,36.6,23.2
2018,6,6,0,NULO,38.9,22.9
2018,6,7,22.2,NULO,33.1,24.6
2018,6,8,22.2,NULO,33.1,22.7
2018,6,9,24.4,NULO,31.7,22.7
2018,6,10,0.6,NULO,33.8,23
2018,6,11,0,NULO,33.8,23.6
2018,6,12,93,NULO,32.8,23.6
2018,6,13,1.4,NULO,28.3,21.9
2018,6,14,0.4,NULO,32,22.3
2018,6,15,0,NULO,34.3,23.2
2018,6,16,0,NULO,35.2,23.1
2018,6,17,0,NULO,35.2,24.5
2018,6,18,0,NULO,35.4,24.3
2018,6,19,0.2,NULO,35.1,25.3
2018,6,20,0,NULO,32.2,24.7
2018,6,21,0,NULO,37.3,26
2018,6,22,0,NULO,36,24.5
2018,6,23,0,NULO,36.6,24.6
2018,6,24,0,NULO,33.9,24.4
2018,6,25,0,NULO,32.7,24.6
2018,6,26,0,NULO,31.2,24.5
2018,6,27,0,NULO,34.9,23.8
2018,6,28,0,NULO,33.5,23.8
2018,6,29,0,NULO,33.9,24.2
2018,6,30,0,NULO,34.8,24.3
2018,7,1,0,NULO,35.6,24.5
2018,7,2,0,NULO,35.6,24.3
2018,7,3,0,NULO,35.5,23.9
2018,7,4,0,NULO,35.4,23.6
2018,7,5,0.2,NULO,33.7,23.6
2018,7,6,0,NULO,31.7,21.8
2018,7,7,0.2,NULO,33.7,21.8
2018,7,8,0,NULO,31.9,22
2018,7,9,0,NULO,33.2,22.8
2018,7,10,0.2,NULO,33.6,22.3
2018,7,11,0,NULO,33.8,20.5
2018,7,12,0,NULO,34.8,20.6
2018,7,13,0,NULO,34.7,22.6
2018,7,14,0,NULO,34.3,22.9
2018,7,15,0,NULO,33.3,23.1
2018,7,16,0,NULO,34.9,23.9
2018,7,17,0,NULO,34.5,23.9
2018,7,18,0,NULO,34.6,23.9
2018,7,19,0,NULO,35.2,23.3
2018,7,20,0,NULO,35.5,23.6
2018,7,21,0,NULO,35.6,23.5
2018,7,22,0,NULO,37.1,24
2018,7,23,0,NULO,35.9,23.3
2018,7,24,0,NULO,37.1,24.1
2018,7,25,0,NULO,37.9,25.1
2018,7,26,0,NULO,37.3,25.1
2018,7,27,0,NULO,38,25
2018,7,28,0,NULO,37.6,25
2018,7,29,0,NULO,38.8,24.1
2018,7,30,0,NULO,37.6,23.3
2018,7,31,0,NULO,37.7,24.8
2018,8,1,0,NULO,38.6,24.6
2018,8,2,0,NULO,35.2,23.7
2018,8,3,0,NULO,34.8,23.7
2018,8,4,0,NULO,28.5,23.4
2018,8,5,0.2,NULO,30.2,20.8
2018,8,6,0,NULO,31,22.9
2018,8,7,0,NULO,33.8,22.5
2018,8,8,0,NULO,34.2,22.7
2018,8,9,0,NULO,33.7,23.2
2018,8,10,33,NULO,31,23.3
2018,8,11,0,NULO,33.9,22
2018,8,12,0,NULO,31.2,24.2
2018,8,13,0.2,NULO,33,23.5
2018,8,14,0,NULO,35.7,24
2018,8,15,0,NULO,34.3,23.7
2018,8,16,0,NULO,34.8,24
2018,8,17,0.2,NULO,35.1,23.7
2018,8,18,0.2,NULO,36.4,23.4
2018,8,19,0,NULO,34.6,23.4
2018,8,20,0.4,NULO,33.6,23.6
2018,8,21,0,NULO,32,24.5
2018,8,22,1,NULO,34.3,24
2018,8,23,0,NULO,35.6,22.9
2018,8,24,0,NULO,36.2,22.9
2018,8,25,1.2,NULO,35.3,23.1
2018,8,26,0,NULO,36.2,23.2
2018,8,27,0,NULO,35.2,23.8
2018,8,28,14.8,NULO,33.5,23.4
2018,8,29,0.8,NULO,33.5,23.7
2018,8,30,0,NULO,35.6,24.1
2018,8,31,0.4,NULO,37,22.9
2018,9,1,0,NULO,35,23.2
2018,9,2,0.2,NULO,35.8,23.2
2018,9,3,0,NULO,36.5,24.2
2018,9,4,0,NULO,38.2,23.9
2018,9,5,7,NULO,35.5,24.8
2018,9,6,1,NULO,35.4,24.3
2018,9,7,0,NULO,36.2,23.9
2018,9,8,0,NULO,37.2,23
2018,9,9,0,NULO,37.9,22.6
2018,9,10,0,NULO,36.3,24
2018,9,11,0.2,NULO,33.1,24.8
2018,9,12,2.2,NULO,34.2,23.8
2018,9,13,0.8,NULO,35.1,23.5
2018,9,14,0.2,NULO,33.5,23
2018,9,15,0,NULO,32.4,23
2018,9,16,0.2,NULO,25,23.9
2018,9,17,0.8,NULO,29,24.3
2018,9,18,0.6,NULO,34.4,23.3
2018,9,19,0.6,NULO,35.3,23.1
2018,9,20,0.2,NULO,34.5,23.6
2018,9,21,0,NULO,34.8,23.2
2018,9,22,0,NULO,34,23.2
2018,9,23,0,NULO,31.9,22.9
2018,9,24,0.2,NULO,34.6,22.5
2018,9,25,0,NULO,33.8,23.2
2018,9,26,10,NULO,32.9,23.6
2018,9,27,55,NULO,31.6,23.1
2018,9,28,1,NULO,30,21.7
2018,9,29,0,NULO,30.9,22.3
2018,9,30,2,NULO,31.8,22.7
2018,10,1,2,NULO,33,22.7
2018,10,2,34,NULO,28.5,22.8
2018,10,3,14,NULO,32.1,21
2018,10,4,0,NULO,33.9,22.5
2018,10,5,0,NULO,33.5,22.5
2018,10,6,0,NULO,33.2,22.4
2018,10,7,0,NULO,32.2,22.4
2018,10,8,0,NULO,33.9,21
2018,10,9,0,NULO,34.4,22.9
2018,10,10,20,NULO,33.4,23.3
2018,10,11,20,NULO,33.4,22.7
2018,10,12,0,NULO,34.1,22.7
2018,10,13,0,NULO,34.4,23.7
2018,10,14,0,NULO,34.2,23.4
2018,10,15,3,NULO,32.1,23.3
2018,10,16,4.6,NULO,17.6,16.2
2018,10,17,11.4,NULO,18.1,13.9
2018,10,18,2.2,NULO,19.3,14.6
2018,10,19,4.4,NULO,23.7,16.1
2018,10,20,12.8,NULO,22.7,17.8
2018,10,21,24.2,NULO,23.1,20.6
2018,10,22,1.4,NULO,22,19.1
2018,10,23,0,NULO,22,19
2018,10,24,0,NULO,27.9,18
2018,10,25,0,NULO,30.2,18.7
2018,10,26,0,NULO,27.5,21.1
2018,10,27,6.2,NULO,20.9,19.8
2018,10,28,2.2,NULO,27.6,19
2018,10,29,0,NULO,30.4,20.2
2018,10,30,0,NULO,31.9,20.3
2018,10,31,0,NULO,30.9,19.8
2018,11,1,0.4,NULO,22.6,19.4
2018,11,2,0,NULO,20,19.2
2018,11,3,0,NULO,25.3,17
2018,11,4,0,NULO,26,17
2018,11,5,0,NULO,31.8,20.3
2018,11,6,0,NULO,32,20.5
2018,11,7,0,NULO,32.5,21.5
2018,11,8,0,NULO,32,22.2
2018,11,9,0,NULO,21.2,21
2018,11,10,0,NULO,18.1,15
2018,11,11,0,NULO,28.6,15
2018,11,12,1,NULO,29.3,15.3
2018,11,13,4.8,NULO,NULO,NULO
2018,11,14,0.2,NULO,12.9,8.6
2018,11,15,0,NULO,21,6.3
2018,11,16,0,NULO,22.5,7
2018,11,17,0,NULO,26,11.6
2018,11,18,0,NULO,26.6,15.8
2018,11,19,0,NULO,28.5,15.8
2018,11,20,0,NULO,19.2,17.4
2018,11,21,0.6,NULO,24.9,17
2018,11,22,0,NULO,21.6,15.6
2018,11,23,0,NULO,28.6,15.6
2018,11,24,0,NULO,28,17.8
2018,11,25,0,NULO,30.7,18
2018,11,26,0,NULO,NULO,NULO
2018,11,27,0,NULO,21.7,15.8
2018,11,28,2.6,NULO,18.8,15.8
2018,11,29,0.8,NULO,21.8,16.9
2018,11,30,2,NULO,30,15.8
2018,12,1,0,NULO,35.4,15.8
2018,12,2,0,NULO,31.6,17.1
2018,12,3,0,NULO,25,17.1
2018,12,4,0,NULO,20,16
2018,12,5,5,NULO,15,10
2018,12,6,0,NULO,24,13
2018,12,7,0,NULO,20,14
2018,12,8,0,NULO,19,16
2018,12,9,0,NULO,18,15
2018,12,10,1.2,NULO,17.5,11.5
2018,12,11,0,NULO,31,12.5
2018,12,12,0,NULO,23.5,12
2018,12,13,0,NULO,25,12.5
2018,12,14,0,NULO,21,13
2018,12,15,0,NULO,22,7
2018,12,16,0,NULO,22,8
2018,12,17,0,NULO,23,8
2018,12,18,0,NULO,23.5,8.5
2018,12,19,0,NULO,25,9
2018,12,20,0,NULO,27,10
2018,12,21,0,NULO,27,11
2018,12,22,0,NULO,27,11
2018,12,23,0,NULO,28.8,11
2018,12,24,0,NULO,25,11.1
2018,12,25,0,NULO,25,14
2018,12,26,0,NULO,24.5,14
2018,12,27,0,NULO,27,14.5
2018,12,28,0,NULO,24,15
2018,12,29,0,NULO,20,16
2018,12,30,2,NULO,18,12
2018,12,31,0,NULO,22,12
2019,1,1,0,NULO,23,18
2019,1,2,0,NULO,21,18
2019,1,3,0,NULO,20,14
2019,1,4,0,NULO,21,14
2019,1,5,0,NULO,22,16
2019,1,6,0,NULO,25.5,13
2019,1,7,0,NULO,26.5,14
2019,1,8,0,NULO,27,13.5
2019,1,9,0,NULO,26,15
2019,1,10,0,NULO,22,16
2019,1,11,0,NULO,25,14
2019,1,12,0,NULO,23,15
2019,1,13,53,NULO,20,12
2019,1,14,13,NULO,18,13
2019,1,15,1,NULO,22,12
2019,1,16,0,NULO,22,13
2019,1,17,0,NULO,23,11
2019,1,18,0,NULO,22,16
2019,1,19,0,NULO,24,14
2019,1,20,0,NULO,22,13
2019,1,21,0,NULO,24,9
2019,1,22,0,NULO,25,7.5
2019,1,23,0,NULO,19,12
2019,1,24,0,NULO,22,10
2019,1,25,13,NULO,17,9
2019,1,26,0,NULO,20,15
2019,1,27,0,NULO,21,12
2019,1,28,0,NULO,24,10
2019,1,29,0,NULO,20,9
2019,1,30,0,NULO,20,11
2019,1,31,0,NULO,25,12
2019,2,1,0,NULO,25.5,14
2019,2,2,0,NULO,25.5,16
2019,2,3,0,NULO,26,17
2019,2,4,0,NULO,27,18
2019,2,5,0.2,NULO,28,18
2019,2,6,0,NULO,28,18.5
2019,2,7,0,NULO,28,19
2019,2,8,6,NULO,15.8,15
2019,2,9,2.5,NULO,14,8
2019,2,10,0,NULO,21,8
2019,2,11,0,NULO,25,12
2019,2,12,0,NULO,19,15
2019,2,13,0,NULO,26,13.5
2019,2,14,0,NULO,26,10
2019,2,15,0,NULO,29,11
2019,2,16,0,NULO,32,14.5
2019,2,17,0,NULO,32,18
2019,2,18,0,NULO,22.5,16.5
2019,2,19,0,NULO,20,16.5
2019,2,20,0,NULO,18,15
2019,2,21,0,NULO,26.6,14
2019,2,22,0,NULO,28,15
2019,2,23,0,NULO,32,14.5
2019,2,24,0,NULO,23,17
2019,2,25,0,NULO,25,16
2019,2,26,0,NULO,26,15
2019,2,27,0,NULO,27,15
2019,2,28,0,NULO,33.6,16
2019,3,1,0,NULO,31.5,17
2019,3,2,0,NULO,28,18
2019,3,3,0,NULO,28,19
2019,3,4,5.5,NULO,18,17
2019,3,5,0,NULO,28,7
2019,3,6,0,NULO,19,8
2019,3,7,0,NULO,24,7.5
2019,3,8,0,NULO,24,11
2019,3,9,0,NULO,30,14
2019,3,10,0,NULO,30,14
2019,3,11,0,NULO,30,19
2019,3,12,0,NULO,31,16
2019,3,13,0,NULO,31,19
2019,3,14,0,NULO,31,19
2019,3,15,0,NULO,31,19
2019,3,16,0,NULO,20,19
2019,3,17,0,NULO,16,12
2019,3,18,0,NULO,16,12
2019,3,19,1.2,NULO,18,12
2019,3,20,1.2,NULO,18,11
2019,3,21,4.7,NULO,21,11
2019,3,22,0,NULO,20,15
2019,3,23,0,NULO,28,17
2019,3,24,0,NULO,28,16
2019,3,25,0,NULO,28,17
2019,3,26,0,NULO,28,17
2019,3,27,0,NULO,29,16
2019,3,28,0,NULO,27,15.5
2019,3,29,0,NULO,28,16
2019,3,30,0,NULO,30,17
2019,3,31,9,NULO,21,17
2019,4,1,0,NULO,23,10
2019,4,2,0,NULO,24,11.5
2019,4,3,0,NULO,28,14
2019,4,4,0,NULO,28,17
2019,4,5,0,NULO,33,17
2019,4,6,0,NULO,34,17
2019,4,7,0,NULO,33,20
2019,4,8,0,NULO,32,19
2019,4,9,0,NULO,32,16
2019,4,10,0,NULO,34,16
2019,4,11,0,NULO,38.5,16
2019,4,12,0,NULO,38,17
2019,4,13,0,NULO,38,19
2019,4,14,0,NULO,27,19
2019,4,15,0,NULO,29,13.5
2019,4,16,0,NULO,30,13
2019,4,17,0,NULO,34,18
2019,4,18,0,NULO,33.5,19.5
2019,4,19,0,NULO,31,18
2019,4,20,0,NULO,31,15
2019,4,21,0,NULO,31,14
2019,4,22,0,NULO,30,14
2019,4,23,0,NULO,27.5,17
2019,4,24,0,NULO,28,17
2019,4,25,0,NULO,29,19
2019,4,26,0,NULO,32,19
2019,4,27,0,NULO,31,16
2019,4,28,0,NULO,31,16
2019,4,29,0,NULO,31,16
2019,4,30,0,NULO,32,16
2019,5,1,0,NULO,34,21
2019,5,2,0,NULO,33,22
2019,5,3,0,NULO,31.5,22
2019,5,4,0,NULO,32.5,21.5
2019,5,5,0,NULO,31,21.5
2019,5,6,0,NULO,32,20
2019,5,7,0,NULO,35,21
2019,5,8,0,NULO,36.5,22.5
2019,5,9,0,NULO,32.5,22.5
2019,5,10,0,NULO,NULO,NULO
2019,5,11,0,NULO,30,22
2019,5,12,0,NULO,31.5,21
2019,5,13,0,NULO,34,21
2019,5,14,0,NULO,35,21.5
2019,5,15,0,NULO,30,21.5
2019,5,16,0,NULO,31.5,22
2019,5,17,0,NULO,34.5,22
2019,5,18,0,NULO,39,22
2019,5,19,0,NULO,36,24
2019,5,20,0,NULO,36.5,23.5
2019,5,21,0,NULO,36.5,22
2019,5,22,0,NULO,36,23
2019,5,23,0,NULO,34,23.5
2019,5,24,0,NULO,34,23
2019,5,25,0,NULO,33,23
2019,5,26,0,NULO,34,22
2019,5,27,0,NULO,34,21
2019,5,28,0,NULO,34,21
2019,5,29,0,NULO,34,22
2019,5,30,0,NULO,34,22.5
2019,5,31,0,NULO,34.5,24
2019,6,1,4,NULO,33,24.5
2019,6,2,0,NULO,32.5,23
2019,6,3,0,NULO,25.5,23
2019,6,4,0,NULO,30,22
2019,6,5,0,NULO,34,22
2019,6,6,0,NULO,36,23
2019,6,7,0,NULO,37,24
2019,6,8,0,NULO,36,24
2019,6,9,0,NULO,37,24
2019,6,10,0,NULO,34,24
2019,6,11,0.5,NULO,32.5,23
2019,6,12,0,NULO,34,22.5
2019,6,13,0,NULO,30,22
2019,6,14,0,NULO,30,22
2019,6,15,0,NULO,35,21.5
2019,6,16,0,NULO,36,22
2019,6,17,0,NULO,36,22.5
2019,6,18,0,NULO,34.5,23
2019,6,19,0,NULO,35,24
2019,6,20,0,NULO,35,23
2019,6,21,0,NULO,34.5,23
2019,6,22,0,NULO,32.5,24
2019,6,23,0,NULO,34,24
2019,6,24,0,NULO,35,24
2019,6,25,31,NULO,27,23
2019,6,26,34.5,NULO,29,21
2019,6,27,0,NULO,32,20
2019,6,28,NULO,NULO,NULO,NULO
2019,6,30,0,NULO,NULO,NULO
2019,7,1,0,NULO,35,20.5
2019,7,2,0,NULO,32,21
2019,7,3,0,NULO,36.4,23
2019,7,4,0,NULO,33.5,22.4
2019,7,5,0,NULO,32.5,22.4
2019,7,6,0,NULO,33,20
2019,7,7,0,NULO,33,20
2019,7,8,0,NULO,34,20
2019,7,9,0,NULO,34.6,21
2019,7,10,0,NULO,34,22
2019,7,11,0,NULO,35,22.5
2019,7,12,0,NULO,34,23
2019,7,13,0,NULO,34,23
2019,7,14,0,NULO,35,23
2019,7,15,0,NULO,34,23
2019,7,16,0,NULO,34,23
2019,7,17,5,NULO,33,23
2019,7,18,0,NULO,36,22.5
2019,7,19,1,NULO,32,22.1
2019,7,20,0,NULO,32,21
2019,7,21,0,NULO,32,21
2019,7,22,0,NULO,30.5,21
2019,7,23,0,NULO,31,23
2019,7,24,0.7,NULO,33,22
2019,7,25,24.8,NULO,29,22
2019,7,26,0,NULO,30,21
2019,7,27,0,NULO,31,21
2019,7,28,6.2,NULO,31,21
2019,7,29,0,NULO,31,21
2019,7,30,0,NULO,33,20.5
2019,7,31,0,NULO,31,21.5
2019,8,1,0,NULO,33,21
2019,8,2,0,NULO,34,21
2019,8,3,0,NULO,35,21
2019,8,4,0,NULO,34.5,22
2019,8,5,0,NULO,34,22
2019,8,6,0,NULO,35,22.5
2019,8,7,0,NULO,35,23
2019,8,8,0,NULO,35,23
2019,8,9,0,NULO,34.5,23
2019,8,10,0,NULO,35,23
2019,8,11,0,NULO,35,23
2019,8,12,0,NULO,34,23
2019,8,13,0,NULO,34,22
2019,8,14,0,NULO,35,22
2019,8,15,0,NULO,36,22
2019,8,16,0,NULO,35,22.5
2019,8,17,0,NULO,34.5,23
2019,8,18,0,NULO,34,23
2019,8,19,0,NULO,35.5,23
2019,8,20,7.8,NULO,33,23
2019,8,21,0,NULO,35,22.5
2019,8,22,1,NULO,35,22.5
2019,8,23,0,NULO,36,22.5
2019,8,24,0,NULO,37,22.5
2019,8,25,0,NULO,38,23
2019,8,26,0,NULO,37,23
2019,8,27,0,NULO,36,23
2019,8,28,0,NULO,36,23.5
2019,8,29,0,NULO,36,22.5
2019,8,30,0,NULO,37.6,21
2019,8,31,0.4,NULO,35,22
2019,9,1,0,NULO,33.5,22
2019,9,2,0.7,NULO,36,22
2019,9,3,0,NULO,33,22
2019,9,4,0,NULO,35,23
2019,9,5,7,NULO,33,23
2019,9,6,0,NULO,29,22
2019,9,7,0,NULO,29,21
2019,9,8,0,NULO,30,21
2019,9,9,0,NULO,32,21
2019,9,10,4,NULO,33,22
2019,9,11,61,NULO,28.6,21
2019,9,12,33.5,NULO,28,21
2019,9,13,33,NULO,31,20
2019,9,14,4,NULO,30,21
2019,9,15,0,NULO,30,21
2019,9,16,0,NULO,33,21
2019,9,17,0,NULO,33,22
2019,9,18,0,NULO,33,22
2019,9,19,0,NULO,33,23
2019,9,20,0,NULO,32,23
2019,9,21,0,NULO,32,22.5
2019,9,22,0,NULO,33,22
2019,9,23,0,NULO,33,21
2019,9,24,0,NULO,33,21
2019,9,25,0,NULO,35,21
2019,9,26,0,NULO,34,22
2019,9,27,0,NULO,34,21
2019,9,28,26,NULO,33,21
2019,9,29,16,NULO,27.5,22
2019,9,30,2,NULO,30,22
2019,10,1,4.2,NULO,29,23
2019,10,2,8.2,NULO,29,22
2019,10,3,8.7,NULO,30,19.5
2019,10,4,0,NULO,30.5,20.5
2019,10,5,0,NULO,30,21.5
2019,10,6,0,NULO,31,21.5
2019,10,7,0,NULO,30,21
2019,10,8,0,NULO,30,21
2019,10,9,0,NULO,31,21
2019,10,10,0,NULO,32,21
2019,10,11,0,NULO,32,21
2019,10,12,0,NULO,16,15
2019,10,13,0,NULO,32.5,14
2019,10,14,0,NULO,30,15.5
2019,10,15,0,NULO,31,19
2019,10,16,42,NULO,27,20
2019,10,17,0,NULO,26,19
2019,10,18,0,NULO,30,19
2019,10,19,0,NULO,29,21
2019,10,20,0,NULO,31,21.5
2019,10,21,24,NULO,31,21
2019,10,22,29,NULO,26,21
2019,10,23,0,NULO,25,19
2019,10,24,0,NULO,26,19
2019,10,25,0,NULO,22,20
2019,10,26,0,NULO,27,16
2019,10,27,0,NULO,27,13.5
2019,10,28,0,NULO,29,13.5
2019,10,29,0,NULO,29,19
2019,10,30,5,NULO,31,20
2019,10,31,3.1,NULO,21,13
2019,11,1,0,NULO,22,10
2019,11,2,1.4,NULO,20,10
2019,11,3,0,NULO,20,13
2019,11,4,0,NULO,27,16
2019,11,5,3.6,NULO,27,17
2019,11,6,1.8,NULO,24,20
2019,11,7,0.6,NULO,23,19
2019,11,8,0.6,NULO,23,14
2019,11,9,0,NULO,26,14
2019,11,10,0,NULO,27,14
2019,11,11,0.4,NULO,30,15
2019,11,12,5.5,NULO,15,11
2019,11,13,1.3,NULO,14,6.5
2019,11,14,0,NULO,24,7
2019,11,15,0,NULO,19,12
2019,11,16,0,NULO,27,9
2019,11,17,0,NULO,26,9
2019,11,18,0,NULO,27,15
2019,11,19,0,NULO,27,16.5
2019,11,20,0,NULO,26,16
2019,11,21,0.6,NULO,27,15
2019,11,22,0,NULO,29,16.5
2019,11,23,0,NULO,27,18
2019,11,24,0,NULO,22.5,17.5
2019,11,25,0,NULO,27,16
2019,11,26,0,NULO,29.6,17
2019,11,27,0,NULO,28,17
2019,11,28,1.4,NULO,26,18.5
2019,11,29,0,NULO,27,19
2019,11,30,2,NULO,30.9,20
2019,12,1,0.4,NULO,26,20
2019,12,2,0,NULO,32.9,15
2019,12,3,0,NULO,26,15
2019,12,4,0,NULO,26,15
2019,12,5,0,NULO,27,16
2019,12,6,0,NULO,27,16
2019,12,7,0,NULO,25.5,16.5
2019,12,8,0,NULO,25.5,23
2019,12,9,0,NULO,28,23
2019,12,10,0,NULO,28,16
2019,12,11,0,NULO,19.8,15
2019,12,12,0,NULO,24,15
2019,12,13,0,NULO,25,14
2019,12,14,0,NULO,28,12.5
2019,12,15,0,NULO,27,14
2019,12,16,0,NULO,28,15
2019,12,17,0,NULO,18,15
2019,12,18,0,NULO,15.6,10
2019,12,19,0,NULO,17,10.1
2019,12,20,2.2,NULO,19,10
2019,12,21,20.8,NULO,16,14
2019,12,22,0.2,NULO,20,10.6
2019,12,23,0,NULO,24,9
2019,12,24,0,NULO,24,8
2019,12,25,0,NULO,26,8
2019,12,26,0,NULO,24,11
2019,12,27,0,NULO,24,13
2019,12,28,0,NULO,25,14
2019,12,29,0,NULO,28.8,15
2019,12,30,5,NULO,28,17
2019,12,31,0,NULO,19,17
