year,mes,dia,pcp_mm,evap_mm,TMAX_C,TMIN_C
1978,8,16,0,3.12,33,22
1978,8,17,0,1.99,33,22.5
1978,8,18,0,3.37,32.5,22
1978,8,19,0,5.1,33.5,21
1978,8,20,0,4.52,32,22
1978,8,21,5,4.11,34.5,22
1978,8,22,2,5.1,34,21
1978,8,23,0,3.2,33,22
1978,8,24,10,3.3,33,23.5
1978,8,25,0,2.01,32,25
1978,8,26,0,2.03,34,22.5
1978,8,27,4,4.02,32.5,23
1978,8,28,0,2.03,34,23
1978,8,29,3,5.02,34,22.5
1978,8,30,0,3.11,33,23.5
1978,8,31,3,4.85,34,23
1978,10,1,0,4.2,30.5,22
1978,10,2,0,4.8,32.5,21
1978,10,3,0,4,32.5,20.5
1978,10,4,0,4,33,22
1978,10,5,2,4.4,35,21.5
1978,10,6,40,4,31,22.5
1978,10,7,71,2.9,29,21.5
1978,10,8,47,4,24,21
1978,10,9,17,0.9,25.5,21.5
1978,10,10,0,3.1,29.5,21
1978,10,11,0,4.8,27.5,22
1978,10,12,32,6,32,22
1978,10,13,20,3.3,30,20
1978,10,14,15,1.8,24.5,19
1978,10,15,0,2.4,27,18
1978,10,16,20,1.9,25,17
1978,10,17,0,1.8,25,17.5
1978,10,18,0,3.1,25,17
1978,10,19,0,4.8,29,17.5
1978,10,20,0,1.9,28.5,19.5
1978,10,21,0,2.3,27.5,19
1978,10,22,0,3.6,30.5,17.5
1978,10,23,0,4.2,31.5,18
1978,10,24,0,2.2,32,17.5
1978,10,25,0,4.2,33,17
1978,10,26,0,1.5,31,18
1978,10,27,0,1.7,25,19.5
1978,10,28,0,1.5,26.5,19
1978,10,29,0,3.7,28.5,17.5
1978,10,30,0,2.1,29.5,19
1978,10,31,0,2.2,27,19.5
1978,11,1,0,2.1,24.5,17
1978,11,2,55,0.9,27.5,18.5
1978,11,3,0,2.2,27.5,19
1978,11,4,0,4.8,31.5,20
1978,11,5,0,2.3,30,21.5
1978,11,6,0,2,31.5,20
1978,11,7,0,3.6,24.5,19.5
1978,11,8,7,3.3,30,18
1978,11,9,0,2.8,27,17.5
1978,11,10,0,1.1,32,17
1978,11,11,0,3.1,30.5,20.5
1978,11,12,0,3.6,32,20.5
1978,11,13,0,3.1,31.5,18.5
1978,11,14,0,0.4,29.5,20
1978,11,15,6,4.1,31,19.5
1978,11,16,0,3.7,30.5,20.5
1978,11,17,0,0.8,22,17.5
1978,11,18,0,0.5,25,18
1978,11,19,0,2.4,31,19.5
1978,11,20,0,1.5,27.5,21
1978,11,21,4.5,1.6,24,18.5
1978,11,22,0,2.3,26.5,17
1978,11,23,0,1.1,31.5,17
1978,11,24,0,1.6,29.5,18
1978,11,25,0,3.8,28.5,21
1978,11,26,0,3.8,31,20
1978,11,27,0,2.1,31.5,21
1978,11,28,0,1,27,16.5
1978,11,29,0,1.1,26.5,18
1978,11,30,0,2.8,28,17.5
1979,1,1,0,2.8,18.5,14.5
1979,1,2,0,2.9,8.5,5.5
1979,1,3,0,3,12.5,4.5
1979,1,4,0,3,19.5,7
1979,1,5,0,3.2,25.5,11
1979,1,6,0,3.8,26,14
1979,1,7,9,2.9,20.5,14.5
1979,1,8,0,2.6,11.5,10
1979,1,9,0,2.4,16,8
1979,1,10,0,1,20,8.5
1979,1,11,0,0.5,23,10
1979,1,12,0,1.5,22.5,11
1979,1,13,0,4,26,12
1979,1,14,0,2.3,16,9
1979,1,15,0,1.1,20,7
1979,1,16,0,2,22.5,9.5
1979,1,17,0,1.7,23.5,11
1979,1,18,0,1.2,25,14.5
1979,1,19,0,2.3,25.5,9.5
1979,1,20,0,1.1,28.5,14.5
1979,1,21,0,1.6,19.5,14.5
1979,1,22,0,2.6,24,8.5
1979,1,23,0,2.5,29,9.5
1979,1,24,0,2.4,18,11
1979,1,25,0,0.4,25,12
1979,1,26,0,2,32.5,12
1979,1,27,0,2,24,13
1979,1,28,2,2.4,20,14
1979,1,29,0,1.8,26,14
1979,1,30,0,1.1,24,14
1979,1,31,0,0.9,17,13
1979,2,1,0,0.7,20,11
1979,2,2,0,0.4,25,12
1979,2,3,0,1.2,27,11
1979,2,4,0,2.3,27,16
1979,2,5,0,1.6,24,16
1979,2,6,2,0.8,21,17
1979,2,7,0,2.5,22,13
1979,2,8,0,1.3,24,12
1979,2,9,4,1,20,11
1979,2,10,0,0.4,22,12
1979,2,11,0,0.9,24,12
1979,2,12,0,1.7,25,16
1979,2,13,0,1.6,28,13
1979,2,14,0,3.7,27,12
1979,2,15,0,3,32,14
1979,2,16,0,2.1,25,16
1979,2,17,0,2.9,13,12
1979,2,18,4.5,3.5,17,8.5
1979,2,19,2,2.6,19,7
1979,2,20,0,4.5,26,10
1979,2,21,0,2.4,28,12
1979,2,22,0,0.8,29,13
1979,2,23,0,2.9,32,18
1979,2,24,0,4.8,33,19
1979,2,25,0,0.4,27,16
1979,2,26,0,2.5,26,11
1979,2,27,0,3,28,10.5
1979,2,28,0,NULO,NULO,NULO
1979,3,1,0,NULO,27.5,17.5
1979,3,2,0,NULO,29,17
1979,3,3,0,NULO,27.5,18.5
1979,3,4,0,NULO,26.5,15
1979,3,5,2.2,NULO,26,14.5
1979,3,6,0.4,NULO,26.5,13.5
1979,3,7,0,NULO,23.5,14
1979,3,8,0,NULO,28.5,10.5
1979,3,9,0,NULO,29,12
1979,3,10,0,NULO,27,12.5
1979,3,11,1.8,NULO,19,14.5
1979,3,12,2.5,NULO,23,13
1979,3,13,0.01,NULO,22,13
1979,3,14,0,NULO,25,16
1979,3,15,1.1,NULO,28,17.5
1979,3,16,0,NULO,27,19.5
1979,3,17,0,NULO,28,20
1979,3,18,0,NULO,29,19
1979,3,19,0,NULO,33,20
1979,3,20,0,NULO,31.5,21
1979,3,21,0,NULO,34.5,21.5
1979,3,22,0,NULO,39.5,21.5
1979,3,23,0,NULO,30,21
1979,3,24,0,NULO,29.5,19.5
1979,3,25,0,NULO,27.5,19
1979,3,26,0,NULO,28,16
1979,3,27,0,NULO,28.5,16.5
1979,3,28,0,NULO,29,20
1979,3,29,0,NULO,30.5,21.5
1979,3,30,0,NULO,32,22
1979,3,31,0,NULO,31,22
1979,4,1,0,5.1,33.5,23
1979,4,2,0,6.2,32.5,23
1979,4,3,0,4.7,32.5,22.5
1979,4,4,0,2,26,21.5
1979,4,5,1.5,2.2,24.5,19.5
1979,4,6,0,1.3,26,19
1979,4,7,0,2,30.5,20.5
1979,4,8,0,6.1,32.5,20.5
1979,4,9,0,5.3,33.5,20
1979,4,10,0,7,38,22.5
1979,4,11,0,9.1,44,21.5
1979,4,12,0,7.2,39,20
1979,4,13,0,2.6,32,22
1979,4,14,0,3.6,30.5,22
1979,4,15,0,2.9,32,21.5
1979,4,16,1.2,5.1,34.5,21.5
1979,4,17,0,6.5,34.5,22
1979,4,18,0,5.4,35,23
1979,4,19,0,6.2,36.5,23.5
1979,4,20,2,8.6,36.5,24
1979,4,21,8,5.4,30,22
1979,4,22,0.3,4.9,29.5,21
1979,4,23,0,4.4,31,20
1979,4,24,1,8.9,33.5,21
1979,4,25,0,8.1,37.5,21
1979,4,26,0,3.6,38,21.5
1979,4,27,0,5.3,34,23
1979,4,28,0,6.2,33,24.5
1979,4,29,0,6.6,34,22
1979,4,30,0,5.8,35,23.5
1979,5,9,0,NULO,NULO,NULO
1979,5,10,0,4,33,20
1979,5,11,0,6,39,28
1979,5,12,0,1,26,20
1979,5,13,0,3,24,18
1979,5,14,0,3,30,19
1979,5,15,0,2,32,18
1979,5,16,0,2,48,21
1979,5,17,0,4,43,17
1979,5,18,0,5,44,18
1979,5,19,0,7,45,18
1979,5,20,0,4,41,21
1979,5,21,0,1.9,37,17
1979,5,22,0,2,35,22
1979,5,23,0,3,28,21
1979,5,24,0,1,25,21
1979,5,25,0,4,33,19
1979,5,26,0,2,25,20
1979,5,27,0,4,30,21
1979,5,28,0,2,35,19
1979,5,29,0,1,38,28
1979,5,30,0,4,37,25
1979,5,31,0,1.6,NULO,NULO
1979,6,1,0,5.4,36,26
1979,6,2,0,7.1,35,25.5
1979,6,3,0,3.4,34,25
1979,6,4,0.4,6.2,34,25
1979,6,5,0,3.1,34,25.5
1979,6,6,0,3.8,34,24
1979,6,7,0,6,36,25
1979,6,8,0,2.9,35,25
1979,6,9,110,4.5,33,25.5
1979,6,10,35,5.2,33,23
1979,6,11,0,3.2,28,20.5
1979,6,12,0,7.7,31,21
1979,6,13,0,6.2,32,22.5
1979,6,14,0,5.9,33,21
1979,6,15,0,3.9,35,19
1979,6,16,0,5,30,18
1979,6,17,0,4.2,34,22
1979,6,18,0,6.1,33,23
1979,6,19,0,4.3,33.5,24
1979,6,20,0,7.4,35,26.5
1979,6,21,0,6,37,26
1979,6,22,0,6,36.5,26
1979,6,23,0,5.9,35,26
1979,6,24,8,4.1,33,27
1979,6,25,0,6.4,32,24
1979,6,26,0,5.5,33,23.5
1979,6,27,5.8,7,33,24.5
1979,6,28,0.2,4.6,32,25
1979,6,29,0,5.2,34.5,26
1979,6,30,0,7.4,36,24
1979,7,14,0,NULO,36,25
1979,7,15,0,NULO,36,25
1979,7,16,0,NULO,35.5,24.5
1979,7,17,15.5,NULO,34.5,24
1979,7,18,0,NULO,33,22.5
1979,7,19,0,NULO,33,23
1979,7,20,0,NULO,35,24.5
1979,7,21,0,NULO,35.5,24
1979,7,22,0,NULO,36,25
1979,7,23,7,NULO,35.5,26
1979,7,24,0,NULO,36.5,24.5
1979,7,25,0,NULO,36,26
1979,7,26,0,NULO,38,25.5
1979,7,27,0,NULO,36.5,24
1979,7,28,0,NULO,35.5,24
1979,7,29,0,NULO,33,23.5
1979,7,30,0,NULO,34.5,24
1979,7,31,1,NULO,35,23.5
1979,8,1,0,5.4,36,24
1979,8,2,7,6.8,35,24
1979,8,3,0,5.3,32,23.5
1979,8,4,0,4,31,22.5
1979,8,5,0,2,28,23
1979,8,6,6,1,29,22
1979,8,7,2,6.8,35,21
1979,8,8,3,4.2,34,22
1979,8,9,3,3,32,24
1979,8,10,19,4.6,32.5,23
1979,8,11,1,6.3,33,24
1979,8,12,0,3.2,31,25
1979,8,13,1,4.7,30,26
1979,8,14,4,5.2,30,23
1979,8,15,0,4.1,28,21
1979,8,16,0,4.6,30,22
1979,8,17,15,3.3,32,21
1979,8,18,16,5.4,34,22
1979,8,19,20,5.2,32,24
1979,8,20,30,5.8,33,24
1979,8,21,0,4.4,34,23.5
1979,8,22,0,5.4,35,24
1979,8,23,0,5.9,31,25.5
1979,8,24,0,2.8,31.5,22
1979,8,25,0,4,29,22
1979,8,26,0,2.1,28,21
1979,8,27,10,4.5,32,21.5
1979,8,28,0,2.1,32,21
1979,8,29,8,3.4,32,23
1979,8,30,0,4.3,33,23
1979,8,31,6,5,33.5,25
1979,9,1,0,5.7,34.5,24
1979,9,2,0,6.3,35,24
1979,9,3,0,6.7,33,23.5
1979,9,4,0,5.4,35,22.5
1979,9,5,0,5.7,35.5,22.5
1979,9,6,19,3.3,33,23.5
1979,9,7,62,2.8,31,23
1979,9,8,20,4.2,29,22.5
1979,9,9,0,3.2,27,22.5
1979,9,10,20,5.1,29,22
1979,9,11,0,2,29.5,23
1979,9,12,0,5.3,33,22
1979,9,13,0,4.6,33.5,22
1979,9,14,0,4,32.5,21.5
1979,9,15,0,5.2,31,22.5
1979,9,16,0,5.3,27,23
1979,9,17,11,0.3,26.5,21
1979,9,18,4,0.4,26.5,18
1979,9,19,0,2.8,29,20
1979,9,20,0,3,34,21
1979,9,21,0,5.1,34,22.5
1979,9,22,0,2.9,31,22
1979,9,23,0,4.2,31.5,21
1979,9,24,0,5.5,31,22
1979,9,25,0,4.7,31.5,21
1979,9,26,0,4.1,30,19
1979,9,27,0,4.2,31,21.5
1979,9,28,0,5,32,20
1979,9,29,0,4.9,33.5,20
1979,9,30,0,3.6,34.5,19
1979,10,1,0,5.9,33,15
1979,10,2,0,4.1,31.5,20
1979,10,3,0,6,32,18
1979,10,4,0,7.2,33,20
1979,10,5,0,6.5,34,22
1979,10,6,0,4.4,31,22
1979,10,7,0,5.9,31,18
1979,10,8,0,3.4,31.5,21
1979,10,9,0,4,34,20
1979,10,10,0,7,30,22
1979,10,11,0,4.9,34.5,15
1979,10,12,0,4.8,33,18
1979,10,13,0,4.3,34,19
1979,10,14,0,2.3,31.5,20
1979,10,15,0,5.6,33,20
1979,10,16,0,3.3,32,20
1979,10,17,0,3.8,34.5,20
1979,10,18,0,5.5,32,18.5
1979,10,19,0,5,33,17
1979,10,20,0,5.6,33,17
1979,10,21,0,4.3,34,19.5
1979,10,22,0,7,33,20
1979,10,23,0,6.1,29,20.5
1979,10,24,0,5.4,29,13.5
1979,10,25,0,3.4,30,14
1979,10,26,0,3.8,29,17.5
1979,10,27,0,3.5,32.5,19
1979,10,28,0,4.1,32,20
1979,10,29,0,4.3,30,19
1979,10,30,0,3.3,31,18
1979,10,31,0,4,30,22
1979,11,1,0,3.4,30,16
1979,11,2,0,3.9,27,17
1979,11,3,0,3.8,22,16.5
1979,11,4,0,3.9,29,17
1979,11,5,0,3,29.5,19
1979,11,6,0,3,28,20
1979,11,7,0,1,26,19
1979,11,8,0,2.9,31,15
1979,11,9,0,4,31,20
1979,11,10,0,4.5,30,19
1979,11,11,0,3.1,19.1,17
1979,11,12,0,2,25,15
1979,11,13,20,1.7,20,17
1979,11,14,0,3.3,20,14
1979,11,15,0,2.1,22,14
1979,11,16,0,1.9,23,15
1979,11,17,0,2.1,28,15.5
1979,11,18,0,1.1,29.5,14
1979,11,19,1,1.4,30,16
1979,11,20,0,2.5,30,19
1979,11,21,7,2.1,32,20
1979,11,22,0,1.9,19.1,16
1979,11,23,0,4.1,17,10
1979,11,24,0,2,26,11
1979,11,25,0,3.5,27,11
1979,11,26,0,2.9,30,10
1979,11,27,0,5.9,30,13
1979,11,28,0,4.1,29,17
1979,11,29,0,5.9,18,15
1979,11,30,0,4.2,18,13
1979,12,1,7,0.82,16,10
1979,12,2,20,0.84,15,10
1979,12,3,20,0.5,14,10
1979,12,4,60,1.05,19,12
1979,12,5,0,2.67,23,10
1979,12,6,0,3.97,26,13
1979,12,7,0,5.58,27,12
1979,12,8,60,3.24,26,15
1979,12,9,0,3.91,24,16
1979,12,10,0,3,26,18
1979,12,11,0,3,29,17
1979,12,12,0,3.98,28,17
1979,12,13,2,2.03,24,14
1979,12,14,5,2.97,20,13
1979,12,15,0,3.01,17,12
1979,12,16,0,3.01,21,14
1979,12,17,3,3.03,15,9.5
1979,12,18,0,3.02,20,7
1979,12,19,0,2.02,25,9
1979,12,20,0,2.02,26,11
1979,12,21,0,1.65,26,12
1979,12,22,0,4.21,29,16
1979,12,23,0,3.03,30,18
1979,12,24,0,4.11,28,17
1979,12,25,0,2.99,27,14
1979,12,26,0,1.48,27,11
1979,12,27,0,1.75,25,14
1979,12,28,0,1.94,26,14
1979,12,29,7,8.96,21,16
1979,12,30,0,1.17,20,14
1979,12,31,0,3.07,20,17
1980,1,1,0,1.9,20,14
1980,1,2,0,2,21,15
1980,1,3,0,3,20,15
1980,1,4,0,2,23,8
1980,1,5,0,1.1,20,6
1980,1,6,0,1,25,10
1980,1,7,0,3,28,15
1980,1,8,0,3,27,11
1980,1,9,0,1,27,16
1980,1,10,0,2.1,28,17
1980,1,11,0,1,25,12
1980,1,12,0,1,20,15
1980,1,13,0,3,28,10
1980,1,14,0,3,29,10
1980,1,15,0,3,29,14
1980,1,16,0,2,28,17
1980,1,17,0,3,31,19
1980,1,18,0,3,29,20
1980,1,19,20,2.8,29,18
1980,1,20,0,2,29,20
1980,1,21,0,2,26,20
1980,1,22,0,2.9,20.1,19
1980,1,23,0,1,14,10
1980,1,24,0,1,19,10
1980,1,25,0,1.2,21,11
1980,1,26,0,1.8,30,10
1980,1,27,0,3,30,10
1980,1,28,0,1.1,23,12
1980,1,29,0,2.1,29,15
1980,1,30,0,1.9,28,15
1980,1,31,6,1.9,18,16
1980,3,1,0,3.1,22.5,17.5
1980,3,2,0,3.6,12.5,8.5
1980,3,3,0,2.4,20,8
1980,3,4,0,2.8,27.5,9.5
1980,3,5,0,3.6,28.5,13
1980,3,6,0,4.1,29.5,15
1980,3,7,0,3.2,31,16.5
1980,3,8,0,2.2,27,17.5
1980,3,9,0.5,4.5,29.5,19
1980,3,10,0,1.8,28.5,20
1980,3,11,0,4,30.5,17
1980,3,12,0,5,36,18
1980,3,13,0,5.8,29,19.5
1980,3,14,0,4.8,26.5,14
1980,3,15,0,2.9,30,16.5
1980,3,16,0,1.8,31,18
1980,3,17,6,4.3,29.5,19
1980,3,18,0,3.8,22.5,13.5
1980,3,19,0,5.4,30,16
1980,3,20,0,4.2,31.5,17
1980,3,21,0,4.8,26,17.5
1980,3,22,0,3,26,18
1980,3,23,0,4.9,34,18
1980,3,24,0,5.3,30,20.5
1980,3,25,1,3.2,27,19.5
1980,3,26,0,1.5,31,19.5
1980,3,27,0,4,31.5,18.5
1980,3,28,0,4,31,20.5
1980,3,29,0,6.4,32.5,21
1980,3,30,0,7.9,30,20
1980,3,31,0,1.7,29,19
1980,4,1,0,4.7,33.5,21.5
1980,4,2,0,6.8,36,22
1980,4,3,0,5,33,24
1980,4,4,0,3.9,27.5,23
1980,4,5,1.7,2.2,24,19
1980,4,6,0,5.4,32,19.5
1980,4,7,0,6.4,36,21
1980,4,8,12.9,4.4,29,22.5
1980,4,9,0,4.3,26.5,17
1980,4,10,0,4.7,31,15.5
1980,4,11,0,6.6,37,16.5
1980,4,12,0,9,40,20
1980,4,13,0,2.1,20.5,15.5
1980,4,14,0,5.4,26.5,14
1980,4,15,0,3.9,29.5,14.5
1980,4,16,0,4.3,25,17
1980,4,17,0,2.7,27.5,19
1980,4,18,1.8,3,28,18.5
1980,4,19,0,5.2,30.5,19
1980,4,20,0,5.9,29,18.5
1980,4,21,0,3,27.5,17.5
1980,4,22,0,4.1,29,18
1980,4,23,0,6.8,33.5,20
1980,4,24,0,5.8,36,20.5
1980,4,25,0,7.9,40,21
1980,4,26,0,8.6,38,18
1980,4,27,0,6.7,30,18.5
1980,4,28,0,5.2,30,19
1980,4,29,0,6.8,33,19.5
1980,4,30,0,5.3,35,20
1980,5,1,0,5.2,35.5,22.5
1980,5,2,2,6.3,35,22
1980,5,3,0,2.7,32,23
1980,5,4,2.5,2.7,31,23.5
1980,5,5,0,5.2,31,23
1980,5,6,0,5.2,33.5,22
1980,5,7,0,4,38.5,23
1980,5,8,0,7.2,42,22
1980,5,9,0,3.9,33,21
1980,5,10,0,4.2,36.5,23
1980,5,11,0,5.4,37.5,24.5
1980,5,12,4,6,38,25
1980,5,13,0,5,36,23.5
1980,5,14,0,6.9,35.5,24.5
1980,5,15,0,4.8,39,25
1980,5,16,0,7.9,43.5,24
1980,5,17,0,7.6,36,24.5
1980,5,18,0,4.4,36.5,26
1980,5,19,15.7,5.3,32,25
1980,5,20,0,3,33,22.5
1980,5,21,0,7.7,36,23
1980,5,22,0,5.4,35,24
1980,5,23,0,8.3,35.5,25
1980,5,24,0,3.1,38,24
1980,5,25,0,5.2,38.5,25
1980,5,26,29.2,5.8,39,26
1980,5,27,0,4.9,34.5,23
1980,5,28,0,6.1,35.5,24
1980,5,29,0,5.6,35,25.5
1980,5,30,0,7.4,36.5,26
1980,5,31,0,6,37,26.5
1980,6,11,0,6.76,36.5,22
1980,6,12,0,7.81,36.5,24
1980,6,13,0,6.02,36,22
1980,6,14,0,7.1,37,22.5
1980,6,15,0,4.22,35.5,27
1980,6,16,0,7.66,36.5,26.5
1980,6,17,0.5,4.03,36.5,26
1980,6,18,0,8,37,24
1980,6,19,0,4.9,38,24.5
1980,6,20,0.5,1.36,37,23.5
1980,6,21,18,2.15,35.5,24
1980,6,22,2,1.58,28,23
1980,6,23,10.8,5.97,33,24
1980,6,24,0.5,4.78,29,24.5
1980,6,25,1,6.22,33,24
1980,6,26,9,6.49,34,25
1980,6,27,0,7.44,35,24
1980,6,28,0,5.4,35.5,23
1980,6,29,0,6.2,35.5,25.5
1980,6,30,0,5.09,36,26.5
1980,7,1,0,NULO,36,24
1980,7,2,0,NULO,38,25.5
1980,7,3,0,NULO,37,25
1980,7,4,0,NULO,34,24
1980,7,5,0,NULO,35,24
1980,7,6,0,NULO,36.5,26
1980,7,7,0,NULO,34,26
1980,7,8,0,NULO,36,25
1980,7,9,0,NULO,36,25
1980,7,10,0,NULO,37,24
1980,7,11,0,NULO,37,25.5
1980,7,12,0,NULO,38,23
1980,7,13,0,NULO,38.5,26.5
1980,7,14,0.5,NULO,35.5,26
1980,7,15,0,NULO,36,23
1980,7,16,0,NULO,37,22
1980,7,17,0,NULO,36,22
1980,7,18,0,NULO,36,23
1980,7,19,0,NULO,37,23
1980,7,20,0,NULO,38,24.5
1980,7,21,0,NULO,37,24
1980,7,22,0,NULO,39,25
1980,7,23,0,NULO,37,24
1980,7,24,0,NULO,38.5,24
1980,7,25,0,NULO,37,24
1980,7,26,0,NULO,36,25
1980,7,27,0,NULO,37.5,26
1980,7,28,0,NULO,36.5,24.5
1980,7,29,0,NULO,36,23.5
1980,7,30,0,NULO,36,22.5
1980,7,31,0,NULO,36,24
1980,8,1,0,8.5,36,22
1980,8,2,0,7.6,36,23
1980,8,3,0,7.3,36,24
1980,8,4,0,7.4,36.5,25
1980,8,5,0,8.3,36,24
1980,8,6,60.7,2.5,34,23
1980,8,7,0,3.5,31.5,22
1980,8,8,0,6.2,35.5,23
1980,8,9,0,5.7,37,25.5
1980,8,10,0,8.1,37.5,25.5
1980,8,11,40,5.9,35.5,26
1980,8,12,4,5.7,32,25.5
1980,8,13,0,2.6,35,25.5
1980,8,14,0,4.7,36,23
1980,8,15,0,6.4,36,23
1980,8,16,0,7.8,35.5,25
1980,8,17,0,2.2,32,25
1980,8,18,0,2.4,31,24
1980,8,19,0,4.8,35.5,24
1980,8,20,0,3.6,35.5,23
1980,8,21,0,4.7,34,23
1980,8,22,0,4.4,33,23
1980,8,23,0.2,5,34.5,23
1980,8,24,0,4.2,35,24
1980,8,25,0,5.1,35.5,23
1980,8,26,0,3.3,36,23
1980,8,27,0,7.9,35.5,22
1980,8,28,0,6.1,35,23
1980,8,29,0,3.1,35.5,23
1980,8,30,4,6,35,23
1980,8,31,0,2.5,32,23
1980,9,1,43.5,3.3,31,23
1980,9,2,60.1,5.6,31,22
1980,9,3,0,6.7,31,21
1980,9,4,0,5,30,23
1980,9,5,0,6.8,33,22
1980,9,6,0,5,34,22
1980,9,7,0,4.2,35,21
1980,9,8,0,6.4,30,22
1980,9,9,12.9,4.6,31,22
1980,9,10,0,3.2,32,22
1980,9,11,0,4,31,21
1980,9,12,0,4.1,32,22
1980,9,13,0,5.7,33,21
1980,9,14,0,3.9,33,22
1980,9,15,8,4.9,32,23
1980,9,16,0,3.4,32,21
1980,9,17,0,4.4,34,22
1980,9,18,0,5,35.5,24
1980,9,19,2.9,5.6,31,22
1980,9,20,0,3.5,31,23
1980,9,21,2.8,4.9,34,22
1980,9,22,0,4.9,33,21
1980,9,23,70.2,1.4,31,24
1980,9,24,14.4,2.6,28,22
1980,9,25,48.1,1.8,30,21
1980,9,26,10,4,30,22
1980,9,27,20.2,2.9,32,23
1980,9,28,6.7,4.1,32,23
1980,9,29,13.3,2.7,32,23
1980,9,30,0,2.9,33,23
1980,10,1,0,4.4,28,23
1980,10,2,0,3.6,31,22
1980,10,3,0,3.9,31,20
1980,10,4,0,2.8,31,22
1980,10,5,0,3.2,30,21
1980,10,6,0,4.1,29.5,20
1980,10,7,0,4.6,30,20
1980,10,8,0,2.7,29.5,21
1980,10,9,0,4.1,30,20
1980,10,10,0,3,31,16
1980,10,11,0,3.8,31,18
1980,10,12,0,3.1,32,20
1980,10,13,0,5.5,32,22
1980,10,14,0,2.7,32,21
1980,10,15,0,4.1,33,22
1980,10,16,0,2.9,32,22
1980,10,17,0,2.7,34,21
1980,10,18,0,3,35,24
1980,10,19,30.9,3.2,29,22
1980,10,20,5.4,0.9,20.5,17.5
1980,10,21,0,2.2,22,16.5
1980,10,22,0,3.6,26,17
1980,10,23,6.9,2.7,30,20
1980,10,24,0,1.4,27,21
1980,10,25,0,2.7,27,16
1980,10,26,0,1.5,29.5,17
1980,10,27,0,4.1,32,21
1980,10,28,0,4.9,33,22
1980,10,29,0,2.2,13,10.5
1980,10,30,0,0.9,16.5,10.5
1980,10,31,0,2.5,21.5,11
1980,11,1,0,1.4,28,12
1980,11,2,0,0.9,27.5,15
1980,11,3,0,2.3,30.5,18.5
1980,11,4,0,1.4,32,20
1980,11,5,0,2.5,33.5,19
1980,11,6,0,0.6,32,17
1980,11,7,0,8,30,16
1980,11,8,0,2,30.5,15
1980,11,9,0,1.8,31,15
1980,11,10,0,3,31.5,18
1980,11,11,0,3,29,17.5
1980,11,12,0,3.7,29.5,17
1980,11,13,0,2,31,17
1980,11,14,0,3.9,27,14
1980,11,15,0,4.2,28,12
1980,11,16,0,1.5,21.5,16
1980,11,17,7.5,2.3,19.5,10.5
1980,11,18,0,2.2,17,10.5
1980,11,19,0,2.1,17.5,11
1980,11,20,9.9,3.5,19,12
1980,11,21,0,3,17,12
1980,11,22,1.1,2.1,25,13.5
1980,11,23,0,1.5,21,13.5
1980,11,24,10,3,23,16
1980,11,25,0,2.1,26.5,18
1980,11,26,0,1.5,17,13.5
1980,11,27,0,0.6,23,10.5
1980,11,28,0,2.5,19,9
1980,11,29,0,1.1,24,10
1980,11,30,0,1.9,25.5,12.5
1980,12,1,0,NULO,28,14
1980,12,2,40.7,NULO,26.5,18
1980,12,3,2.4,NULO,21,18
1980,12,4,0,NULO,28,16
1980,12,5,0,NULO,20,17
1980,12,6,0,NULO,26,19
1980,12,7,0,NULO,27,20.5
1980,12,8,0,NULO,28.5,20
1980,12,9,0,NULO,25.5,21
1980,12,10,1,NULO,14.5,12
1980,12,11,0,NULO,20,11.5
1980,12,12,0,NULO,21.5,12
1980,12,13,0,NULO,26,13
1980,12,14,0,NULO,26.5,17
1980,12,15,0,NULO,27,15.5
1980,12,16,0,NULO,26.5,16.5
1980,12,17,0,NULO,27,15.5
1980,12,18,0,NULO,26.5,10.5
1980,12,19,2.4,NULO,22.5,11
1980,12,20,2,NULO,13.6,12.5
1980,12,21,1,NULO,12.5,9
1980,12,22,0,NULO,18.5,9.5
1980,12,23,0,NULO,23.5,11
1980,12,24,0,NULO,22.5,13
1980,12,25,0,NULO,17.5,13
1980,12,26,0,NULO,24.5,10
1980,12,27,0,NULO,24,10
1980,12,28,0,NULO,26.5,10
1980,12,29,0,NULO,25,9.5
1980,12,30,0,NULO,20.5,10.5
1980,12,31,0,NULO,24,10
1981,1,1,0,NULO,23,10
1981,1,2,0,2.5,23,11
1981,1,3,0,3.6,25.5,11
1981,1,4,0,1.4,23.5,10
1981,1,5,0,2.2,25,12.5
1981,1,6,0,1.9,24.5,14
1981,1,7,0,1.3,20.5,13.5
1981,1,8,0,0.4,24.5,14.5
1981,1,9,8.1,1.9,21.5,15
1981,1,10,12.5,3.9,18.5,15
1981,1,11,40.4,3.6,16,13
1981,1,12,10.5,1,15.5,12
1981,1,13,0,0.8,19,11
1981,1,14,0,2.1,21,11
1981,1,15,0,1.5,21.5,13
1981,1,16,20.3,3.2,15,12
1981,1,17,11.4,0.6,12,10
1981,1,18,10.5,0.2,11.5,9
1981,1,19,0,2.2,15,9
1981,1,20,0,1,20.5,9.5
1981,1,21,0,2,17,10
1981,1,22,15,1.9,13,11
1981,1,23,0,1.6,19.5,9
1981,1,24,0,2.3,24.5,8.5
1981,1,25,0,2.9,25.5,9
1981,1,26,0,2.8,24.5,10
1981,1,27,0,2.9,24.5,12
1981,1,28,0,2.3,26.5,15
1981,1,29,0,1.3,26.5,13
1981,1,30,0,2.6,24.5,13.5
1981,1,31,0,2,25.5,14.5
1981,2,1,0,NULO,24,16
1981,2,2,4.3,NULO,18,14.5
1981,2,3,2,NULO,17.5,11.5
1981,2,4,0,NULO,23,12
1981,2,5,0,NULO,26.5,14
1981,2,6,0,NULO,24,16.5
1981,2,7,0,NULO,27.5,13.5
1981,2,8,0,NULO,23.5,15.5
1981,2,9,0,NULO,28,16
1981,2,10,0,NULO,34,16.5
1981,2,11,0,NULO,13,10
1981,2,12,2,NULO,14,9
1981,2,13,19,NULO,16,10
1981,2,14,0,NULO,14.5,11.5
1981,2,15,4,NULO,21,11.5
1981,2,16,2,NULO,20.5,11.5
1981,2,17,0,NULO,26,14.5
1981,2,18,0,NULO,27.5,15
1981,2,19,0,NULO,28.5,16.5
1981,2,20,0,NULO,28.5,16.5
1981,2,21,0,NULO,28,16.5
1981,2,22,0,NULO,22,17
1981,2,23,0,NULO,24,15
1981,2,24,0,NULO,23.5,13.5
1981,2,25,0,NULO,27,15
1981,2,26,0,NULO,28,17.5
1981,2,27,0,NULO,28,17.5
1981,2,28,0,NULO,28.5,18.5
1981,3,1,0,4.6,29,18
1981,3,2,0,4,28,19
1981,3,3,0,1.2,27,19
1981,3,4,0,3.4,33,18
1981,3,5,0,4.4,30,18
1981,3,6,0,4.3,29,16
1981,3,7,1,2.3,29,17
1981,3,8,0,1.6,21,17
1981,3,9,0,2.5,22.5,17
1981,3,10,4,2,25.5,17
1981,3,11,0.5,0.5,22.5,17
1981,3,12,1,1.6,21,17
1981,3,13,2,1.8,22,16.5
1981,3,14,0,2,23.5,16
1981,3,15,0,3.6,30,17
1981,3,16,0,4.3,26,16
1981,3,17,0,2,26.5,16
1981,3,18,0,5.9,32.5,13.5
1981,3,19,0,3.2,25.5,15
1981,3,20,0,3.6,26,14
1981,3,21,0,4.3,33,14.5
1981,3,22,0,4.9,30,16
1981,3,23,0,2.5,27,15
1981,3,24,0,1.3,21,15
1981,3,25,0,2.7,26.5,16
1981,3,26,0,3.4,28,16
1981,3,27,0,1.5,29,16
1981,3,28,0,3.8,30,17.5
1981,3,29,0,2.3,28.5,20
1981,3,30,0,5,31,19
1981,3,31,0,2.7,31,20
1981,4,1,1,4,30,20
1981,4,2,0,4.6,32,22
1981,4,3,0,4.7,31,19
1981,4,4,0,6,33,20
1981,4,5,0,4.3,26,19
1981,4,6,0,3.3,27.5,20
1981,4,7,2,5,29.5,18.5
1981,4,8,0,2.8,29,19
1981,4,9,3,4.6,30,19.5
1981,4,10,0,2.5,30.5,20
1981,4,11,0,3.2,28,21
1981,4,12,0,2.6,29,22
1981,4,13,0,5.4,31,21.5
1981,4,14,0,5.1,27.5,19
1981,4,15,20,4.9,29,20.5
1981,4,16,12,1.8,27,21
1981,4,17,1,1.6,26,20.5
1981,4,18,0,5,31.5,20.5
1981,4,19,0,4.9,30,21
1981,4,20,0,6,31,22
1981,4,21,0,4.5,30.5,21.5
1981,4,22,0,3.6,29.5,22
1981,4,23,0,3.5,31,22
1981,4,24,7,5.7,29,21
1981,4,25,0,2.9,25,21
1981,4,26,2.7,3.5,31,22
1981,4,27,0,5.3,32,22
1981,4,28,0,4.4,33,22
1981,4,29,0,5,33,23
1981,4,30,0,4.1,33,24
1981,5,1,0,5.3,32,23
1981,5,2,5.1,2.8,32,24
1981,5,3,2.4,2.7,31,24
1981,5,4,0,3.8,33,23
1981,5,5,1,4.1,34,23
1981,5,6,0,4.4,35.5,22
1981,5,7,0,6,34,21
1981,5,8,0,4.9,33,22
1981,5,9,4,5,34,24
1981,5,10,0,2.2,29,23.5
1981,5,11,0,6.1,30.5,17.5
1981,5,12,0,4.6,33.5,19.5
1981,5,13,0,4.5,33,21
1981,5,14,0,5.7,32,22
1981,5,15,0,5,33,24
1981,5,16,0,5.4,36,25
1981,5,17,0,4.3,37,24
1981,5,18,0,5.7,36,25
1981,5,19,10.1,5.6,35.5,25.5
1981,5,20,1,5.9,32,23
1981,5,21,0,2.8,30.5,24
1981,5,22,1,7,34,23
1981,5,23,5.1,5.5,34.5,22
1981,5,24,0,5.9,33.5,23
1981,5,25,0,4,34.5,24.5
1981,5,26,0,5.1,36.5,25
1981,5,27,20,5.7,34.5,24
1981,5,28,0,7.2,34,24.5
1981,5,29,40.5,6.1,34,23
1981,5,30,0,5.6,34,24
1981,5,31,0,4.2,33.5,21
1981,6,1,0,5.5,35,22
1981,6,2,0,3.9,31.5,24
1981,6,3,0,4.7,30,23
1981,6,4,0,5,33,21.5
1981,6,5,0,6.1,33,24
1981,6,6,0,4.5,34,22
1981,6,7,0,4.3,36,24
1981,6,8,0,5,35.5,23
1981,6,9,0,6.8,35,24
1981,6,10,0,5.7,33.5,25
1981,6,11,0,6.4,33,23
1981,6,12,10,4.4,34,23.5
1981,6,13,18.5,5.9,33.5,22
1981,6,14,36.9,5.5,33,23
1981,6,15,50,3.6,30.5,22
1981,6,16,5,4.5,29.5,22
1981,6,17,10.7,2.3,29,22
1981,6,18,8.4,1.3,28.5,21
1981,6,19,35.2,2.3,29,22
1981,6,20,0,5.4,32,24
1981,6,21,0,5.3,31,24
1981,6,22,0,4.9,32,23.5
1981,6,23,19,4.2,33,23
1981,6,24,20.2,3.2,31,23
1981,6,25,50.5,1.2,28,22
1981,6,26,76.4,2,30,23
1981,6,27,6.3,5.6,29,23
1981,6,28,0,5.9,32,22
1981,6,29,23.3,4.1,32,24
1981,6,30,2.1,1.6,28,24
1981,7,1,0,3.2,31,23
1981,7,2,0,5.8,32,23
1981,7,3,0,4.8,32.5,23
1981,7,4,0,3.6,33.5,24
1981,7,5,0,4.2,31,23
1981,7,6,6.5,4.6,32.5,25
1981,7,7,0,1.8,30,23
1981,7,8,0,2.1,32,24
1981,7,9,63.5,3.8,31,24
1981,7,10,0,1.5,30,22
1981,7,11,3.4,5.7,31,24
1981,7,12,1.4,4.6,33,23
1981,7,13,0,5.3,33.5,22
1981,7,14,0,3.5,32,23
1981,7,15,0,4.1,32,23
1981,7,16,0,3.7,32.5,23
1981,7,17,0,3,33,23
1981,7,18,0,4.6,33.5,23
1981,7,19,0,5,33.5,22
1981,7,20,0,3.2,33,21
1981,7,21,0,3.3,33,22
1981,7,22,0,3.7,33,23
1981,7,23,0,5,33.5,24
1981,7,24,0,5.1,34,22
1981,7,25,0,6.4,34.5,23
1981,7,26,4.3,5.2,32,21
1981,7,27,3.5,5.3,31,24
1981,7,28,0,4.7,28,23
1981,7,29,0,4.1,31,23
1981,7,30,0,1,33,24
1981,7,31,0,2,32,24
1981,8,1,1.7,3.2,33,22
1981,8,2,1.6,3.2,31.5,22
1981,8,3,0,4.9,33,22
1981,8,4,0,3.6,34,22
1981,8,5,0,3,34,23
1981,8,6,0,5.1,33,23
1981,8,7,0,4.8,34,22
1981,8,8,0,4.7,34,21
1981,8,9,0,4.4,34,22
1981,8,10,0,2.8,31,21
1981,8,11,0,5.9,32,22
1981,8,12,0,5.6,34,21
1981,8,13,0,3.6,33.5,22
1981,8,14,0,2.8,30,22
1981,8,15,0,3.6,32,21
1981,8,16,0,5.5,35,23
1981,8,17,0,6,36,22
1981,8,18,0,6,35.5,22
1981,8,19,13.2,3.4,33.5,23
1981,8,20,18.7,4.9,32,24
1981,8,21,0,3.9,32,24
1981,8,22,3,4.1,33,24
1981,8,23,18.2,3,32,24
1981,8,24,32,2.8,29,24
1981,8,25,48.3,2.7,28,23
1981,8,26,20.2,3.9,30,22
1981,8,27,100.7,2.1,27,23
1981,8,28,100.1,2,26,23
1981,8,29,0,2.6,31,22
1981,8,30,0,4.8,33,23
1981,8,31,0,4.2,33,20.5
1981,9,1,0,4.9,32,23
1981,9,2,0,5.2,34,22
1981,9,3,0,3.4,33,23
1981,9,4,0,1.9,27,21
1981,9,5,0,3.9,32,21
1981,9,6,0,5.1,32,22
1981,9,7,0,6.2,33,23
1981,9,8,0,4,31,24
1981,9,9,0,3.5,33,23
1981,9,10,0,4.4,34,22
1981,9,11,0,5.3,33,21
1981,9,12,1.3,3.4,33,23
1981,9,13,0,5.1,33,23
1981,9,14,0,5.3,34,22
1981,9,15,0,5.1,32,22
1981,9,16,0,4.5,34,22
1981,9,17,1,4.3,30.5,21
1981,9,18,0,4.4,26,19
1981,9,19,0,4.1,30,18.5
1981,9,20,0,3.7,34,20
1981,9,21,0,5.2,33.5,20
1981,9,22,0,4.5,34,22
1981,9,23,0,4.2,31,22
1981,9,24,0,6.4,30,22
1981,9,25,0,5.2,33,23
1981,9,26,0,5,33,21
1981,9,27,17.9,2.8,30,22
1981,9,28,11,2.7,27,21
1981,9,29,0,3.9,27.5,22
1981,9,30,0,2,26,21
1981,10,1,4,3.5,30.5,22
1981,10,2,5.3,3.9,31,21
1981,10,3,0,4,32,22
1981,10,4,0,4.9,33,21
1981,10,5,0,4,32,22
1981,10,6,0,3,33,22
1981,10,7,0,3.6,32.5,23
1981,10,8,0,3.8,33,22
1981,10,9,0,4.3,33,23
1981,10,10,0,3.3,33,23
1981,10,11,0,3,32,22.5
1981,10,12,0,3.9,33,22
1981,10,13,0,3.6,32.5,22
1981,10,14,0,3.7,32,23
1981,10,15,0,3.6,32,24
1981,10,16,0,3.7,33,21
1981,10,17,0,5,31,22
1981,10,18,0,4.6,32,20
1981,10,19,5.1,1.6,20,16
1981,10,20,1.3,2,30,17
1981,10,21,0,1.9,30,19
1981,10,22,0,3,31,20
1981,10,23,0,1.1,21,20
1981,10,24,0,1.7,24,13
1981,10,25,0,4,31,14
1981,10,26,0,2.8,24.5,18
1981,10,27,0,2.8,27,16
1981,10,28,0,3.1,29,17
1981,10,29,0,3,31,17
1981,10,30,0,3.4,31,20
1981,10,31,22.7,3.8,32,21
1981,11,1,0,0.8,22,16.5
1981,11,2,0,3.3,26.5,16.5
1981,11,3,0,2.4,25,15
1981,11,4,0,3.9,28,16
1981,11,5,0,2.9,31,17
1981,11,6,0,2.2,30,18
1981,11,7,0,2.5,30.5,19
1981,11,8,0,4.1,31,19
1981,11,9,0,3.8,25,20
1981,11,10,0,3,24,16
1981,11,11,0,3.4,24,15
1981,11,12,1.3,2.1,25,10
1981,11,13,0,3.2,27,10.5
1981,11,14,0,2.6,28,12.5
1981,11,15,0,3.3,30,17
1981,11,16,0,4.4,21,16
1981,11,17,0,2.8,30.5,15.5
1981,11,18,0,3,30,16.5
1981,11,19,0,3.5,30.5,15
1981,11,20,0,3.2,23,15.5
1981,11,21,0,3.5,24,11.5
1981,11,22,0,2.8,28,12
1981,11,23,0,2.6,29.5,15
1981,11,24,0,2.5,32,16.5
1981,11,25,0,2.9,28.5,16.5
1981,11,26,0,1.4,31,16
1981,11,27,0,2.6,31,16.5
1981,11,28,17,3.7,31,17.5
1981,11,29,0,5.2,32,22
1981,11,30,0,3.5,32,21
1981,12,1,0,3,29,21
1981,12,2,0,1.3,27,20
1981,12,3,5,1,25,18
1981,12,4,69.1,3.2,21,16
1981,12,5,11.5,1.5,19,14
1981,12,6,10.3,1.2,27,12.5
1981,12,7,10.4,3.1,30,14
1981,12,8,0,2.7,31,15.5
1981,12,9,0,2.9,26,16
1981,12,10,0,3.3,27,17
1981,12,11,0,2.2,30,16
1981,12,12,0,2.1,29,15
1981,12,13,0,2.5,29,16
1981,12,14,0,4.8,27,18
1981,12,15,0,1.5,23,12.5
1981,12,16,0,1.6,27,13
1981,12,17,17.7,3.6,29,14.5
1981,12,18,0,1.7,13.5,10.5
1981,12,19,0,2.3,17.5,9
1981,12,20,0,1.1,25,11
1981,12,21,0,2.2,27,15.5
1981,12,22,0,2.5,30,15
1981,12,23,0,4.3,22,15.5
1981,12,24,0,2.6,18,15
1981,12,25,0,1.9,21,11
1981,12,26,0,1.9,28.5,12
1981,12,27,0,2.3,29.5,14
1981,12,28,0,2.3,30.5,17
1981,12,29,0,1.5,25.5,17
1981,12,30,0,2.5,25,16
1981,12,31,0,3.2,29,15.5
1982,1,1,0,1.3,29,16
1982,1,2,0,2.3,30,18
1982,1,3,0,3.6,31,19
1982,1,4,0,2.4,23.2,16
1982,1,5,0,2.6,26.5,10
1982,1,6,0,2,29,11
1982,1,7,2.4,4.1,29,15
1982,1,8,0,1,12,10.5
1982,1,9,0,1,21,9.5
1982,1,10,0,4.2,25.5,10.5
1982,1,11,0,2.1,17,10.5
1982,1,12,0,1.7,24,11
1982,1,13,0,2.8,22.5,11.5
1982,1,14,0,1.9,17.5,8.5
1982,1,15,0,1.1,24,6
1982,1,16,2.4,3.3,26.5,9.5
1982,1,17,0,2,17,11.5
1982,1,18,0,2.4,28.5,13
1982,1,19,0,1.8,28.5,15
1982,1,20,0,3,30,16
1982,1,21,3.7,1.5,30,17
1982,1,22,0,2.2,31,16.5
1982,1,23,0,3.3,24.5,17
1982,1,24,0,4.3,27.5,13
1982,1,25,0,3.3,30.5,14.5
1982,1,26,0,3,27.5,15.5
1982,1,27,0,1.8,27.5,14
1982,1,28,0,3.1,29,15.5
1982,1,29,0,2.9,26.5,17
1982,1,30,0,5,30.5,17
1982,1,31,0,2.7,22.5,16.5
1982,2,1,0,2.2,24,11.5
1982,2,2,0,2.3,30,11.5
1982,2,3,0,2,21,12
1982,2,4,0,2.7,24.5,14
1982,2,5,0,2.9,27,14.5
1982,2,6,0,1.7,13,11
1982,2,7,0,1.1,16.5,7
1982,2,8,0,2.4,26,7.5
1982,2,9,0,2.2,26,12
1982,2,10,0,3.7,25.5,12
1982,2,11,1.3,3.3,24.5,12.5
1982,2,12,0,2.1,22.5,16
1982,2,13,0,1.5,18.5,16
1982,2,14,1.3,0.8,21,13.5
1982,2,15,0,3.8,30.5,13.5
1982,2,16,0,2.1,30,17
1982,2,17,0,1.5,28,16
1982,2,18,0,1.9,27.5,17.5
1982,2,19,0,0.6,25.5,18
1982,2,20,0,2.1,30.5,19.5
1982,2,21,0,1.6,24,19
1982,2,22,0,2.2,28,17.5
1982,2,23,0,2.3,29.5,15.5
1982,2,24,0,1.3,31,16
1982,2,25,19.2,1.8,27,18
1982,2,26,2.3,0.7,15.5,14
1982,2,27,0,1.4,15.5,11
1982,2,28,0,1.1,20,11.5
1982,3,1,0,0.6,21,13
1982,3,2,0,2.2,26,14
1982,3,3,0,1.8,31,14
1982,3,4,0,2.3,31,16
1982,3,5,0,3.8,32,19
1982,3,6,0,2.8,22.5,20
1982,3,7,0,3.1,20,11
1982,3,8,0,2.3,23,7.5
1982,3,9,0,2.5,27,8
1982,3,10,0,3.7,28,13
1982,3,11,0,3.1,29,16
1982,3,12,0,3.9,30,18
1982,3,13,0,3.3,32,19
1982,3,14,0,3.2,32,20
1982,3,15,0,3.6,33,21
1982,3,16,0,2.2,34,22
1982,3,17,0,4.3,32,20
1982,3,18,0,3.8,31,21
1982,3,19,0,5.4,32,21
1982,3,20,0,3.8,33.5,19
1982,3,21,0,3,33.5,22
1982,3,22,1.4,3.2,33,22
1982,3,23,0,3.4,27,21
1982,3,24,0,3.9,32,22
1982,3,25,0,2.4,32,23
1982,3,26,1.7,4,26.5,22
1982,3,27,0,3.9,31,18.5
1982,3,28,0,0.9,23,19
1982,3,29,0,4.3,27,17
1982,3,30,0,4.6,33,18
1982,3,31,0,3.9,32,20
1982,4,1,0,4.7,34,23
1982,4,2,0,4.9,37,22
1982,4,3,0,1.3,28,21
1982,4,4,0,3.9,36,23
1982,4,5,0,3.9,36,22
1982,4,6,0,4.7,33,21
1982,4,7,0,3.5,33,23
1982,4,8,0,2.4,37,22
1982,4,9,0,4.4,36,21
1982,4,10,0,4.7,33,23.5
1982,4,11,0,2.1,26,21
1982,4,12,0,5,33,21.5
1982,4,13,0,4.4,34,22
1982,4,14,0,3.2,32,20
1982,4,15,0,7.4,37,23
1982,4,16,0,4.5,37,21
1982,4,17,0,3.1,34,22
1982,4,18,0,6,34,23
1982,4,19,0,4.2,35,22
1982,4,20,3.5,4.7,33,21
1982,4,21,2.1,0.4,24,20
1982,4,22,0,3.1,23,18
1982,4,23,0,3.3,24,16.5
1982,4,24,0,3.9,30,16.5
1982,4,25,0,3.7,31,18.5
1982,4,26,0,3.6,32,20
1982,4,27,1.3,3.5,28,21
1982,4,28,0.7,2.8,30,22
1982,4,29,3.5,2.9,26,20
1982,4,30,1,3.1,28.5,20
1982,5,1,0,1.1,26,21
1982,5,2,0,3.4,26,22
1982,5,3,0,4.1,29,21
1982,5,4,0,4,31,21
1982,5,5,0,4.3,31,21
1982,5,6,1.3,4.3,32,22
1982,5,7,0,2.2,28,21
1982,5,8,0,3.5,30,21
1982,5,9,0,3.4,30.5,21
1982,5,10,0,3.6,32.5,22
1982,5,11,0,3.8,33,23
1982,5,12,0,5.7,33,24
1982,5,13,0,7.2,36,25
1982,5,14,0,4.6,32,24
1982,5,15,8.5,4,32,23
1982,5,16,0,2.9,31,23
1982,5,17,19.7,2.7,34,24
1982,5,18,0,2.2,29,21
1982,5,19,0,3.7,32,20
1982,5,20,0,3.1,31,21
1982,5,21,32.5,1.1,26,22
1982,5,22,0,2.6,28,21
1982,5,23,0,3.9,31,23
1982,5,24,0,2.9,30,21.5
1982,5,25,0,3,31,22
1982,5,26,23.9,3.3,33,24
1982,5,27,0,1.4,34.5,24
1982,5,28,0,3.6,34,25
1982,5,29,0,4.4,35,25
1982,5,30,0,4.7,34,24
1982,5,31,0,5.8,34,24
1982,6,1,0,5.7,34,25
1982,6,2,0,7.4,35,22
1982,6,3,0,6.3,33.5,23
1982,6,4,0,5.4,34,22
1982,6,5,0,5.1,34,22
1982,6,6,0,3.5,32,24
1982,6,7,0,6.3,33,24
1982,6,8,0,6.4,34,22
1982,6,9,0,4.2,34,22
1982,6,10,0,6.3,33,23
1982,6,11,0,6.2,33,22
1982,6,12,0,5.7,34,22
1982,6,13,0,3.7,34,23
1982,6,14,0,5.8,34,23
1982,6,15,0,5.4,34.5,23
1982,6,16,0,5.9,36,23
1982,6,17,0,6.8,35,24
1982,6,18,0,6.3,36.5,22
1982,6,19,0,6.2,37,24
1982,6,20,0,5.6,33,21
1982,6,21,0,6.8,36,22
1982,6,22,0,8,36.5,22
1982,6,23,0,6.6,36.5,21
1982,6,24,0,6.4,36,24
1982,6,25,0,7.6,37,23
1982,6,26,0,5.3,37,23
1982,6,27,0,6.6,36,22
1982,6,28,36.7,5.2,35,24
1982,6,29,22.2,5.3,34,23
1982,6,30,0,2,29,21
1982,7,1,0,3.1,31,22
1982,7,2,5,6.3,32,22.5
1982,7,3,0,5.3,32.5,23
1982,7,4,0,5.3,33,22
1982,7,5,0,6.3,33,22
1982,7,6,0,4.4,34,22
1982,7,7,0,3.1,32,21
1982,7,8,0,6.3,34,23
1982,7,9,0,5.1,33,22
1982,7,10,0,5.9,33,21
1982,7,11,0,6.2,33.5,23
1982,7,12,0,6.4,32.5,24
1982,7,13,0,4.5,34,21
1982,7,14,0,3.6,35,21.5
1982,7,15,0,5.4,34,22
1982,7,16,0,4.4,34,22
1982,7,17,1,6.3,33,21.5
1982,7,18,2,5.3,34,23
1982,7,19,0,3.6,33,22
1982,7,20,0,5.1,32,21
1982,7,21,0,5.8,33,22
1982,7,22,0,5.3,34,22
1982,7,23,0,2.5,35,22
1982,7,24,0,6.2,35,23
1982,7,25,0,5.9,35,23
1982,7,26,0,4.9,34,22
1982,7,27,0,4.6,34.5,22
1982,7,28,0,5.9,36.5,22
1982,7,29,0,4.3,34.5,23
1982,7,30,4,5.3,34,24
1982,7,31,0,5.5,34.5,22
1982,8,1,0,3.7,35,22
1982,8,2,0,3.4,35,22
1982,8,3,0,5.1,31.5,23
1982,8,4,0,6.4,33,21.5
1982,8,5,0,4.9,35.5,22
1982,8,6,0,5.2,36,21
1982,8,7,0,5.4,36,22
1982,8,8,0,6.5,36,21
1982,8,9,0,5.3,33.5,22
1982,8,10,0,4.9,34,21
1982,8,11,0,5.2,34,22
1982,8,12,0,6.4,33,23
1982,8,13,0,4.9,32.5,22
1982,8,14,0,4.5,35,22
1982,8,15,0,6.6,36,21.5
1982,8,16,7.6,6.1,37,21.5
1982,8,17,0,6.7,37.5,23
1982,8,18,0,6,33,22.5
1982,8,19,0,4.8,36,23
1982,8,20,0,6.3,34,23
1982,8,21,0,3.4,34,23
1982,8,22,0,5.2,32,21.5
1982,8,23,0,5.2,35,22
1982,8,24,0,5.6,35,22.5
1982,8,25,0,5.9,36.5,21.5
1982,8,26,0,6.3,36,22
1982,8,27,0,7.2,35.5,22.5
1982,8,28,0,6.1,36,21
1982,8,29,0,6.3,35,23.5
1982,8,30,0,7.7,34,23
1982,8,31,0,5.1,33.5,22
1982,9,1,0,3.3,29,15
1982,9,2,0,NULO,28.5,16
1982,9,3,0,NULO,31.5,18
1982,9,4,0,7.5,38,18.5
1982,9,5,0,4.4,31,18
1982,9,6,0,5.1,31,15
1982,9,7,0,3.5,30.5,17
1982,9,8,0,4.9,33,16
1982,9,9,0,4.5,31,17.5
1982,9,10,0,0.4,20.5,16
1982,9,11,0,4.7,24,16.5
1982,9,12,0,4.4,25,17
1982,9,13,0,3.1,26.5,18
1982,9,14,0,5.3,31.5,15.5
1982,9,15,0,4.6,32.5,15
1982,9,16,0,7,28.5,16.5
1982,9,17,0,5.5,27,14
1982,9,18,0,5.1,28,13
1982,9,19,0,5.1,33,18
1982,9,20,0,3.2,26,17.5
1982,9,21,0,3,22,16
1982,9,22,0,1.3,26.5,15
1982,9,23,0,5.1,33,14
1982,9,24,0,4.1,28.5,18
1982,9,25,0,4.6,30,17
1982,9,26,0,6.5,35,18
1982,9,27,0,3.5,28.5,18
1982,9,28,0,4.9,28.5,15
1982,9,29,0,3,30,16
1982,9,30,0,6.7,31,18.5
1982,10,1,0,4.9,38.5,18
1982,10,2,0,7.5,26.5,19
1982,10,3,0,4.8,32,13
1982,10,4,0,9.4,40,17
1982,10,5,0,8.2,38.5,18
1982,10,6,0,3.9,28,17
1982,10,7,0,4.4,29.5,18
1982,10,8,0,5.6,25.5,18.5
1982,10,9,0,1.4,21,15
1982,10,10,0,5.1,26,15
1982,10,11,0,6.2,29.5,14
1982,10,12,0,5.8,36,16
1982,10,13,0,6.4,39,18
1982,10,14,0,7.6,28,21
1982,10,15,0,5.2,25,17
1982,10,16,0,1.7,22.5,19
1982,10,17,0,4.3,27,16
1982,10,18,0,5.3,32,15
1982,10,19,0,7.6,35,17
1982,10,20,0,7.3,34.5,17.5
1982,10,21,0,5.3,36,21
1982,10,22,0,8.3,37.5,21
1982,10,23,0,6.3,36,20
1982,10,24,0,7.2,32,21
1982,10,25,0,5.4,31,20
1982,10,26,0,7.4,33,22
1982,10,27,0,6.1,34,21
1982,10,28,0,7.5,34,22
1982,10,29,0,6.2,35,22
1982,10,30,0,6.2,35.5,23
1982,12,1,0,5.4,37,23
1982,12,2,0,6.4,37,24
1982,12,3,0,7.6,36,21
1982,12,4,0,6.4,30,18.5
1982,12,5,0,3.6,31.5,21
1982,12,6,0,6.6,32,18
1982,12,7,0,3.4,33,22
1982,12,8,0,5.2,33.5,22.5
1982,12,9,0,5.5,31.5,23.5
1982,12,10,0,3.9,33.5,23
1982,12,11,0,3.4,34,23
1982,12,12,0,5.6,35,25
1982,12,13,0,5.2,34.5,24
1982,12,14,0,5.3,35,24.5
1982,12,15,0,6.5,33.5,23
1982,12,16,0,2.3,28,23.5
1982,12,17,0,5.6,30,23
1982,12,18,0,4.4,36,23
1982,12,19,0,5.2,34,24.5
1982,12,20,0,5.2,37,24
1982,12,21,0,5.2,33,23.5
1982,12,22,0,5.7,33,24.5
1982,12,23,0,5.6,33.5,24.5
1982,12,24,0,6,33.5,23
1982,12,25,20.8,5.9,32.5,22
1982,12,26,35.7,2.4,32,22.5
1982,12,27,41.3,1.6,25,21
1982,12,28,33,4.9,31.5,22
1982,12,29,25,6.2,30,21
1982,12,30,0,6,30.5,21
1982,12,31,0,7.2,33,21.5
1983,1,1,0,4.6,32,24
1983,1,2,0,4.5,34,23
1983,1,3,0,6.4,33,23.5
1983,1,4,0,6.1,35,26
1983,1,5,0,6.7,36,24
1983,1,6,0,5.2,33.5,24
1983,1,7,0,2.2,25,22
1983,1,8,0,4.6,30,21
1983,1,9,0,6.3,34.5,24
1983,1,10,0,6.6,34,22
1983,1,11,0,6,33.5,22
1983,1,12,0,5.5,34,23
1983,1,13,0,5.4,35,23
1983,1,14,0,4.6,34,24
1983,1,15,0,4.8,33,24
1983,1,16,0,5.1,35,23
1983,1,17,0,5.3,34.5,23
1983,1,18,0,5.2,36.5,22
1983,1,19,0,6.5,36,24
1983,1,20,0,5.1,33.5,24.5
1983,1,21,0,5.3,34,23
1983,1,22,0,5.1,35,24
1983,1,23,0,5.4,36,24
1983,1,24,0,5.5,36,25
1983,1,25,0,6.1,35.5,23.5
1983,1,26,0,6.7,38,24
1983,1,27,0,6.1,39,24.5
1983,1,28,0,6.3,36.5,25
1983,1,29,15.7,7.7,36,24
1983,1,30,21.9,7.1,36,24.5
1983,2,1,0,3.5,26,14.5
1983,2,2,1,3.4,27.5,15
1983,2,3,0,1.7,24,14
1983,2,4,0,1.7,26.5,15
1983,2,5,0,2.7,28.5,16.5
1983,2,6,2.3,2.5,22,17
1983,2,7,2,0.5,18,13
1983,2,8,0,0.2,23,14
1983,2,9,0,2.9,28.5,14.5
1983,2,10,8.3,3.4,29,14
1983,2,11,27.1,1.9,22,16
1983,2,12,0,3.4,23.5,14
1983,2,13,0,3.5,23,13
1983,2,14,0,3.5,25,11
1983,2,15,0,5.2,26,11
1983,2,16,0,3.6,26.5,11.5
1983,2,17,0,3.1,23.5,11.5
1983,2,18,0,3.2,23.5,12
1983,2,19,0,2.7,27.5,13
1983,2,20,0,4,28,13
1983,2,21,0,4,26.5,14
1983,2,22,0,4.5,25,13
1983,2,23,0,3.5,23.5,12
1983,2,24,0,3.9,29,14
1983,2,25,1.5,2.6,26,16
1983,2,26,0,3.4,26,13
1983,2,27,0,3,23.5,14
1983,2,28,0,3.9,27.5,13
1983,3,1,0,3.3,29,15
1983,3,2,0,NULO,28.5,16
1983,3,3,0,NULO,31.5,18
1983,3,4,0,7.5,38,18.5
1983,3,5,0,4.4,31,18
1983,3,6,0,5.1,31,15
1983,3,7,0,3.5,30.5,17
1983,3,8,0,4.9,33,16
1983,3,9,0,4.5,31,17.5
1983,3,10,0,0.4,20.5,16
1983,3,11,0,4.7,24,16.5
1983,3,12,0,4.4,25,17
1983,3,13,0,3.1,26.5,18
1983,3,14,0,5.3,31.5,15.5
1983,3,15,0,4.6,32.5,15
1983,3,16,0,7,28.5,16.5
1983,3,17,0,5.5,27,14
1983,3,18,0,5.1,28,13
1983,3,19,0,5.1,33,18
1983,3,20,0,3.2,26,17.5
1983,3,21,0,3,22,16
1983,3,22,0,1.3,26.5,15
1983,3,23,0,5.1,33,14
1983,3,24,0,4.1,28.5,18
1983,3,25,0,4.6,30,17
1983,3,26,0,6.5,35,18
1983,3,27,0,3.5,28.5,18
1983,3,28,0,4.9,28.5,15
1983,3,29,0,3,30,16
1983,3,30,0,6.7,31,18.5
1983,3,31,0,6.4,33.5,19.5
1983,4,1,0,4.9,38.5,18
1983,4,2,0,7.5,26.5,19
1983,4,3,0,4.8,32,13
1983,4,4,0,9.4,40,17
1983,4,5,0,8.2,38.5,18
1983,4,6,0,3.9,28,17
1983,4,7,0,4.4,29.5,18
1983,4,8,0,5.6,25.5,18.5
1983,4,9,0,1.4,21,15
1983,4,10,0,5.1,26,15
1983,4,11,0,6.2,29.5,14
1983,4,12,0,5.8,36,16
1983,4,13,0,6.4,39,18
1983,4,14,0,7.6,28,21
1983,4,15,0,5.2,25,17
1983,4,16,0,1.7,22.5,19
1983,4,17,0,4.3,27,16
1983,4,18,0,5.3,32,15
1983,4,19,0,7.6,35,17
1983,4,20,0,7.3,34.5,17.5
1983,4,21,0,5.3,36,21
1983,4,22,0,8.3,37.5,21
1983,4,23,0,6.3,36,20
1983,4,24,0,7.2,32,21
1983,4,25,0,5.4,31,20
1983,4,26,0,7.4,33,22
1983,4,27,0,6.1,34,21
1983,4,28,0,7.5,34,22
1983,4,29,0,6.2,35,22
1983,4,30,0,6.2,35.5,23
1983,5,1,0,5.4,37,23
1983,5,2,0,6.4,37,24
1983,5,3,0,7.6,36,21
1983,5,4,0,6.4,30,18.5
1983,5,5,0,3.6,31.5,21
1983,5,6,0,6.6,32,18
1983,5,7,0,3.4,33,22
1983,5,8,0,5.2,33.5,22.5
1983,5,9,0,5.5,31.5,23.5
1983,5,10,0,3.9,33.5,23
1983,5,11,0,3.4,34,23
1983,5,12,0,5.6,35,25
1983,5,13,0,5.2,34.5,24
1983,5,14,0,5.3,35,24.5
1983,5,15,0,6.5,33.5,23
1983,5,16,0,2.3,28,23.5
1983,5,17,0,5.6,30,23
1983,5,18,0,4.4,36,23
1983,5,19,0,5.2,34,24.5
1983,5,20,0,5.2,37,24
1983,5,21,0,5.2,33,23.5
1983,5,22,0,5.7,33,24.5
1983,5,23,0,5.6,33.5,24.5
1983,5,24,0,6,33.5,23
1983,5,25,20.8,5.9,32.5,22
1983,5,26,35.7,2.4,32,22.5
1983,5,27,41.3,1.6,25,21
1983,5,28,33,4.9,31.5,22
1983,5,29,25,6.2,30,21
1983,5,30,0,6,30.5,21
1983,5,31,0,7.2,33,21.5
1983,6,1,0,4.6,32,24
1983,6,2,0,4.5,34,23
1983,6,3,0,6.4,33,23.5
1983,6,4,0,6.1,35,26
1983,6,5,0,6.7,36,24
1983,6,6,0,5.2,33.5,24
1983,6,7,0,2.2,25,22
1983,6,8,0,4.6,30,21
1983,6,9,0,6.3,34.5,24
1983,6,10,0,6.6,34,22
1983,6,11,0,6,33.5,22
1983,6,12,0,5.5,34,23
1983,6,13,0,5.4,35,23
1983,6,14,0,4.6,34,24
1983,6,15,0,4.8,33,24
1983,6,16,0,5.1,35,23
1983,6,17,0,5.3,34.5,23
1983,6,18,0,5.2,36.5,22
1983,6,19,0,6.5,36,24
1983,6,20,0,5.1,33.5,24.5
1983,6,21,0,5.3,34,23
1983,6,22,0,5.1,35,24
1983,6,23,0,5.4,36,24
1983,6,24,0,5.5,36,25
1983,6,25,0,6.1,35.5,23.5
1983,6,26,0,6.7,38,24
1983,6,27,0,6.1,39,24.5
1983,6,28,0,6.3,36.5,25
1983,6,29,15.7,7.7,36,24
1983,6,30,21.9,7.1,36,24.5
1983,8,1,0,5.6,33,23
1983,8,2,0,6.2,34.5,21.5
1983,8,3,10,4.3,33.5,24
1983,8,4,16,5.4,32.5,23
1983,8,5,0,1.2,28.5,23
1983,8,6,0,1.2,30.5,24
1983,8,7,0,2.6,32.5,23
1983,8,8,10,2.5,31,23
1983,8,9,0,5.1,32.5,21
1983,8,10,0,1.2,33,24
1983,8,11,0,4.3,32.5,23
1983,8,12,10,4.2,31.5,23
1983,8,13,0,3.6,33,23
1983,8,14,0,4.3,32,23
1983,8,15,0,4.8,32.5,23
1983,8,16,0,4.6,34,23
1983,8,17,0,4.3,33,24
1983,8,18,0,5.3,34.5,23
1983,8,19,0,5.6,35,24
1983,8,20,0,2.4,33,23
1983,8,21,0,6.5,34,24
1983,8,22,0,3.3,33.5,24
1983,8,23,0,5.1,34,25
1983,8,24,0,3.2,32,23
1983,8,25,0,1.4,32,23
1983,8,26,10,3.1,31.5,24
1983,8,27,20,3.6,34.5,24
1983,8,28,0,4.8,33.5,24
1983,8,29,0,3.7,33.5,24
1983,8,30,0,4,34,23
1983,8,31,0,4.9,34.5,23.5
1983,9,1,0,7.3,34.5,24
1983,9,2,0,3.3,34,24
1983,9,3,0,6.5,34.5,23
1983,9,4,0,6.3,35,23
1983,9,5,0,6.7,33,25
1983,9,6,12.1,7.7,34.5,24
1983,9,7,13.6,5.3,33,23
1983,9,8,8.6,2.7,30,24
1983,9,9,7.6,4.7,33,23
1983,9,10,5.8,3.7,32.5,24.5
1983,9,11,0,3.6,32.5,24
1983,9,12,0,3.7,31.5,24
1983,9,13,45.5,2.2,32,23
1983,9,14,0,1.5,28,23
1983,9,15,0,4.3,32,24
1983,9,16,0,4.4,32.5,23
1983,9,17,17.3,5.1,33.5,24
1983,9,18,0,3,32,22
1983,9,19,0,4.2,31.5,23
1983,9,20,0,5.5,33.5,22.5
1983,9,21,0,7.2,26.5,23
1983,9,22,0,3.5,27.5,20
1983,9,23,50.5,3.3,27,21
1983,9,24,19,1.4,26.5,20
1983,9,25,65.7,2,28.5,20
1983,9,26,5.8,13.1,29,22.5
1983,9,27,15,2.3,29,23
1983,9,28,0.7,2.8,29.5,22
1983,9,29,13.4,3.1,30,23
1983,9,30,0,4.7,30.5,22
1983,10,1,1,2.7,30.5,21
1983,10,2,0,3.7,31,22
1983,10,3,0,3.5,31,20
1983,10,4,0,4.1,31.5,21
1983,10,5,0,3.4,32,22
1983,10,6,0,2.8,31.5,21.5
1983,10,7,0,5.2,32.5,22
1983,10,8,0,3.3,32,20
1983,10,9,0,3.6,32,22
1983,10,10,0,3.4,30,22
1983,10,11,0,3.3,31.5,20
1983,10,12,0,1,28.5,20
1983,10,13,0,1.7,26,18
1983,10,14,0,2,29,16.5
1983,10,15,8.3,2.8,30.5,18
1983,10,16,12.7,2.8,30,19
1983,10,17,17.3,2.3,31,23
1983,10,18,3.5,2.5,30,22
1983,10,19,0,2.1,31,22
1983,10,20,0,2.4,32,23
1983,10,21,10,3.5,31.5,23
1983,10,22,5,1.4,26.5,20
1983,10,23,0,1.5,27,21
1983,10,24,0,2.5,29.5,20
1983,10,25,0,2.7,27.5,20
1983,10,26,0,2.7,26.5,18
1983,10,27,0,1.7,26,16.5
1983,10,28,0,2.5,27.5,16
1983,10,29,0,2.5,27,17
1983,10,30,7.3,0.5,26,18
1983,10,31,3,0.9,27.5,19
1983,11,1,0.3,3.6,30,21
1983,11,2,0,3.4,29,20
1983,11,3,4.2,1.8,30.5,20
1983,11,4,0,3.8,30,20
1983,11,5,0.7,2.1,30.5,21
1983,11,6,0,2.9,31.5,21
1983,11,7,0,3.5,29.5,20
1983,11,8,0,1.2,27,22
1983,11,9,2.5,4.3,31,22
1983,11,10,0,2.3,25,18
1983,11,11,0,3.5,26.5,18
1983,11,12,0,3.2,28,16
1983,11,13,0,3.2,30.5,15
1983,11,14,0,4,31,17
1983,11,15,0,5.2,29,20
1983,11,16,0,5.3,27,18
1983,11,17,0,5.2,26,18
1983,11,18,0,1.9,28,16
1983,11,19,0,2.7,31,17
1983,11,20,0,1.5,25.5,18
1983,11,21,0,2,29,16.5
1983,11,22,0,3.3,31,18
1983,11,23,0,6.6,26,22
1983,11,24,0,2.8,25,17
1983,11,25,0,4.8,24,16
1983,11,26,0,4.1,30,17
1983,11,27,0,4.4,23.5,16.5
1983,11,28,0,2.8,24,17
1983,11,29,2,1.6,23.5,18
1983,11,30,0,2.4,28,18.5
1983,12,16,0,2.33,25.5,18.5
1983,12,17,1.7,1.67,25.5,14.5
1983,12,18,0.2,1.84,30,15
1983,12,19,0,0.16,19.5,11.5
1983,12,20,1.9,1.82,25,11
1983,12,21,0.01,1.68,17,11
1983,12,22,0,1.35,20,15.5
1983,12,23,0.01,1.33,30,11
1983,12,24,0,3.15,17.5,9
1983,12,25,4.8,0.77,28.5,4.5
1983,12,26,23,1.18,14,0.5
1983,12,27,0,1.88,11.5,5
1983,12,28,0,3.36,14,9.5
1983,12,29,0.01,2.04,28,7
1983,12,30,0,1.06,34,4.5
1983,12,31,0,1.78,20,5
1984,1,1,1.3,0.69,24.5,9.5
1984,1,2,13.4,0.53,18.5,11.5
1984,1,3,5.8,1.71,20,15.5
1984,1,4,0.01,1.84,21.5,15.5
1984,1,5,0.01,0.16,26,13
1984,1,6,0.01,2.26,28.5,13.5
1984,1,7,0,1.49,27.5,13.5
1984,1,8,0,0.74,28,17.5
1984,1,9,0,1.11,29.5,16.5
1984,1,10,0,0.6,18,12.5
1984,1,11,0,2.35,17.5,10
1984,1,12,0,1.36,20,9.5
1984,1,13,0,0.31,17.5,11
1984,1,14,0.3,1.22,20,14.5
1984,1,15,0,1.05,18,12.5
1984,1,16,0.01,1.37,21,13
1984,1,17,0,1.66,24.5,13.5
1984,1,18,0,0.83,15.5,10
1984,1,19,2.2,1.02,15,9.5
1984,1,20,2.9,0.27,13.5,9
1984,1,21,1.9,1.51,11,6
1984,1,22,0,0.5,18.5,6
1984,1,23,0,1.35,23,9
1984,1,24,0.1,0.39,23.5,13.5
1984,1,25,9.9,0.99,18.5,15
1984,1,26,0,1.07,21,13.5
1984,1,27,0,1.11,22,11.5
1984,1,28,0,0.8,24.5,13
1984,1,29,0,1.23,27.5,16.5
1984,1,30,12.6,1.25,20.5,12.5
1984,1,31,7.7,0.31,18,10.5
1984,2,1,1.8,1.6,15,10
1984,2,2,0.01,1.35,23.5,10.5
1984,2,3,0,1.36,20.5,14
1984,2,4,0.01,2.56,22,9.5
1984,2,5,9.7,3.03,18.5,10
1984,2,6,2.6,3.1,16,13.5
1984,2,7,3.8,2.35,16.5,12
1984,2,8,0.01,3.24,21.5,12.5
1984,2,9,0.01,0.82,26.5,13
1984,2,10,0,2.67,26.5,15
1984,2,11,0,1.8,28,15.5
1984,2,12,0,1.96,25.5,17.5
1984,2,13,0.01,2.47,28.5,13.5
1984,2,14,0.01,2.87,29.5,13
1984,2,15,0.01,1.48,29.5,15
1984,2,16,0,3.16,28.5,16.5
1984,2,17,0,2.33,28.5,18
1984,2,18,0,2.93,26,18.5
1984,2,19,0,2.4,28,17
1984,2,20,3.7,1.03,19,12.5
1984,2,21,0,0.57,17.5,10
1984,2,22,0,2.59,23,10.5
1984,2,23,0,4.26,24,10
1984,2,24,0,1.78,23.5,11.5
1984,2,25,0,2.48,26,15.5
1984,2,26,0,5.94,35.5,15
1984,2,27,0,4.85,21.5,10.5
1984,2,28,0,3.81,23,8
1984,2,29,4.5,0.34,17,10
1984,3,1,0,2.31,24.5,12.5
1984,3,2,0,3.18,30,14.5
1984,3,3,0,3.49,28.5,16
1984,3,4,0.01,3.23,34,17.5
1984,3,5,0,2.63,31.5,13
1984,3,6,0,0.6,20.5,11.5
1984,3,7,0,3.92,21,12
1984,3,8,0.01,2.21,21.5,13
1984,3,9,0,3.01,21.5,15
1984,3,10,0.01,2.25,30,16
1984,3,11,0.01,1.26,28.5,17
1984,3,12,0.01,5.22,32.5,18.5
1984,3,13,0,3.56,30.5,18.5
1984,3,14,0,1.26,28.5,21
1984,3,15,0,5.14,31.5,19
1984,3,16,0,4.46,31.5,20.5
1984,3,17,0,2.58,31.5,21
1984,3,18,0,3.34,31.5,18.5
1984,3,19,0,5.67,30.5,18
1984,3,20,0,5.54,28,16
1984,3,21,0,4.36,26,11.5
1984,3,22,0.01,2.92,33.5,13
1984,3,23,0,4.82,36.5,16.5
1984,3,24,0,4.82,30.5,19.5
1984,3,25,0,2.7,30,18.5
1984,3,26,0.01,2.64,29,20
1984,3,27,0,7.89,43.5,17
1984,3,28,0,5.36,30,15
1984,3,29,0,5.95,29,12.5
1984,3,30,0,4.25,28,14.5
1984,3,31,0,5,32,17
1984,4,1,0,4.61,31.5,18.5
1984,4,2,0,4.68,33.5,18.5
1984,4,3,0,7.03,31,20.5
1984,4,4,0,2.43,30.5,20
1984,4,5,0,5.27,30.5,20
1984,4,6,0,3.4,28.5,17.5
1984,4,7,0,4.96,30,18.5
1984,4,8,0,6.35,35.5,15
1984,4,9,0,7.47,33.5,15.5
1984,4,10,0,3.63,35,17.5
1984,4,11,0,6.24,35.5,19.5
1984,4,12,0,4.1,40,20
1984,4,13,0.01,5.23,34.5,23
1984,4,14,0,4.77,33,23.5
1984,4,15,0,4.66,32.5,20.5
1984,4,16,0,8.12,32,18
1984,4,17,0,4.31,33,15
1984,4,18,0.01,6.07,37.5,17
1984,4,19,0.01,4.85,36,19
1984,4,20,0,4.7,38.5,18.5
1984,4,21,0,4.68,35,17.5
1984,4,22,0,5.54,31.5,20
1984,4,23,0,2.95,28.5,19
1984,4,24,0,5.06,33.5,17
1984,4,25,0,6.13,37,18.5
1984,4,26,0,6.52,44,22.5
1984,4,27,0,7.01,45,22
1984,4,28,0,6.21,40,23.5
1984,4,29,0,6.23,40,22.5
1984,4,30,0,3.7,34.5,23
1984,5,1,0,6.91,33,25.5
1984,5,2,0,7.05,42,25
1984,5,3,0,10.85,44.5,24
1984,5,4,0,8.04,37.5,21.5
1984,5,5,0,6.74,40,23
1984,5,6,0,4.91,41,25
1984,5,7,1.1,5.3,38.5,24
1984,5,8,20.5,6.4,29.5,23
1984,5,9,0,5.75,32,19
1984,5,10,0,5.93,32.5,16
1984,5,11,0,5.04,35,18.5
1984,5,12,3.2,3.21,32.5,21.5
1984,5,13,0.01,1.51,29.5,22.5
1984,5,14,12.5,2.81,30,21.5
1984,5,15,0,3.91,30.5,22
1984,5,16,0,4.83,34,22
1984,5,17,5.9,5.34,33,23
1984,5,18,0,2.84,33,21.5
1984,5,19,0,6.26,34,24
1984,5,20,1,4.01,34.5,23
1984,5,21,0,5.26,35.5,20.5
1984,5,22,0,7.74,38.5,23
1984,5,23,5.1,6.26,36.5,25
1984,5,24,0,4.85,33.5,23
1984,5,25,0,6.11,35.5,21
1984,5,26,0.01,1.53,34,23
1984,5,27,4.1,4.12,31.5,22.5
1984,5,28,32,1,32,22.5
1984,5,29,7,3.93,26,22
1984,5,30,0,3.93,28.5,21.5
1984,5,31,0,4.13,29.5,19.5
1984,6,1,0,4.55,31.5,17.5
1984,6,2,0,4.87,33,18
1984,6,3,0,4.85,31.5,21.5
1984,6,4,0,4.75,33.5,22.5
1984,6,5,0.01,3.52,33.5,23
1984,6,6,0,4.64,33,23.5
1984,6,7,0,5.14,34,23
1984,6,8,0,7.4,36.5,23.5
1984,6,9,3,5.65,34.5,24
1984,6,10,1.2,3.49,32.5,24.5
1984,6,11,29,1.14,33.5,22.5
1984,6,12,30.3,1.82,28.5,21.5
1984,6,13,42.1,2.59,27.5,22.5
1984,6,14,10,3,27.5,22.5
1984,6,15,0,1.93,30.5,22.5
1984,6,16,0.01,4.84,31,21.5
1984,6,17,0.9,4.09,30,22.5
1984,6,18,1.8,5.22,30,23
1984,6,19,0.5,4.85,32.5,23.5
1984,6,20,12.4,4.71,26.5,23
1984,6,21,0,3.27,31.5,22.5
1984,6,22,0.01,4.3,29.5,22.5
1984,6,23,0.01,4.72,29,21.5
1984,6,24,0,5.29,30.5,22.5
1984,6,25,0,7.69,33,23
1984,6,26,0,7.12,36.5,22.5
1984,6,27,0,4.52,34,23.5
1984,6,28,0,4.85,33,23
1984,6,29,0,4.96,34,26
1984,6,30,0,6.95,32.5,25.5
1984,7,1,0.01,5.05,35,25.5
1984,7,2,8.4,6.16,32.5,22
1984,7,3,37.5,1,31.5,22
1984,7,4,5.8,4.42,31.5,22.5
1984,7,5,19.3,2.45,29,23.5
1984,7,6,15.5,3.83,31.5,23
1984,7,7,23,3.91,28.5,21.5
1984,7,8,17.2,2.13,29,23
1984,7,9,19.4,3.59,28,23
1984,7,10,1.1,3.59,28.5,22.5
1984,7,11,2.2,3.24,29,22.5
1984,7,12,18.2,4.18,27.5,23
1984,7,13,76.5,3.04,28.5,22
1984,7,14,8.1,2.39,25.5,22.5
1984,7,15,3.5,3.3,28.5,22
1984,7,16,0,3.3,31.5,22
1984,7,17,0,4.68,32,23
1984,7,18,0,3.48,33.5,21.5
1984,7,19,0,4.75,32.5,22.5
1984,7,20,0,4.11,35,22.5
1984,7,21,0,4.77,33.5,23
1984,7,22,0,5.36,35,23
1984,7,23,0,6.81,36,21
1984,7,24,0.01,4.13,33,22.5
1984,7,25,61.2,6.86,34,22.5
1984,7,26,0.01,4.61,31,23
1984,7,27,0.01,5.64,34,22.5
1984,7,28,0,5.07,33.5,23
1984,7,29,0.01,5.23,30,23.5
1984,7,30,0,5.28,34.5,23.5
1984,7,31,0,4.7,34.5,23
1984,8,1,0,5.52,35,24
1984,8,2,2.4,2.24,34.5,23.5
1984,8,3,4.3,2.64,31.5,24.5
1984,8,4,0,4.08,32,22
1984,8,5,2.2,2.04,33.5,22.5
1984,8,6,0,1.86,29,22.5
1984,8,7,0,3.42,34,23.5
1984,8,8,0,4.87,34.5,23.5
1984,8,9,15,2.26,32,23
1984,8,10,20.1,3.05,31,23
1984,8,11,0,4.12,33,22.5
1984,8,12,0,3.26,33.5,22.5
1984,8,13,0,5.43,33.5,22.5
1984,8,14,0.01,3.24,33.5,23
1984,8,15,6.3,0.17,31.5,22
1984,8,16,51,4.19,30,21.5
1984,8,17,0.01,4.09,31.5,23
1984,8,18,0,1.93,34.5,22.5
1984,8,19,0.01,7.94,29,23
1984,8,20,0.01,7.41,34.5,22.5
1984,8,21,12,2.1,34,23.5
1984,8,22,45.8,3.25,28,23
1984,8,23,12.4,2.44,29.5,22.5
1984,8,24,0,2.8,32,23
1984,8,25,0.01,2.84,33.5,23.5
1984,8,26,10.5,4.02,31.5,22.5
1984,8,27,0.2,7.32,31,23
1984,8,28,0.01,2.52,32.5,23
1984,8,29,0.01,3.47,34,22
1984,8,30,0.01,4.72,35,22.5
1984,8,31,0,4.09,33,23.5
1984,9,1,0,NULO,32.5,23
1984,9,2,1.2,NULO,34,23.5
1984,9,3,65.2,NULO,30,25
1984,9,4,97.7,NULO,27.5,23.5
1984,9,5,57.7,NULO,26.5,23
1984,9,6,36.8,NULO,25,22
1984,9,7,29.4,NULO,26,22.5
1984,9,8,3.6,NULO,27.5,23.5
1984,9,9,20.8,NULO,27,24
1984,9,10,0,NULO,30,22
1984,9,11,12,NULO,28.5,23.5
1984,9,12,32.8,NULO,25.5,21.5
1984,9,13,45.8,NULO,28,22
1984,9,14,18.1,NULO,28.5,22.5
1984,9,15,14,NULO,27,22.5
1984,9,16,3.8,NULO,28.5,21.5
1984,9,17,0,NULO,28.5,21
1984,9,18,0,NULO,28.5,21.5
1984,9,19,0,NULO,30.5,21.5
1984,9,20,0,NULO,32,20.5
1984,9,21,0,NULO,33.5,21
1984,9,22,0.01,NULO,31.5,22.5
1984,9,23,0,NULO,33,23
1984,9,24,0,NULO,33.5,24
1984,9,25,8,NULO,32.5,24.5
1984,9,26,0,NULO,33.5,24
1984,9,27,3.3,NULO,29,23.5
1984,9,28,0,NULO,32.5,22
1984,9,29,15.5,NULO,30,17.5
1984,9,30,2.3,NULO,23,17
1984,10,1,1.4,0.97,21.5,18
1984,10,2,0,1.46,28.5,18.5
1984,10,3,0,3.43,30.5,19
1984,10,4,0.01,2.55,32.5,19
1984,10,5,1.4,2.72,32,21
1984,10,6,0.01,1.8,32,23.5
1984,10,7,0.01,3.92,33.5,23
1984,10,8,0,3.09,30.5,22.5
1984,10,9,0,3.82,32.5,20
1984,10,10,0,5.29,33,21
1984,10,11,1.6,1.89,30,20.5
1984,10,12,0.01,3.83,33,20.5
1984,10,13,0,2.47,31,19.5
1984,10,14,0,3.58,34,22
1984,10,15,0,5.06,35.5,23.5
1984,10,16,0,3.27,33.5,24
1984,10,17,0,4.72,33,25.5
1984,10,18,0,1.3,33,25
1984,10,19,0,3.02,33.5,24.5
1984,10,20,0,3.47,33,22.5
1984,10,21,0,3.69,32,24
1984,10,22,3.9,3.23,34.5,24.5
1984,10,23,8.3,1.17,26,19.8
1984,10,24,0.01,0.62,26.5,19
1984,10,25,0.01,2.68,31.5,19.5
1984,10,26,0,2.88,30,21
1984,10,27,0,2.29,33.5,22
1984,10,28,0.8,3.21,33.5,21.5
1984,10,29,33.3,2.38,31.5,22.5
1984,10,30,0.1,0.56,28.5,21
1984,10,31,0,2.46,32,21.5
1984,11,1,0,3.94,33.5,22
1984,11,2,0,1.68,32.5,20
1984,11,3,0,2.4,28.5,20.5
1984,11,4,0.01,3.35,32.5,20
1984,11,5,0,3.48,30,20
1984,11,6,0,2.94,29.5,17
1984,11,7,0,2.49,32,17
1984,11,8,0,4.18,30.5,18
1984,11,9,0,2.78,31.5,19
1984,11,10,0.5,1.25,27,18.5
1984,11,11,0,0.58,24.5,18
1984,11,12,0,1.2,30.5,18.5
1984,11,13,0,2.14,26,19
1984,11,14,0,1.78,28.5,18.5
1984,11,15,0,3.06,30,17
1984,11,16,0.01,3.32,30,17.5
1984,11,17,0,4.3,29,18
1984,11,18,8.3,2.38,28.5,17.5
1984,11,19,0,1.87,22.5,17.5
1984,11,20,8.9,1.64,20.5,14
1984,11,21,0.5,1.49,17.5,10.5
1984,11,22,0.01,0.14,16,11
1984,11,23,0,1.31,23,12
1984,11,24,0,2.14,26.5,14.5
1984,11,25,0,1.27,27,14.5
1984,11,26,0,1.63,29.5,15.5
1984,11,27,0,2.5,22,17
1984,11,28,0,2.95,25,14
1984,11,29,0,0.82,28,14.5
1984,11,30,0,0.75,27.5,16
1984,12,1,0,1.59,30.5,17.5
1984,12,2,0,1.54,28.5,19.5
1984,12,3,0,1.86,26.5,21
1984,12,4,1.4,0.26,26.5,19.8
1984,12,5,0.9,2.09,20.5,15
1984,12,6,0,1.3,20.5,12.5
1984,12,7,0.01,0.37,19.5,11.5
1984,12,8,0,2.45,23.5,12
1984,12,9,0,0.63,28,13
1984,12,10,0,2.3,28,14
1984,12,11,0,2.96,29.5,14
1984,12,12,0.01,2.3,28.5,14.5
1984,12,13,9.1,1.4,32.5,15.5
1984,12,14,0,3.76,31,16
1984,12,15,0,1.19,27.5,19
1984,12,16,0.7,2.62,30,19.5
1984,12,17,0.01,0.65,28.5,20.5
1984,12,18,0,2.36,28,18
1984,12,19,0,2.32,29,18
1984,12,20,0.01,2.37,29,15
1984,12,21,0,2.22,30,15.5
1984,12,22,0.01,0.47,28.5,16.5
1984,12,23,0.01,2.5,29,17.5
1984,12,24,14,1.35,27.5,14.5
1984,12,25,11,1.34,27,16.5
1984,12,26,15.4,2.78,25,19
1984,12,27,1.1,2.22,25,19
1984,12,28,0.2,1.88,28,18
1984,12,29,2.6,2.92,27.5,18.5
1984,12,30,3.6,2.96,27,19.5
1984,12,31,0.01,2.51,29.5,20.5
1985,1,1,0.01,1.35,28.5,16.5
1985,1,2,5.9,0.47,21,12
1985,1,3,0.01,0.81,17.5,7.5
1985,1,4,0,0.74,18.5,3.5
1985,1,5,0,2.23,23,4
1985,1,6,0,3.32,25,5
1985,1,7,0,2.02,27,5.5
1985,1,8,0,1.99,26,8.5
1985,1,9,0,2.01,27.5,10
1985,1,10,0,0.34,27.5,11.5
1985,1,11,19,0.2,19.5,7.5
1985,1,12,10.3,0.09,18,11.5
1985,1,13,0.1,1.74,14.5,7
1985,1,14,0.01,0.62,12,7
1985,1,15,0,0.72,21.5,8.5
1985,1,16,0,2.61,25.5,9
1985,1,17,0,1.03,18,10.5
1985,1,18,0,1.7,23.5,10
1985,1,19,0,2.01,26.5,10.5
1985,1,20,0,0.84,19.5,6.5
1985,1,21,0,0.75,15.5,4
1985,1,22,0.2,0.39,17,5
1985,1,23,0,2.39,22,9.5
1985,1,24,0,0.31,23.5,11.5
1985,1,25,0,2.4,25,14
1985,1,26,0,2.1,23.5,16
1985,1,27,0,0.47,29.5,16.5
1985,1,28,0,1.11,27.5,17.5
1985,1,29,0,3.03,29,20.5
1985,1,30,0,3.32,30.5,18
1985,1,31,0.2,3.27,33,18
1985,2,1,1.3,0.62,33,14
1985,2,2,0.01,0.39,20,9.5
1985,2,3,0,1.39,18.5,5
1985,2,4,0,0.99,24.5,9
1985,2,5,0.3,1.85,26.5,12
1985,2,6,0.01,0.57,23,13
1985,2,7,11.6,0.83,19.5,13.5
1985,2,8,2.8,1,20,12
1985,2,9,0.01,1.47,26.5,12.5
1985,2,10,0.01,0.45,28.5,15
1985,2,11,0,4.37,20,11
1985,2,12,0,2.68,22.5,10.5
1985,2,13,0.01,3.66,24.5,10.5
1985,2,14,0,0.37,21.5,12.5
1985,2,15,0,1.87,22.5,15.5
1985,2,16,0.01,2.54,25,13
1985,2,17,0,0.63,25,13.5
1985,2,18,0.01,2,24.5,14
1985,2,19,0,1.78,27,18
1985,2,20,1.5,1.25,26.5,19.5
1985,2,21,0.3,1.42,25,17.5
1985,2,22,0,0.27,27.5,18
1985,2,23,0.01,2.15,29,19
1985,2,24,1.4,1.51,29.5,19.5
1985,2,25,0.01,1.6,22,15.5
1985,2,26,27.6,0.91,25,16
1985,2,27,10.8,0.88,22.5,17
1985,2,28,NULO,0.72,22.5,18
1985,3,1,0.01,2.08,28,16
1985,3,2,0.01,2.52,28,16
1985,3,3,0,3.89,29.5,16
1985,3,4,0,3.21,29.5,18.5
1985,3,5,1,1.15,27,19
1985,3,6,0.01,1.09,23.5,19.5
1985,3,7,0.01,2.93,30,18
1985,3,8,0.01,2.49,30.5,19
1985,3,9,1.5,3.95,29.5,19.5
1985,3,10,1.8,1.62,27,21
1985,3,11,0.01,1.82,30.5,17
1985,3,12,0,4.22,30.5,17.5
1985,3,13,0,2.38,31,20
1985,3,14,2.1,1.68,27.5,20.5
1985,3,15,0,2.02,24,16
1985,3,16,0.01,1.56,25.5,17.5
1985,3,17,0,2.38,19.5,17
1985,3,18,0,2.17,24.5,14
1985,3,19,0,1.6,28,16
1985,3,20,0.01,4.74,30.5,16
1985,3,21,0,5.81,27,17.5
1985,3,22,0.1,2.92,28.5,19
1985,3,23,0.01,2.68,25.5,20
1985,3,24,0,3.23,29,20
1985,3,25,0,2.51,31,20
1985,3,26,0,5.1,32,21
1985,3,27,0,3.26,32,20.5
1985,3,28,0,4.95,32,21
1985,3,29,0,4.51,33,21
1985,3,30,0,3.28,35,21.5
1985,3,31,0,3.28,25.5,20
1985,4,1,0,5.45,30,17
1985,4,2,0,4.43,30.5,18.5
1985,4,3,0,3.1,30,13
1985,4,4,0,4.97,32.5,16
1985,4,5,0,4.37,34.5,18.5
1985,4,6,6.8,1.45,34,18
1985,4,7,23.1,3.07,32,21
1985,4,8,2,3.84,27.5,22.5
1985,4,9,0,1.71,23.5,19.5
1985,4,10,4,4.94,26.5,18
1985,4,11,3.2,2.98,31,19
1985,4,12,0.8,0.32,26.5,22
1985,4,13,3.8,1.45,28.5,19.5
1985,4,14,0.8,1.45,29,20.5
1985,4,15,0,4.04,31.5,19.5
1985,4,16,0,4.42,32.5,19.5
1985,4,17,0,4.94,32,21.5
1985,4,18,0,4.19,33,20
1985,4,19,0,2.26,30.5,22
1985,4,20,0,4.66,34.5,24
1985,4,21,0,5.08,33.5,23.5
1985,4,22,0,1.65,33.5,24.5
1985,4,23,46.6,4.49,33.5,24
1985,4,24,0.3,3.07,33.5,22
1985,4,25,0,3.73,30,22
1985,4,26,0,4.18,34.5,22.5
1985,4,27,0,5.16,34,23
1985,4,28,0,2.85,33.5,24
1985,4,29,0,5.77,34.5,25
1985,4,30,0,3.57,34.5,24.5
1985,5,1,0,4.43,34,20
1985,5,2,29.2,5.74,34.5,22
1985,5,3,0,4.37,29.5,21
1985,5,4,0,3.26,30,19
1985,5,5,0,2.07,30.5,19.5
1985,5,6,0,4.83,33,22.5
1985,5,7,0,2.29,33,23
1985,5,8,0,3.04,33,22.5
1985,5,9,0,4.35,33.5,21
1985,5,10,0,4.51,34,20.5
1985,5,11,0,5.25,35.5,20.5
1985,5,12,0,5.19,35,24
1985,5,13,0,3.96,35.5,24
1985,5,14,0,4.08,34.5,26
1985,5,15,0,4.08,33.5,26
1985,5,16,0,4.06,32.5,25
1985,5,17,0.01,1.99,30,25.5
1985,5,18,0,2.08,33,23
1985,5,19,0.6,3.93,31,24
1985,5,20,0,3.93,37,25
1985,5,21,7.2,6.11,38.5,26
1985,5,22,0,7.11,34,22
1985,5,23,0,5.12,36,22
1985,5,24,0,5.53,36,24.5
1985,5,25,0,6.33,36.5,24
1985,5,26,0,7.04,33,23
1985,5,27,0,5.42,35.5,23.5
1985,5,28,0.01,4.83,36,22.5
1985,5,29,0,6.46,34.5,24.5
1985,5,30,0,5.13,36,22.5
1985,5,31,0,6.81,34.5,22
1985,6,1,0,3.67,36.5,23.5
1985,6,2,0,4.66,36.5,21.5
1985,6,3,58.6,4.76,35.5,23
1985,6,4,0.01,4.41,32.5,25
1985,6,5,0,5.99,34.5,25.5
1985,6,6,0,3.88,33.5,26
1985,6,7,0,3.88,35,22.5
1985,6,8,0,4.31,36.5,23
1985,6,9,6,5.2,36,22
1985,6,10,0,2.11,36.5,22.5
1985,6,11,0,3.77,38.5,26.5
1985,6,12,0.8,4.78,34.5,24.5
1985,6,13,0,4.44,32.5,24.5
1985,6,14,0,1.84,35.5,23.5
1985,6,15,0,3.4,37,23
1985,6,16,0.6,4.32,33.5,25
1985,6,17,38.4,2.38,35,24
1985,6,18,2.7,4.72,30,24.5
1985,6,19,8,1.51,27.5,24
1985,6,20,0.1,2.11,29.5,23.5
1985,6,21,0,5.25,34.5,23.5
1985,6,22,6,1.42,30.5,26
1985,6,23,2.5,3.68,32,21.5
1985,6,24,0,2.79,32.5,23
1985,6,25,0,4.27,33,23
1985,6,26,0.01,5.55,33,23
1985,6,27,3.5,4.15,32.5,23
1985,6,28,4.5,2.3,30.5,21.5
1985,6,29,0.01,1.73,29.5,22.5
1985,6,30,0,2.1,29,23
1985,7,1,15.6,4.59,32,20.5
1985,7,2,0,4.25,30.5,22.5
1985,7,3,0.01,2.93,33.5,23
1985,7,4,1.1,6.15,34,24.5
1985,7,5,0,2.38,33.5,22
1985,7,6,24.2,4.58,34.5,23
1985,7,7,0.01,5.45,32.5,21
1985,7,8,0,1.21,28,22
1985,7,9,1,5.91,32.5,21
1985,7,10,0,2.04,33.5,21
1985,7,11,0,6.04,33,21.5
1985,7,12,0,3.75,31,22
1985,7,13,58.5,5.15,29,23
1985,7,14,101.1,1.61,27,22.5
1985,7,15,23.2,1.7,26,22
1985,7,16,6.2,2.48,28,21.5
1985,7,17,0,3.73,31.5,22
1985,7,18,0,4.09,32.5,22
1985,7,19,0,2.84,33,22.5
1985,7,20,0.01,4.11,33.5,22
1985,7,21,0,4.01,33,22.5
1985,7,22,0,1.75,32.5,23
1985,7,23,2.1,5.09,35,24
1985,7,24,0.01,1.12,28.5,22.5
1985,7,25,0.01,3.31,32.5,23.5
1985,7,26,6.2,3.92,31.5,22
1985,7,27,13.5,1.51,32,22
1985,7,28,0.01,3.15,33,22.5
1985,7,29,60,6.35,30,23
1985,7,30,2.1,3.2,29,23
1985,7,31,0,4.62,32,22.5
1985,8,1,0,4.61,33,22
1985,8,2,0,2.91,33.5,22
1985,8,3,0,3.12,32.5,22.5
1985,8,4,0,4.71,33,21
1985,8,5,0,4.43,34,22.5
1985,8,6,0,2.71,33,21.5
1985,8,7,0,5.03,34,22.5
1985,8,8,0,5.28,34,22.5
1985,8,9,0,2.75,34,22.5
1985,8,10,0,3.82,35.5,23.5
1985,8,11,0,2.91,33.5,24.5
1985,8,12,0,5.82,35.5,22.5
1985,8,13,0,3.81,34.5,24
1985,8,14,0,4.03,33.5,23.5
1985,8,15,10.4,2.94,33.5,23
1985,8,16,0.01,3.83,33.5,24
1985,8,17,0.01,4.8,33.5,23
1985,8,18,0.01,3.16,33.5,22
1985,8,19,0,3.8,35.5,22.5
1985,8,20,0,4.96,35.5,22.5
1985,8,21,0,3.37,34,23.5
1985,8,22,0,4.44,34.5,21
1985,8,23,9.4,2.32,32.5,23
1985,8,24,0.01,3.9,32,23.5
1985,8,25,0,4.29,33.5,23.5
1985,8,26,24.2,4.45,33,22.5
1985,8,27,0.01,4.38,30.5,22.5
1985,8,28,0.01,2.54,32.5,21.5
1985,8,29,1.1,2.72,33,22.5
1985,8,30,60,3.68,32.5,22.5
1985,8,31,0.01,5.41,33,22.5
1985,9,1,0,4.06,34.5,21.5
1985,9,2,0,6.26,35.5,21.5
1985,9,3,0,3.49,34.5,23
1985,9,4,0,4.91,35.5,25.5
1985,9,5,0,6.35,34.5,24.5
1985,9,6,11.5,4.83,33.5,23.5
1985,9,7,4.2,3.72,34,22.5
1985,9,8,0,5.19,34.5,24.5
1985,9,9,0,5.28,35,22.5
1985,9,10,0,2.49,35.5,23
1985,9,11,0,4.05,35,22.5
1985,9,12,0,3.96,32.5,23
1985,9,13,1.1,1.43,31.5,23.5
1985,9,14,15.6,2.04,31.5,23
1985,9,15,6.3,1.9,28,22.5
1985,9,16,0.01,3.13,30.5,21.5
1985,9,17,0,2.55,33.5,21.5
1985,9,18,1.1,2.59,32.5,22
1985,9,19,10.4,2.39,32.5,22
1985,9,20,0.01,3.63,33,22.5
1985,9,21,0,5.17,33.5,23
1985,9,22,0,5.17,34.5,20.5
1985,9,23,0.01,3.97,35.5,21.5
1985,9,24,5.2,0.6,32.5,22.5
1985,9,25,0,5.41,34.5,21.5
1985,9,26,6.3,3.65,34.5,21.5
1985,9,27,20,2.73,32.5,23.5
1985,9,28,6.2,1.67,31.5,22.5
1985,9,29,0,2.98,33.5,22.5
1985,9,30,17.8,2.21,27.5,23.5
1985,10,1,0,2.13,24.5,18
1985,10,2,0,2.56,30.5,17.5
1985,10,3,0,4.18,30.5,19.5
1985,10,4,42.4,1.34,32.5,21
1985,10,5,0.01,4.34,25,22
1985,10,6,0,2.57,28.5,18.5
1985,10,7,0,0.92,29.5,19.5
1985,10,8,0.01,3.23,30.5,21.5
1985,10,9,0,2.1,33,20
1985,10,10,0,3.71,34,24
1985,10,11,0,3.45,32,22.5
1985,10,12,0,3.43,32,21.5
1985,10,13,0,4.43,35,22
1985,10,14,0,3.39,34.5,23.5
1985,10,15,7,2.4,33,22.5
1985,10,16,0,2.95,31,23
1985,10,17,0,4.25,33,22.5
1985,10,18,3.9,1.67,32.5,22.5
1985,10,19,1.6,2.87,33.5,23
1985,10,20,0,2.25,31.5,22.5
1985,10,21,5.2,1.65,30.5,23
1985,10,22,2.2,3.25,30,22
1985,10,23,0,2.44,31,21.5
1985,10,24,7,4.1,33,22
1985,10,25,0,4.76,32.5,22
1985,10,26,0,1.83,32,21
1985,10,27,0,5.14,32,20
1985,10,28,0,2.79,32,19
1985,10,29,0.01,4,33,18
1985,10,30,0,3.62,32.5,18
1985,10,31,0,4.35,33.5,19
1985,11,1,0,3.33,35,20
1985,11,2,2.7,2.17,27,18.5
1985,11,3,0,1.98,23.5,15.5
1985,11,4,0,4.14,27.5,13
1985,11,5,0,3.15,28.5,12
1985,11,6,0,4.12,30,12.5
1985,11,7,0,4.28,32.5,13
1985,11,8,0,2.98,30.5,17
1985,11,9,0,1.82,32,17.5
1985,11,10,0,3.36,31.5,20
1985,11,11,1.6,1.89,32.5,22
1985,11,12,0.01,2.87,31.5,22
1985,11,13,0,2.38,32.5,22
1985,11,14,0.01,2.68,32,19
1985,11,15,27.4,2.22,32,20
1985,11,16,1.1,3.15,30,21
1985,11,17,0.01,0.21,29.5,22
1985,11,18,0.01,2.83,29.5,19.5
1985,11,19,0.01,2.92,31.5,21
1985,11,20,8.3,1.22,30,20.5
1985,11,21,0,4.42,27.5,17.5
1985,11,22,0,1.44,28.5,18
1985,11,23,0.7,2,32,17
1985,11,24,0.01,1.9,30,20
1985,11,25,0.3,1.99,30.5,21.5
1985,11,26,0.01,1.93,32.5,21
1985,11,27,0,3.66,31,20.5
1985,11,28,0,3.15,28.5,19
1985,11,29,0.01,2.58,30.5,19
1985,11,30,0.01,2.6,32.5,18.5
1985,12,1,0,1.62,29.5,18.5
1985,12,2,0.4,1.36,21,15.5
1985,12,3,0,0.65,23.5,16
1985,12,4,0,1.75,27.5,16
1985,12,5,0,2.3,27.5,12.5
1985,12,6,0,2.24,27,10.5
1985,12,7,0,2.88,28.5,12
1985,12,8,0,1.46,30,14
1985,12,9,0.01,1.43,29.5,16.5
1985,12,10,0,1.98,31.5,17.5
1985,12,11,0,3.3,31,17
1985,12,12,1.4,1.02,22,15.5
1985,12,13,0.01,2.51,20.5,11.5
1985,12,14,0,1.92,18,11.5
1985,12,15,0,1.86,21.5,12
1985,12,16,16.7,1.97,21.5,12.5
1985,12,17,7.3,1.3,18.5,16.5
1985,12,18,4.2,1.09,16.5,14.5
1985,12,19,2.5,1.18,16.5,12
1985,12,20,17,0.64,18.5,12
1985,12,21,29.2,0.73,18.5,15
1985,12,22,2.1,1.16,18.5,16
1985,12,23,0.01,1.99,24.5,16
1985,12,24,0,1.6,27,14.5
1985,12,25,2.8,0.79,19.5,14
1985,12,26,0,0.91,22,14.5
1985,12,27,0,3.17,26,15
1985,12,28,0,1.38,27.5,16
1985,12,29,0,0.83,27.5,16
1985,12,30,0.01,1.37,28.5,19
1985,12,31,0,1.48,28,19
1986,1,1,0,2.38,26.5,18
1986,1,2,0,0.99,25.5,17.5
1986,1,3,0,1.09,27,18
1986,1,4,0.01,2.68,28.5,19
1986,1,5,0,2,20.5,16
1986,1,6,0,2.25,26,13.5
1986,1,7,0,2.01,29,13
1986,1,8,0.01,1.78,15.5,10.5
1986,1,9,0,0.77,14.5,9
1986,1,10,0,2.29,20,9
1986,1,11,0,2.22,24,5.5
1986,1,12,0,2,24.5,6
1986,1,13,0,2.91,26,6.5
1986,1,14,0,2.7,26.5,5.5
1986,1,15,0,2.6,28,6.5
1986,1,16,0,1.24,27.5,8
1986,1,17,0.01,1.93,27.5,12
1986,1,18,0,3.1,28,12.5
1986,1,19,0,2.14,29.5,11.5
1986,1,20,0,1.75,28.5,11.5
1986,1,21,0,3.51,28.5,12.5
1986,1,22,0,2.25,25,13
1986,1,23,0,0.63,23,15
1986,1,24,0.01,1.63,29,13
1986,1,25,0,1.89,28.5,13
1986,1,26,0,3.88,23.5,15.5
1986,1,27,0,3.66,26,12
1986,1,28,0,2.26,26.5,10
1986,1,29,0,3.46,25.5,11.5
1986,1,30,0,1.64,25.5,11.5
1986,1,31,0,2.53,27.5,12.5
1986,2,1,0,1.5,27.5,13.5
1986,2,2,0.01,1.73,28.5,16
1986,2,3,0,0.67,29,20
1986,2,4,0,2.4,31,18
1986,2,5,0,1.79,33.5,16
1986,2,6,0,3.34,30.5,15.5
1986,2,7,0,3.02,33,14.5
1986,2,8,0,1.43,30.5,16.5
1986,2,9,0,3.11,24.5,16.5
1986,2,10,0.01,1.36,21.5,12.5
1986,2,11,1.3,0.34,19,11
1986,2,12,5.4,0.94,16.5,11.5
1986,2,13,0.9,1.41,19.5,13
1986,2,14,0.01,0.76,30.5,15
1986,2,15,0,1.29,31,16.5
1986,2,16,0,2.33,31.5,15.5
1986,2,17,0,2.98,32.5,15.5
1986,2,18,0.01,4.81,34,20
1986,2,19,0.01,2.84,34.5,17.5
1986,2,20,0,4.05,32,16
1986,2,21,0,2.46,32.5,16
1986,2,22,0.01,2.31,22.5,13
1986,2,23,0,2.68,28.5,12
1986,2,24,0.01,4.21,31,10.5
1986,2,25,0.01,5.36,31,11
1986,2,26,0.01,3.4,33.5,11.5
1986,2,27,0,6.48,36,13.5
1986,2,28,0,3.93,26,16
1986,3,1,0,2.96,27.5,11.5
1986,3,2,0,4.12,29.5,11.5
1986,3,3,0,4.05,29.5,14
1986,3,4,0.01,2.7,29,15
1986,3,5,0.01,1.32,26.5,18.5
1986,3,6,0.01,0.52,29.5,19
1986,3,7,0,4.79,30.5,18
1986,3,8,0.01,5.02,32.5,19.5
1986,3,9,0,3.99,34,19
1986,3,10,0,4.88,33.5,20.5
1986,3,11,0,5.22,35.5,19
1986,3,12,0,6.7,32,16
1986,3,13,0,3.54,34.5,17
1986,3,14,0,5.79,31,18
1986,3,15,0,5.57,32,21.5
1986,3,16,0,4.08,33,18
1986,3,17,0,5.2,33.5,19.5
1986,3,18,0,4.62,38.5,19.5
1986,3,19,0,4.14,32.5,19
1986,3,20,0,2.31,26,14.5
1986,3,21,0,4.32,25.5,12
1986,3,22,0,2.2,26,11
1986,3,23,0,3.38,28,13
1986,3,24,0,3.2,28,13
1986,3,25,0,3.43,27,14
1986,3,26,0,2.63,30.5,15.5
1986,3,27,0,2.63,27.5,17
1986,3,28,2.8,1.9,28,16.5
1986,3,29,0,3.67,30.5,15
1986,3,30,0,3.38,31.5,15
1986,3,31,0,5.76,32.5,16
1986,4,1,0,3.71,33,19
1986,4,2,0,3.93,31.5,20
1986,4,3,0,6.33,37.5,17.5
1986,4,4,0,3.69,33,20
1986,4,5,0.01,2.32,33.5,22.5
1986,4,6,0,5.55,32,23.5
1986,4,7,0,4.3,35.5,23.5
1986,4,8,0,6.23,35.5,19.5
1986,4,9,0,2.08,36.5,19
1986,4,10,0,3.93,33.5,20
1986,4,11,0,3.11,34.5,21
1986,4,12,0,5.41,35,20.5
1986,4,13,0,6.08,36,23
1986,4,14,0,5.77,38,22
1986,4,15,0,3.01,30.5,23.5
1986,4,16,0,4.19,32.5,21
1986,4,17,0,3.79,32.5,23
1986,4,18,0.01,4.26,35,21.5
1986,4,19,0,1.24,37,23
1986,4,20,0,4.59,27.5,22
1986,4,21,0,4.45,31.5,20
1986,4,22,0.01,5.19,32.5,21
1986,4,23,0,5.09,31,21.5
1986,4,24,4.2,3.87,30.5,21
1986,4,25,0,4.37,33.5,22
1986,4,26,0,3.42,34.5,21
1986,4,27,0,3.69,37.5,22.5
1986,4,28,0,4.94,36.5,23
1986,4,29,2.1,4.97,33.5,24.5
1986,4,30,0,4.41,35.5,22
1986,5,1,0,2.09,37.5,23.5
1986,5,2,0,1.67,32.5,22.5
1986,5,3,0,4.34,33,23
1986,5,4,0,6.88,34,21
1986,5,5,0,3.87,35,21.5
1986,5,6,0,4.3,36.5,22.5
1986,5,7,0,4.28,34.5,23
1986,5,8,0,4.12,34.5,24
1986,5,9,0,4.05,35,25.5
1986,5,10,0.01,5.2,36.5,23.5
1986,5,11,0,5.45,33.5,24.5
1986,5,12,0,4.05,34.5,24
1986,5,13,0,4.73,35.5,24.5
1986,5,14,0,5.19,35.5,26.5
1986,5,15,0,4.27,38.5,24.5
1986,5,16,0,5.09,37.5,26.5
1986,5,17,1.1,5.49,37,25.5
1986,5,18,0,6.22,28.5,24
1986,5,19,0,5.33,29.5,20.5
1986,5,20,0,4.4,31.5,19.5
1986,5,21,0,4.91,35.5,19
1986,5,22,0,6.15,36,21
1986,5,23,0,5.81,36.5,24
1986,5,24,0,6.57,36,25.5
1986,5,25,0,6.1,35.5,24.5
1986,5,26,0,5.43,34.5,24
1986,5,27,22.1,3.75,34.5,24
1986,5,28,18.7,3.77,31.5,23
1986,5,29,17.7,3.86,30.5,23
1986,5,30,0,3.04,32.5,24.5
1986,5,31,0,2.97,34,22
1986,6,1,4.7,5,35.5,23
1986,6,2,9.4,3.82,32,25.5
1986,6,3,84.7,2.11,30,24.5
1986,6,4,0,4.27,31,24.5
1986,6,5,0,5.85,34,25
1986,6,6,0,4.49,35.5,24.5
1986,6,7,0,5.47,34.5,24
1986,6,8,0,3.53,33.5,25.5
1986,6,9,0,3.79,34.5,24.5
1986,6,10,0,2.76,35,25
1986,6,11,6.2,3.16,31,25.5
1986,6,12,18.7,3.14,31.5,24
1986,6,13,0,3.1,32.5,23.5
1986,6,14,0,6.96,34,23
1986,6,15,0,2.72,34.5,24
1986,6,16,0,5.01,35.5,23.5
1986,6,17,0,5.35,35.5,24
1986,6,18,0,4.9,35,23.5
1986,6,19,0,4.92,35.5,23.5
1986,6,20,0,4.11,34.5,24
1986,6,21,2.1,4.31,33,24.5
1986,6,22,3.1,1.28,32.5,24.5
1986,6,23,0.01,0.67,32.5,23
1986,6,24,0.01,3.76,33,23.5
1986,6,25,6.3,1.5,32,23
1986,6,26,6.6,6.18,31.5,22.5
1986,6,27,26.2,6.94,29.5,23
1986,6,28,0.01,5.28,32,22
1986,6,29,0,5.58,33.5,24
1986,6,30,0,3.96,33.5,23.5
1986,7,1,2.1,2.57,32,25.5
1986,7,2,0,1.95,28.5,22.5
1986,7,3,0,3.26,34.5,23
1986,7,4,0,4.91,34.5,23
1986,7,5,0,4.12,33.5,22.5
1986,7,6,7.7,2.17,33.5,22.5
1986,7,7,1.2,3.22,26.5,20.5
1986,7,8,0,2.98,28.5,21.5
1986,7,9,0,3.82,32.5,21.5
1986,7,10,0,3.93,32.5,22.5
1986,7,11,0,2.14,32.5,24
1986,7,12,8.3,3.7,30,24.5
1986,7,13,10.4,4.34,31,22.5
1986,7,14,33.5,2.21,29,22.5
1986,7,15,9.4,3.12,29,20.5
1986,7,16,2,3.01,31.5,20
1986,7,17,0.01,2.1,30.5,23
1986,7,18,0.01,3.35,32.5,24
1986,7,19,0,2.06,32.5,23
1986,7,20,0,6.63,33,21.5
1986,7,21,0,6.01,34,21.5
1986,7,22,0,3.57,33.5,22.5
1986,7,23,0,5.71,34.5,23.5
1986,7,24,0,5.75,34.5,23.5
1986,7,25,0,5.11,33.5,23
1986,7,26,0,3.68,34.5,22.5
1986,7,27,0,5.7,35.5,22.5
1986,7,28,0,4.95,33.5,23
1986,7,29,0,5.07,30,23.5
1986,7,30,0,2.95,35.5,24.5
1986,7,31,0,2.14,34.5,24
1986,8,1,0,6.33,35.5,23.5
1986,8,2,0,5.27,35.5,22.5
1986,8,3,0,4.94,36.5,23.5
1986,8,4,1,3.66,35.5,24
1986,8,5,0,4.5,34.5,22
1986,8,6,0,6.82,34.5,23
1986,8,7,0,5.81,34.5,23
1986,8,8,0,4.99,35.5,24
1986,8,9,0,3.8,34.5,23.5
1986,8,10,21.1,1.48,33.5,23
1986,8,11,0.01,4.62,35.5,23.5
1986,8,12,0,6,34.5,23.5
1986,8,13,0,4.07,36,22.5
1986,8,14,3.1,0.64,31.5,23
1986,8,15,0,3.53,33.5,24
1986,8,16,0,5.24,34.5,24.5
1986,8,17,0,3.43,34,24
1986,8,18,0,4.97,35.5,23.5
1986,8,19,0,5.7,33,22.5
1986,8,20,0,3.03,36.5,22.5
1986,8,21,0,4.92,36,21.5
1986,8,22,0,5.81,34.5,23.5
1986,8,23,20.1,4.67,34.5,22.5
1986,8,24,0.01,1.68,30.5,22.5
1986,8,25,0,2.94,32.5,22.5
1986,8,26,0,4.06,33.5,23.5
1986,8,27,0,2.65,33.5,22.5
1986,8,28,0,6.11,33.5,22.5
1986,8,29,0.01,3.68,34,23.5
1986,8,30,0,3.15,33.5,22
1986,8,31,0,3.19,32.5,22.5
1986,9,1,0,5.18,36.5,22.5
1986,9,2,6.2,1.88,34.5,24
1986,9,3,20.8,1.23,26.5,24.5
1986,9,4,1.1,0.78,28.5,22.5
1986,9,5,0,3.36,32.5,23.5
1986,9,6,0.01,4.93,33,23.5
1986,9,7,13.5,1.25,32,24
1986,9,8,0.01,1.05,31.5,23.5
1986,9,9,0,4.25,32,23.5
1986,9,10,0,3.46,33,23
1986,9,11,0,5.59,33.5,22
1986,9,12,15.6,3.61,31.5,24.5
1986,9,13,0.01,1.39,32.5,22.5
1986,9,14,3.1,4.07,33.5,22.5
1986,9,15,0.01,3.94,33,23
1986,9,16,0.01,2.87,32,22
1986,9,17,0,4.16,34.5,22.5
1986,9,18,1,2.88,33,22
1986,9,19,15.6,3.36,33.5,23.5
1986,9,20,10.4,3.48,30.5,22
1986,9,21,2.1,1.03,31.5,22.5
1986,9,22,16.6,3.03,31.5,23
1986,9,23,0,3.78,33.5,22
1986,9,24,0,4.54,32.5,22
1986,9,25,0,2.79,34.5,23.5
1986,9,26,0.01,3.29,33.5,24.5
1986,9,27,21.1,1.8,32.5,24
1986,9,28,20,4.51,32,23.5
1986,9,29,24.2,1.71,32,23
1986,9,30,0,1.74,31.5,24.5
1986,10,1,0,3.69,33.5,24
1986,10,2,0,3.23,33,24.5
1986,10,3,6.2,3.83,32,23.5
1986,10,4,13.5,3.28,29,24
1986,10,5,21.1,0.95,29,22.5
1986,10,6,10.4,1.26,28,23.5
1986,10,7,0.01,3.23,29.5,22.5
1986,10,8,0,3,31,22
1986,10,9,0,3.78,32.5,22.5
1986,10,10,0,2.91,32,22.5
1986,10,11,0,1.75,31.5,22.5
1986,10,12,0,4.66,33,21.5
1986,10,13,0,0.27,25.5,20.5
1986,10,14,0.01,1.91,22.5,17
1986,10,15,0.01,0.57,23,17.5
1986,10,16,0,0.7,25.5,19.5
1986,10,17,0,3.23,28.5,17.5
1986,10,18,0,2.42,28.5,19.5
1986,10,19,0.01,1.78,28.5,19.5
1986,10,20,0,1.9,29.5,20.5
1986,10,21,0,0.49,29.5,21.5
1986,10,22,0,3.14,30.5,20.5
1986,10,23,0,3.14,33.5,22
1986,10,24,0.01,0.66,28.5,23.5
1986,10,25,0.01,0.99,24.5,21.5
1986,10,26,0,1.89,25,20
1986,10,27,0,2.45,26.5,18.5
1986,10,28,0,2.43,28.5,17.5
1986,10,29,0,2.88,30.5,14.5
1986,10,30,0,4,30,16.5
1986,10,31,0,2.4,29.5,14
1986,11,1,0,3.36,31,18.5
1986,11,2,0,1.81,31.5,20.5
1986,11,3,0,2.19,28.5,22.5
1986,11,4,1.1,1.23,30.5,19
1986,11,5,29.4,0.37,22,18.5
1986,11,6,0,0.46,24,16
1986,11,7,0,2.2,30,17.5
1986,11,8,0.01,2.09,30,20
1986,11,9,27.3,1.14,31.5,21.5
1986,11,10,12.5,2.7,28.5,21.5
1986,11,11,3.1,2.26,25.5,22
1986,11,12,3.1,2.99,23.5,17.5
1986,11,13,10.8,3.28,19,13.5
1986,11,14,7.3,1.28,18,10.5
1986,11,15,0,0.53,27,11
1986,11,16,0,2.33,31,11.5
1986,11,17,0.01,2.49,30,15.5
1986,11,18,0.01,1.75,31.5,20
1986,11,19,0.01,1.3,30,21
1986,11,20,0.01,1.31,26.5,21
1986,11,21,2.1,1.04,27,22
1986,11,22,0.01,1.97,29,20.5
1986,11,23,0.01,0.81,30,20.5
1986,11,24,2.1,2.91,22.5,16.5
1986,11,25,0.01,0.63,20,13
1986,11,26,14.6,1.77,19.5,13.5
1986,11,27,20.8,1,17.5,12
1986,11,28,0.01,1.51,20.5,11.5
1986,11,29,0,3.81,25.5,8.5
1986,11,30,0.01,5.05,27.5,9
1986,12,1,0,2.58,25.5,11.5
1986,12,2,0,0.69,19,14.5
1986,12,3,0,1.07,21,15.5
1986,12,4,10.4,0.98,18.5,16.5
1986,12,5,0,1.18,21.5,17.5
1986,12,6,0,2.25,24.5,18
1986,12,7,0.01,1.61,26,17
1986,12,8,0,1.69,28,16.5
1986,12,9,0,1.48,25.5,16.5
1986,12,10,1,2,20.5,15
1986,12,11,2.1,1.21,20,15
1986,12,12,0.01,1.13,15.5,10.5
1986,12,13,1,0.99,16.5,11
1986,12,14,0,1.06,23.5,13.5
1986,12,15,0.01,1.03,25.5,14.5
1986,12,16,0.01,0.94,25.5,18.5
1986,12,17,0.01,0.48,28.5,19.5
1986,12,18,0.01,0.03,26.5,17
1986,12,19,0.01,0.78,19.5,16.5
1986,12,20,0,0.81,25,15.5
1986,12,21,0.01,0.53,20.5,16.5
1986,12,22,0.01,1.52,22,18
1986,12,23,0,0.41,19,14
1986,12,24,0,0.54,20.5,14.5
1986,12,25,0,1.03,24.5,15.5
1986,12,26,0,0.61,22.5,17.5
1986,12,27,0,1.06,20,15.5
1986,12,28,0,1.7,21.5,15.5
1986,12,29,8.3,0.37,19.5,14.5
1986,12,30,4.2,1.36,18,13.5
1986,12,31,0,1.9,23,10.5
1987,1,1,0,2.34,22.5,12.5
1987,1,2,0,1.01,23.5,10.5
1987,1,3,0,1.54,25.5,12
1987,1,4,0,2.31,23.5,13.5
1987,1,5,0,2.08,26,10.5
1987,1,6,0,1.79,26.5,11
1987,1,7,0,2.27,25.5,13
1987,1,8,0,2.94,25,15
1987,1,9,0,2.33,25.5,13.5
1987,1,10,0,2.22,19.5,10.5
1987,1,11,0.01,3.06,18.5,12.5
1987,1,12,8.3,1.28,13.5,11.5
1987,1,13,0.01,0.25,17,11.5
1987,1,14,0,1.23,23,12.5
1987,1,15,0,1.67,26.5,13
1987,1,16,0,2.32,26.5,13
1987,1,17,0,1.82,28,17.5
1987,1,18,0,1.71,20,15.5
1987,1,19,0,0.67,16.5,11
1987,1,20,0,0.55,17.5,11.5
1987,1,21,6.2,0.64,14.5,8
1987,1,22,0,1.13,18,6.5
1987,1,23,0,1.94,22.5,7.5
1987,1,24,0,2,26,7.5
1987,1,25,0,1.62,24,9.5
1987,1,26,0,4.25,25.5,8
1987,1,27,0,1.5,26.5,9.5
1987,1,28,0,4.14,25.5,10.5
1987,1,29,0.01,1.48,26.5,11.5
1987,1,30,0.01,1.76,26.5,13
1987,1,31,0,3.48,28,16
1987,2,1,0,0.23,27.5,15.5
1987,2,2,0,2.63,22,16.5
1987,2,3,0.01,2.17,24.5,16.5
1987,2,4,0,2.06,31.5,16
1987,2,5,0.01,2.89,30.5,17
1987,2,6,0,1.53,20,16.5
1987,2,7,0,3.38,18.5,12
1987,2,8,0,3.4,23.5,7
1987,2,9,0,2.73,22.5,7.5
1987,2,10,0,3.65,27.5,9
1987,2,11,0,2.68,24.5,9.5
1987,2,12,0,3.71,28,11.5
1987,2,13,0,2.92,29,15
1987,2,14,0,4.24,32.5,17
1987,2,15,0,3.79,30.5,15.5
1987,2,16,0,2.13,31,12.5
1987,2,17,0.01,0.63,23.5,13.5
1987,2,18,2.1,0.88,18.5,15
1987,2,19,0,1.44,24.5,14.5
1987,2,20,0.01,0.46,24.5,11.5
1987,2,21,0.01,0.79,20.5,14.5
1987,2,22,0,0.59,15.5,11.5
1987,2,23,0.01,1.37,22.5,10
1987,2,24,0.01,1.37,30.5,12.5
1987,2,25,0.01,1.11,23.5,15.5
1987,2,26,0,3.51,25.5,18.5
1987,2,27,0,3.49,33.5,17.5
1987,2,28,0,5.56,25,16.5
1987,3,1,0,2.55,28,16.5
1987,3,2,0,1.81,25.5,12.5
1987,3,3,21.1,0.88,23.5,12.5
1987,3,4,2.1,1.41,27,14.5
1987,3,5,0.01,2.6,25.5,11.5
1987,3,6,0,3.89,28.5,8
1987,3,7,0,3.68,27.5,9.5
1987,3,8,0,4.15,30,11.5
1987,3,9,0,2.39,30.5,13.5
1987,3,10,7.3,0.83,22,15.5
1987,3,11,16.6,0.82,21.5,17.5
1987,3,12,2.1,0.3,21.5,13
1987,3,13,1.1,0.19,27.5,13
1987,3,14,0.01,0.4,26,16
1987,3,15,0.01,1.9,28.5,17
1987,3,16,0.01,1.12,28.5,16.5
1987,3,17,0,3.6,28.5,18
1987,3,18,0,3.94,31.5,13.5
1987,3,19,0.01,4.08,32,15
1987,3,20,0.01,1.33,27.5,17.5
1987,3,21,0,3.77,31.5,19
1987,3,22,0.01,2.91,33.5,21
1987,3,23,0,5.46,32.5,19
1987,3,24,0,2.34,28.5,16
1987,3,25,0,2.03,31.5,14.5
1987,3,26,0.01,1.48,29,15
1987,3,27,0.01,0.88,24.5,18
1987,3,28,0.01,1.33,23.5,14.5
1987,3,29,0,5.62,28,11.5
1987,3,30,0,2.38,18.5,10.5
1987,3,31,0,3.98,24.5,6
1987,4,1,0,2.6,28,6
1987,4,2,2.1,5.75,29.5,10.5
1987,4,3,0,2.16,19.5,12.5
1987,4,4,0.01,2.2,25.5,12.5
1987,4,5,0,2.79,29.5,15.5
1987,4,6,2.1,2.71,24.5,17.5
1987,4,7,8.3,2.37,25.5,13.5
1987,4,8,0.01,0.61,23.5,13.5
1987,4,9,0.01,1.25,22.5,14
1987,4,10,0.01,1.02,29,16.5
1987,4,11,0,3.2,26,15.5
1987,4,12,0,1.58,28.5,17.5
1987,4,13,0,2.94,34.5,19.5
1987,4,14,0,1.84,27.5,21.5
1987,4,15,0,3.89,32.5,17.5
1987,4,16,0,4.34,30.5,15.5
1987,4,17,0,3.7,34.5,15
1987,4,18,0,4.03,33.5,18
1987,4,19,0,3.36,33.5,17.5
1987,4,20,0,2.75,33.5,22
1987,4,21,0,0.57,28.5,22
1987,4,22,0,3.76,27.5,20
1987,4,23,0,3.42,24,20
1987,4,24,0,3.42,28.5,19.5
1987,4,25,0,2.1,30,20
1987,4,26,0,3.44,24.5,16.5
1987,4,27,0,3.42,31,17.5
1987,4,28,0,6.61,30.5,18.5
1987,4,29,0,1.48,32.5,15.5
1987,4,30,4,2.52,33.5,18.5
1987,5,1,0,7.12,36,20.5
1987,5,2,0,6.78,38,22.5
1987,5,3,0,3.03,40,22
1987,5,4,0,4.88,36.5,23.5
1987,5,5,2.1,0.83,32.5,25
1987,5,6,1.1,2.97,32.5,22
1987,5,7,0,4.14,29.5,21.5
1987,5,8,0,3.02,28.5,21
1987,5,9,0,5.97,34.5,18.5
1987,5,10,0.01,2.97,33.5,21
1987,5,11,1.1,3.56,33.5,20.5
1987,5,12,0,4.71,30.5,23.5
1987,5,13,0,4.59,31.5,23.5
1987,5,14,0,4.34,37.5,21.5
1987,5,15,0,3.69,32.5,22.2
1987,5,16,0,3.22,37.5,21.5
1987,5,17,0,2,35.5,20
1987,5,18,0,3.36,33.5,22.5
1987,5,19,0,3.59,36,19.5
1987,5,20,0,4.77,36.5,22.5
1987,5,21,0,4.77,36.5,25
1987,5,22,0,4.01,32.5,23.5
1987,5,23,0,6.3,31.5,22.5
1987,5,24,0,6,36.5,22
1987,5,25,0,5.8,36.5,22.5
1987,5,26,0,4.97,36.5,22.5
1987,5,27,0,4.31,37,24.5
1987,5,28,0,3.36,37.5,25.5
1987,5,29,47.7,2.34,37.5,22.5
1987,5,30,0,1.45,30.5,22.5
1987,5,31,5.2,2.09,31.5,20
1987,6,1,2.1,3.71,30.5,24.5
1987,6,2,0,4.55,34.5,23.5
1987,6,3,2.1,3.17,36,24.5
1987,6,4,7.3,2.46,28.5,22.5
1987,6,5,1,1.73,30.5,22
1987,6,6,34.6,1.12,25.5,22.5
1987,6,7,21.1,2.92,23.5,21.5
1987,6,8,0.01,3.79,30.5,21.5
1987,6,9,0,6.14,30.5,22.5
1987,6,10,0,5.35,33.5,23.5
1987,6,11,0.01,4.92,34.5,23.5
1987,6,12,4.2,6.33,31.5,25
1987,6,13,0,5.95,34.5,24.5
1987,6,14,0,5.04,36,23.5
1987,6,15,0,5.46,37,25
1987,6,16,0,4.23,35.5,24.5
1987,6,17,0,5.91,35.5,23
1987,6,18,0,9.21,36.5,24.5
1987,6,19,0,0.67,35.5,23.5
1987,6,20,0,6.46,37.5,22.5
1987,6,21,0,6.37,37.5,22.5
1987,6,22,0,5.77,36.5,23.5
1987,6,23,0,7.51,37.5,23.5
1987,6,24,0,4.15,28.5,24.5
1987,6,25,0,3.12,37,25.5
1987,6,26,0,3.04,38.5,24.5
1987,6,27,0,5.66,35.5,25
1987,6,28,0,4.22,36.5,23.5
1987,6,29,0,5.84,37.5,24.5
1987,6,30,1,2.68,34.5,24.5
1987,7,1,0,3.77,35.5,25
1987,7,2,0,1.99,30.5,23.5
1987,7,3,0.01,3.38,34.5,22.5
1987,7,4,0.01,5.12,33.5,23.5
1987,7,5,113.5,3.41,30.5,23.5
1987,7,6,4.2,1.28,28.5,23.5
1987,7,7,0.01,4.01,30.5,23.5
1987,7,8,3.1,3.05,31.5,23.5
1987,7,9,7.3,3.84,27.5,23.5
1987,7,10,18.7,3.7,29.5,23.5
1987,7,11,0,1.58,31.5,22.5
1987,7,12,0.01,2.4,31.5,22.5
1987,7,13,23.1,2.12,30.5,22.5
1987,7,14,0.01,1.83,31,22.5
1987,7,15,21.1,3.27,30.5,22
1987,7,16,0.01,3.81,30.5,22.5
1987,7,17,0,5.98,31.5,23.5
1987,7,18,0.01,7.02,31.5,23.5
1987,7,19,3.1,4.88,33.5,23.5
1987,7,20,0,5.44,34,22.5
1987,7,21,15.6,4.04,32.5,23
1987,7,22,41.1,3.63,27.5,22.5
1987,7,23,0.01,1.58,29.5,23.5
1987,7,24,18.7,1.7,26.5,21.5
1987,7,25,0.01,3.75,27.5,22.5
1987,7,26,2.1,1.61,30,21.5
1987,7,27,23.2,2.94,26,22.5
1987,7,28,74.4,1.98,25.5,22.5
1987,7,29,16.6,3.18,27.5,22.5
1987,7,30,2.1,4.09,31,22
1987,7,31,6.4,5.41,30,22.5
1987,8,1,0.01,0.53,30.5,23
1987,8,2,0,4.52,31.5,23.5
1987,8,3,0,3.28,30.5,22.5
1987,8,4,0,3.66,32.5,23.5
1987,8,5,0,1.74,31.5,23.5
1987,8,6,0.01,2.05,30,24.5
1987,8,7,11.4,5.84,32.5,21.5
1987,8,8,0,3.59,32.5,23.5
1987,8,9,0,4.93,33.5,22.5
1987,8,10,0,3.42,33.5,22.5
1987,8,11,0,5.16,33.5,24.5
1987,8,12,0,5.07,33.5,24.5
1987,8,13,0,5.37,33.5,23.5
1987,8,14,0,5.33,34.5,24.5
1987,8,15,0,6.25,34.5,24.5
1987,8,16,0,3.28,32.5,24.5
1987,8,17,12.5,5.65,34,23.5
1987,8,18,0,5.4,33,22.5
1987,8,19,0,5.62,33.5,23.5
1987,8,20,31.5,3.33,31.5,23
1987,8,21,0,2.99,32,23.5
1987,8,22,11.4,1.63,31,23.5
1987,8,23,0,2.2,31.5,23.5
1987,8,24,0,2.06,31.5,23.5
1987,8,25,0,1.82,32.5,23.5
1987,8,26,6.2,3.54,32.5,23.5
1987,8,27,0.01,3.19,29.5,22.5
1987,8,28,2.1,4.55,30.5,23
1987,8,29,0,3.11,30.5,23.5
1987,8,30,0,4.04,32.5,22.5
1987,8,31,11.4,2.74,31.5,23.5
1987,9,1,0,2.91,30.5,23
1987,9,2,12.5,4.84,32.5,22.5
1987,9,3,0.01,2.86,30.5,22.5
1987,9,4,0,4.37,32.5,21.5
1987,9,5,0,4.34,32.5,22.5
1987,9,6,0,2.71,33.5,21.5
1987,9,7,0,5.76,34,22.5
1987,9,8,0,5.61,34.5,22.5
1987,9,9,0,5.51,34.5,23.5
1987,9,10,0,4.69,35.5,22.5
1987,9,11,0,6.29,34.5,23.5
1987,9,12,0,5.01,35.5,23.5
1987,9,13,0,5.76,35.5,23.5
1987,9,14,0,3.02,34.5,23.5
1987,9,15,0,3.21,35.5,24
1987,9,16,0,3.71,35.5,23.5
1987,9,17,0,6.47,35.5,23.5
1987,9,18,0,4.67,35.5,23.5
1987,9,19,0,4.17,34.5,23.5
1987,9,20,0,5.04,34.5,24.5
1987,9,21,25.2,2.13,31.5,23.5
1987,9,22,5.2,0.89,29.5,22.5
1987,9,23,0,1.7,26.5,20.5
1987,9,24,0,2.21,28.5,21.5
1987,9,25,0,5.05,31.5,19
1987,9,26,0,4.69,33.5,20.5
1987,9,27,0,5.78,34.5,22.5
1987,9,28,2.1,4.03,33.5,25.5
1987,9,29,3.1,2.77,32.5,24.5
1987,9,30,0,4.08,32.5,22.5
1987,10,1,0,5.95,31.5,18.5
1987,10,2,0,4.71,32.5,16.5
1987,10,3,0,4.94,32.5,18.5
1987,10,4,0,1.98,27.5,19.5
1987,10,5,0,4.08,30.5,19.5
1987,10,6,0,3.28,32.5,20
1987,10,7,0,5.61,32.5,18
1987,10,8,0,4.26,29.5,18.5
1987,10,9,0,3.84,31.5,16.5
1987,10,10,0,5.01,32.5,17.5
1987,10,11,3.1,0.94,28.5,20.5
1987,10,12,0,6.54,31,19.5
1987,10,13,0,4.37,31.5,16
1987,10,14,0,3.11,32.5,18.5
1987,10,15,0,4.47,31.5,18.5
1987,10,16,0,0.51,32.5,17.5
1987,10,17,0,4.76,32.5,17.5
1987,10,18,0,4.74,30.5,18.5
1987,10,19,0,3.83,32.5,18.5
1987,10,20,35.6,4.85,31.5,21.5
1987,10,21,22.1,6.75,24.5,21.5
1987,10,22,0,2.21,29.5,19.5
1987,10,23,0,2.24,30.5,19.5
1987,10,24,0,4.19,31.5,19.5
1987,10,25,0,4.53,31.5,19.5
1987,10,26,0,4.13,32.5,19.5
1987,10,27,0,2.53,31.5,19.5
1987,10,28,0,3.27,28.5,19.5
1987,10,29,0,3.07,30.5,16.5
1987,10,30,0,3.63,29.5,17.5
1987,10,31,0,4.02,30.5,16
1987,11,1,0,2.82,30.5,16.5
1987,11,2,0,5,30.5,16.5
1987,11,3,0,4.01,31,16.5
1987,11,4,0,3.45,31.5,17
1987,11,5,0,4.05,31.5,18.5
1987,11,6,0,3.12,30.5,17.5
1987,11,7,0,3.49,29.5,18.5
1987,11,8,3.2,2.77,20.5,17.5
1987,11,9,0.01,0.6,21.5,19
1987,11,10,6.3,0.62,20,15.5
1987,11,11,5.2,0.31,17.5,14.5
1987,11,12,0.01,3.45,23.5,12.5
1987,11,13,0,3.45,25.5,15.5
1987,11,14,0,1.42,28.5,17.5
1987,11,15,0,3.47,31.5,17.5
1987,11,16,0,3.68,33.5,19.5
1987,11,17,0,1.73,26.5,19.5
1987,11,18,11.4,3.42,29.5,20.5
1987,11,19,0.01,1.51,22.5,17
1987,11,20,0,3.01,23.5,15
1987,11,21,0,2.55,25.5,10.5
1987,11,22,0,7.86,28.5,12
1987,11,23,2.1,1.8,27.5,16.5
1987,11,24,0.01,1.26,26.5,20.5
1987,11,25,0.01,0.25,28.5,16
1987,11,26,0,0.38,30.5,20.5
1987,11,27,0,3.08,28.5,19.5
1987,11,28,0,1.46,22.5,15.5
1987,11,29,0,2.42,23.5,15.5
1987,11,30,0.01,1.3,25,17
1987,12,1,4.2,1.64,19.5,17.5
1987,12,2,0.01,0.9,22.5,16.5
1987,12,3,0.01,1.94,29.5,15.5
1987,12,4,0,4.89,29,16.5
1987,12,5,0,4.06,29.5,15.5
1987,12,6,0.01,4.95,31.5,17.5
1987,12,7,0,5,30.5,15.5
1987,12,8,0.01,5.19,30.5,12.5
1987,12,9,0.01,1.79,21.5,15.5
1987,12,10,0,1.85,22.5,14.5
1987,12,11,0.01,3.26,30,15.5
1987,12,12,0,1.84,28.5,14.5
1987,12,13,0,5.22,30.5,16.5
1987,12,14,0,5.64,30.5,13.5
1987,12,15,0,1.04,18.5,12.5
1987,12,16,0,0.06,17.5,12.5
1987,12,17,7.3,8.54,17.5,13.5
1987,12,18,0.01,0.67,20.5,12.5
1987,12,19,0,0.31,28.5,13.5
1987,12,20,1.1,1.11,26.5,18
1987,12,21,6.2,5.55,24.5,19.5
1987,12,22,1,1,22.5,17
1987,12,23,0,0.97,25.5,17.5
1987,12,24,0,0.02,28.5,19.5
1987,12,25,0,0.15,30.5,21.5
1987,12,26,3.1,3.5,23.5,18
1987,12,27,0,0.09,22.5,15
1987,12,28,0,0.46,22.5,10.5
1987,12,29,0,2.67,20.5,12.5
1987,12,30,0,1.07,18.5,12.5
1987,12,31,0,1.22,26.5,13.5
1988,1,1,0,1.27,23.5,17
1988,1,2,2.1,1.06,19.5,12.5
1988,1,3,0,1.04,19.5,9.5
1988,1,4,0,2.43,20.5,9.5
1988,1,5,0,1.73,21.5,10.5
1988,1,6,0,2.99,25.5,14.5
1988,1,7,0,1.33,22.5,15.5
1988,1,8,2.1,0.54,17.5,11.5
1988,1,9,2.1,0.75,17.5,10.5
1988,1,10,6.2,1.02,12.5,9.5
1988,1,11,0.01,0.61,14.5,9.5
1988,1,12,0.01,0.96,26.5,9.5
1988,1,13,7.3,1.09,19,14
1988,1,14,3.1,1.22,19.5,12.5
1988,1,15,0.01,0.75,19.5,13
1988,1,16,0,0.81,22.5,14
1988,1,17,0.01,2.13,32.5,14.5
1988,1,18,0,1.9,29.5,14.5
1988,1,19,0,5.52,31.5,14.5
1988,1,20,0,6.02,31.5,12.5
1988,1,21,0,3.27,20.5,11.5
1988,1,22,8.3,2.2,15.5,9.5
1988,1,23,1,0.75,13.5,10.5
1988,1,24,0,0.98,19.5,9.5
1988,1,25,0,1.92,16.5,5.5
1988,1,26,0,2.5,22.5,5.5
1988,1,27,0,1.97,20.5,5.5
1988,1,28,3.1,0.63,20.5,8.5
1988,1,29,0,1.56,22,13
1988,1,30,0.01,3.01,24.5,13.5
1988,1,31,0,1.95,27.5,12.5
1988,2,1,0,2.34,27.5,14
1988,2,2,0,1.91,29,9.5
1988,2,3,0,1.91,31.5,10
1988,2,4,4.2,2.12,24.5,13
1988,2,5,10.4,1.71,22.5,10.5
1988,2,6,4.5,1.09,13.5,7.5
1988,2,7,0.01,1,16.5,7.5
1988,2,8,2,1,19.5,7.5
1988,2,9,2,0.09,23.5,12
1988,2,10,0.01,0.74,20.5,15.5
1988,2,11,4.5,0.11,18.5,12.5
1988,2,12,0,1.38,17.5,8.5
1988,2,13,0,3.13,21,10
1988,2,14,0,2.3,29.5,11
1988,2,15,0,3.19,23,15
1988,2,16,0.7,0.38,23.5,14.5
1988,2,17,0,5.1,29.5,16
1988,2,18,0,2.3,30.5,19
1988,2,19,0.01,2.3,20.5,17.5
1988,2,20,0,0.63,18.5,14.5
1988,2,21,0,4.33,24.5,10.5
1988,2,22,0,4.71,25.5,8.5
1988,2,23,0,5.01,30.5,9.5
1988,2,24,0,1.24,22.5,14
1988,2,25,0.01,1.38,24.5,16.5
1988,2,26,0,1.89,24.5,18
1988,2,27,0,2.79,26.5,17
1988,2,28,0,5.31,29.5,14.5
1988,2,29,0,5.17,29.5,15.5
1988,3,1,0,3.32,29.5,16.5
1988,3,2,0,2.25,27.5,17.5
1988,3,3,0.7,2.55,21,17.5
1988,3,4,2,0.62,19.5,15.5
1988,3,5,0,1.03,22.5,16.5
1988,3,6,0,0.35,22.5,16.5
1988,3,7,0.4,0.78,29.5,18.5
1988,3,8,0,6.88,31.5,19.5
1988,3,9,0,2.7,23,15
1988,3,10,0,4.24,26.5,10.5
1988,3,11,0,4.61,33.5,12.5
1988,3,12,0,2.78,37.5,15.5
1988,3,13,0,3.75,27.5,15.5
1988,3,14,0,4.04,22.5,15.5
1988,3,15,4.7,1.89,19.5,11.5
1988,3,16,3.2,0.45,24.5,13.5
1988,3,17,0.5,2.33,26.5,16.5
1988,3,18,0,1.15,20.5,14.5
1988,3,19,0,2.6,21.5,12.5
1988,3,20,0,5.8,25.5,9.5
1988,3,21,0,2.53,25.5,9.5
1988,3,22,0,1.57,23.5,13.5
1988,3,23,0,1.57,23.5,16.5
1988,3,24,0,7.84,30.5,18.5
1988,3,25,0,6.79,32.5,19.5
1988,3,26,0,3.85,31.5,22.5
1988,3,27,0,4.07,31.5,21.5
1988,3,28,14.5,6,31.5,21.5
1988,3,29,0,1.75,25.5,17.5
1988,3,30,0,3.96,25.5,17.5
1988,3,31,0,NULO,33,18.5
1988,4,1,0,5.94,35.5,19.5
1988,4,2,0,3.11,31.5,21.5
1988,4,3,0,3.28,30.5,21.5
1988,4,4,0,5.15,34.5,22.5
1988,4,5,0,2.67,31.5,22.5
1988,4,6,0,4.08,28.5,23
1988,4,7,1.8,4.31,25.5,18.5
1988,4,8,0,1.83,24.5,17.5
1988,4,9,0,4.58,29.5,17.5
1988,4,10,20,3.24,28.5,15.5
1988,4,11,0.01,0.6,22.5,12.5
1988,4,12,0,3.98,27.5,12.5
1988,4,13,0,4.99,31.5,13.5
1988,4,14,0,6.09,28.5,16
1988,4,15,0,1.55,28.5,18
1988,4,16,0,4.18,30.5,22
1988,4,17,0,4.2,30,21.5
1988,4,18,0,8.4,41.5,20.5
1988,4,19,0,5.56,33.5,18.5
1988,4,20,0,5.35,33.5,20.5
1988,4,21,0,5.21,34.5,22.5
1988,4,22,0,4.57,37.5,23
1988,4,23,0,4.89,37.5,22.5
1988,4,24,0,4.42,32.5,22.5
1988,4,25,0,4.42,32.5,22.5
1988,4,26,0,4.52,35.5,20.5
1988,4,27,0,1.96,32.5,22.5
1988,4,28,0,4.09,32.5,23.5
1988,4,29,0,5.47,32.5,23.5
1988,4,30,0,5.43,35.5,22.5
1988,5,1,0,5.29,31.5,22.5
1988,5,2,0,6.02,34.5,24.5
1988,5,3,0,4.4,33.5,23.5
1988,5,4,0,5.1,31.5,20.5
1988,5,5,0,5.34,30.5,20
1988,5,6,0,3.66,31.5,21.5
1988,5,7,0,3.66,38.5,21.5
1988,5,8,0,1.78,36.5,23.5
1988,5,9,0,3.92,35,24.5
1988,5,10,0,2.79,35.5,23.5
1988,5,11,2.7,3.57,29.5,24.5
1988,5,12,0,4.9,30.5,21.5
1988,5,13,0,2.14,31.5,20.5
1988,5,14,0,2.62,32.5,21.5
1988,5,15,0,4.64,33.5,21.5
1988,5,16,0,4.8,34.5,22.5
1988,5,17,0,6.22,33.5,22.5
1988,5,18,0,3.11,32.5,22.5
1988,5,19,0,5.71,34.5,22.5
1988,5,20,0,5.43,34.5,23.5
1988,5,21,0,5.43,36.5,24.5
1988,5,22,0,3.8,32.5,25.5
1988,5,23,0,4.89,35.5,23.5
1988,5,24,0,3.92,32.5,23.5
1988,5,25,0,4.02,32.5,25.5
1988,5,26,0,3.75,28.5,25
1988,5,27,5.6,3.23,30.5,20.5
1988,5,28,0,5.37,33.5,19.5
1988,5,29,0,3.27,33.5,22.5
1988,5,30,0,5.38,35.5,26.5
1988,5,31,0,5.38,35.5,26.5
1988,6,1,0,2.29,34.5,25.5
1988,6,2,0,7.62,35.5,24.5
1988,6,3,0,3.65,33.5,24.5
1988,6,4,0,3.68,32.5,25
1988,6,5,0,6.72,37.5,23.5
1988,6,6,0,6.72,35.5,22.5
1988,6,7,0,4.13,36.5,23.5
1988,6,8,0,4.15,36.5,23.5
1988,6,9,0,7.17,38.5,25.5
1988,6,10,0,5.31,38.5,24.5
1988,6,11,0,5.9,34.5,24.5
1988,6,12,0,3.7,34.5,23.5
1988,6,13,1.1,3.56,33.5,22.5
1988,6,14,15.5,4.36,29.5,23.5
1988,6,15,42.1,1.44,28.5,23.5
1988,6,16,7.5,3.03,27.5,23.5
1988,6,17,0.3,3.25,26.5,23.5
1988,6,18,9.2,4.5,30.5,23.5
1988,6,19,4.5,1.77,28.5,23.5
1988,6,20,34.4,2.77,30.5,23.5
1988,6,21,0.2,1.8,29.5,23.5
1988,6,22,0,3.1,31.5,24
1988,6,23,1.5,5.32,32.5,23.5
1988,6,24,0,6.03,30.5,23.5
1988,6,25,0,6.98,32.5,24.5
1988,6,26,0,1.5,34.5,24.5
1988,6,27,0,5.86,34.5,25.5
1988,6,28,0,4.74,35.5,24.5
1988,6,29,0,5.83,33.5,22.5
1988,6,30,0,7.21,35,22.5
1988,7,1,0.5,5.51,37.5,25.5
1988,7,2,15,4.41,33.5,25.5
1988,7,3,3.9,0.65,28.5,24
1988,7,4,5.8,3.91,32,24
1988,7,5,7,2.03,27.5,24
1988,7,6,0,5,31.5,22.5
1988,7,7,0,4.69,33.5,22.5
1988,7,8,0,7.04,34.5,23.5
1988,7,9,0,4.42,32.5,24.5
1988,7,10,0,6.05,34,24.5
1988,7,11,0,4.66,34.5,24.5
1988,7,12,0,6.02,34.5,24.5
1988,7,13,1.2,4.92,33.5,23.5
1988,7,14,8.3,5.51,34.5,25
1988,7,15,24.3,2.52,29.5,24.5
1988,7,16,23.4,0.63,29.5,24.5
1988,7,17,1.5,5.03,31.5,23.5
1988,7,18,0,3.73,31.5,22.5
1988,7,19,0,3.47,29.5,23.5
1988,7,20,1.4,1.51,29.5,23.5
1988,7,21,0,1.03,30.5,22
1988,7,22,0,3.2,31.5,22.5
1988,7,23,0,3.69,30.5,21.5
1988,7,24,6,3.69,31.5,23.5
1988,7,25,1.5,2.33,31.5,23.5
1988,7,26,0,1.59,29.5,22.5
1988,7,27,0,3.87,32.5,23.5
1988,7,28,5,2.01,30.5,24
1988,7,29,12.2,5.58,31.5,22.5
1988,7,30,0,2.82,30.5,22.5
1988,7,31,0,2.01,31.5,24.5
1988,8,1,0,4.83,32.5,22.5
1988,8,2,0,5.5,32.5,23.5
1988,8,3,4.6,1.26,31.5,24.5
1988,8,4,0,5.17,33.5,22.5
1988,8,5,16,3.82,31.5,24.5
1988,8,6,0,6.7,31.5,23.5
1988,8,7,0,2.59,30.5,24
1988,8,8,0,1.82,33.5,22.5
1988,8,9,0,3.5,34,22.5
1988,8,10,0,5.73,33.5,23
1988,8,11,0,5.01,35.5,24.5
1988,8,12,15.5,0.89,29,24.5
1988,8,13,0,2.69,30.5,22.5
1988,8,14,6.1,5,33.5,22.5
1988,8,15,19.2,1.98,29.5,24.5
1988,8,16,32.5,3.36,29.5,24.5
1988,8,17,7.5,1.2,28.5,24
1988,8,18,1.1,2.1,28.5,24
1988,8,19,30.5,1.08,30.5,23.5
1988,8,20,4.3,4.3,28.5,23.5
1988,8,21,2.7,2.61,30.5,24.5
1988,8,22,1.2,1.39,29.5,24.5
1988,8,23,9.5,4.44,29.5,24.5
1988,8,24,0,4.66,33.5,24.5
1988,8,25,0,5.2,33.5,22.5
1988,8,26,0,5.22,34.5,23.5
1988,8,27,0,6.6,33.5,22.5
1988,8,28,0,6.17,33.5,23.5
1988,8,29,26.5,3.61,28.5,24.5
1988,8,30,1.5,4.16,30.5,23.5
1988,8,31,4.2,3.3,31.5,23.5
1988,9,1,56.7,4.33,28.5,23.5
1988,9,2,12.5,3.45,26.5,23
1988,9,3,18.5,5.13,32.5,23
1988,9,4,1.5,3.5,27.5,24.5
1988,9,5,0,1.26,26.5,23.5
1988,9,6,0,2.8,31.5,23.5
1988,9,7,0,4.22,31.5,20.5
1988,9,8,0,4.54,31.5,22
1988,9,9,0,4.81,31.5,20.5
1988,9,10,0,3.25,32.5,20.5
1988,9,11,0,5.72,32.5,20.5
1988,9,12,0,3.35,33.5,22.5
1988,9,13,0,2.98,31.5,24.5
1988,9,14,0,3.89,31.5,23.5
1988,9,15,8.6,5,32.5,23.5
1988,9,16,4.4,0.74,31.5,23.5
1988,9,17,0,4.87,32.5,24
1988,9,18,0,3.04,32.5,24.5
1988,9,19,0,5.06,33.5,23.5
1988,9,20,0,2.94,32.5,22.5
1988,9,21,0,2.82,31.5,22.5
1988,9,22,0,5.31,33.5,22.5
1988,9,23,0,5.01,34.5,23.5
1988,9,24,0,3.27,34.5,23.5
1988,9,25,0,3.68,32.5,22.5
1988,9,26,1.5,3.66,33.5,22.5
1988,9,27,0,2.53,32.5,22.5
1988,9,28,0,4.22,33.5,21.5
1988,9,29,0.01,3.89,30,23
1988,9,30,6.4,3.36,32,23.5
1988,10,1,0,3.97,32.5,22.5
1988,10,2,35,3.6,31.5,23.5
1988,10,3,0,4.87,29.5,19.5
1988,10,4,0,1.41,30,19.5
1988,10,5,0,4.47,29,20.5
1988,10,6,2.5,1.58,23.5,21
1988,10,7,0,3.59,29.5,20
1988,10,8,4,1.95,27.5,20.5
1988,10,9,0,4.29,28.5,21
1988,10,10,23.2,1.28,29,20
1988,10,11,1.5,0.02,27.5,20
1988,10,12,4,1.15,27,20
1988,10,13,0,4.02,27.5,21
1988,10,14,0,3.43,28.5,17.5
1988,10,15,0,2.56,30,18.5
1988,10,16,0,3.61,30,19.5
1988,10,17,0,2.99,29.5,18.5
1988,10,18,0,4.81,30.5,18.5
1988,10,19,0,2.83,30.5,18.5
1988,10,20,0,4.34,31.5,20
1988,10,21,0,2.55,32,19.5
1988,10,22,0,2.47,31.5,18
1988,10,23,0,4.28,31.5,19.5
1988,10,24,0,2.86,32.5,21.5
1988,10,25,0,3.13,32.5,23.5
1988,10,26,0,4.35,32.5,20
1988,10,27,0,5.49,31.5,19.5
1988,10,28,8.5,3.83,31.5,20.5
1988,10,29,3.5,2.52,28,22
1988,10,30,6.6,1.82,29.5,22.5
1988,10,31,1.1,2.13,30,20
1988,11,1,0,3.09,27,17.5
1988,11,2,0,4.64,29.5,15.5
1988,11,3,0,2.4,32,14.5
1988,11,4,0,4.55,35.5,17.5
1988,11,5,0,4.08,35.5,16.5
1988,11,6,0,2.98,29.5,18.5
1988,11,7,0,2.21,31,20.5
1988,11,8,0,3.82,30.5,20.5
1988,11,9,0.5,1.05,31.5,20.5
1988,11,10,0,2.9,30.5,22.5
1988,11,11,0,3.3,28.5,20.5
1988,11,12,0,3.23,30.5,18.5
1988,11,13,0,3.39,32.5,20.5
1988,11,14,0,3.16,30.5,19
1988,11,15,0,1.22,31.5,20.5
1988,11,16,0,2.01,29.5,19.5
1988,11,17,0,2.18,25.5,16.5
1988,11,18,0,5.39,30.5,16.5
1988,11,19,0,4.39,32.5,18.5
1988,11,20,0,4.39,22,15
1988,11,21,0,4.14,21.5,12
1988,11,22,0,2.22,28.5,16.5
1988,11,23,0,2.04,29.5,17.5
1988,11,24,0,2.93,30.5,18.5
1988,11,25,0,3.95,36.5,18
1988,11,26,0,3.95,36.5,18
1988,11,27,0,5.47,29.5,18.5
1988,11,28,0,2.63,25,16.5
1988,11,29,0,2.77,29.5,15.5
1988,11,30,1.5,1.03,21.5,16
1988,12,1,0.01,0.87,17,15
1988,12,2,0.7,0.9,19,15.5
1988,12,3,0,0.68,23.5,14.5
1988,12,4,1.5,0.4,19.5,15.5
1988,12,5,0,1.35,20.5,16.5
1988,12,6,0,0.65,26.5,15.5
1988,12,7,0,1.09,24.5,15
1988,12,8,2.3,1.55,28.5,15.5
1988,12,9,0.01,1.23,18,13.5
1988,12,10,1,2.17,25.5,12.5
1988,12,11,0,0.33,16.5,13
1988,12,12,0,1.21,18,15
1988,12,13,0,1.24,20.5,14
1988,12,14,0,1.84,27.5,14
1988,12,15,4,0.85,26.5,15
1988,12,16,0,0.81,18.5,16.5
1988,12,17,0,1.3,17.5,14
1988,12,18,0,1.94,20.5,14
1988,12,19,0,1.76,25.5,14
1988,12,20,0,2.57,28.5,14.5
1988,12,21,0,2.39,28.5,16
1988,12,22,0,1.36,28.5,17.5
1988,12,23,0,1.81,28.5,19
1988,12,24,0,2,28.5,19.5
1988,12,25,0,2.5,29.5,19.5
1988,12,26,0,3.26,28.5,17.5
1988,12,27,0,3.17,30.5,17.5
1988,12,28,0,2.79,20.5,17.5
1988,12,29,0,0.61,26.5,14.5
1988,12,30,0,0.98,29.5,13.5
1988,12,31,0,1.42,27.5,15
1989,1,1,0,2.15,28.5,17.5
1989,1,2,2.5,0.88,27.5,21.5
1989,1,3,0,2.48,29,21.5
1989,1,4,0,3.29,28.5,18.5
1989,1,5,0,2.54,30,16.5
1989,1,6,0,2.1,30.5,16.5
1989,1,7,0,3.47,30.5,18.5
1989,1,8,0,1.88,29,19.5
1989,1,9,0,3.06,22.5,17.5
1989,1,10,0,1.94,23.5,15
1989,1,11,0,1.76,27.5,15.5
1989,1,12,0,1.67,28.5,15.5
1989,1,13,0,1.23,17.5,12.5
1989,1,14,0,1.99,17.5,11.5
1989,1,15,0,2.37,24.5,12.5
1989,1,16,0,0.69,26,15.5
1989,1,17,0,2.19,27.5,18.5
1989,1,18,0,2.39,29.5,17.5
1989,1,19,9,2.32,29.5,19.5
1989,1,20,9.5,0.52,21.5,18.5
1989,1,21,0,2.49,21.5,14.5
1989,1,22,0,1.53,22.5,11.5
1989,1,23,0,2.47,23.5,12.5
1989,1,24,0,1.88,26.5,17
1989,1,25,0,1.48,27.5,18.5
1989,1,26,0,2.49,27.5,19.5
1989,1,27,0,2.24,28.5,21.5
1989,1,28,0,1.77,26.5,18.5
1989,1,29,0,2.42,28.5,19.5
1989,1,30,0,2.68,21.5,20.5
1989,1,31,0,1.89,26.5,18.5
1989,2,1,0,1.64,28.5,16.5
1989,2,2,0,2.87,30.5,17.5
1989,2,3,1,2.41,29.5,13.5
1989,2,4,1.5,0.27,22.5,12.5
1989,2,5,0.5,0.45,17.5,12.5
1989,2,6,3.4,0.14,17.5,8.5
1989,2,7,0,0.58,13.5,6.5
1989,2,8,13.5,0.41,12.5,6.5
1989,2,9,6,0.71,11.5,6.5
1989,2,10,7.2,0.29,15.5,6.5
1989,2,11,0,1.62,27.5,9.5
1989,2,12,0,3.91,26.5,11.5
1989,2,13,0,3.91,28.5,15.5
1989,2,14,0,1.89,27.5,17.5
1989,2,15,0,3.67,29.5,20
1989,2,16,28.3,1.11,24.5,20.5
1989,2,17,0.8,1.6,24.5,16.5
1989,2,18,0,0.91,21.5,16.5
1989,2,19,0,3.45,25.5,15.5
1989,2,20,0,4.02,29.5,16.5
1989,2,21,0,5.21,29.5,17.5
1989,2,22,0,4.31,22.5,13.5
1989,2,23,0,4.18,20,9.5
1989,2,24,0,2.65,26.5,9.5
1989,2,25,0,4.74,21.5,12.5
1989,2,26,0,4.43,27.5,11.5
1989,2,27,0,2.64,31.5,13.5
1989,2,28,0,5.65,31.5,14.5
1989,3,1,0,1.52,25.5,15.5
1989,3,2,0.01,1.33,24.5,14.5
1989,3,3,0.01,5,30.5,18.5
1989,3,4,0,5.64,38.5,15.5
1989,3,5,0,2.73,24.5,12.5
1989,3,6,0,2.21,19.5,8.5
1989,3,7,0,4.63,11.5,7.5
1989,3,8,0,2.38,25,6.5
1989,3,9,0,4.92,30.5,8.5
1989,3,10,0,4.17,28.5,9.5
1989,3,11,0,3.53,28.5,9.5
1989,3,12,0,5.19,39.5,10.5
1989,3,13,0,3.66,36,13.5
1989,3,14,0,4.07,32.5,14.5
1989,3,15,0,5.41,32.5,15
1989,3,16,0,1.95,29.5,19.9
1989,3,17,0,5.27,30.5,18.5
1989,3,18,0,2.61,30.5,17.5
1989,3,19,0,3.85,31.5,19.5
1989,3,20,0,3.99,31.5,20.5
1989,3,21,0,5.27,29.5,16.5
1989,3,22,0,2.61,22.5,14.5
1989,3,23,0,4.17,27.5,10.5
1989,3,24,0,2.79,28.5,13.5
1989,3,25,0,4.62,30,18
1989,3,26,0,4.67,31.5,21.5
1989,3,27,0,4.66,30.5,20.5
1989,3,28,0,5.55,30.5,20.5
1989,3,29,0,5.68,31.5,21.5
1989,3,30,0,5.16,35.5,17.5
1989,3,31,0,1,35.5,20.5
1989,4,1,0,4.19,30.5,17.5
1989,4,2,0,5.33,33.5,19.5
1989,4,3,0,5.96,32.5,21.5
1989,4,4,0,6.55,29.5,20
1989,4,5,16.5,4.12,30.5,20
1989,4,6,0.01,2.95,26.5,20.5
1989,4,7,0,6.05,31.5,17.5
1989,4,8,0,6.07,35.5,17.5
1989,4,9,0,6.59,35.5,19.5
1989,4,10,0,4.78,30,15
1989,4,11,0.7,2.34,30.5,12.5
1989,4,12,0,2.83,31.5,13.5
1989,4,13,0,2.98,29.5,14.5
1989,4,14,0.01,2.98,30,15
1989,4,15,31.5,2.45,25.5,19.8
1989,4,16,0,4.37,27.5,18.5
1989,4,17,0,4.48,30,19.5
1989,4,18,0,3.22,30.5,21.5
1989,4,19,0,5.07,33.5,20.5
1989,4,20,0,4.87,31.5,20.5
1989,4,21,0,5.18,32.5,18.5
1989,4,22,0,7.13,31.5,17.5
1989,4,23,0,5.2,30.5,18.5
1989,4,24,0,3.86,31.5,19.5
1989,4,25,0,4.1,31.5,22.5
1989,4,26,0,5.6,34.5,21.5
1989,4,27,0,3.7,32,22.5
1989,4,28,0,4.31,33.5,24.5
1989,4,29,0,6.11,34.5,24
1989,4,30,0,5.72,30.5,22.5
1989,5,1,0,5.19,30.5,21.5
1989,5,2,0,5.2,32.5,22.5
1989,5,3,0,6.5,33.5,22.5
1989,5,4,0,6.3,35.5,23.5
1989,5,5,0,5.76,35.5,22.5
1989,5,6,0,3.86,31.5,23.5
1989,5,7,0,3.86,32.5,21.5
1989,5,8,0,6.47,33.5,21
1989,5,9,0,3.59,33.5,22.5
1989,5,10,0,4.51,31.5,23.5
1989,5,11,0,7.89,33.5,23.5
1989,5,12,0,5.29,32.5,21.5
1989,5,13,0,6.38,31.5,23
1989,5,14,0,5.3,34.5,24.5
1989,5,15,0,4.55,34.5,26
1989,5,16,0,5.48,38.5,26.5
1989,5,17,0,6.89,40,22.5
1989,5,18,0,2.72,36.5,25.5
1989,5,19,0,6.16,34,26.5
1989,5,20,0,2.88,35.5,26.5
1989,5,21,0,5.2,35.5,25.5
1989,5,22,0,6.71,35.5,25.5
1989,5,23,0,9.44,33.5,23.5
1989,5,24,0,5.38,36.5,23.5
1989,5,25,0,8.69,36.5,25.5
1989,5,26,0,6.53,34.5,24.5
1989,5,27,0,3.26,35,26.5
1989,5,28,0,8.13,35.5,22.5
1989,5,29,0,5.35,35,23.5
1989,5,30,0,5.94,34.5,21.5
1989,5,31,3.7,3.19,33.5,22.5
1989,6,1,8.7,6.78,33,24.5
1989,6,2,0,3.12,34.5,23.5
1989,6,3,0,4.1,34.5,22.5
1989,6,4,0,5.13,34.5,23.5
1989,6,5,0,5.1,36.5,26.5
1989,6,6,0,7.75,35.5,25.5
1989,6,7,0,7.73,37.5,25.5
1989,6,8,0,0.18,34.5,25.5
1989,6,9,0,6.16,36.5,25.5
1989,6,10,0,5.76,36.5,25.5
1989,6,11,0,5.88,35.5,24.5
1989,6,12,0,5.02,35.5,24.5
1989,6,13,0,9.39,35.5,24.5
1989,6,14,6,6.49,33.5,25.5
1989,6,15,0,2.83,30.5,22.5
1989,6,16,0,8.18,33.5,23
1989,6,17,0.01,2.71,33.5,20.5
1989,6,18,1.8,1.84,29.5,24.5
1989,6,19,0,1.84,29.5,24.5
1989,6,20,0,9.27,36.5,21
1989,6,21,9.5,2.84,32.5,22.5
1989,6,22,62.8,3.58,28.5,23.5
1989,6,23,0,6.25,31.5,22.5
1989,6,24,0,4.47,33.5,23.5
1989,6,25,0,6.19,33.5,27
1989,6,26,0,6.31,35,25.5
1989,6,27,0,6.99,36.5,25.5
1989,6,28,0,5.78,35.5,24.5
1989,6,29,0,6.02,39.5,23.5
1989,6,30,0,6.55,39.5,24.5
1989,7,1,0,6.6,34.5,24.5
1989,7,2,0,5.24,35.5,25
1989,7,3,0,7.16,35.5,25.5
1989,7,4,0,4.89,34.5,25
1989,7,5,1.8,4.5,33.5,24.5
1989,7,6,5.1,0.26,28.5,24.5
1989,7,7,0,3.38,32.5,21.5
1989,7,8,0,3.57,33.5,23.5
1989,7,9,0,3.15,33.5,22.5
1989,7,10,20,1.77,34.5,23.5
1989,7,11,0,5.87,28.5,23.5
1989,7,12,34.5,0.78,26.5,23.5
1989,7,13,0,4.38,31.5,21.5
1989,7,14,0,6.04,32.5,23.5
1989,7,15,0,5.25,33.5,22.5
1989,7,16,0,5.66,33.5,23.5
1989,7,17,0,6.39,33.5,23.5
1989,7,18,0,4.97,34.5,24.5
1989,7,19,0,5.19,33.5,23.5
1989,7,20,0,4.22,36.5,24.5
1989,7,21,0,4.72,36.5,23.5
1989,7,22,0,5.48,35.5,23.5
1989,7,23,0,5.46,34.5,24.5
1989,7,24,2.8,0.68,32.5,23.5
1989,7,25,21.7,2.88,29.5,24.5
1989,7,26,19.5,3.5,29.5,21.5
1989,7,27,17.4,3.85,28,21.5
1989,7,28,24.2,4.2,28.5,22.5
1989,7,29,11.5,3.89,29.5,22.5
1989,7,30,0,3.58,32.5,22.5
1989,7,31,0,4.94,32,22.5
1989,8,1,0,5.2,33.5,23.5
1989,8,2,0,5.94,33.5,25.5
1989,8,3,5,4.26,32.5,23.5
1989,8,4,29.5,10.68,31.5,23.5
1989,8,5,0.01,9.51,30.5,23.5
1989,8,6,0,5.85,32.5,24.5
1989,8,7,2,3,32.5,24.5
1989,8,8,0,3.07,29.5,23.5
1989,8,9,14.1,2.12,30.5,21.5
1989,8,10,0,2.82,31.5,23.5
1989,8,11,0,5.96,32.5,22.5
1989,8,12,3.2,3.67,33.5,23.5
1989,8,13,0,4.07,32.5,23.5
1989,8,14,0,4.21,34.5,22.5
1989,8,15,7,3.42,33.5,23.5
1989,8,16,0,5.48,32.5,23.5
1989,8,17,13.1,5.06,32.5,23.5
1989,8,18,16.5,1.08,27.5,23.5
1989,8,19,3,2.13,31.5,23.5
1989,8,20,0,5.55,33.5,22.5
1989,8,21,0,4.97,34.5,23.5
1989,8,22,0,4.82,34.5,24.5
1989,8,23,0,2.91,34.5,25.5
1989,8,24,32.7,9.45,32.5,24.5
1989,8,25,10.6,8.7,31.5,22.5
1989,8,26,0,6.96,31.5,23.5
1989,8,27,7.5,4.89,30.5,24.5
1989,8,28,16.6,6.6,31.5,23.5
1989,8,29,15.9,7.3,29.5,22.5
1989,8,30,10.3,3.96,31.5,21.5
1989,8,31,0.01,0.62,28.5,23.5
1989,9,1,0,3.39,31.5,23.5
1989,9,2,0,3.01,31.5,23.5
1989,9,3,5.3,2.71,33.5,23.5
1989,9,4,12.5,7.67,32.5,23.5
1989,9,5,1.5,2,29,23.5
1989,9,6,0,1.87,31.5,22.5
1989,9,7,8.2,6.53,31.5,23.5
1989,9,8,0,4.83,32,22.5
1989,9,9,0,4,32.5,23.5
1989,9,10,0,2.6,31.5,23.5
1989,9,11,4,4.23,32.5,23.5
1989,9,12,1.5,3.66,32.5,23.5
1989,9,13,0,4.1,33.5,22.5
1989,9,14,0,5.06,32.5,23.5
1989,9,15,0.01,1.87,27.5,23
1989,9,16,14.5,0.62,27.5,22.5
1989,9,17,45.9,1.56,24.5,22
1989,9,18,48.5,2.5,27.5,22.5
1989,9,19,21.3,3.45,30.5,23.5
1989,9,20,4.2,4.4,28.5,23.5
1989,9,21,0.01,1.06,31.5,23.5
1989,9,22,64.7,5.44,30.5,24.5
1989,9,23,0,5.48,29.5,21
1989,9,24,0,5.51,28.5,20
1989,9,25,0,3.97,29.5,16.5
1989,9,26,0,4.16,30.5,17
1989,9,27,0,0.28,24.5,14.5
1989,9,28,0,1.16,25.5,18.5
1989,9,29,0,3.98,31.5,18.5
1989,9,30,0,5.45,32.5,18
1989,10,1,0,4.45,34.5,17.5
1989,10,2,0,3.06,32,18.5
1989,10,3,0,3.98,32.5,19.5
1989,10,4,0,4.76,32.5,21.5
1989,10,5,0,4.18,33.5,22.5
1989,10,6,0,3.96,34.5,24.5
1989,10,7,0,7.9,32.5,23.5
1989,10,8,0,0.79,28.5,23.5
1989,10,9,0,4.37,30.5,20.5
1989,10,10,0,4.32,32.5,19.5
1989,10,11,0,4.51,22.5,17.5
1989,10,12,0,4.5,32.5,15.5
1989,10,13,0,3.26,33.5,17.5
1989,10,14,0,4.75,33.5,20.5
1989,10,15,0,3.9,33.5,21
1989,10,16,0,2.34,32.5,20.5
1989,10,17,0.01,2.13,32.5,21.5
1989,10,18,0,0.44,24.5,17.5
1989,10,19,0,2.27,21.5,16.5
1989,10,20,0,3.96,25.5,12.5
1989,10,21,0,2.76,27.5,11.5
1989,10,22,0,2.62,30.5,15.5
1989,10,23,0,3.98,30.5,17.5
1989,10,24,0,4.1,31.5,17.5
1989,10,25,3.8,1.13,28.5,19.5
1989,10,26,0,3.7,30.5,20
1989,10,27,0,4.57,30.5,18.5
1989,10,28,0,3.26,31.5,18.5
1989,10,29,0,3.54,32,18.5
1989,10,30,0,4.15,32.5,20.5
1989,10,31,0,1.73,22.5,19.5
1989,11,1,0,1.73,29.5,19.5
1989,11,2,3.7,0.57,22.5,18.5
1989,11,3,0,1.29,21.5,15.5
1989,11,4,0,2.14,28.5,15.5
1989,11,5,4,1.94,29.5,18.5
1989,11,6,0,3.12,30.5,21.5
1989,11,7,0,1.71,31.5,22.5
1989,11,8,1,1.6,33.5,22.5
1989,11,9,2.5,6.67,29.5,22.5
1989,11,10,0,3.92,27.5,21.5
1989,11,11,0.01,3.22,28,20.5
1989,11,12,0,5.61,28.5,19.5
1989,11,13,0,2.97,30.5,19.5
1989,11,14,0,1.84,31,20.5
1989,11,15,0,4.64,31.5,18.5
1989,11,16,0,5.62,25.5,14.5
1989,11,17,0,0.65,26.5,11.5
1989,11,18,7.6,1.75,23.5,14.5
1989,11,19,1.7,0.06,21.5,18.5
1989,11,20,0,1.97,27.5,19
1989,11,21,0,2.82,30.5,18.5
1989,11,22,2.2,1.86,31.5,19.5
1989,11,23,0,4.42,24.5,15
1989,11,24,0,0.68,25.5,12.5
1989,11,25,0,3.2,29,15.5
1989,11,26,0,1.87,31.5,19.5
1989,11,27,0,3.52,31.5,20.5
1989,11,28,0.01,2.64,31.5,16.5
1989,11,29,2,0.5,23.5,12
1989,11,30,7.5,0.09,14.5,9
1989,12,1,8.1,0.58,15.5,9.5
1989,12,2,17.1,0.63,12.5,10.5
1989,12,3,24.5,2.75,12.5,11.5
1989,12,4,0.01,1.03,15.5,10.5
1989,12,5,0,0.43,23.5,10.5
1989,12,6,1.7,0.96,26,13
1989,12,7,21.5,3.77,19.5,13.5
1989,12,8,0.01,3.25,19.5,13.5
1989,12,9,0,2.72,20.5,12
1989,12,10,0,0.46,25.5,9.5
1989,12,11,0,4.24,30.5,11
1989,12,12,0,2.49,25.5,10.5
1989,12,13,0,0.91,28.5,10.5
1989,12,14,0,2.14,20.5,10.5
1989,12,15,0,0.7,26.5,10.5
1989,12,16,0,2.1,14,11.5
1989,12,17,0,0.75,18,10.5
1989,12,18,0,0.65,14.5,11.5
1989,12,19,1.7,0.5,18.5,12.5
1989,12,20,0,0.68,16.5,13.5
1989,12,21,5,0.01,22.5,10.5
1989,12,22,5.2,0.91,15.5,6
1989,12,23,0,1.8,12.5,1.5
1989,12,24,0,0.43,16.5,-2
1989,12,25,0,3.11,20.5,-0.5
1989,12,26,0,2.05,23.5,3.5
1989,12,27,0,1.44,24.5,5.5
1989,12,28,0,3.69,25,9.5
1989,12,29,0,1.34,26.5,12.5
1989,12,30,0,2.81,28.5,14.5
1989,12,31,0,1.31,22.5,16.5
1990,1,1,0,NULO,16.5,14.5
1990,1,2,0.6,NULO,18.5,14.5
1990,1,3,0,NULO,22.5,15.5
1990,1,4,0,NULO,23.5,16.5
1990,1,5,0,NULO,26.5,17.5
1990,1,6,0,NULO,22.5,16.5
1990,1,7,0,NULO,19.5,13.5
1990,1,8,0,NULO,24.5,9.5
1990,1,9,2.2,NULO,25.5,10.5
1990,1,10,3,NULO,18.5,14.5
1990,1,11,0,NULO,26.5,18.5
1990,1,12,19.2,NULO,27.5,15.5
1990,1,13,0,NULO,18.5,12.5
1990,1,14,0,NULO,25.5,12.5
1990,1,15,0,NULO,25.5,13.5
1990,1,16,0,NULO,28.5,15.5
1990,1,17,0,NULO,28.5,18.5
1990,1,18,0,NULO,27.5,19.5
1990,1,19,0,NULO,29.5,18.5
1990,1,20,0,NULO,22.5,19.5
1990,1,21,0,NULO,23.5,17.5
1990,1,22,0,NULO,24.5,17
1990,1,23,0,NULO,28.5,17.5
1990,1,24,0,NULO,28.5,18.5
1990,1,25,0,NULO,22.5,14.5
1990,1,26,0,NULO,21.5,10.5
1990,1,27,13.3,NULO,27.5,10.5
1990,1,28,0,NULO,30.5,15
1990,1,29,0,NULO,20.5,15.5
1990,1,30,0,NULO,23.5,12.5
1990,1,31,0,NULO,25.5,13.5
1990,2,1,0,NULO,28,16.5
1990,2,2,0,NULO,30,12
1990,2,3,0,NULO,28.5,16.5
1990,2,4,0,NULO,24.5,16.5
1990,2,5,0,NULO,24.5,13.5
1990,2,6,0,NULO,25.5,13.5
1990,2,7,0,NULO,28.5,15.5
1990,2,8,0,NULO,30,18.5
1990,2,9,0,NULO,31.5,18.5
1990,2,10,0,NULO,26.5,18.5
1990,2,11,0,NULO,25.5,14.5
1990,2,12,0,NULO,27.5,11.5
1990,2,13,0,NULO,28.5,12.5
1990,2,14,0,NULO,32.5,13.5
1990,2,15,0,NULO,37.5,17.5
1990,2,16,0,NULO,26.5,18.5
1990,2,17,2,NULO,22.5,14.5
1990,2,18,0,NULO,25.5,13.5
1990,2,19,0.01,NULO,25.5,14.5
1990,2,20,1.7,NULO,21.5,12.5
1990,2,21,0,NULO,28.5,16.5
1990,2,22,0,NULO,28.5,16.5
1990,2,23,0,NULO,23.5,12.5
1990,2,24,0,NULO,25.5,8.5
1990,2,25,0,NULO,25.5,10.5
1990,2,26,0,NULO,24.5,13
1990,2,27,2,NULO,24.5,14.5
1990,2,28,0,NULO,24.5,18.5
1990,3,1,2,NULO,20.5,14.5
1990,3,2,0,NULO,21.5,12.5
1990,3,3,0,NULO,21.5,13.5
1990,3,4,0,NULO,25,14.5
1990,3,5,0,NULO,28.5,17
1990,3,6,0,NULO,30.5,19.5
1990,3,7,0,NULO,30.5,21
1990,3,8,0,NULO,30.5,19.5
1990,3,9,0,NULO,30.5,20.5
1990,3,10,0,NULO,30.5,19.5
1990,3,11,0,NULO,29.5,22.5
1990,3,12,0,NULO,30.5,22.5
1990,3,13,0,NULO,30.5,21.5
1990,3,14,0,NULO,34.5,19.5
1990,3,15,0,NULO,27.5,19.5
1990,3,16,0,NULO,26.5,20.5
1990,3,17,0,NULO,28.5,18.5
1990,3,18,0,NULO,29,14
1990,3,19,2.6,NULO,22.5,17.5
1990,3,20,0,NULO,22.5,15.5
1990,3,21,0,NULO,29.5,13.5
1990,3,22,0,NULO,29.5,13.5
1990,3,23,0,NULO,23.5,14.5
1990,3,24,0,NULO,27.5,17.5
1990,3,25,0,NULO,27.5,19.5
1990,3,26,0.01,NULO,28.5,20.5
1990,3,27,0,NULO,26.5,20
1990,3,28,0,NULO,28.5,18.5
1990,3,29,0,NULO,32.5,20.5
1990,3,30,0,NULO,32.5,22.5
1990,3,31,0,NULO,33.5,22.5
1990,4,1,0,NULO,34.5,22.5
1990,4,2,1,NULO,32,23.5
1990,4,3,0,NULO,25.5,23.5
1990,4,4,0.7,NULO,25.5,21.5
1990,4,5,0,NULO,25.5,22.5
1990,4,6,1.5,NULO,35.5,21.5
1990,4,7,1.1,NULO,28.5,19
1990,4,8,0,NULO,28.5,18.5
1990,4,9,0,NULO,30.5,19.5
1990,4,10,2.4,NULO,34,21
1990,4,11,0,NULO,23.5,21
1990,4,12,3.4,NULO,29.5,19.5
1990,4,13,0,NULO,29,20.5
1990,4,14,0,NULO,35.5,21.5
1990,4,15,0,NULO,33.5,22.5
1990,4,16,0,NULO,31.5,19.5
1990,4,17,0,NULO,32.5,22.5
1990,4,18,0,NULO,32.5,24.5
1990,4,19,0,NULO,32.5,22.5
1990,4,20,0,NULO,32.5,20.5
1990,4,21,0,NULO,32.5,21.5
1990,4,22,0,NULO,32.5,22.5
1990,4,23,0,NULO,32,22.5
1990,4,24,0,NULO,30.5,23.5
1990,4,25,0,NULO,31.5,23.5
1990,4,26,0,NULO,36,23.5
1990,4,27,0,NULO,39.5,23.5
1990,4,28,0,NULO,37,22
1990,4,29,0,NULO,34.5,23.5
1990,4,30,0,NULO,37.5,23
1990,5,1,0,NULO,35.5,24.5
1990,5,2,0,NULO,34.5,25.5
1990,5,3,1.9,NULO,31.5,26.5
1990,5,4,7,NULO,29.5,22
1990,5,5,0,NULO,25,19.5
1990,5,6,0,NULO,20.5,18
1990,5,7,0,NULO,19.5,18.5
1990,5,8,0,NULO,32.5,19.5
1990,5,9,0,NULO,32.5,19.5
1990,5,10,0,NULO,35.5,22.5
1990,5,11,0,NULO,33.5,23.5
1990,5,12,0,NULO,39.5,25.5
1990,5,13,0,NULO,36.5,27.5
1990,5,14,0,NULO,36.5,27.5
1990,5,15,0,NULO,35.5,23.5
1990,5,16,0,NULO,35.5,24.5
1990,5,17,0,NULO,35.5,23.5
1990,5,18,0,NULO,35.5,24.5
1990,5,19,0,NULO,35.5,25.5
1990,5,20,0,NULO,34.5,25.5
1990,5,21,0,NULO,32,26.5
1990,5,22,17.3,NULO,32.5,25.5
1990,5,23,0,NULO,32.5,21.5
1990,5,24,0,NULO,35.5,22.5
1990,5,25,0,NULO,35.5,22.5
1990,5,26,0,NULO,37.5,22.5
1990,5,27,0,NULO,37.5,23.5
1990,5,28,0,NULO,37.5,26.5
1990,5,29,0,NULO,37.5,22
1990,5,30,0,NULO,40,26.5
1990,5,31,0,NULO,30,27.5
1990,6,1,0,NULO,37.5,26.5
1990,6,2,0,NULO,30.5,26.5
1990,6,3,0,NULO,37.5,24.5
1990,6,4,10,NULO,29.5,23.5
1990,6,5,0,NULO,35.5,23.5
1990,6,6,0,NULO,35,24.5
1990,6,7,0,NULO,34.5,24.5
1990,6,8,0,NULO,34.5,24.5
1990,6,9,0,NULO,34.5,23.5
1990,6,10,4.6,NULO,28.5,23.5
1990,6,11,0,NULO,31.5,23.5
1990,6,12,0,NULO,32.5,24.5
1990,6,13,0,NULO,34.5,23.5
1990,6,14,0,NULO,33.5,25.5
1990,6,15,0,NULO,35.5,24.5
1990,6,16,0,NULO,35.5,24.5
1990,6,17,0,NULO,35.5,24.5
1990,6,18,28.5,NULO,30.5,25.5
1990,6,19,0,NULO,33.5,24.5
1990,6,20,0,NULO,35.5,22.5
1990,6,21,0,NULO,34.5,26.5
1990,6,22,11.2,NULO,35.5,26.5
1990,6,23,0,NULO,32.5,23.5
1990,6,24,29.5,NULO,30.5,24.5
1990,6,25,3.5,NULO,34.5,22.5
1990,6,26,0,NULO,28.5,22.5
1990,6,27,0,NULO,29.5,23.5
1990,6,28,0,NULO,35,23.5
1990,6,29,10.6,NULO,33.5,24.5
1990,6,30,23.5,NULO,29.5,24.5
1990,7,1,53.5,NULO,23.5,22.5
1990,7,2,0,NULO,27.5,22.5
1990,7,3,2.1,NULO,30.5,24.5
1990,7,4,0,NULO,32.5,24.5
1990,7,5,0,NULO,32.5,23.5
1990,7,6,0,NULO,30.5,23.5
1990,7,7,0,NULO,32.5,23.5
1990,7,8,44.4,NULO,26.5,24.5
1990,7,9,4.6,NULO,30.5,22.5
1990,7,10,8.4,NULO,29.5,23.5
1990,7,11,29.3,NULO,29.5,23.5
1990,7,12,0,NULO,30.5,23.5
1990,7,13,0,NULO,29.5,24.5
1990,7,14,0,NULO,31.5,23.5
1990,7,15,0,NULO,31.5,22.5
1990,7,16,3,NULO,31.5,24.5
1990,7,17,0,NULO,32.5,23.5
1990,7,18,14.6,NULO,29.5,24.5
1990,7,19,0,NULO,31.5,22.5
1990,7,20,0,NULO,32.5,22.5
1990,7,21,0,NULO,31.5,23.5
1990,7,22,0,NULO,32.5,26.5
1990,7,23,0,NULO,31.5,23.5
1990,7,24,2.8,NULO,29,23.5
1990,7,25,0,NULO,31.5,21.5
1990,7,26,0,NULO,32.5,22.5
1990,7,27,0,NULO,33.5,22.5
1990,7,28,0,NULO,33.5,22.5
1990,7,29,0,NULO,34.5,22.5
1990,7,30,0,NULO,34.5,23.5
1990,7,31,0,NULO,34.5,23.5
1990,8,1,0,NULO,33.5,23.5
1990,8,2,0,NULO,33.5,25.5
1990,8,3,2,NULO,30.5,23.5
1990,8,4,1.2,NULO,30.5,22.5
1990,8,5,17.5,NULO,32.5,23.5
1990,8,6,47.3,NULO,28,23.5
1990,8,7,147.8,NULO,25.5,22.5
1990,8,8,18,NULO,26.5,22.5
1990,8,9,0,NULO,29.5,22.5
1990,8,10,3.6,NULO,29.5,24
1990,8,11,0,NULO,30.5,23.5
1990,8,12,0,NULO,31.5,24.5
1990,8,13,0,NULO,29.5,23.5
1990,8,14,4.4,NULO,31.5,24.5
1990,8,15,0,NULO,29.5,23.5
1990,8,16,23.5,NULO,29.5,23.5
1990,8,17,1.7,NULO,30.5,23.5
1990,8,18,11,NULO,30.5,23.5
1990,8,19,0,NULO,32.5,23.5
1990,8,20,0,NULO,32.5,22.5
1990,8,21,0,NULO,31.5,23.5
1990,8,22,0,NULO,32.5,23.5
1990,8,23,7.4,NULO,30.5,23
1990,8,24,0,NULO,30.5,23.5
1990,8,25,0,NULO,29.5,22.5
1990,8,26,0,NULO,30.5,24.5
1990,8,27,0,NULO,31.5,23.5
1990,8,28,0,NULO,32.5,22.5
1990,8,29,0,NULO,30.5,23.5
1990,8,30,0,NULO,32.5,24.5
1990,8,31,0,NULO,33.5,24.5
1990,9,1,1,NULO,26.5,22.5
1990,9,2,20,NULO,27.5,24.5
1990,9,3,20,NULO,28.5,24.5
1990,9,4,2.7,NULO,28.5,22.5
1990,9,5,1.1,NULO,28.5,23.5
1990,9,6,10,NULO,30.5,23.5
1990,9,7,0,NULO,26.5,22.5
1990,9,8,1,NULO,25.5,23.5
1990,9,9,144.2,NULO,28,23.5
1990,9,10,0,NULO,26.5,22.5
1990,9,11,25.6,NULO,28.5,22.5
1990,9,12,0.01,NULO,28.5,22.5
1990,9,13,0,NULO,30.5,24.5
1990,9,14,0,NULO,32.5,24.5
1990,9,15,0,NULO,32.5,24.5
1990,9,16,3.5,NULO,32.5,23.5
1990,9,17,6.8,NULO,29.5,23.5
1990,9,18,5.7,NULO,32.5,24.5
1990,9,19,3.2,NULO,30.5,24.5
1990,9,20,9.5,NULO,31.5,23.5
1990,9,21,0,NULO,31.5,23.5
1990,9,22,0,NULO,32.5,23.5
1990,9,23,29.1,NULO,29,24.5
1990,9,24,0.7,NULO,26,23.5
1990,9,25,0.01,NULO,29.5,21.5
1990,9,26,0,NULO,31.5,22.5
1990,9,27,0,NULO,31.5,22.5
1990,9,28,0,NULO,32.5,24.5
1990,9,29,0,NULO,31.5,23
1990,9,30,3.2,NULO,31.5,22.5
1990,10,1,20.5,NULO,30.5,23.5
1990,10,2,0,NULO,31.5,21.5
1990,10,3,0,NULO,31.5,22.5
1990,10,4,16.2,NULO,32,23.5
1990,10,5,40,NULO,30.5,23.5
1990,10,6,0,NULO,30.5,22.5
1990,10,7,0,NULO,30.5,22.5
1990,10,8,0,NULO,31,23.5
1990,10,9,32.6,NULO,32.5,19.5
1990,10,10,0,NULO,25.5,15.5
1990,10,11,0,NULO,27,15.5
1990,10,12,0,NULO,28.5,16.5
1990,10,13,0.4,NULO,24.5,19.5
1990,10,14,0,NULO,30.5,20
1990,10,15,0,NULO,31.5,21.5
1990,10,16,9.7,NULO,29,22.5
1990,10,17,0,NULO,30.5,23.5
1990,10,18,21.1,NULO,27.5,23
1990,10,19,0,NULO,24.5,19.5
1990,10,20,0,NULO,30.5,19.5
1990,10,21,24.8,NULO,30.5,17.5
1990,10,22,2.7,NULO,23.5,17.5
1990,10,23,0.01,NULO,26,16.5
1990,10,24,1,NULO,26.5,17.5
1990,10,25,0,NULO,24.5,20.5
1990,10,26,0,NULO,28.5,16.5
1990,10,27,0,NULO,20.5,17.5
1990,10,28,0,NULO,27.5,17.5
1990,10,29,0,NULO,27.5,16.5
1990,10,30,0,NULO,27.5,16.5
1990,10,31,0,NULO,27.5,18.5
1990,11,1,0,NULO,29.5,17.5
1990,11,2,0,NULO,30,18.5
1990,11,3,0,NULO,29.5,19.5
1990,11,4,0,NULO,30.5,21
1990,11,5,0,NULO,23.5,17.5
1990,11,6,0,NULO,27.5,14.5
1990,11,7,0,NULO,28.5,18.5
1990,11,8,0,NULO,30,17.5
1990,11,9,0,NULO,23.5,13.5
1990,11,10,0,NULO,21,11.5
1990,11,11,0,NULO,26.5,13.5
1990,11,12,0,NULO,26.5,13.5
1990,11,13,0,NULO,27.5,15.5
1990,11,14,0,NULO,23.5,17.5
1990,11,15,0,NULO,28.5,16.5
1990,11,16,19.5,NULO,22.5,20.5
1990,11,17,15.7,NULO,27,21
1990,11,18,0,NULO,28.5,19.5
1990,11,19,0,NULO,28.5,17.5
1990,11,20,0,NULO,28.5,17.5
1990,11,21,0,NULO,29.5,18.5
1990,11,22,0,NULO,27.5,22.5
1990,11,23,0,NULO,29.5,21.5
1990,11,24,0,NULO,29.5,20.5
1990,11,25,0,NULO,30.5,19.5
1990,11,26,0,NULO,29.5,18.5
1990,11,27,0,NULO,31.5,19.5
1990,11,28,0.01,NULO,30.5,18.5
1990,11,29,20,NULO,23.5,14
1990,11,30,0.01,NULO,18.5,11.5
1990,12,1,0,NULO,26.5,14.5
1990,12,2,0,NULO,29,17.5
1990,12,3,13.5,NULO,26.5,17.5
1990,12,4,0,NULO,19.5,14.5
1990,12,5,0,NULO,16.5,10.5
1990,12,6,0,NULO,25.5,11.5
1990,12,7,0,NULO,17.5,9
1990,12,8,0,NULO,21.5,7.5
1990,12,9,0,NULO,23.5,6.5
1990,12,10,0,NULO,25.5,8.5
1990,12,11,0,NULO,25.5,9
1990,12,12,0,NULO,26.5,11.5
1990,12,13,0,NULO,28.5,12.5
1990,12,14,0,NULO,27.5,13.5
1990,12,15,0.01,NULO,27.5,15.5
1990,12,16,0,NULO,27.5,17.5
1990,12,17,0.01,NULO,27.5,18.5
1990,12,18,0,NULO,25.5,14.5
1990,12,19,0,NULO,28.5,12.5
1990,12,20,0.01,NULO,28,13.5
1990,12,21,0,NULO,21.5,12.5
1990,12,22,0,NULO,20,13.5
1990,12,23,1,NULO,25.5,10
1990,12,24,0,NULO,16.5,7.5
1990,12,25,0,NULO,20.5,8.5
1990,12,26,0,NULO,25.5,12
1990,12,27,0,NULO,27.5,16.5
1990,12,28,0,NULO,25.5,18.5
1990,12,29,0,NULO,28.5,19.5
1990,12,30,1.9,NULO,28.5,16
1990,12,31,0,NULO,20.5,16
1991,1,1,0,0.55,25.5,15.5
1991,1,2,0,3.45,23,15.5
1991,1,3,0,3.12,21.5,17.5
1991,1,4,0,3.02,23.5,17.5
1991,1,5,0,3,18.5,17.5
1991,1,6,0,3.1,23,17.5
1991,1,7,0.4,1.85,20.5,19.5
1991,1,8,0,0.49,18,15.5
1991,1,9,0,0.72,20.5,16.5
1991,1,10,0,2.89,27.5,17.5
1991,1,11,0,0.64,20.5,17.5
1991,1,12,0,4.35,20.5,15.5
1991,1,13,0,1.3,17.5,14.5
1991,1,14,0,1.07,26.5,14.5
1991,1,15,0,4.19,27.5,13.5
1991,1,16,0,1.74,26.5,10.5
1991,1,17,0,0.75,25.5,10.5
1991,1,18,0,0.25,26.5,17.5
1991,1,19,0,1.31,20.5,16.5
1991,1,20,4.5,5.23,27.5,11.5
1991,1,21,2.3,0.32,19.5,12.5
1991,1,22,0,0.38,17.5,8.5
1991,1,23,0,2.27,23.5,9.5
1991,1,24,0.5,0.23,17.5,14.5
1991,1,25,0,2.78,23.5,14.5
1991,1,26,0,0.89,20.5,14.5
1991,1,27,2.5,1.98,27.5,17.5
1991,1,28,0,2.59,27.5,16.5
1991,1,29,0,2.1,28.5,17.5
1991,1,30,0,2.97,26.5,19
1991,1,31,0,2.49,20.5,14
1991,2,1,0,1.98,19.5,11.5
1991,2,2,8.6,0.03,21.5,12.5
1991,2,3,0,0.01,21.5,15.5
1991,2,4,0,0.89,25.5,17.5
1991,2,5,0,1.15,25,18.5
1991,2,6,0,2.63,22.5,18.5
1991,2,7,0,1.3,20.5,17.5
1991,2,8,0,0.09,20.5,16.5
1991,2,9,0,3.38,26.5,12.5
1991,2,10,0,4.27,25.5,11.5
1991,2,11,0,3.29,27.5,12.5
1991,2,12,0,2.62,26.5,13.5
1991,2,13,0,3.85,30.5,13.5
1991,2,14,0,5.45,31.5,15.5
1991,2,15,0,2.84,27.5,16.5
1991,2,16,0,2.9,27.5,18.5
1991,2,17,0,4.64,29.5,16.5
1991,2,18,0,4.68,31.5,17.5
1991,2,19,0,3.41,28.5,18.5
1991,2,20,0,2.12,23.5,17.5
1991,2,21,0,2.39,24.5,15.5
1991,2,22,0,2.8,25,13.5
1991,2,23,0,3.65,26.5,13.5
1991,2,24,0,3.43,28.5,14.5
1991,2,25,0,4.18,30.5,17.5
1991,2,26,6.7,0.4,18.5,16.5
1991,2,27,6,6.45,17.5,11.5
1991,2,28,0,5.17,27.5,13.5
1991,3,1,0,3.71,36.5,14.5
1991,3,2,0,8.18,40,17.5
1991,3,3,0,6.09,35.2,18.5
1991,3,4,0,4.49,30.5,11.5
1991,3,5,0,4.53,32.5,9.5
1991,3,6,0,5.78,37.5,12.5
1991,3,7,0,2.98,39.5,14.5
1991,3,8,0,3.93,32.5,18
1991,3,9,0,4.59,26.5,20.5
1991,3,10,0,3.93,26.5,15.5
1991,3,11,0,6.44,28.5,14.5
1991,3,12,0,2.9,34.5,17
1991,3,13,0,4.54,31.5,19.5
1991,3,14,0,3.35,30.5,20.5
1991,3,15,0,4.93,32.5,20.5
1991,3,16,0,4.71,33.5,21.5
1991,3,17,0,3.51,27.5,22.5
1991,3,18,0,6.59,30.5,21.5
1991,3,19,0,3.07,30.5,19.5
1991,3,20,0,3.77,31.5,21.5
1991,3,21,0,4.86,33.5,21.5
1991,3,22,0,3.84,39.5,20.5
1991,3,23,0,4.49,30.5,22.5
1991,3,24,0,4.39,31.5,22.5
1991,3,25,0,4.7,32.5,21.5
1991,3,26,0,4.13,33.5,21.5
1991,3,27,0,8.33,35.5,21.5
1991,3,28,0,7.91,35.5,23.5
1991,3,29,0,6.79,24.5,18.5
1991,3,30,0,5.07,22.5,14.5
1991,3,31,5.2,3.28,28.5,17.5
1991,4,1,1,1.45,23.5,18.5
1991,4,2,0,4.68,25.5,15.5
1991,4,3,0,4.09,29.5,16.5
1991,4,4,0,4.16,30.5,15.5
1991,4,5,0,3.67,25,22.5
1991,4,6,0,1.62,23.5,22.5
1991,4,7,0,3.3,30.5,20.5
1991,4,8,0,3.56,32.5,21.5
1991,4,9,0,4.15,32.5,23.5
1991,4,10,0,3.35,30.5,23.5
1991,4,11,0,3.43,32,22.5
1991,4,12,0,5.27,34.5,23.5
1991,4,13,0,7.63,32.5,22.5
1991,4,14,4.4,5.82,34.5,22.5
1991,4,15,0,5.49,31.5,23.5
1991,4,16,0,4.9,35.5,23.5
1991,4,17,0,7.82,35.5,25.5
1991,4,18,0,5.55,35.5,23.5
1991,4,19,0,6.63,40.5,23.5
1991,4,20,0,5.21,32.5,24.5
1991,4,21,0,6.82,32.5,23.5
1991,4,22,0,5.15,32,22.5
1991,4,23,0,6.78,35.5,24.5
1991,4,24,0,5.23,37,26
1991,4,25,0,7.53,37.5,25.5
1991,4,26,0,5.93,40.5,26.5
1991,4,27,0,7.39,42.5,23.5
1991,4,28,0,7.19,42.5,26.5
1991,4,29,0,5.94,35.5,26.5
1991,4,30,0,5.81,38.5,20.5
1991,5,1,0,4.77,36.5,27.5
1991,5,2,0,5.17,34.5,24.5
1991,5,3,0,5.74,36,25.5
1991,5,4,0,5.64,36.5,25.5
1991,5,5,44.2,2.17,35.5,25.5
1991,5,6,0,2.63,29.5,21.5
1991,5,7,0,1.67,31.5,21.5
1991,5,8,0,4.45,32.5,22.5
1991,5,9,0,5.13,34.5,25.5
1991,5,10,0,5.43,35,24.5
1991,5,11,1.6,4.85,34.5,25.5
1991,5,12,0,5.79,33,25.5
1991,5,13,0,2.64,34.5,24.5
1991,5,14,0,7.41,33,24.5
1991,5,15,0,4.39,30.5,24.5
1991,5,16,0,6.54,36.5,27.5
1991,5,17,0,5.01,34.5,26.5
1991,5,18,0,4.75,35.5,23.5
1991,5,19,0,5.65,34.5,25.5
1991,5,20,0,7.97,35.5,22.5
1991,5,21,0,4.69,35.5,26
1991,5,22,0,4.38,34,25.5
1991,5,23,0,6.35,34.5,25.5
1991,5,24,0,5.76,35.5,26.5
1991,5,25,0,7.22,36.5,25.5
1991,5,26,0,4.98,37.5,26.5
1991,5,27,0,4,36.5,26.5
1991,5,28,0,2.28,36.5,25.5
1991,5,29,0,8.78,36.5,25.5
1991,5,30,0,7.93,32,24.5
1991,5,31,0,7.25,36.5,26.5
1991,6,1,0,5.5,37.5,28.5
1991,6,2,0,5.59,37.5,27.5
1991,6,3,0,5.53,37.5,27.5
1991,6,4,0,3.65,39,26.5
1991,6,5,0,1.74,38,24.5
1991,6,6,0,3.87,35.5,24.5
1991,6,7,0,6.17,37.5,23.5
1991,6,8,0,6.1,29.5,24
1991,6,9,0,7.22,35.5,23.5
1991,6,10,0,7.17,37.5,25.5
1991,6,11,0,5.28,34.5,24.5
1991,6,12,4,0.03,36.5,24.5
1991,6,13,0,5.5,35.5,25.5
1991,6,14,0,3.9,36.5,25.5
1991,6,15,7.3,0.83,35.5,27.5
1991,6,16,0,4.2,35.5,24.5
1991,6,17,2,3.53,35,25.5
1991,6,18,4.6,6.03,35.5,24.5
1991,6,19,0,2.28,35.5,25.5
1991,6,20,0,4.03,33.5,24.5
1991,6,21,0,4.88,35.5,24.5
1991,6,22,0,7.55,35.5,24.5
1991,6,23,16.3,2.14,32.5,25.5
1991,6,24,20,1.41,27.5,23.5
1991,6,25,56.4,1.29,27,23.5
1991,6,26,17.7,7.45,28.5,23.5
1991,6,27,9.8,7.8,29.5,22.5
1991,6,28,0,6.24,30.5,23.5
1991,6,29,1.2,7.73,30.5,23.5
1991,6,30,39.4,7.15,28.5,24.5
1991,7,1,15.7,2.7,26.5,24.5
1991,7,2,112.4,2.26,29.5,23.5
1991,7,3,23.3,3.85,26.5,22.5
1991,7,4,0,4.53,28.5,23.5
1991,7,5,15.6,8.67,31.5,24.5
1991,7,6,0,3.53,30.5,23.5
1991,7,7,7.5,6.97,30,23.5
1991,7,8,34.7,7.18,27.5,24.5
1991,7,9,8.5,4.89,31.5,23.5
1991,7,10,0,6.19,31.5,24.5
1991,7,11,0,5.02,31.5,24.5
1991,7,12,0,2.94,30.5,24.5
1991,7,13,7.8,5.39,31.5,25.5
1991,7,14,9.4,8.07,26.5,23.5
1991,7,15,0,1.35,27.5,22.5
1991,7,16,0,2.56,32,24
1991,7,17,0,4.14,32.5,23.5
1991,7,18,0,4.65,31.5,23
1991,7,19,5.1,3.29,32,23.5
1991,7,20,0,3.8,32.5,25.5
1991,7,21,0,3.29,31.5,24.5
1991,7,22,5.4,2.69,30.5,24
1991,7,23,15.3,4.1,31,22.5
1991,7,24,1.7,1.1,28.5,22.5
1991,7,25,0,2.16,31.5,23.5
1991,7,26,0,2.5,31.5,24.5
1991,7,27,0,4.56,32.5,24.5
1991,7,28,0,5.11,33.5,23.5
1991,7,29,0,5.28,33.5,24
1991,7,30,0,4.43,34,22.5
1991,7,31,0,5.15,35.5,23
1991,8,1,0,6.32,34.5,23.5
1991,8,2,0,3.49,34.5,23.5
1991,8,3,0,2.48,31.5,23.5
1991,8,4,0,1.63,33.5,25.5
1991,8,5,0,6.73,29.5,24.5
1991,8,6,13.4,7.61,32.5,23.5
1991,8,7,0,0.37,29.5,24.5
1991,8,8,0,0.99,29.5,22.5
1991,8,9,0,4.34,33.5,22.5
1991,8,10,5,0.81,31.5,25.5
1991,8,11,1.2,5.04,33,23.5
1991,8,12,0,5.02,32.5,22.5
1991,8,13,0,4.57,33.5,22.5
1991,8,14,0,5.01,33.5,23.5
1991,8,15,0,3.94,33.5,24.5
1991,8,16,0,4.44,28.5,23.5
1991,8,17,0,5.3,34.5,24.5
1991,8,18,0,5.08,36.5,24.5
1991,8,19,15.5,0.16,36.5,27.5
1991,8,20,0,2.41,36.5,26.5
1991,8,21,0,4.54,37.5,26.5
1991,8,22,0,5.5,37.5,27.5
1991,8,23,20.5,0.61,36.5,23.5
1991,8,24,0,0.78,36.5,26.5
1991,8,25,0,4.32,33.5,26.5
1991,8,26,0,4.31,34.5,23.5
1991,8,27,0,4.91,33.5,24.5
1991,8,28,0,3.99,34.5,24.5
1991,8,29,0,5.62,35.5,24.5
1991,8,30,0,3.15,34.5,24.5
1991,8,31,0,2.81,34.5,23.5
1991,9,1,0,4.35,36.5,23.5
1991,9,2,0,5.14,36.5,24.5
1991,9,3,2,5.52,37.5,24.5
1991,9,4,5.9,4.14,33.5,25
1991,9,5,29,4.76,33.5,24.5
1991,9,6,0,2.46,29.5,24
1991,9,7,15.5,2.5,27.5,24.5
1991,9,8,14,3.22,32.5,23.5
1991,9,9,2,4.16,31.5,22.5
1991,9,10,7.9,2.84,25,22.5
1991,9,11,0,2.24,31.5,21.5
1991,9,12,0,1.59,31.5,23.5
1991,9,13,0,2.44,27.5,24.5
1991,9,14,0,3,33.5,23.5
1991,9,15,24.3,5.03,30,26.5
1991,9,16,88.5,4.58,30,23.5
1991,9,17,2,4.35,29.5,22.5
1991,9,18,66.6,4.12,31.5,22.5
1991,9,19,24.5,3.89,29.5,22.5
1991,9,20,0,3.66,24.5,21.5
1991,9,21,4.8,3.43,26.5,20
1991,9,22,34.2,3.2,26.5,20.5
1991,9,23,20,2.97,27.5,22.5
1991,9,24,0,2.74,31.5,23.5
1991,9,25,7.2,2.51,30,23.5
1991,9,26,0,2.28,29.5,20
1991,9,27,13.3,2.05,28.5,17.5
1991,9,28,6,1.82,23.5,20
1991,9,29,4,1.59,21.5,19.5
1991,9,30,0.5,1.36,25.5,19.5
1991,10,1,4.6,3.04,30.5,21
1991,10,2,0,2.85,30.5,18.5
1991,10,3,0,2.51,31.5,23.5
1991,10,4,0,4.94,32.5,24.5
1991,10,5,18.5,6.9,32.5,24
1991,10,6,19,4.15,25.5,20.5
1991,10,7,231.3,0.06,20.5,17.5
1991,10,8,132.7,0.68,20.5,19.5
1991,10,9,58.7,1.25,21.5,19.5
1991,10,10,16.6,1.44,22.5,19.5
1991,10,11,0,2.35,27.5,19.5
1991,10,12,0,2.16,29.5,17.5
1991,10,13,0,4.45,30,17.5
1991,10,14,0,3.36,30.5,18.5
1991,10,15,0,3.73,30,19.5
1991,10,16,0,2.49,30,20.5
1991,10,17,0,3.27,30.5,20.5
1991,10,18,0,3.27,29.5,19
1991,10,19,0,0.26,29.5,20.5
1991,10,20,1.4,2.58,29,22.5
1991,10,21,0,2.44,29.5,22.5
1991,10,22,0,3.73,33.5,22.5
1991,10,23,0,3,32.5,23.5
1991,10,24,0,4.38,33.5,22.5
1991,10,25,0,1.84,32.5,21.5
1991,10,26,0,3.03,31.5,21.5
1991,10,27,0,2.54,32.5,23.5
1991,10,28,0,5.32,28.5,24.5
1991,10,29,0,1.77,31.5,25.5
1991,10,30,1.1,2.38,30.5,24.5
1991,10,31,1.5,3.57,31.5,23.5
1991,11,1,2,0.72,17.5,17
1991,11,2,0,1.34,19.5,15.5
1991,11,3,22.3,2.23,18.5,17.5
1991,11,4,3.1,1.26,13,9.5
1991,11,5,4,0.14,20,9.5
1991,11,6,0,0.91,24,12.5
1991,11,7,0,0.11,28,19.5
1991,11,8,0,1.88,18.5,16
1991,11,9,0,0.55,19,14.5
1991,11,10,0,1.64,26.5,15
1991,11,11,0,1.76,25.5,17.5
1991,11,12,0,0.4,24.5,18.5
1991,11,13,0,0.33,25.5,10.5
1991,11,14,0,1.09,28.5,15.5
1991,11,15,0,1.83,29.5,16.5
1991,11,16,0,3.31,30.5,18.5
1991,11,17,0,1.98,31.5,22.5
1991,11,18,0,2.95,31.5,22.5
1991,11,19,0,1.07,32.5,21.5
1991,11,20,0,2.88,23.5,17.5
1991,11,21,0,2.19,25.5,13.5
1991,11,22,0,2.51,28.5,11.5
1991,11,23,0,3.51,26.5,13.5
1991,11,24,0,1.59,18.5,13.5
1991,11,25,0,2.91,22.5,14.5
1991,11,26,0,0.6,22.5,14.5
1991,11,27,0,1.6,28.5,16.5
1991,11,28,0,1.95,28.5,16.5
1991,11,29,0,2.42,29.5,17.5
1991,11,30,0,0.29,29.5,18.5
1991,12,1,0,3.03,29.5,19.5
1991,12,2,0,0.33,21.5,20.5
1991,12,3,0,5.35,14.5,12.5
1991,12,4,0,1.54,20.5,13.5
1991,12,5,0,2.46,23.5,11.5
1991,12,6,0,0.08,23.5,11.5
1991,12,7,0,2.02,24.5,17.5
1991,12,8,0,1.54,30.5,19.5
1991,12,9,0,2.29,28.5,21.5
1991,12,10,0,0.05,27.5,19.5
1991,12,11,0,2.91,28.5,19.5
1991,12,12,0,2.67,28.5,18.5
1991,12,13,1.3,2.3,29.5,19.5
1991,12,14,2,1.62,25.5,20.5
1991,12,15,2.2,4.89,23.5,12.5
1991,12,16,0,0.18,15.5,11.5
1991,12,17,0,1.01,22.5,12.5
1991,12,18,0,0.7,22.5,19.5
1991,12,19,1.2,1.11,24.5,19.5
1991,12,20,8,3.99,22.5,20.5
1991,12,21,1,0.87,22.5,21.5
1991,12,22,0,0.73,26.5,22.5
1991,12,23,1,1.7,26.5,20.5
1991,12,24,0,5.95,21.5,17.5
1991,12,25,2.2,2.05,16.5,13.5
1991,12,26,0,1.85,22.5,14.5
1991,12,27,0,1.4,16.5,14.5
1991,12,28,0,1.15,18.5,13.5
1991,12,29,0,0.07,21.5,13.5
1991,12,30,0,0.19,21.5,15.5
1991,12,31,0,5.72,23.5,17.5
1992,1,1,0,NULO,26.5,18.5
1992,1,2,0,NULO,23.5,14.5
1992,1,3,2,NULO,18.5,15.5
1992,1,4,0,NULO,28.5,17.5
1992,1,5,0,NULO,24.5,16.5
1992,1,6,0,NULO,26.5,16.5
1992,1,7,0,NULO,27.5,18.5
1992,1,8,0,NULO,26.5,19.5
1992,1,9,10,NULO,24.5,15.5
1992,1,10,13,NULO,19.5,14.5
1992,1,11,0,NULO,16.5,12.5
1992,1,12,0,NULO,25.5,12.5
1992,1,13,0,NULO,22.5,14.5
1992,1,14,0,NULO,21.5,13.5
1992,1,15,33,NULO,17.5,11.5
1992,1,16,15,NULO,14.5,11.5
1992,1,17,0,NULO,18.5,11.5
1992,1,18,3,NULO,20.5,11.5
1992,1,19,0,NULO,14.5,9.5
1992,1,20,0,NULO,12.5,10.5
1992,1,21,0,NULO,23.5,10.5
1992,1,22,0,NULO,17.5,11.5
1992,1,23,1,NULO,22.5,14.5
1992,1,24,0,NULO,17.5,12.5
1992,1,25,10,NULO,16.5,12.5
1992,1,26,2,NULO,19.5,13.5
1992,1,27,0,NULO,21.5,14.5
1992,1,28,20,NULO,19.5,16.5
1992,1,29,1.5,NULO,17.5,12.5
1992,1,30,0,NULO,16.5,13.5
1992,1,31,5,NULO,17.5,14.5
1992,2,1,7,NULO,18.5,14.5
1992,2,2,2.5,NULO,24.5,15.5
1992,2,3,0,NULO,24.5,17.5
1992,2,4,0,NULO,28.5,14.5
1992,2,5,0,NULO,33.5,12.5
1992,2,6,0,NULO,25.5,9.5
1992,2,7,0,NULO,25.5,10.5
1992,2,8,0,NULO,19.5,13.5
1992,2,9,0,NULO,23.5,13.5
1992,2,10,0,NULO,21.5,14.5
1992,2,11,0,NULO,26.5,16.5
1992,2,12,0,NULO,26.5,18.5
1992,2,13,0,NULO,27.5,19.5
1992,2,14,0,NULO,29.5,18.5
1992,2,15,0,NULO,28.5,19.5
1992,2,16,0,NULO,29.5,19.5
1992,2,17,7,NULO,29.5,17.5
1992,2,18,2,NULO,25.5,17.5
1992,2,19,0,NULO,26.5,17.5
1992,2,20,0,NULO,21.5,13.5
1992,2,21,0,NULO,26.5,16.5
1992,2,22,0,NULO,25.5,18.5
1992,2,23,6,NULO,29.5,19.5
1992,2,24,0,NULO,29.5,16.5
1992,2,25,0,NULO,25.5,17.5
1992,2,26,0,NULO,21.5,13.5
1992,2,27,0,NULO,22.5,13.5
1992,2,28,0,NULO,25.5,15.5
1992,2,29,0,NULO,27.5,12.5
1992,3,1,0,NULO,23.5,14.5
1992,3,2,0,NULO,25.5,19
1992,3,3,0,NULO,28.5,20.5
1992,3,4,0,NULO,31.5,19.5
1992,3,5,0,NULO,31.5,18.5
1992,3,6,0,NULO,29.5,19.5
1992,3,7,0,NULO,29.5,20.5
1992,3,8,0,NULO,29.5,18.5
1992,3,9,0,NULO,34.5,20.5
1992,3,10,0,NULO,25.5,22.5
1992,3,11,0,NULO,24.5,18.5
1992,3,12,0,NULO,22.5,17.5
1992,3,13,9,NULO,21.5,16.5
1992,3,14,0,NULO,28.5,15.5
1992,3,15,0,NULO,28.5,11.5
1992,3,16,0,NULO,32.5,11.5
1992,3,17,0,NULO,28.5,16
1992,3,18,0,NULO,32.5,18.5
1992,3,19,0,NULO,32.5,20.5
1992,3,20,0,NULO,24.5,19.5
1992,3,21,0,NULO,33.5,16.5
1992,3,22,0,NULO,33.5,16.5
1992,3,23,0,NULO,27.5,20.5
1992,3,24,10,NULO,25.5,18.5
1992,3,25,3,NULO,26.5,21.5
1992,3,26,32,NULO,28.5,21.5
1992,3,27,0,NULO,29.5,21.5
1992,3,28,0,NULO,29.5,22.5
1992,3,29,0,NULO,33.5,23.5
1992,3,30,4,NULO,28.5,22.5
1992,3,31,0,NULO,27.5,22.5
1992,4,1,0,NULO,29.5,22.5
1992,4,2,8,NULO,27.5,19.5
1992,4,3,6,NULO,23.5,17.5
1992,4,4,0,NULO,21.5,14.5
1992,4,5,0,NULO,27.5,16.5
1992,4,6,0.01,NULO,27.5,18.5
1992,4,7,0.01,NULO,30.5,21.5
1992,4,8,0,NULO,29.5,20.5
1992,4,9,0,NULO,29.5,20.5
1992,4,10,0,NULO,31.5,22.5
1992,4,11,0,NULO,31.5,23.5
1992,4,12,0,NULO,31.5,21.5
1992,4,13,0,NULO,30.5,22.5
1992,4,14,0,NULO,29.5,20.5
1992,4,15,0,NULO,30.5,21.5
1992,4,16,0,NULO,31.5,22.5
1992,4,17,0,NULO,32.5,21.5
1992,4,18,0,NULO,35.5,21.5
1992,4,19,0,NULO,32.5,19.5
1992,4,20,0,NULO,31.5,20.5
1992,4,21,0,NULO,31.5,16.5
1992,4,22,0,NULO,32.5,16.5
1992,4,23,0,NULO,30.5,20.5
1992,4,24,6,NULO,33.5,23.5
1992,4,25,2,NULO,32.5,22.5
1992,4,26,6,NULO,27.5,20.5
1992,4,27,0,NULO,26.5,20.5
1992,4,28,0,NULO,26.5,17.5
1992,4,29,0,NULO,32.5,17.5
1992,4,30,0,NULO,32.5,18.5
1992,5,1,0,NULO,32.5,21.5
1992,5,2,0,NULO,32.5,22.5
1992,5,3,0,NULO,32.5,22.5
1992,5,4,0,NULO,33.5,19.5
1992,5,5,0,NULO,31.5,20.5
1992,5,6,2,NULO,33.5,20.5
1992,5,7,1,NULO,30.5,19.5
1992,5,8,0,NULO,27,17.5
1992,5,9,0,NULO,30.5,19.5
1992,5,10,0,NULO,33,20.5
1992,5,11,0,NULO,34.5,23.5
1992,5,12,0,NULO,34.5,23.5
1992,5,13,2,NULO,34.5,24.5
1992,5,14,0,NULO,32.5,21.5
1992,5,15,0,NULO,34,21.5
1992,5,16,2,NULO,33,20.5
1992,5,17,1,NULO,34.5,24.5
1992,5,18,1,NULO,30.5,21.5
1992,5,19,0,NULO,30.5,22.5
1992,5,20,0,NULO,31.5,22.5
1992,5,21,0,NULO,34.5,20.5
1992,5,22,0,NULO,33,22.5
1992,5,23,0,NULO,34.5,21.5
1992,5,24,0,NULO,34.5,22.5
1992,5,25,0,NULO,34.5,21.5
1992,5,26,0,NULO,36.5,22.5
1992,5,27,0,NULO,35.5,24.5
1992,5,28,0,NULO,33,24.5
1992,5,29,4,NULO,30.5,24.5
1992,5,30,16,NULO,30.5,22.5
1992,5,31,10,NULO,32.5,23.5
1992,6,1,1,NULO,27.5,23.5
1992,6,2,1,NULO,31.5,24.5
1992,6,3,0,NULO,29.5,23.5
1992,6,4,0,NULO,36.5,24.5
1992,6,5,0,NULO,36.5,25.5
1992,6,6,0,NULO,35.5,24.5
1992,6,7,20,NULO,37.5,26.5
1992,6,8,0,NULO,31.5,23.5
1992,6,9,50,NULO,34.5,23.5
1992,6,10,6,NULO,31.5,22.5
1992,6,11,4,NULO,33.5,22.5
1992,6,12,0,NULO,41.5,24.5
1992,6,13,0,NULO,35.5,25.5
1992,6,14,0,NULO,35.5,25.5
1992,6,15,0,NULO,36.5,25.5
1992,6,16,0,NULO,34.5,24.5
1992,6,17,26,NULO,34.5,24.5
1992,6,18,10,NULO,31.5,25.5
1992,6,19,0,NULO,32.5,24.5
1992,6,20,0,NULO,33.5,22.5
1992,6,21,0,NULO,33.5,23.5
1992,6,22,0,NULO,35.5,22.5
1992,6,23,0,NULO,35.5,21.5
1992,6,24,0,NULO,36.5,22.5
1992,6,25,0,NULO,36.5,22.5
1992,6,26,0,NULO,36.5,23.5
1992,6,27,0,NULO,37.5,23.5
1992,6,28,0,NULO,36.5,24.5
1992,6,29,0,NULO,35.5,26.5
1992,6,30,0,NULO,37.5,27.5
1992,7,1,11,NULO,35.5,27.5
1992,7,2,3,NULO,32.5,26.5
1992,7,3,13,NULO,32.5,22.5
1992,7,4,12,NULO,30.5,22.5
1992,7,5,21,NULO,28.5,23.5
1992,7,6,0,NULO,32.5,22.5
1992,7,7,0,NULO,32.5,23.5
1992,7,8,2,NULO,32.5,24.5
1992,7,9,9,NULO,37.5,27.5
1992,7,10,17,NULO,32.5,23.5
1992,7,11,14,NULO,31.5,22.5
1992,7,12,0,NULO,32.5,22.5
1992,7,13,9,NULO,32.5,23.5
1992,7,14,6,NULO,31.5,23.5
1992,7,15,0,NULO,28.5,22.5
1992,7,16,0,NULO,31.5,24.5
1992,7,17,3,NULO,32.5,23.5
1992,7,18,31,NULO,29.5,23.5
1992,7,19,34,NULO,29.5,23.5
1992,7,20,3,NULO,29.5,22.5
1992,7,21,1,NULO,30.5,23.5
1992,7,22,0,NULO,33.5,23.5
1992,7,23,4,NULO,32.5,23.5
1992,7,24,0,NULO,32.5,23.5
1992,7,25,0,NULO,33.5,23.5
1992,7,26,0,NULO,32.5,23.5
1992,7,27,20,NULO,31.5,23.5
1992,7,28,0,NULO,30.5,24.5
1992,7,29,0,NULO,31.5,23.5
1992,7,30,0,NULO,32.5,25.5
1992,7,31,0,NULO,32.5,24.5
1992,8,1,0,NULO,32.5,23.5
1992,8,2,10,NULO,33.5,22.5
1992,8,3,0,NULO,33.5,23.5
1992,8,4,0,NULO,33.5,22.5
1992,8,5,0,NULO,33.5,22.5
1992,8,6,0,NULO,32.5,23.5
1992,8,7,0,NULO,34.5,23.5
1992,8,8,0,NULO,31.5,22.5
1992,8,9,2,NULO,32.5,23.5
1992,8,10,0,NULO,34.5,22.5
1992,8,11,0,NULO,34.5,22.5
1992,8,12,0,NULO,35.5,22.5
1992,8,13,0,NULO,34.5,22.5
1992,8,14,42,NULO,32.5,23.5
1992,8,15,33,NULO,30.5,22.5
1992,8,16,0,NULO,29.5,23.5
1992,8,17,8,NULO,29.5,23.5
1992,8,18,0,NULO,31.5,23.5
1992,8,19,0,NULO,31.5,23.5
1992,8,20,0,NULO,33.5,22.5
1992,8,21,0,NULO,33.5,23.5
1992,8,22,0,NULO,33,23.5
1992,8,23,0,NULO,33.5,22.5
1992,8,24,0,NULO,29.5,24.5
1992,8,25,0,NULO,34.5,22.5
1992,8,26,0,NULO,33.5,22.5
1992,8,27,0,NULO,34.5,22.5
1992,8,28,0,NULO,34.5,22.5
1992,8,29,0,NULO,35.5,22.5
1992,8,30,0,NULO,35.5,22.5
1992,8,31,0,NULO,32.5,23.5
1992,9,1,4,NULO,31.5,23.5
1992,9,2,0,NULO,35.5,23.5
1992,9,3,10,NULO,33.5,21.5
1992,9,4,0,NULO,33.5,23.5
1992,9,5,0,NULO,34.5,23.5
1992,9,6,0,NULO,34.5,22.5
1992,9,7,22,NULO,33.5,24.5
1992,9,8,1,NULO,32.5,23.5
1992,9,9,0,NULO,32.5,24.5
1992,9,10,24,NULO,32.5,22.5
1992,9,11,25,NULO,30.5,22.5
1992,9,12,57,NULO,30.5,22.5
1992,9,13,1,NULO,30.5,22.5
1992,9,14,2,NULO,31.5,24.5
1992,9,15,3,NULO,30.5,23.5
1992,9,16,0,NULO,29.5,22.5
1992,9,17,0,NULO,33.5,22.5
1992,9,18,0,NULO,33.5,23.5
1992,9,19,0,NULO,31.5,22.5
1992,9,20,0,NULO,34.5,22.5
1992,9,21,0,NULO,34.5,23.5
1992,9,22,14,NULO,35.5,24.5
1992,9,23,3,NULO,27.5,22.5
1992,9,24,0,NULO,28.5,21.5
1992,9,25,0,NULO,29.5,22.5
1992,9,26,10,NULO,32.5,23.5
1992,9,27,3,NULO,28.5,23.5
1992,9,28,35,NULO,28.5,22.5
1992,9,29,0,NULO,23.5,19.5
1992,9,30,0,NULO,22.5,16.5
1992,10,1,0,NULO,29.5,26.5
1992,10,2,0,NULO,30.5,22
1992,10,3,0,NULO,30.5,14.5
1992,10,4,0,NULO,31.5,15.5
1992,10,5,0,NULO,31.5,18.5
1992,10,6,0,NULO,28.5,22.5
1992,10,7,0,NULO,32.5,23.5
1992,10,8,19,NULO,30.5,22.5
1992,10,9,0,NULO,30.5,18.5
1992,10,10,0,NULO,30.5,20.5
1992,10,11,31,NULO,28.5,23.5
1992,10,12,0,NULO,27.5,22.5
1992,10,13,0,NULO,30.5,21.5
1992,10,14,0,NULO,31.5,21.5
1992,10,15,0,NULO,32.5,21.5
1992,10,16,0,NULO,31.5,23.5
1992,10,17,77,NULO,27.5,23.5
1992,10,18,10,NULO,27.5,22.5
1992,10,19,16,NULO,28.5,21.5
1992,10,20,3,NULO,29.5,17.5
1992,10,21,5,NULO,27.5,20.5
1992,10,22,40,NULO,28.5,21.5
1992,10,23,126,NULO,25.5,22.5
1992,10,24,4,NULO,26.5,21.5
1992,10,25,0,NULO,28.5,17.5
1992,10,26,0,NULO,30.5,17.5
1992,10,27,0,NULO,30.5,18.5
1992,10,28,0,NULO,31.5,18.5
1992,10,29,0,NULO,29.5,18.5
1992,10,30,0,NULO,31.5,17.5
1992,10,31,0,NULO,32.5,20.5
1992,11,1,0,NULO,33.5,23.5
1992,11,2,0,NULO,31.5,22.5
1992,11,3,6,NULO,31.5,19.5
1992,11,4,0,NULO,22.5,19.5
1992,11,5,3,NULO,21.5,15.5
1992,11,6,2,NULO,21.5,15.5
1992,11,7,0,NULO,18.5,14.5
1992,11,8,0,NULO,24.5,15.5
1992,11,9,0,NULO,29.5,18.5
1992,11,10,0,NULO,30.5,21.5
1992,11,11,0,NULO,30.5,20.5
1992,11,12,15,NULO,29.5,18.5
1992,11,13,0,NULO,24.5,16.5
1992,11,14,6,NULO,21.5,16.5
1992,11,15,7,NULO,20.5,16.5
1992,11,16,8,NULO,21.5,16.5
1992,11,17,0,NULO,26.5,14.5
1992,11,18,0,NULO,27.5,18.5
1992,11,19,0,NULO,28.5,17.5
1992,11,20,0,NULO,26.5,20.5
1992,11,21,0,NULO,30.5,18.5
1992,11,22,0,NULO,22.5,16.5
1992,11,23,0,NULO,19.5,17.5
1992,11,24,0,NULO,29.5,14.5
1992,11,25,0,NULO,26.5,13.5
1992,11,26,8,NULO,18.5,12.5
1992,11,27,0,NULO,17.5,10.5
1992,11,28,0,NULO,22.5,10.5
1992,11,29,0,NULO,26.5,8.5
1992,11,30,0,NULO,27.5,13
1992,12,1,0,NULO,27.5,16.5
1992,12,2,0,NULO,25.5,18.5
1992,12,3,0,NULO,27.5,16.5
1992,12,4,0,NULO,28.5,17.5
1992,12,5,0,NULO,27.5,18.5
1992,12,6,0,NULO,19.5,14.5
1992,12,7,0,NULO,22.5,16.5
1992,12,8,0,NULO,25.5,17.5
1992,12,9,0,NULO,22.5,16.5
1992,12,10,0,NULO,28.5,15.5
1992,12,11,0,NULO,27.5,13.5
1992,12,12,0,NULO,27.5,12.5
1992,12,13,0,NULO,27.5,14.5
1992,12,14,0,NULO,26.5,16.5
1992,12,15,0,NULO,20.5,13.5
1992,12,16,0,NULO,23.5,13.5
1992,12,17,0,NULO,20.5,15.5
1992,12,18,0,NULO,26.5,16.5
1992,12,19,0,NULO,29.5,17.5
1992,12,20,0,NULO,29.5,17.5
1992,12,21,0,NULO,25.5,21.5
1992,12,22,0,NULO,26.5,20.5
1992,12,23,0,NULO,25.5,19.5
1992,12,24,4,NULO,24.5,20.5
1992,12,25,1,NULO,24.5,18.5
1992,12,26,0,NULO,22.5,18.5
1992,12,27,0,NULO,25.5,17.5
1992,12,28,0,NULO,24.5,19.5
1992,12,29,0,NULO,28.5,18.5
1992,12,30,0,NULO,28.5,18.5
1992,12,31,2,NULO,27.5,17.5
1993,1,1,0,NULO,25.5,16.5
1993,1,2,0,NULO,26.5,17.5
1993,1,3,0,NULO,27.5,16.5
1993,1,4,0,NULO,29.5,16.5
1993,1,5,0,NULO,26.5,16.5
1993,1,6,0,NULO,26.5,17.5
1993,1,7,0,NULO,28.5,18.5
1993,1,8,0,NULO,29.5,20.5
1993,1,9,0,NULO,30.5,18.5
1993,1,10,0,NULO,28.5,15.5
1993,1,11,0,NULO,20.5,13.5
1993,1,12,0,NULO,19.5,16.5
1993,1,13,0,NULO,22.5,15.5
1993,1,14,0,NULO,18.5,16.5
1993,1,15,0,NULO,23.5,16.5
1993,1,16,0,NULO,26.5,14.5
1993,1,17,0,NULO,28.5,16.5
1993,1,18,0,NULO,29.5,19.5
1993,1,19,0,NULO,29.5,20.5
1993,1,20,0,NULO,26.5,19.5
1993,1,21,0,NULO,28.5,19.5
1993,1,22,0,NULO,28.5,18.5
1993,1,23,15,NULO,22.5,14
1993,1,24,0,NULO,21.5,9.5
1993,1,25,0,NULO,21.5,10.5
1993,1,26,0,NULO,22.5,9.5
1993,1,27,0,NULO,24.5,11.5
1993,1,28,0,NULO,24.5,11.5
1993,1,29,0,NULO,26.5,14.5
1993,1,30,11,NULO,23.5,15.5
1993,1,31,6,NULO,27.5,12.5
1993,2,1,0,NULO,21.5,12.5
1993,2,2,2,NULO,24.5,15.5
1993,2,3,0,NULO,28.5,17.5
1993,2,4,0,NULO,28.5,17.5
1993,2,5,0,NULO,21.5,17.5
1993,2,6,0,NULO,19.5,13.5
1993,2,7,0,NULO,23.5,12.5
1993,2,8,0,NULO,34.5,10.5
1993,2,9,0,NULO,27.5,13.5
1993,2,10,0,NULO,32.5,14.5
1993,2,11,0,NULO,28.5,14.5
1993,2,12,0,NULO,27.5,14.5
1993,2,13,0,NULO,29.5,14.5
1993,2,14,0,NULO,28.5,15.5
1993,2,15,0,NULO,31.5,18.5
1993,2,16,0,NULO,28.5,17.5
1993,2,17,0,NULO,26.5,18.5
1993,2,18,3,NULO,18.5,17.5
1993,2,19,0,NULO,27.5,13.5
1993,2,20,0,NULO,29.5,14.5
1993,2,21,0,NULO,33.5,15.5
1993,2,22,0,NULO,30.5,17.5
1993,2,23,0,NULO,28.5,19.5
1993,2,24,0,NULO,28.5,19.5
1993,2,25,0,NULO,34.5,19.5
1993,2,26,0,NULO,29.5,19.5
1993,2,27,0,NULO,24.5,18.5
1993,2,28,0,NULO,29.5,19.5
1993,3,1,0,NULO,31.5,20.5
1993,3,2,2,NULO,30.5,18.5
1993,3,3,0,NULO,31.5,15.5
1993,3,4,0,NULO,29.5,11.5
1993,3,5,13,NULO,26.5,15.5
1993,3,6,2,NULO,22.5,11.5
1993,3,7,0,NULO,28.5,12.5
1993,3,8,0,NULO,23.5,16.5
1993,3,9,0,NULO,30.5,13.5
1993,3,10,0,NULO,30.5,12.5
1993,3,11,0.3,NULO,27.5,15.5
1993,3,12,0,NULO,31.5,18.5
1993,3,13,0,NULO,20.5,14.5
1993,3,14,0,NULO,18.5,10.5
1993,3,15,0,NULO,28.5,10.5
1993,3,16,0,NULO,33.5,13.5
1993,3,17,0,NULO,32.5,16.5
1993,3,18,0,NULO,29.5,17.5
1993,3,19,0,NULO,30.5,17.5
1993,3,20,0,NULO,28.5,19.5
1993,3,21,0,NULO,29.5,15.5
1993,3,22,0,NULO,27.5,17.5
1993,3,23,0,NULO,28.5,20.5
1993,3,24,0,NULO,33.5,20.5
1993,3,25,0,NULO,33.5,21.5
1993,3,26,0,NULO,33.5,19.5
1993,3,27,0,NULO,33.5,21.5
1993,3,28,0,NULO,34.5,23.5
1993,3,29,0,NULO,35.5,23.5
1993,3,30,0,NULO,38.5,22.5
1993,3,31,0,NULO,34.5,21.5
1993,4,1,0,NULO,24.5,18.5
1993,4,2,0,NULO,25.5,17.5
1993,4,3,0,NULO,31.5,20.5
1993,4,4,0,NULO,36.5,22.5
1993,4,5,0,NULO,30.5,20.5
1993,4,6,0,NULO,30.5,17.5
1993,4,7,0,NULO,37.5,20.5
1993,4,8,0,NULO,31.5,22.5
1993,4,9,0,NULO,30.5,18.5
1993,4,10,0,NULO,31.5,14.5
1993,4,11,0,NULO,32.5,18.5
1993,4,12,0,NULO,33.5,18.5
1993,4,13,0,NULO,36.5,21.5
1993,4,14,0,NULO,32.5,23.5
1993,4,15,0,NULO,28.5,22.5
1993,4,16,0,NULO,29.5,20.5
1993,4,17,0,NULO,28.5,20.5
1993,4,18,0,NULO,34.5,18.5
1993,4,19,0,NULO,32.5,18.5
1993,4,20,0,NULO,31.5,21.5
1993,4,21,0,NULO,26.5,22.5
1993,4,22,0,NULO,25.5,18.5
1993,4,23,0,NULO,31.5,14.5
1993,4,24,0,NULO,32.5,18.5
1993,4,25,0,NULO,34.5,20.5
1993,4,26,2,NULO,33.5,24.5
1993,4,27,0,NULO,31.5,20.5
1993,4,28,0,NULO,32.5,24.5
1993,4,29,0,NULO,32.5,23.5
1993,4,30,0,NULO,31.5,23.5
1993,6,1,0,NULO,36.5,23.5
1993,6,2,0,NULO,36.5,21.5
1993,6,3,0,NULO,35.5,22.5
1993,6,4,0,NULO,36.5,24.5
1993,6,5,0,NULO,36.5,24.5
1993,6,6,0,NULO,35.5,26.5
1993,6,7,0,NULO,35.5,22
1993,6,8,0,NULO,35.5,26.5
1993,6,9,0,NULO,34.5,26.5
1993,6,10,6,NULO,32.5,23.5
1993,6,11,7,NULO,30.5,22.5
1993,6,12,37,NULO,27.5,22.5
1993,6,13,7,NULO,28.5,23.5
1993,6,14,69,NULO,27.5,23.5
1993,6,15,3,NULO,28.5,23.5
1993,6,16,0,NULO,31.5,22.5
1993,6,17,0,NULO,33.5,24.5
1993,6,18,0,NULO,34.5,24.5
1993,6,19,12,NULO,35.5,26.5
1993,6,20,12,NULO,32.5,26.5
1993,6,21,54,NULO,28.5,24.5
1993,6,22,12,NULO,27.5,24.5
1993,6,23,23,NULO,28.5,24.5
1993,6,24,54,NULO,29.5,23.5
1993,6,25,29,NULO,28.5,23.5
1993,6,26,32,NULO,28.5,24.5
1993,6,27,18,NULO,29.5,24.5
1993,6,28,20,NULO,28.5,23.5
1993,6,29,28,NULO,30.5,24.5
1993,6,30,10,NULO,30.5,25.5
1993,7,1,14,NULO,30.5,23.5
1993,7,2,13,NULO,31.5,23.5
1993,7,3,7,NULO,29.5,23.5
1993,7,4,9,NULO,31.5,23.5
1993,7,5,0,NULO,31.5,24.5
1993,7,6,33,NULO,27.5,24.5
1993,7,7,17,NULO,28.5,23.5
1993,7,8,2,NULO,28.5,21.5
1993,7,9,1,NULO,30.5,21.5
1993,7,10,24,NULO,28.5,23.5
1993,7,11,3,NULO,29.5,23.5
1993,7,12,1,NULO,31.5,23.5
1993,7,13,0,NULO,31.5,22.5
1993,7,14,0,NULO,32.5,23.5
1993,7,15,0,NULO,32.5,24.5
1993,7,16,0,NULO,33.5,23.5
1993,7,17,0,NULO,33.5,24.5
1993,7,18,0,NULO,34.5,25.5
1993,7,19,0,NULO,33.5,24.5
1993,7,20,0,NULO,33.5,23.5
1993,7,21,0,NULO,32.5,24.5
1993,7,22,0,NULO,34.5,23.5
1993,7,23,0,NULO,35.5,24.5
1993,7,24,0,NULO,34.5,24.5
1993,7,25,0,NULO,34.5,23.5
1993,7,26,0,NULO,34.5,25.5
1993,7,27,0,NULO,34.5,23.5
1993,7,28,0,NULO,34.5,24.5
1993,7,29,0,NULO,34.5,24.5
1993,7,30,0,NULO,35.5,24.5
1993,7,31,0,NULO,35.5,23.5
1993,8,1,0,NULO,34.5,23.5
1993,8,2,0,NULO,34.5,24.5
1993,8,3,0,NULO,34.5,24.5
1993,8,4,6,NULO,35.5,24.5
1993,8,5,0,NULO,33.5,24.5
1993,8,6,0,NULO,34.5,22.5
1993,8,7,0,NULO,35.5,23.5
1993,8,8,0,NULO,33.5,23.5
1993,8,9,0,NULO,34.5,23.5
1993,8,10,22,NULO,34.5,23.5
1993,8,11,0,NULO,32.5,23.5
1993,8,12,0,NULO,33.5,22.5
1993,8,13,38,NULO,31.5,23.5
1993,8,14,2,NULO,32.5,23.5
1993,8,15,0,NULO,33.5,23.5
1993,8,16,7,NULO,30.5,23.5
1993,8,17,17,NULO,31.5,23.5
1993,8,18,0,NULO,32.5,23.5
1993,8,19,19,NULO,28.5,23.5
1993,8,20,20,NULO,29.5,23.5
1993,8,21,6,NULO,28.5,23.5
1993,8,22,0,NULO,30.5,24.5
1993,8,23,0,NULO,32.5,24.5
1993,8,24,0,NULO,32.5,24.5
1993,8,25,0,NULO,32.5,23.5
1993,8,26,0,NULO,32.5,24.5
1993,8,27,0,NULO,33.5,22.5
1993,8,28,6,NULO,32.5,23.5
1993,8,29,2,NULO,33.5,23.5
1993,8,30,0,NULO,29.5,23.5
1993,8,31,15,NULO,29.5,24.5
1993,9,1,0,NULO,30.5,23.5
1993,9,2,0,NULO,36.5,23.5
1993,9,3,0,NULO,33.5,23.5
1993,9,4,0,NULO,33.5,22.5
1993,9,5,0,NULO,33.5,21.5
1993,9,6,7,NULO,35.5,23.5
1993,9,7,9,NULO,32.5,23.5
1993,9,8,7,NULO,30.5,23.5
1993,9,9,7,NULO,31.5,23.5
1993,9,10,14,NULO,29.5,23.5
1993,9,11,0,NULO,30.5,24.5
1993,9,12,0,NULO,30.5,22.5
1993,9,13,0,NULO,34.5,24.5
1993,9,14,2,NULO,33.5,25.5
1993,9,15,2,NULO,28.5,24.5
1993,9,16,0,NULO,29.5,21.5
1993,9,17,0,NULO,32.5,22.5
1993,9,18,1,NULO,33.5,23.5
1993,9,19,100,NULO,32.5,23.5
1993,9,20,200,NULO,26.5,22.5
1993,9,21,17,NULO,24.5,21.5
1993,9,22,50,NULO,28.5,22.5
1993,9,23,0,NULO,29.5,22.5
1993,9,24,0,NULO,30.5,22.5
1993,9,25,0,NULO,31.5,22.5
1993,9,26,1,NULO,32.5,23.5
1993,9,27,1,NULO,28.5,23.5
1993,9,28,3,NULO,23.5,20.5
1993,9,29,40,NULO,22.5,20.5
1993,9,30,14,NULO,27.5,19.5
1993,10,1,1,NULO,28.5,16
1993,10,2,0,NULO,30.5,20.5
1993,10,3,15,NULO,27.5,22.5
1993,10,4,0,NULO,29.5,21.5
1993,10,5,0,NULO,30.5,21.5
1993,10,6,0,NULO,30.5,21.5
1993,10,7,0,NULO,31.5,20.5
1993,10,8,0,NULO,32.5,20.5
1993,10,9,0,NULO,32.5,21.5
1993,10,10,0,NULO,31.5,23.5
1993,10,11,0,NULO,31.5,22.5
1993,10,12,0,NULO,33.5,22.5
1993,10,13,0,NULO,25.5,22.5
1993,10,14,0,NULO,33.5,23.5
1993,10,15,0,NULO,34.5,23.5
1993,10,16,0,NULO,34.5,22.5
1993,10,17,0,NULO,33.5,23.5
1993,10,18,0,NULO,33.5,20.5
1993,10,19,0,NULO,33.5,23.5
1993,10,20,148,NULO,33.5,21.5
1993,10,21,0,NULO,26.5,20.5
1993,10,22,0,NULO,25.5,18.5
1993,10,23,0,NULO,25.5,15.5
1993,10,24,0,NULO,27.5,16.5
1993,10,25,0,NULO,28.5,14.5
1993,10,26,0,NULO,29.5,16.5
1993,10,27,0,NULO,30.5,19.5
1993,10,28,0,NULO,28.5,17.5
1993,10,29,0,NULO,28.5,19.5
1993,10,30,0,NULO,27.5,15.5
1993,10,31,0,NULO,26.5,11.5
1993,11,1,0,NULO,22.5,8.5
1993,11,2,0,NULO,26.5,12.5
1993,11,3,0,NULO,25.5,16.5
1993,11,4,0,NULO,31.5,21
1993,11,5,0,NULO,33.5,19.5
1993,11,6,2,NULO,25.5,18.5
1993,11,7,0,NULO,20.5,14.5
1993,11,8,0,NULO,28.5,14.5
1993,11,9,15,NULO,28.5,18.5
1993,11,10,2,NULO,27.5,21.5
1993,11,11,0,NULO,29.5,19.5
1993,11,12,0,NULO,28.5,17.5
1993,11,13,0,NULO,29.5,20.5
1993,11,14,0,NULO,31.5,22.5
1993,11,15,0,NULO,32.5,23.5
1993,11,16,12,NULO,31.5,21.5
1993,11,17,7,NULO,24.5,17.5
1993,11,18,0,NULO,25.5,16.5
1993,11,19,3,NULO,30.5,17.5
1993,11,20,0,NULO,21.5,15.5
1993,11,21,0,NULO,20.5,17.5
1993,11,22,0,NULO,21.5,15.5
1993,11,23,0,NULO,28.5,16.5
1993,11,24,0,NULO,28.5,17.5
1993,11,25,7,NULO,25.5,14.5
1993,11,26,2,NULO,21.5,13.5
1993,11,27,0,NULO,15.5,10.5
1993,11,28,0,NULO,21.5,10.5
1993,11,29,0,NULO,24.5,10.5
1993,11,30,0,NULO,26.5,11.5
1993,12,1,0,NULO,27.5,16.5
1993,12,2,0,NULO,26.5,16.5
1993,12,3,0,NULO,28.5,18.5
1993,12,4,0,NULO,22.5,19.5
1993,12,5,0,NULO,27.5,17.5
1993,12,6,2,NULO,25.5,15.5
1993,12,7,2,NULO,27.5,18.5
1993,12,8,0,NULO,27.5,19.5
1993,12,9,0,NULO,29.5,18.5
1993,12,10,0,NULO,27.5,17.5
1993,12,11,0,NULO,27.5,17.5
1993,12,12,0,NULO,28.5,17.5
1993,12,13,0,NULO,30.5,17.5
1993,12,14,0,NULO,25.5,17.5
1993,12,15,0,NULO,26.5,17.5
1993,12,16,0,NULO,27.5,19.5
1993,12,17,0,NULO,27.5,19.5
1993,12,18,0,NULO,28.5,19.5
1993,12,19,0,NULO,28,19.5
1993,12,20,0,NULO,30.5,18.5
1993,12,21,0,NULO,20.5,15.5
1993,12,22,0,NULO,29.5,14.5
1993,12,23,0,NULO,17.5,11.5
1993,12,24,3,NULO,14.5,13.5
1993,12,25,0,NULO,19.5,9.5
1993,12,26,0,NULO,23.5,9.5
1993,12,27,0,NULO,23.5,8.5
1993,12,28,0,NULO,27.5,9.5
1993,12,29,12,NULO,23.5,10.5
1993,12,30,6,NULO,17.5,12.5
1993,12,31,0,NULO,19.5,10.5
1994,1,1,0,NULO,25.5,10.5
1994,1,2,0,NULO,23.5,10.5
1994,1,3,0,NULO,23.5,11.5
1994,1,4,0,NULO,26.5,9.5
1994,1,5,0,NULO,26.5,9.5
1994,1,6,0,NULO,27.5,11.5
1994,1,7,0,NULO,24.5,11.5
1994,1,8,0,NULO,21.5,8.5
1994,1,9,0,NULO,23.5,7.5
1994,1,10,0,NULO,26.5,10.5
1994,1,11,0,NULO,26.5,14.5
1994,1,12,0,NULO,28.5,15.5
1994,1,13,0,NULO,22.5,16.5
1994,1,14,0,NULO,26.5,12.5
1994,1,15,0,NULO,25.5,10.5
1994,1,16,0,NULO,26.5,10.5
1994,1,17,0,NULO,26.5,13.5
1994,1,18,3,NULO,18.5,12.5
1994,1,19,0,NULO,23.5,12.5
1994,1,20,7,NULO,26.5,12.5
1994,1,21,9,NULO,22.5,14.5
1994,1,22,11,NULO,23.5,18.5
1994,1,23,2,NULO,21.5,18.5
1994,1,24,0,NULO,25.5,17.5
1994,1,25,0,NULO,27.5,17.5
1994,1,26,0,NULO,26.5,18.5
1994,1,27,0,NULO,28.5,18.5
1994,1,28,0,NULO,23.5,16.5
1994,1,29,1,NULO,20.5,13.5
1994,1,30,1,NULO,16.5,12.5
1994,1,31,14,NULO,14.5,12.5
1994,2,1,7,NULO,14.5,12.5
1994,2,2,1,NULO,12.5,8.5
1994,2,3,0,NULO,23.5,7.5
1994,2,4,0,NULO,27.5,11.5
1994,2,5,0,NULO,28.5,15.5
1994,2,6,0,NULO,28.5,17.5
1994,2,7,0,NULO,28.5,18.5
1994,2,8,0,NULO,29.5,19.5
1994,2,9,0,NULO,25.5,15.5
1994,2,10,0,NULO,24.5,11.5
1994,2,11,0,NULO,25.5,10.5
1994,2,12,2,NULO,27.5,12.5
1994,2,13,2,NULO,19.5,14.5
1994,2,14,0,NULO,21.5,12.5
1994,2,15,10,NULO,21.5,16.5
1994,2,16,2,NULO,21.5,17.5
1994,2,17,0,NULO,23.5,19.5
1994,2,18,0,NULO,27.5,15.5
1994,2,19,0,NULO,28.5,16.5
1994,2,20,0,NULO,29.5,19.5
1994,2,21,0,NULO,30.5,21.5
1994,2,22,0,NULO,31.5,20.5
1994,2,23,0,NULO,26.5,16.5
1994,2,24,0,NULO,29.5,15.5
1994,2,25,1,NULO,28.5,13.5
1994,2,26,2,NULO,23.5,15.5
1994,2,27,1,NULO,26.5,14.5
1994,2,28,0,NULO,26.5,15.5
1994,3,1,0,NULO,30.5,15.5
1994,3,2,0,NULO,27.5,16.5
1994,3,3,0,NULO,27.5,13.5
1994,3,4,0,NULO,20.5,11.5
1994,3,5,0,NULO,30.5,14.5
1994,3,6,0,NULO,30.5,17.5
1994,3,7,0,NULO,29.5,18.5
1994,3,8,0,NULO,31.5,20.5
1994,3,9,0,NULO,24.5,16.5
1994,3,10,0,NULO,23.5,13.5
1994,3,11,0,NULO,23.5,9.5
1994,3,12,0,NULO,22.5,12.5
1994,3,13,5,NULO,24.5,16.5
1994,3,14,0,NULO,28.5,20.5
1994,3,15,0,NULO,29.5,21.5
1994,3,16,0,NULO,25.5,17.5
1994,3,17,0,NULO,29.5,15.5
1994,3,18,0,NULO,31.5,14.5
1994,3,19,0,NULO,31.5,16.5
1994,3,20,0,NULO,32.5,19.5
1994,3,21,0,NULO,29.5,22.5
1994,3,22,0,NULO,31.5,20.5
1994,3,23,0,NULO,33.5,20.5
1994,3,24,0,NULO,33.5,22.5
1994,3,25,0,NULO,29.5,23.5
1994,3,26,0,NULO,32.5,21.5
1994,3,27,0,NULO,39.5,21.5
1994,3,28,0,NULO,27.5,19.5
1994,3,29,0,NULO,32.5,16.5
1994,3,30,0,NULO,22.5,17.5
1994,3,31,2,NULO,23.5,17.5
1994,4,1,1,NULO,23.5,17
1994,4,2,0,NULO,28.5,19.5
1994,4,3,0,NULO,28.5,19.5
1994,4,4,0,NULO,31.5,21.5
1994,4,5,0,NULO,34.5,20.5
1994,4,6,0,NULO,26.5,17.5
1994,4,7,0,NULO,28.5,14.5
1994,4,8,0,NULO,29.5,15.5
1994,4,9,0,NULO,31.5,18.5
1994,4,10,0,NULO,32.5,20.5
1994,4,11,0,NULO,35.5,21.5
1994,4,12,2,NULO,28.5,23.5
1994,4,13,0,NULO,28.5,21.5
1994,4,14,0,NULO,34.5,22.5
1994,4,15,60,NULO,34.5,19.5
1994,4,16,14,NULO,26.5,18.5
1994,4,17,2,NULO,25.5,18.5
1994,4,18,0,NULO,26.5,19.5
1994,4,19,0,NULO,29.5,17.5
1994,4,20,0,NULO,29.5,19.5
1994,4,21,18,NULO,27.5,21.5
1994,4,22,0,NULO,28.5,19.5
1994,4,23,0,NULO,30.5,20.5
1994,4,24,0,NULO,27.5,22.5
1994,4,25,0,NULO,33.5,22.5
1994,4,26,0,NULO,33.5,23.5
1994,4,27,0,NULO,33.5,22.5
1994,4,28,0,NULO,34.5,21.5
1994,4,29,0,NULO,31.5,23.5
1994,4,30,4,NULO,30.5,24.5
1994,6,1,0,NULO,36.5,23.5
1994,6,2,0,NULO,36.5,23.5
1994,6,3,0,NULO,36.5,23.5
1994,6,4,0,NULO,35.5,23.5
1994,6,5,0,NULO,37.5,24.5
1994,6,6,0,NULO,38.5,25.5
1994,6,7,0,NULO,38.5,26.5
1994,6,8,0,NULO,38.5,27.5
1994,6,9,0,NULO,37.5,26.5
1994,6,10,4,NULO,36.5,26.5
1994,6,11,42,NULO,27.5,23.5
1994,6,12,23,NULO,27.5,23.5
1994,6,13,65,NULO,28.5,23.5
1994,6,14,10,NULO,28.5,23.5
1994,6,15,20,NULO,28.5,25.5
1994,6,16,0,NULO,30.5,23.5
1994,6,17,0,NULO,32.5,23.5
1994,6,18,0,NULO,31.5,23.5
1994,6,19,0,NULO,33.5,23.5
1994,6,20,0,NULO,34.5,23.5
1994,6,21,0,NULO,35.5,24.5
1994,6,22,0,NULO,35.5,25.5
1994,6,23,0,NULO,38.5,25.5
1994,6,24,0,NULO,35.5,23.5
1994,6,25,0,NULO,35.5,25.5
1994,6,26,0,NULO,38.5,25.5
1994,6,27,0,NULO,34.5,24.5
1994,6,28,0,NULO,34.5,24.5
1994,6,29,0,NULO,34.5,24.5
1994,6,30,0,NULO,34.5,23.5
1994,7,1,0,NULO,36.5,23.5
1994,7,2,0,NULO,35.5,23.5
1994,7,3,0,NULO,35.5,23.5
1994,7,4,0,NULO,36.5,23.5
1994,7,5,0,NULO,35.5,24.5
1994,7,6,0,NULO,36.5,23.5
1994,7,7,0,NULO,35.5,24.5
1994,7,8,0,NULO,34.5,24.5
1994,7,9,0,NULO,35.5,23.5
1994,7,10,0,NULO,35.5,23.5
1994,7,11,10,NULO,32.5,23.5
1994,7,12,0,NULO,34.5,24.5
1994,7,13,2,NULO,35.5,25.5
1994,7,14,0,NULO,33.5,24.5
1994,7,15,19,NULO,32.5,24.5
1994,7,16,1,NULO,31.5,21.5
1994,7,17,1,NULO,30.5,21.5
1994,7,18,0,NULO,33.5,21.5
1994,7,19,0,NULO,33.5,22.5
1994,7,20,0,NULO,34.5,23.5
1994,7,21,0,NULO,32.5,23.5
1994,7,22,0,NULO,34.5,22.5
1994,7,23,0,NULO,34.5,22.5
1994,7,24,0,NULO,34.5,24.5
1994,7,25,0,NULO,34.5,22.5
1994,7,26,0,NULO,35.5,23.5
1994,7,27,0,NULO,35.5,22.5
1994,7,28,0,NULO,36.5,23.5
1994,7,29,0,NULO,34.5,22.5
1994,7,30,0,NULO,34.5,22.5
1994,7,31,0,NULO,35.5,22.5
1994,8,1,9,NULO,35.5,24.5
1994,8,2,0,NULO,30.5,22.5
1994,8,3,3,NULO,29.5,24.5
1994,8,4,13,NULO,32.5,24.5
1994,8,5,4,NULO,28.5,23.5
1994,8,6,0,NULO,32.5,23.5
1994,8,7,0,NULO,32.5,22.5
1994,8,8,0,NULO,33.5,23.5
1994,8,9,2,NULO,32.5,24.5
1994,8,10,50,NULO,31.5,22.5
1994,8,11,14,NULO,29.5,22.5
1994,8,12,13,NULO,39.5,23.5
1994,8,13,0,NULO,29.5,23.5
1994,8,14,4,NULO,30.5,23.5
1994,8,15,0,NULO,32.5,23.5
1994,8,16,0,NULO,33.5,23.5
1994,8,17,0,NULO,31.5,23.5
1994,8,18,0,NULO,33.5,24.5
1994,8,19,0,NULO,33.5,24.5
1994,8,20,0,NULO,33.5,23.5
1994,8,21,0,NULO,35.5,24.5
1994,8,22,0,NULO,34.5,24.5
1994,8,23,0,NULO,33.5,24.5
1994,8,24,0,NULO,32.5,23.5
1994,8,25,4,NULO,32.5,24.5
1994,8,26,0,NULO,30.5,23.5
1994,8,27,50,NULO,30.5,23.5
1994,8,28,0,NULO,27.5,24.5
1994,8,29,14,NULO,28.5,23.5
1994,8,30,14,NULO,30.5,23.5
1994,8,31,1,NULO,32.5,23.5
1994,9,1,23,NULO,28.5,23.5
1994,9,2,4,NULO,27.5,22.5
1994,9,3,15,NULO,28.5,20.5
1994,9,4,0,NULO,30.5,22.5
1994,9,5,0,NULO,32.5,22.5
1994,9,6,0,NULO,30.5,22.5
1994,9,7,0,NULO,33.5,23.5
1994,9,8,0,NULO,33.5,23.5
1994,9,9,0,NULO,33.5,23.5
1994,9,10,5,NULO,31.5,23.5
1994,9,11,33,NULO,30.5,23.5
1994,9,12,9,NULO,30.5,22.5
1994,9,13,37,NULO,31.5,23.5
1994,9,14,0,NULO,31.5,23.5
1994,9,15,0,NULO,32.5,23.5
1994,9,16,33,NULO,32.5,23.5
1994,9,17,1,NULO,29.5,24.5
1994,9,18,14,NULO,28.5,23.5
1994,9,19,0,NULO,31.5,21.5
1994,9,20,0,NULO,32.5,21.5
1994,9,21,0,NULO,32.5,20.5
1994,9,22,0,NULO,33.5,23.5
1994,9,23,1,NULO,28.5,24.5
1994,9,24,0,NULO,32.5,22.5
1994,9,25,0,NULO,32.5,22.5
1994,9,26,0,NULO,30.5,22.5
1994,9,27,0,NULO,32.5,20.5
1994,9,28,0,NULO,32.5,21.5
1994,9,29,0,NULO,32.5,20.5
1994,9,30,0,NULO,32.5,21.5
1994,10,1,0,NULO,34.5,23.5
1994,10,2,0,NULO,34.5,23.5
1994,10,3,0,NULO,35.5,24.5
1994,10,4,1,NULO,28.5,24.5
1994,10,5,1,NULO,27.5,23.5
1994,10,6,0,NULO,33.5,21.5
1994,10,7,0,NULO,33.5,22.5
1994,10,8,40,NULO,33.5,20.5
1994,10,9,4,NULO,27.5,19.5
1994,10,10,0,NULO,25.5,17.5
1994,10,11,0,NULO,26.5,17.5
1994,10,12,0,NULO,28.5,14.5
1994,10,13,0,NULO,28.5,17.5
1994,10,14,0,NULO,28.5,20.5
1994,10,15,0,NULO,32.5,21.5
1994,10,16,0,NULO,32.5,23.5
1994,10,17,0,NULO,32.5,24.5
1994,10,18,0,NULO,31.5,25.5
1994,10,19,0,NULO,32.5,24.5
1994,10,20,0,NULO,29.5,22.5
1994,10,21,0,NULO,32.5,22.5
1994,10,22,0,NULO,32.5,21.5
1994,10,23,0,NULO,33.5,22.5
1994,10,24,0,NULO,31.5,22.5
1994,10,25,0,NULO,32.5,21.5
1994,10,26,0,NULO,29.5,23.5
1994,10,27,0,NULO,27.5,19.5
1994,10,28,0,NULO,28.5,20.5
1994,10,29,0,NULO,30.5,21.5
1994,10,30,0,NULO,30.5,19.5
1994,10,31,0,NULO,31.5,21.5
1994,11,1,0,NULO,30.5,22.5
1994,11,2,0,NULO,33.5,20.5
1994,11,3,0,NULO,32.5,22.5
1994,11,4,0,NULO,33.5,22.5
1994,11,5,30,NULO,32.5,22.5
1994,11,6,63,NULO,27.5,22.5
1994,11,7,0,NULO,29.5,22.5
1994,11,8,0,NULO,30.5,20.5
1994,11,9,0,NULO,31.5,19.5
1994,11,10,0,NULO,30.5,20.5
1994,11,11,0,NULO,28.5,18.5
1994,11,12,0,NULO,30.5,20.5
1994,11,13,0,NULO,31.5,19.5
1994,11,14,0,NULO,29.5,20.5
1994,11,15,0,NULO,30.5,18.5
1994,11,16,0,NULO,25.5,17.5
1994,11,17,0,NULO,30.5,18.5
1994,11,18,0,NULO,30.5,19.5
1994,11,19,0,NULO,32.5,18.5
1994,11,20,0,NULO,32.5,18.5
1994,11,21,0,NULO,30.5,20.5
1994,11,22,0,NULO,30.5,19.5
1994,11,23,20,NULO,25.5,20.5
1994,11,24,3,NULO,26,17.5
1994,11,25,0,NULO,29.5,14.5
1994,11,26,0,NULO,29.5,17.5
1994,11,27,0,NULO,31.5,19.5
1994,11,28,0,NULO,26.5,21.5
1994,11,29,10,NULO,25.5,18.5
1994,11,30,0,NULO,20.5,14.5
1994,12,1,0,NULO,21.5,14.5
1994,12,2,0,NULO,29.5,17.5
1994,12,3,0,NULO,29.5,18.5
1994,12,4,0,NULO,30.5,18.5
1994,12,5,0,NULO,28.5,19.5
1994,12,6,0,NULO,29.5,21.5
1994,12,7,0,NULO,30.5,23.5
1994,12,8,0,NULO,28.5,22.5
1994,12,9,0,NULO,29.5,19.5
1994,12,10,2,NULO,25.5,15.5
1994,12,11,0,NULO,20.5,11.5
1994,12,12,0,NULO,26.5,10.5
1994,12,13,0,NULO,24.5,12.5
1994,12,14,0,NULO,29.5,16.5
1994,12,15,0,NULO,28.5,20.5
1994,12,16,0,NULO,28.5,20.5
1994,12,17,0,NULO,25.5,21.5
1994,12,18,2,NULO,24.5,20.5
1994,12,19,0,NULO,23.5,17.5
1994,12,20,0,NULO,27.5,17.5
1994,12,21,0,NULO,22.5,19.5
1994,12,22,0,NULO,21.5,19.5
1994,12,23,0,NULO,23.5,18.5
1994,12,24,0,NULO,18.5,15.5
1994,12,25,0,NULO,20.5,13.5
1994,12,26,0,NULO,25.5,10.5
1994,12,27,0,NULO,28.5,14.5
1994,12,28,0,NULO,29.5,15.5
1994,12,29,0,NULO,21.5,18.5
1994,12,30,0,NULO,24.5,16.5
1994,12,31,1,NULO,28.5,17.5
1995,2,1,0,NULO,26.5,9.5
1995,2,2,0,NULO,29.5,11.5
1995,2,3,0,NULO,30.5,13.5
1995,2,4,0,NULO,25.5,15.5
1995,2,5,0,NULO,28.5,11.5
1995,2,6,0,NULO,28.5,12.5
1995,2,7,0,NULO,28.5,13.5
1995,2,8,1,NULO,23.5,14.5
1995,2,9,0,NULO,26.5,14.5
1995,2,10,0,NULO,33.5,15.5
1995,2,11,0,NULO,38.5,17.5
1995,2,12,0,NULO,27.5,19.5
1995,2,13,0,NULO,29.5,20.5
1995,2,14,0,NULO,30.5,20.5
1995,2,15,0,NULO,30.5,20.5
1995,2,16,0,NULO,30.5,21.5
1995,2,17,0,NULO,22.5,17
1995,2,18,3,NULO,22.5,15.5
1995,2,19,1,NULO,23.5,15.5
1995,2,20,3,NULO,27.5,16.5
1995,2,21,0,NULO,28.5,13.5
1995,2,22,0,NULO,28.5,11.5
1995,2,23,0,NULO,29.5,14.5
1995,2,24,0,NULO,30.5,16.5
1995,2,25,0,NULO,26.5,17.5
1995,2,26,0,NULO,29.5,15.5
1995,2,27,0,NULO,31.5,17.5
1995,2,28,0,NULO,31.5,18.5
1995,3,1,8,NULO,24.5,20.5
1995,3,2,7,NULO,22.5,17.5
1995,3,3,1,NULO,19.5,15.5
1995,3,4,1,NULO,24.5,15.5
1995,3,5,0,NULO,28.5,15.5
1995,3,6,0,NULO,31.5,19.5
1995,3,7,0,NULO,34.5,15.5
1995,3,8,0,NULO,23.5,11.5
1995,3,9,0,NULO,23.5,8.5
1995,3,10,0,NULO,25.5,9.5
1995,3,11,0,NULO,28.5,14
1995,3,12,0,NULO,30.5,18.5
1995,3,13,0,NULO,33.5,18.5
1995,3,14,0,NULO,32.5,19.5
1995,3,15,0,NULO,30.5,18.5
1995,3,16,0,NULO,27.5,16.5
1995,3,17,0,NULO,29.5,15.5
1995,3,18,0,NULO,30.5,15.5
1995,3,19,0,NULO,32.5,15.5
1995,3,20,0,NULO,31.5,17.5
1995,3,21,0,NULO,34.5,20.5
1995,3,22,0,NULO,34.5,20.5
1995,3,23,0,NULO,32.5,22.5
1995,3,24,0,NULO,33.5,23.5
1995,3,25,0,NULO,35.5,22.5
1995,3,26,0,NULO,35.5,22.5
1995,3,27,0,NULO,30.5,23.5
1995,3,28,1,NULO,28.5,23.5
1995,3,29,0,NULO,25.5,19.5
1995,3,30,0,NULO,25.5,17.5
1995,3,31,0,NULO,24.5,17.5
1995,6,1,0,NULO,37.5,23.5
1995,6,2,0,NULO,37.5,23.5
1995,6,3,0,NULO,36.5,23.5
1995,6,4,0,NULO,32.5,23.5
1995,6,5,0,NULO,37.5,24.5
1995,6,6,0,NULO,38.5,25.5
1995,6,7,0,NULO,39.5,26.5
1995,6,8,0,NULO,38.5,27.5
1995,6,9,2,NULO,38.5,26.5
1995,6,10,0,NULO,35.5,26.5
1995,6,11,0,NULO,36.5,25.5
1995,6,12,0,NULO,34.5,24.5
1995,6,13,0,NULO,32.5,23.5
1995,6,14,0,NULO,33.5,23.5
1995,6,15,0,NULO,35.5,21.5
1995,6,16,2,NULO,33.5,22.5
1995,6,17,3,NULO,32.5,22.5
1995,6,18,1,NULO,33.5,23.5
1995,6,19,9,NULO,32.5,24.5
1995,6,20,14,NULO,31.5,23.5
1995,6,21,0,NULO,32.5,24.5
1995,6,22,0,NULO,31.5,24.5
1995,6,23,0,NULO,32.5,24.5
1995,6,24,0,NULO,34.5,23.5
1995,6,25,0,NULO,37.5,23.5
1995,6,26,11,NULO,35.5,24.5
1995,6,27,0,NULO,35.5,25.5
1995,6,28,3,NULO,33.5,25.5
1995,6,29,6,NULO,30.5,25.5
1995,6,30,6,NULO,34.5,24.5
1995,11,1,0,NULO,32.5,23.5
1995,11,2,0,NULO,38.5,24.5
1995,11,3,16,NULO,30.5,20
1995,11,4,0,NULO,27.5,15.5
1995,11,5,0,NULO,27.5,14.5
1995,11,6,0,NULO,29.5,18.5
1995,11,7,0,NULO,29.5,20.5
1995,11,8,0,NULO,27.5,19.5
1995,11,9,0,NULO,28.5,18.5
1995,11,10,0,NULO,33.5,21.5
1995,11,11,0,NULO,44.5,17
1995,11,12,0,NULO,36.5,15.5
1995,11,13,0,NULO,30.5,14.5
1995,11,14,0,NULO,28.5,18.5
1995,11,15,4,NULO,27.5,18.5
1995,11,16,2,NULO,26.5,21.5
1995,11,17,0,NULO,28.5,20.5
1995,11,18,10,NULO,25.5,20.5
1995,11,19,0,NULO,23.5,18.5
1995,11,20,0,NULO,26.5,18.5
1995,11,21,0,NULO,23.5,20.5
1995,11,22,0,NULO,28.5,18.5
1995,11,23,0,NULO,24.5,16.5
1995,11,24,0,NULO,27.5,18.5
1995,11,25,0,NULO,28.5,19.5
1995,11,26,0,NULO,21.5,17.5
1995,11,27,0,NULO,29.5,13.5
1995,11,28,0,NULO,28.5,12.5
1995,11,29,0,NULO,24.5,12.5
1995,11,30,0,NULO,24.5,14.5
1995,12,1,0,NULO,28.5,19.5
1995,12,2,0,NULO,30.5,18.5
1995,12,3,0,NULO,29.5,19.5
1995,12,4,0,NULO,31.5,20.5
1995,12,5,0,NULO,31.5,18.5
1995,12,6,0,NULO,30.5,20.5
1995,12,7,0,NULO,29.5,17.5
1995,12,8,0,NULO,29.5,18.5
1995,12,9,0,NULO,22.5,15.5
1995,12,10,0,NULO,20.5,12.5
1995,12,11,0,NULO,23.5,12.5
1995,12,12,0,NULO,28.5,13.5
1995,12,13,0,NULO,28.5,15.5
1995,12,14,3,NULO,26.5,17.5
1995,12,15,0,NULO,28.5,19.5
1995,12,16,0,NULO,30.5,19.5
1995,12,17,0,NULO,31.5,20.5
1995,12,18,0,NULO,26.5,20.5
1995,12,19,0,NULO,21.5,18.5
1995,12,20,0,NULO,20.5,15.5
1995,12,21,0,NULO,22.5,15.5
1995,12,22,0,NULO,17.5,14.5
1995,12,23,0,NULO,14.5,12.5
1995,12,24,2,NULO,17.5,9.5
1995,12,25,0,NULO,14.5,11.5
1995,12,26,10,NULO,14.5,11.5
1995,12,27,20,NULO,15.5,12.5
1995,12,28,24,NULO,15.5,13.5
1995,12,29,1,NULO,18.5,12.5
1995,12,30,0,NULO,21.5,13.5
1995,12,31,0,NULO,28.5,11.5
1996,1,1,0,NULO,33.5,13.5
1996,1,2,0,NULO,19.5,9.5
1996,1,3,0,NULO,17.5,8.5
1996,1,4,0,NULO,25.5,6.5
1996,1,5,0,NULO,28.5,9.5
1996,1,6,0,NULO,24.5,10.5
1996,1,7,0,NULO,17.5,9.5
1996,1,8,0,NULO,22.5,6.5
1996,1,9,0,NULO,22.5,6.5
1996,1,10,0,NULO,25.5,5.5
1996,1,11,0,NULO,22.5,10
1996,1,12,0,NULO,24.5,9.5
1996,1,13,0,NULO,27.5,6.5
1996,1,14,0,NULO,27.5,6.5
1996,1,15,0,NULO,26.5,7.5
1996,1,16,0,NULO,28.5,9.5
1996,1,17,0,NULO,29.5,12.5
1996,1,18,0,NULO,30.5,14.5
1996,1,19,0,NULO,27.5,11.5
1996,1,20,0,NULO,25.5,11.5
1996,1,21,0,NULO,24.5,14.5
1996,1,22,0,NULO,28.5,12.5
1996,1,23,0,NULO,30.5,13.5
1996,1,24,0,NULO,23.5,14.5
1996,1,25,0,NULO,27.5,10.5
1996,1,26,0,NULO,30.5,12.5
1996,1,27,5,NULO,20.5,13.5
1996,1,28,0,NULO,25.5,12.5
1996,1,29,0,NULO,25.5,13.5
1996,1,30,0,NULO,29.5,14.5
1996,1,31,0,NULO,27.5,15.5
1996,2,1,0,NULO,26.5,12.5
1996,2,2,0,NULO,18.5,12.5
1996,2,3,0,NULO,15.5,8.5
1996,2,4,1,NULO,9.5,5.5
1996,2,5,0,NULO,9.5,5.5
1996,2,6,0,NULO,21.5,6.5
1996,2,7,0,NULO,22.5,9.5
1996,2,8,0,NULO,26.5,12.5
1996,2,9,0,NULO,28.5,11.5
1996,2,10,0,NULO,27.5,10.5
1996,2,11,0,NULO,28.5,12.5
1996,2,12,4,NULO,27.5,11.5
1996,2,13,3,NULO,19.5,11.5
1996,2,14,0,NULO,24.5,11.5
1996,2,15,0,NULO,28.5,12.5
1996,2,16,0,NULO,21.5,14.5
1996,2,17,0,NULO,25.5,10.5
1996,2,18,0,NULO,29.5,11.5
1996,2,19,0,NULO,34.5,14.5
1996,2,20,0,NULO,34.5,14.5
1996,2,21,0,NULO,32.5,18.5
1996,2,22,0,NULO,29.5,19.5
1996,2,23,0,NULO,30.5,18.5
1996,2,24,0,NULO,29.5,18.5
1996,2,25,0,NULO,31.5,18.5
1996,2,26,0,NULO,32.5,18.5
1996,2,27,0,NULO,33.5,20.5
1996,2,28,0,NULO,30.5,16.5
1996,2,29,1,NULO,30.5,15.5
1996,3,1,0,NULO,23.5,10.5
1996,3,2,0,NULO,22.5,10.5
1996,3,3,1,NULO,23.5,15.4
1996,3,4,0,NULO,29.5,18.5
1996,3,5,0,NULO,33.5,18.5
1996,3,6,0,NULO,36.5,16.5
1996,3,7,0,NULO,22.5,12.5
1996,3,8,0,NULO,21.5,10.5
1996,3,9,3,NULO,17.5,12.5
1996,3,10,0,NULO,23.5,10.5
1996,3,11,0,NULO,25.5,11.5
1996,3,12,0,NULO,26.5,12.5
1996,3,13,0,NULO,29.5,15.5
1996,3,14,0,NULO,33.5,15.5
1996,3,15,0,NULO,36.5,17.5
1996,3,16,0,NULO,35.5,19.5
1996,3,17,0,NULO,31.5,19.5
1996,3,18,0,NULO,38.5,16.5
1996,3,19,0,NULO,25.5,14.5
1996,3,20,0,NULO,22.5,17.5
1996,3,21,0,NULO,25.5,15.5
1996,3,22,0,NULO,26.5,15.5
1996,3,23,0,NULO,27.5,19.5
1996,3,24,0,NULO,35.5,17.5
1996,3,25,5,NULO,33.5,16.5
1996,3,26,0,NULO,24.5,15.5
1996,3,27,0,NULO,25.5,13.5
1996,3,28,0,NULO,27.5,17.5
1996,3,29,0,NULO,32.5,17.5
1996,3,30,0,NULO,38.5,17.5
1996,3,31,0,NULO,32.5,18.5
1996,4,1,0,NULO,28.5,14.5
1996,4,2,0,NULO,27.5,13.5
1996,4,3,0,NULO,31.5,16.5
1996,4,4,0,NULO,33.5,20.5
1996,4,5,0,NULO,33.5,16.5
1996,4,6,0,NULO,28.5,14.5
1996,4,7,0,NULO,24.5,14.5
1996,4,8,0,NULO,29.5,14.5
1996,4,9,0,NULO,33.5,17.5
1996,4,10,0,NULO,32.5,16.5
1996,4,11,0,NULO,30.5,18.5
1996,4,12,0,NULO,36.5,19.5
1996,4,13,0,NULO,38.5,22.5
1996,4,14,0,NULO,39.5,21.5
1996,4,15,0,NULO,29.5,19.5
1996,4,16,0,NULO,29.5,15.5
1996,4,17,0,NULO,32.5,15.5
1996,4,18,0,NULO,35.5,17.5
1996,4,19,0,NULO,34.5,21.5
1996,4,20,0,NULO,37.5,21.5
1996,4,21,0,NULO,36.5,23.5
1996,4,22,0,NULO,37.5,23.5
1996,4,23,0,NULO,27.5,19.5
1996,4,24,0,NULO,34.5,19.5
1996,4,25,0,NULO,34.5,19.5
1996,4,26,0,NULO,39.5,21.5
1996,4,27,0,NULO,36.5,21.5
1996,4,28,0,NULO,34.5,21.5
1996,4,29,0,NULO,33.5,18.5
1996,4,30,0,NULO,33.5,14.5
1996,5,1,0,NULO,30.5,16.5
1996,5,2,0,NULO,33.5,19.5
1996,5,3,0,NULO,33.5,22.5
1996,5,4,0,NULO,35.5,21.5
1996,5,5,0,NULO,35.5,21.5
1996,5,6,0,NULO,35.5,23.5
1996,5,7,0,NULO,35.5,24.5
1996,5,8,0,NULO,34.5,24.5
1996,5,9,0,NULO,34.5,24.5
1996,5,10,0,NULO,36.5,23.5
1996,5,11,0,NULO,36.5,23.5
1996,5,12,23,NULO,31.5,23.5
1996,5,13,0,NULO,34.5,20.5
1996,5,14,0,NULO,33.5,20.5
1996,5,15,0,NULO,34.5,20.5
1996,5,16,0,NULO,34.5,23.5
1996,5,17,0,NULO,34.5,23.5
1996,5,18,0,NULO,38.5,23.5
1996,5,19,0,NULO,35.5,21.5
1996,5,20,0,NULO,35.5,22.5
1996,5,21,0,NULO,36.5,24.5
1996,5,22,0,NULO,36.5,23.5
1996,5,23,0,NULO,36.5,23.5
1996,5,24,0,NULO,35.5,24.5
1996,5,25,0,NULO,36.5,26.5
1996,5,26,0,NULO,36.5,25.5
1996,5,27,0,NULO,38.5,26.5
1996,5,28,0,NULO,39.5,26.5
1996,5,29,0,NULO,35.5,25.5
1996,5,30,0,NULO,37.5,27.5
1996,5,31,0,NULO,37.5,25.5
1996,6,1,0,NULO,35.5,25.5
1996,6,2,0,NULO,35.5,24.5
1996,6,3,0,NULO,34.5,23.5
1996,6,4,0,NULO,35.5,20.5
1996,6,5,0,NULO,36.5,23.5
1996,6,6,0,NULO,37.5,22.5
1996,6,7,0,NULO,36.5,24.5
1996,6,8,0,NULO,36.5,24.5
1996,6,9,0,NULO,34.5,24.5
1996,6,10,0,NULO,32.5,23.5
1996,6,11,4,NULO,37.5,25.5
1996,6,12,0,NULO,35.5,23.5
1996,6,13,0,NULO,36.5,24.5
1996,6,14,0,NULO,36.5,23.5
1996,6,15,0,NULO,34.5,25.5
1996,6,16,16,NULO,32.5,24.5
1996,6,17,0,NULO,33.5,24.5
1996,6,18,0,NULO,36.5,23.5
1996,6,19,0,NULO,36.5,23.5
1996,6,20,0,NULO,37.5,26.5
1996,6,21,0,NULO,38.5,24.5
1996,6,22,0,NULO,35.5,25.5
1996,6,23,1,NULO,34.5,26.5
1996,6,24,0,NULO,36.5,23.5
1996,6,25,0,NULO,36.5,24.5
1996,6,26,26,NULO,36.5,25.5
1996,6,27,12,NULO,31.5,25.5
1996,6,28,22,NULO,31.5,23.5
1996,6,29,21,NULO,30.5,23.5
1996,6,30,12,NULO,27.5,23.5
1996,7,1,0,NULO,32.5,22.5
1996,7,2,0,NULO,36.5,22.5
1996,7,3,0,NULO,31.5,22.5
1996,7,4,0,NULO,31.5,23.5
1996,7,5,0,NULO,35.5,24.5
1996,7,6,0,NULO,35.5,25.5
1996,7,7,0,NULO,36.5,24.5
1996,7,8,0,NULO,35.5,24.5
1996,7,9,0,NULO,37.5,25.5
1996,7,10,0,NULO,37.5,25.5
1996,7,11,0,NULO,36.5,24.5
1996,7,12,0,NULO,37.5,24.5
1996,7,13,0,NULO,35.5,24.5
1996,7,14,0,NULO,35.5,24.5
1996,7,15,0,NULO,35.5,24.5
1996,7,16,0,NULO,34.5,24.5
1996,7,17,0,NULO,32.5,23.5
1996,7,18,7,NULO,31.5,23.5
1996,7,19,0,NULO,34.5,23.5
1996,7,20,0,NULO,34.5,22.5
1996,7,21,0,NULO,35.5,23.5
1996,7,22,0,NULO,34.5,24.5
1996,7,23,0,NULO,35.5,24.5
1996,7,24,0,NULO,35.5,25.5
1996,7,25,0,NULO,36.5,23.5
1996,7,26,10,NULO,35.5,24.5
1996,7,27,0,NULO,31.5,24.5
1996,7,28,0,NULO,33.5,24.5
1996,7,29,15,NULO,30.5,22.5
1996,7,30,0,NULO,32.5,22.5
1996,7,31,0,NULO,32.5,23.5
1996,8,1,0,NULO,34.5,22.5
1996,8,2,0,NULO,34.5,23.5
1996,8,3,0,NULO,36.5,23.5
1996,8,4,0,NULO,35.5,23.5
1996,8,5,0,NULO,36.5,24.5
1996,8,6,0,NULO,35.5,23.5
1996,8,7,0,NULO,36.5,23.5
1996,8,8,35,NULO,32.5,23.5
1996,8,9,23,NULO,27.5,23.5
1996,8,10,0,NULO,32.5,22.5
1996,8,11,0,NULO,31.5,22.5
1996,8,12,0,NULO,32.5,23.5
1996,8,13,0,NULO,33.5,24.5
1996,8,14,6,NULO,32.5,24.5
1996,8,15,4,NULO,26.5,21.5
1996,8,16,0,NULO,29.5,21.5
1996,8,17,3,NULO,36.5,21.5
1996,8,18,20,NULO,36.5,22.5
1996,8,19,20,NULO,30.5,23.5
1996,8,20,14,NULO,28.5,22.5
1996,8,21,30,NULO,30.5,21.5
1996,8,22,60,NULO,28.5,22.5
1996,8,23,20,NULO,27.5,23.5
1996,8,24,46,NULO,29.5,22.5
1996,8,25,31,NULO,27.5,23.5
1996,8,26,31,NULO,29.5,22.5
1996,8,27,3,NULO,30.5,23.5
1996,8,28,18,NULO,28.5,23.5
1996,8,29,0,NULO,30.5,23.5
1996,8,30,0,NULO,32.5,23.5
1996,8,31,0,NULO,33.5,22.5
1996,9,1,0,NULO,32.5,24.5
1996,9,2,0,NULO,34.5,24.5
1996,9,3,43,NULO,32.5,24.5
1996,9,4,0,NULO,30.5,23.5
1996,9,5,72,NULO,29.5,23.5
1996,9,6,0,NULO,29.5,23.7
1996,9,7,0,NULO,32.5,23.5
1996,9,8,0,NULO,32.5,23.5
1996,9,9,0,NULO,32.5,23.5
1996,9,10,0,NULO,32.5,23.5
1996,9,11,0,NULO,33.5,24.5
1996,9,12,0,NULO,33.5,23.5
1996,9,13,0,NULO,34.5,23.5
1996,9,14,0,NULO,35.5,23.5
1996,9,15,0,NULO,36.5,25.5
1996,9,16,0,NULO,35.5,26.5
1996,9,17,0,NULO,35.5,25.5
1996,9,18,0,NULO,35.5,26.5
1996,9,19,0,NULO,35.5,25.5
1996,9,20,0,NULO,35.5,25.5
1996,9,21,0,NULO,33.5,26.5
1996,9,22,13,NULO,29.5,24.5
1996,9,23,0,NULO,32.5,23.5
1996,9,24,4,NULO,34.5,23.5
1996,9,25,0,NULO,33.5,23.5
1996,9,26,0,NULO,34.5,24.5
1996,9,27,0,NULO,34.5,23.5
1996,9,28,0,NULO,27.5,20.5
1996,9,29,0,NULO,28.5,20.5
1996,9,30,8,NULO,26.5,19.5
1996,10,1,0,NULO,24.5,20.5
1996,10,2,39,NULO,26.5,19.5
1996,10,3,4,NULO,28.5,22.5
1996,10,4,0,NULO,29.5,23.5
1996,10,5,0,NULO,31.5,21.5
1996,10,6,0,NULO,28.5,22.5
1996,10,7,0,NULO,31.5,20.5
1996,10,8,0,NULO,30.5,22.5
1996,10,9,0,NULO,32.5,19.5
1996,10,10,0,NULO,31.5,21.5
1996,10,11,0,NULO,31.5,20.5
1996,10,12,0,NULO,30.5,19.5
1996,10,13,0,NULO,30.5,18.5
1996,10,14,0,NULO,31.5,20.5
1996,10,15,0,NULO,33.5,19.5
1996,10,16,0,NULO,33.5,19.5
1996,10,17,0,NULO,33.5,19.5
1996,10,18,0,NULO,32.5,22.5
1996,10,19,0,NULO,32.5,19.5
1996,10,20,0,NULO,33.5,21.5
1996,10,21,0,NULO,35.5,23.5
1996,10,22,0,NULO,29.5,19.5
1996,10,23,0,NULO,26.5,16.5
1996,10,24,0,NULO,31.5,18.5
1996,10,25,0,NULO,34.5,21.5
1996,10,26,0,NULO,35.5,23.5
1996,10,27,0,NULO,34.5,24.5
1996,10,28,0,NULO,33.5,24.5
1996,10,29,0,NULO,34.5,20.5
1996,10,30,0,NULO,32.5,22.5
1996,10,31,0,NULO,31.5,21.5
1996,11,1,0,NULO,33.5,19.5
1996,11,2,4,NULO,26.5,17.5
1996,11,3,0,NULO,24.5,14.5
1996,11,4,0,NULO,31.5,17.5
1996,11,5,0,NULO,32.5,20.5
1996,11,6,0,NULO,30.5,21.5
1996,11,7,0,NULO,33.5,21.5
1996,11,8,0,NULO,29.5,17.5
1996,11,9,0,NULO,28.5,13.5
1996,11,10,0,NULO,24.5,13.5
1996,11,11,0,NULO,29.5,14.5
1996,11,12,11,NULO,26.5,18.5
1996,11,13,1,NULO,22.5,17.5
1996,11,14,0,NULO,27.5,13.5
1996,11,15,0,NULO,29.5,17.5
1996,11,16,0,NULO,30.5,18.5
1996,11,17,0,NULO,30.5,18.5
1996,11,18,0,NULO,30.5,21.5
1996,11,19,0,NULO,31.5,18.5
1996,11,20,0,NULO,31.5,17.5
1996,11,21,0,NULO,31.5,19.5
1996,11,22,0,NULO,31.5,20.5
1996,11,23,0,NULO,31.5,17.5
1996,11,24,4,NULO,30.5,15.5
1996,11,25,0,NULO,22.5,14.5
1996,11,26,0,NULO,23.5,14.5
1996,11,27,3,NULO,20.5,16.5
1996,11,28,0,NULO,21.5,15.5
1996,11,29,0,NULO,28.5,16.5
1996,11,30,0,NULO,33.5,17.5
1996,12,1,0,NULO,22.5,16.5
1996,12,2,0,NULO,23.5,12.5
1996,12,3,6,NULO,21.5,10.5
1996,12,4,6,NULO,21.5,15
1996,12,5,0,NULO,25.5,19.5
1996,12,6,0,NULO,30.5,18.5
1996,12,7,0,NULO,28.5,21.5
1996,12,8,0,NULO,26.5,17.5
1996,12,9,0,NULO,27.5,13.5
1996,12,10,0,NULO,27.5,15.5
1996,12,11,0,NULO,29.5,18.5
1996,12,12,0,NULO,29.5,17.5
1996,12,13,0,NULO,28.5,19.5
1996,12,14,0,NULO,29.5,16.5
1996,12,15,3,NULO,29.5,12
1996,12,16,0,NULO,17.5,10.5
1996,12,17,0,NULO,22.5,10.5
1996,12,18,0,NULO,13.5,9.5
1996,12,19,0,NULO,11.5,6.5
1996,12,20,0,NULO,20.5,7.5
1996,12,21,0,NULO,26.5,9.5
1996,12,22,1,NULO,25.5,13.5
1996,12,23,0,NULO,26.5,16.5
1996,12,24,2,NULO,27.5,13.5
1996,12,25,0,NULO,22.5,12.5
1996,12,26,0,NULO,29.5,13.5
1996,12,27,0,NULO,27.5,17.5
1996,12,28,0,NULO,29.5,18.5
1996,12,29,6,NULO,27.5,20.5
1996,12,30,0,NULO,27.5,20.5
1996,12,31,0,NULO,28.5,19.5
1997,1,1,0,NULO,29.5,20.5
1997,1,2,0,NULO,28.5,18.5
1997,1,3,0,NULO,30.5,18.5
1997,1,4,0,NULO,35.5,18.5
1997,1,5,0,NULO,30.5,19.5
1997,1,6,0,NULO,26.5,20.5
1997,1,7,0,NULO,17.5,15.5
1997,1,8,2,NULO,13.5,10.5
1997,1,9,0,NULO,18.5,9.5
1997,1,10,0,NULO,24.5,9.5
1997,1,11,0,NULO,25.5,13.5
1997,1,12,0,NULO,18.5,14.5
1997,1,13,0,NULO,11.5,8.5
1997,1,14,0,NULO,17.5,6.5
1997,1,15,0,NULO,26.5,7.5
1997,1,16,0,NULO,23.5,9.5
1997,1,17,1,NULO,17.5,12.5
1997,1,18,8,NULO,14.5,11.5
1997,1,19,2,NULO,23.5,11.5
1997,1,20,0,NULO,22.5,14.5
1997,1,21,0,NULO,27.5,13.5
1997,1,22,0,NULO,29.5,14.5
1997,1,23,0,NULO,28.5,15.5
1997,1,24,0,NULO,30.5,18.5
1997,1,25,0,NULO,26.5,17.5
1997,1,26,0,NULO,29.5,19.5
1997,1,27,23,NULO,30.5,16.5
1997,1,28,5,NULO,14.5,13.5
1997,1,29,0,NULO,17.5,9.5
1997,1,30,0,NULO,17.5,10.5
1997,1,31,0,NULO,24.5,13.5
1997,2,1,2,NULO,27.5,13.5
1997,2,2,0,NULO,23.5,17.5
1997,2,3,0,NULO,29.5,9.5
1997,2,4,0,NULO,28.5,11.5
1997,2,5,2,NULO,26.5,20.5
1997,2,6,0,NULO,28.5,19.5
1997,2,7,2,NULO,28.5,17.5
1997,2,8,0,NULO,18.5,14.5
1997,2,9,0,NULO,24.5,14.5
1997,2,10,4,NULO,18.5,14.5
1997,2,11,0,NULO,23.5,14.5
1997,2,12,0,NULO,28.5,14.5
1997,2,13,2,NULO,25.5,15.5
1997,2,14,0,NULO,17.5,14.5
1997,2,15,0,NULO,22.5,12.5
1997,2,16,0,NULO,24.5,7.5
1997,2,17,0,NULO,25.5,12.5
1997,2,18,0,NULO,27.5,13.5
1997,2,19,0,NULO,27.5,16.5
1997,2,20,0,NULO,30.5,17.5
1997,2,21,0,NULO,30.5,18.5
1997,2,22,0,NULO,25.5,15.5
1997,2,23,0,NULO,28.5,13.5
1997,2,24,0,NULO,28.5,15.5
1997,2,25,0,NULO,27.5,16.5
1997,2,26,0,NULO,33.5,17.5
1997,2,27,0,NULO,29.5,17.5
1997,2,28,0,NULO,32.5,14.5
1997,3,1,0,NULO,34.5,17.5
1997,3,2,0,NULO,27.5,16.5
1997,3,3,0,NULO,30.5,13.5
1997,3,4,0,NULO,27.5,10.5
1997,3,5,0,NULO,29.5,16.5
1997,3,6,2,NULO,21.5,18.5
1997,3,7,0,NULO,27.5,16.5
1997,3,8,0,NULO,29.5,16.5
1997,3,9,0,NULO,31.5,18.5
1997,3,10,0,NULO,27.5,21.5
1997,3,11,0,NULO,30.5,19.5
1997,3,12,0,NULO,29.5,21.5
1997,3,13,0,NULO,33.5,22.5
1997,3,14,0,NULO,35.5,21.5
1997,3,15,12,NULO,21.5,19.5
1997,3,16,1,NULO,23.5,18.5
1997,3,17,0,NULO,30.5,18.5
1997,3,18,48,NULO,30.5,22.5
1997,3,19,1,NULO,21.5,19.5
1997,3,20,0,NULO,28.5,14.5
1997,3,21,0,NULO,32.5,16.5
1997,3,22,0,NULO,32.5,18.5
1997,3,23,0,NULO,31.5,17.5
1997,3,24,0,NULO,31.5,17.5
1997,3,25,0,NULO,32.5,20.5
1997,3,26,0,NULO,27.5,22.5
1997,3,27,2,NULO,29.5,19.5
1997,3,28,1,NULO,32.5,19.5
1997,3,29,0,NULO,35.5,20.5
1997,3,30,14,NULO,34.5,22.5
1997,3,31,2,NULO,21.5,18.5
1997,4,1,0,NULO,30.5,18.5
1997,4,2,0,NULO,31.5,20.5
1997,4,3,5,NULO,32.5,23.5
1997,4,4,4,NULO,31.5,22.5
1997,4,5,0,NULO,27.5,18.5
1997,4,6,0,NULO,34.5,17.5
1997,4,7,8,NULO,27.5,16.5
1997,4,8,3,NULO,28.5,20.5
1997,4,9,10,NULO,27.5,19.5
1997,4,10,17,NULO,29.5,18.5
1997,4,11,0,NULO,24.5,19.5
1997,4,12,0,NULO,23.5,20.5
1997,4,13,7,NULO,18.5,15.5
1997,4,14,3,NULO,17.5,11.5
1997,4,15,38,NULO,27.5,12.5
1997,4,16,1,NULO,21.5,16.5
1997,4,17,17,NULO,27.5,19.5
1997,4,18,0,NULO,25.5,20.5
1997,4,19,0,NULO,30.5,20.5
1997,4,20,0,NULO,32.5,21.5
1997,4,21,0,NULO,37.5,22.5
1997,4,22,0,NULO,40.5,18.5
1997,4,23,0,NULO,28.5,21.5
1997,4,24,0,NULO,33.5,18.5
1997,4,25,0,NULO,37.5,21.5
1997,4,26,0,NULO,29.5,19.5
1997,4,27,0,NULO,24.5,19.5
1997,4,28,0,NULO,32.5,19.5
1997,4,29,0,NULO,32.5,15.5
1997,4,30,0,NULO,34.5,18.5
1997,5,1,0,NULO,33.5,22.5
1997,5,2,0,NULO,39.5,22.5
1997,5,3,5,NULO,33.5,23.5
1997,5,4,15,NULO,24.5,21.5
1997,5,5,0,NULO,29.5,20.5
1997,5,6,0,NULO,33.5,21.5
1997,5,7,0,NULO,30.5,20.5
1997,5,8,0,NULO,30.5,20.5
1997,5,9,8,NULO,33.5,23.5
1997,5,10,0,NULO,29.5,19.5
1997,5,11,0,NULO,31.5,19.5
1997,5,12,2,NULO,34.5,19.5
1997,5,13,0,NULO,32.5,21.5
1997,5,14,0,NULO,30.5,22.5
1997,5,15,2,NULO,37.5,22.5
1997,5,16,0,NULO,35.5,20.5
1997,5,17,0,NULO,34.5,20.5
1997,5,18,0,NULO,35.5,20.5
1997,5,19,0,NULO,36.5,21.5
1997,5,20,0,NULO,35.5,21.5
1997,5,21,0,NULO,31.5,21.5
1997,5,22,3,NULO,34.5,21.5
1997,5,23,2,NULO,32.5,19.5
1997,5,24,5,NULO,36.5,22.5
1997,5,25,0,NULO,38.5,23.5
1997,5,26,0,NULO,38.5,24.5
1997,5,27,0,NULO,37.5,25.5
1997,5,28,8,NULO,32.5,25.5
1997,5,29,7,NULO,30.5,21.5
1997,5,30,0,NULO,34.5,20.5
1997,5,31,0,NULO,37,21.5
1997,6,1,0,NULO,36.5,22.5
1997,6,2,0,NULO,36.5,23.5
1997,6,3,0,NULO,38.5,23.5
1997,6,4,11,NULO,34.5,23.5
1997,6,5,0,NULO,36.5,24.5
1997,6,6,0,NULO,35.5,21.5
1997,6,7,0,NULO,35.5,22.5
1997,6,8,0,NULO,35.5,23.5
1997,6,9,0,NULO,37.5,22.5
1997,6,10,0,NULO,38.5,25.5
1997,6,11,0,NULO,38.5,23.5
1997,6,12,0,NULO,39.5,23.5
1997,6,13,0,NULO,39.5,24.5
1997,6,14,0,NULO,39.5,23.5
1997,6,15,0,NULO,39.5,24.5
1997,6,16,0,NULO,38.5,24.5
1997,6,17,0,NULO,38.5,25.5
1997,6,18,3,NULO,34.5,25.5
1997,6,19,0,NULO,37.5,23.5
1997,6,20,0,NULO,37.5,23.5
1997,6,21,6,NULO,35.5,23.5
1997,6,22,19,NULO,32.5,22.5
1997,6,23,49,NULO,30.5,22.5
1997,6,24,26,NULO,26.5,22.5
1997,6,25,2,NULO,30.5,20.5
1997,6,26,20,NULO,30.5,22.5
1997,6,27,0,NULO,31.5,22.5
1997,6,28,0,NULO,34.5,22.5
1997,6,29,0,NULO,35.5,22.5
1997,6,30,0,NULO,32.5,22.5
1997,7,1,6,NULO,32.5,23.5
1997,7,2,5,NULO,32.5,23.5
1997,7,3,1,NULO,32.5,22.5
1997,7,4,3,NULO,33.5,23.5
1997,7,5,0,NULO,33.5,22.5
1997,7,6,0,NULO,34.5,23.5
1997,7,7,0,NULO,30.5,23.5
1997,7,8,0,NULO,33.5,23.5
1997,7,9,0,NULO,33.5,23.5
1997,7,10,0,NULO,35.5,22.5
1997,7,11,0,NULO,34.5,23.5
1997,7,12,0,NULO,34.5,23.5
1997,7,13,0,NULO,35.5,22.5
1997,7,14,0,NULO,35.5,22.5
1997,7,15,0,NULO,35.5,22.5
1997,7,16,0,NULO,34.5,26.5
1997,7,17,0,NULO,36.5,27.5
1997,7,18,0,NULO,35.5,24.5
1997,7,19,0,NULO,31.5,25.5
1997,7,20,0,NULO,33.5,24.5
1997,7,21,0,NULO,35.5,24.5
1997,7,22,0,NULO,35.5,22.5
1997,7,23,0,NULO,31.5,22.5
1997,7,24,0,NULO,32.5,23.5
1997,7,25,0,NULO,33.5,23.5
1997,7,26,0,NULO,39.5,24.5
1997,7,27,0,NULO,36.5,23.5
1997,7,28,0,NULO,37.5,23.5
1997,7,29,0,NULO,37.5,23.5
1997,7,30,0,NULO,37.5,23.5
1997,7,31,0,NULO,38.5,24.5
1997,8,1,0,NULO,39.5,23.5
1997,8,2,0,NULO,38.5,23.5
1997,8,3,0,NULO,38.5,23.5
1997,8,4,17,NULO,30.5,23.5
1997,8,5,1,NULO,32.5,22.5
1997,8,6,0,NULO,34.5,22.5
1997,8,7,0,NULO,35.5,22.5
1997,8,8,0,NULO,35.5,23.5
1997,8,9,0,NULO,36.5,23.5
1997,8,10,0,NULO,36.5,22.5
1997,8,11,0,NULO,37.5,24.5
1997,8,12,0,NULO,38.5,24.5
1997,8,13,5,NULO,34.5,23.5
1997,8,14,0,NULO,32.5,20.5
1997,8,15,0,NULO,36.5,22.5
1997,8,16,0,NULO,37.5,24.5
1997,8,17,0,NULO,36.5,24.5
1997,8,18,0,NULO,35.5,23.5
1997,8,19,0,NULO,37.5,23.5
1997,8,20,0,NULO,38.5,22.5
1997,8,21,0,NULO,38.5,23.5
1997,8,22,0,NULO,39.5,23.5
1997,8,23,0,NULO,39.5,22.5
1997,8,24,0,NULO,35.5,22.5
1997,8,25,0,NULO,36.5,22.5
1997,8,26,30,NULO,34.5,23.5
1997,8,27,0,NULO,30.5,23.5
1997,8,28,0,NULO,37.5,22.5
1997,8,29,0,NULO,35.5,22.5
1997,8,30,0,NULO,35.5,23.5
1997,8,31,0,NULO,35.5,21.5
1997,9,1,14,NULO,33.5,23.5
1997,9,2,20,NULO,32.5,22.5
1997,9,3,1,NULO,28.5,22.5
1997,9,4,1,NULO,30.5,22.5
1997,9,5,49,NULO,31.5,22.5
1997,9,6,6,NULO,30.5,22.5
1997,9,7,0,NULO,32.5,21.5
1997,9,8,0,NULO,31.5,23.5
1997,9,9,0,NULO,34.5,21.5
1997,9,10,0,NULO,34.5,23.5
1997,9,11,0,NULO,33.5,23.5
1997,9,12,0,NULO,34.5,22.5
1997,9,13,6,NULO,33.5,23.5
1997,9,14,7,NULO,30.5,22.5
1997,9,15,0,NULO,34.5,21.5
1997,9,16,0,NULO,35.5,21.5
1997,9,17,0,NULO,33.5,22.5
1997,9,18,0,NULO,34.5,22.5
1997,9,19,0,NULO,33.5,22.5
1997,9,20,0,NULO,34.5,22.5
1997,9,21,0,NULO,34.5,23.5
1997,9,22,0,NULO,37.5,23.5
1997,9,23,0,NULO,38.5,23.5
1997,9,24,1,NULO,31.5,24.5
1997,9,25,0,NULO,33.5,23.5
1997,9,26,0,NULO,35.5,21.5
1997,9,27,0,NULO,37.5,18.5
1997,9,28,0,NULO,35.5,18.5
1997,9,29,1,NULO,36.5,20.5
1997,9,30,0,NULO,33.5,23.5
1997,10,1,0,NULO,35.5,22.5
1997,10,2,0,NULO,34.5,23.5
1997,10,3,0,NULO,37.5,22.5
1997,10,4,0,NULO,35.5,22.5
1997,10,5,11,NULO,33.5,22.5
1997,10,6,17,NULO,31.5,22.5
1997,10,7,4,NULO,30.5,23.5
1997,10,8,0,NULO,32.5,23.5
1997,10,9,72,NULO,32.5,24.5
1997,10,10,24,NULO,32.5,22.5
1997,10,11,7,NULO,25.5,23.5
1997,10,12,3,NULO,28.5,23.5
1997,10,13,10,NULO,24.5,22.5
1997,10,14,0,NULO,20.5,16.5
1997,10,15,0,NULO,25.5,14.5
1997,10,16,0,NULO,27.5,12.5
1997,10,17,0,NULO,29.5,14.5
1997,10,18,0,NULO,30.5,12.5
1997,10,19,0,NULO,33.5,14.5
1997,10,20,0,NULO,30.5,16.5
1997,10,21,0,NULO,31.5,17.5
1997,10,22,0,NULO,32.5,17.5
1997,10,23,0,NULO,29.5,17.5
1997,10,24,0,NULO,37.5,19.5
1997,10,25,0,NULO,40.5,18.5
1997,10,26,0,NULO,29.5,20.5
1997,10,27,0,NULO,27.5,17.5
1997,10,28,0,NULO,25.5,16.5
1997,10,29,0,NULO,31.5,19.5
1997,10,30,0,NULO,34.5,19.5
1997,10,31,0,NULO,34.5,21.5
1997,11,1,0,NULO,37.5,20.5
1997,11,2,0,NULO,29.5,20.5
1997,11,3,5,NULO,22.5,21.5
1997,11,4,0,NULO,26.5,19.5
1997,11,5,0,NULO,30.5,18.5
1997,11,6,0,NULO,29.5,17.5
1997,11,7,4,NULO,26.5,17.5
1997,11,8,0,NULO,23.5,17.5
1997,11,9,0,NULO,31.5,18.5
1997,11,10,0,NULO,32.5,19.5
1997,11,11,0,NULO,20.5,14.5
1997,11,12,0,NULO,32.5,15.5
1997,11,13,0,NULO,28.5,19.5
1997,11,14,0,NULO,31.5,20.5
1997,11,15,2,NULO,31.5,22.5
1997,11,16,6,NULO,12.5,11.5
1997,11,17,2,NULO,17.5,11.5
1997,11,18,0,NULO,26.5,11.5
1997,11,19,0,NULO,23.5,17.5
1997,11,20,0,NULO,31.5,14.5
1997,11,21,0,NULO,29.5,17.5
1997,11,22,0,NULO,30.5,21.5
1997,11,23,0,NULO,24.5,19.5
1997,11,24,0,NULO,32.5,18.5
1997,11,25,0,NULO,29.5,19.5
1997,11,26,0,NULO,32.5,18.5
1997,11,27,0,NULO,31.5,16.5
1997,11,28,0,NULO,31.5,16.5
1997,11,29,0,NULO,28.5,20.5
1997,11,30,0,NULO,29.5,16.5
1997,12,1,0,NULO,29.5,18.5
1997,12,2,0,NULO,31.5,19.5
1997,12,3,0,NULO,30.5,18.5
1997,12,4,0,NULO,24.5,18.5
1997,12,5,0,NULO,20.5,16.5
1997,12,6,2,NULO,17.5,16.5
1997,12,7,0,NULO,27.5,16.5
1997,12,8,0,NULO,33.5,14.5
1997,12,9,0,NULO,33.5,16.5
1997,12,10,0,NULO,30.5,20.5
1997,12,11,0,NULO,17.5,16.5
1997,12,12,4,NULO,10.5,7.5
1997,12,13,0,NULO,14.5,3.5
1997,12,14,0,NULO,24.5,2.5
1997,12,15,0,NULO,27.5,2.5
1997,12,16,0,NULO,27.5,5.5
1997,12,17,0,NULO,26.5,9.5
1997,12,18,0,NULO,24.5,16.5
1997,12,19,0,NULO,27.5,15.5
1997,12,20,0,NULO,30.5,15.5
1997,12,21,0,NULO,23.5,16.5
1997,12,22,0,NULO,25.5,16.5
1997,12,23,0,NULO,23.5,18.5
1997,12,24,0,NULO,25.5,14.5
1997,12,25,0,NULO,30.5,15.5
1997,12,26,3,NULO,25.5,19.5
1997,12,27,0,NULO,13.5,9.5
1997,12,28,0,NULO,23.5,6.5
1997,12,29,0,NULO,23.5,5.5
1997,12,30,0,NULO,20.5,4.5
1997,12,31,0,NULO,23.5,9.5
1998,1,1,0,NULO,24.5,14.5
1998,1,2,0,NULO,26.5,13.5
1998,1,3,2,NULO,28.5,17.5
1998,1,4,0,NULO,28.5,18.5
1998,1,5,0,NULO,28.5,16.5
1998,1,6,0,NULO,31.5,18.5
1998,1,7,0,NULO,25.5,15.5
1998,1,8,0,NULO,25.5,15.5
1998,1,9,0,NULO,24.5,14.5
1998,1,10,0,NULO,31.5,17.5
1998,1,11,0,NULO,30.5,18.5
1998,1,12,0,NULO,31.5,19.5
1998,1,13,0,NULO,32.5,19.5
1998,1,14,12,NULO,31.5,17.5
1998,1,15,0,NULO,23.5,13.5
1998,1,16,0,NULO,26.5,10.5
1998,1,17,0,NULO,24.5,12.5
1998,1,18,0,NULO,24.5,16.5
1998,1,19,0,NULO,26.5,17.5
1998,1,20,0,NULO,29.5,16.5
1998,1,21,0,NULO,32.5,15.5
1998,1,22,0,NULO,29.5,17.5
1998,1,23,0,NULO,25.5,15.5
1998,1,24,5,NULO,22.5,14.5
1998,1,25,0,NULO,24.5,15.5
1998,1,26,0,NULO,32.5,15.5
1998,1,27,0,NULO,28.5,14.5
1998,1,28,0,NULO,28.5,11.5
1998,1,29,0,NULO,31.5,14.5
1998,1,30,0,NULO,29.5,16.5
1998,1,31,0,NULO,32.5,18.5
1999,1,1,0,NULO,27,16
1999,1,2,0,NULO,30,16
1999,1,3,0,NULO,27,13
1999,1,4,2,NULO,20,7
1999,1,5,3,NULO,11,7
1999,1,6,0,NULO,20,1
1999,1,7,0,NULO,25,15
1999,1,8,0,NULO,28,14
1999,1,9,0,NULO,29,16
1999,1,10,0,NULO,28,14
1999,1,11,0,NULO,24,10
1999,1,12,0,NULO,25,12
1999,1,13,0,NULO,27,14
1999,1,14,0,NULO,24,15
1999,1,15,0,NULO,27,15
1999,1,16,0,NULO,28,13
1999,1,17,0,NULO,33,13
1999,1,18,0,NULO,28,16
1999,1,19,0,NULO,31,15
1999,1,20,0,NULO,29,17
1999,1,21,0,NULO,32,12
1999,1,22,0,NULO,34,10
1999,1,23,0,NULO,27,8
1999,1,24,0,NULO,27,9
1999,1,25,0,NULO,27,10
1999,1,26,0,NULO,23,11
1999,1,27,0,NULO,29,14
1999,1,28,0,NULO,29,15
1999,1,29,0,NULO,32,15
1999,1,30,0,NULO,23,16
1999,1,31,0,NULO,27,16
1999,2,1,0,NULO,27,16
1999,2,2,0,NULO,28,17
1999,2,3,0,NULO,28,17
1999,2,4,0,NULO,30,19
1999,2,5,0,NULO,28,20
1999,2,6,0,NULO,30,17
1999,2,7,0,NULO,30,17
1999,2,8,0,NULO,32,17
1999,2,9,9,NULO,30,19
1999,2,10,0,NULO,32,20
1999,2,11,0,NULO,30,19
1999,2,12,0,NULO,30,10
1999,2,13,0,NULO,24,10
1999,2,14,0,NULO,26,6
1999,2,15,0,NULO,28,12
1999,2,16,0,NULO,31,12
1999,2,17,0,NULO,31,14
1999,2,18,0,NULO,31,16
1999,2,19,0,NULO,31,17
1999,2,20,0,NULO,31,15
1999,2,21,0,NULO,22,18
1999,2,22,0,NULO,27,10
1999,2,23,0,NULO,24,13
1999,2,24,0,NULO,29,18
1999,2,25,0,NULO,29,17
1999,2,26,0,NULO,32,17
1999,2,27,0,NULO,33,18
1999,2,28,0,NULO,30,19
1999,3,1,0,NULO,30.5,18.5
1999,3,2,0,NULO,31.5,16.5
1999,3,3,0,NULO,35.5,17.5
1999,3,4,0,NULO,28.5,16.5
1999,3,5,0,NULO,31.5,17.5
1999,3,6,0,NULO,36.5,19.5
1999,3,7,0,NULO,31.5,19.5
1999,3,8,0,NULO,32.5,18.5
1999,3,9,0,NULO,33.5,20.5
1999,3,10,0,NULO,33.5,20.5
1999,3,11,0,NULO,33.5,19.5
1999,3,12,0,NULO,34.5,20.5
1999,3,13,0,NULO,35.5,19.5
1999,3,14,0,NULO,33.5,17.5
1999,3,15,0,NULO,30.5,11.5
1999,3,16,0,NULO,28.5,12.5
1999,3,17,0,NULO,28.5,14.5
1999,3,18,0,NULO,29.5,20.5
1999,3,19,0,NULO,29.5,22.5
1999,3,20,0,NULO,27.5,19.5
1999,3,21,6,NULO,28.5,20.5
1999,3,22,0,NULO,23.5,18.5
1999,3,23,0,NULO,28.5,19.5
1999,3,24,0,NULO,33.5,21.5
1999,3,25,0,NULO,32.5,20.5
1999,3,26,0,NULO,30.5,20.5
1999,3,27,0,NULO,30.5,21.5
1999,3,28,0,NULO,32.5,19.5
1999,3,29,0,NULO,34.5,17.5
1999,3,30,0,NULO,32.5,18.5
1999,3,31,0,NULO,29.5,15.5
1999,4,1,0,NULO,32.5,19.5
1999,4,2,0,NULO,35.5,20.5
1999,4,3,0,NULO,36.5,20.5
1999,4,4,0,NULO,39.5,22.5
1999,4,5,0,NULO,40.5,19.5
1999,4,6,0,NULO,42.5,22.5
1999,4,7,0,NULO,33.5,21.5
1999,4,8,0,NULO,34.5,20.5
1999,4,9,0,NULO,36.5,19.5
1999,4,10,0,NULO,36.5,20.5
1999,4,11,0,NULO,38.5,22.5
1999,4,12,0,NULO,34.5,25.5
1999,4,13,0,NULO,35.5,21.5
1999,4,14,0,NULO,36.5,22.5
1999,4,15,0,NULO,44.5,22.5
1999,4,16,3,NULO,34.5,20.5
1999,4,17,1,NULO,27.5,15.5
1999,4,18,0,NULO,20.5,16.5
1999,4,19,0,NULO,30.5,15.5
1999,4,20,0,NULO,32.5,16.5
1999,4,21,0,NULO,33.5,17.5
1999,4,22,0,NULO,34.5,19.5
1999,4,23,0,NULO,42.5,21.5
1999,4,24,0,NULO,39.5,22.5
1999,4,25,0,NULO,25.5,18.5
1999,4,26,0,NULO,35.5,19.5
1999,4,27,0,NULO,41.5,23.5
1999,4,28,0,NULO,38.5,24.5
1999,4,29,0,NULO,36.5,24.5
1999,4,30,0,NULO,37.5,24.5
1999,5,1,0,NULO,35.5,24.5
1999,5,2,0,NULO,36.5,25.5
1999,5,3,0,NULO,36.5,25.5
1999,5,4,0,NULO,37.5,22.5
1999,5,5,0,NULO,47.5,21.5
1999,5,6,0,NULO,48.5,21.5
1999,5,7,0,NULO,41.5,22.5
1999,5,8,0,NULO,39.5,22.5
1999,5,9,0,NULO,38.5,24.5
1999,5,10,0,NULO,29.5,24.5
1999,5,11,0,NULO,30.5,23.5
1999,5,12,0,NULO,38.5,25.5
1999,5,13,0,NULO,38.5,24.5
1999,5,14,0,NULO,38.5,23.5
1999,5,15,0,NULO,37.5,24.5
1999,5,16,0,NULO,34.5,23.5
1999,5,17,0,NULO,37.5,23.5
1999,5,18,33,NULO,30.5,24.5
1999,5,19,0,NULO,32.5,18.5
1999,5,20,0,NULO,36.5,20.5
1999,5,21,0,NULO,36.5,21.5
1999,5,22,0,NULO,33.5,21.5
1999,5,23,0,NULO,34.5,21.5
1999,5,24,0,NULO,36.5,21.5
1999,5,25,0,NULO,36.5,20.5
1999,5,26,0,NULO,37.5,22.5
1999,5,27,20,NULO,29.5,23.5
1999,5,28,0,NULO,33.5,19.5
1999,5,29,0,NULO,35.5,20.5
1999,5,30,0,NULO,37.5,22.5
1999,5,31,0,NULO,37.5,23.5
1999,6,1,0,NULO,41.5,23.5
1999,6,2,0,NULO,37.5,23.5
1999,6,3,0,NULO,38.5,22.5
1999,6,4,0,NULO,36.5,21.5
1999,6,5,0,NULO,36.5,23.5
1999,6,6,0,NULO,36.5,23.5
1999,6,7,0,NULO,35.5,24.5
1999,6,8,0,NULO,38.5,21.5
1999,6,9,0,NULO,36.5,22.5
1999,6,10,0,NULO,38.5,24.5
1999,6,11,0,NULO,37.5,25.5
1999,6,12,0,NULO,37.5,24.5
1999,6,13,0,NULO,36.5,23.5
1999,6,14,2,NULO,34.5,24.5
1999,6,15,0,NULO,36.5,21.5
1999,6,16,6,NULO,35.5,23.5
1999,6,17,20,NULO,31.5,23.5
1999,6,18,80,NULO,27.5,23.5
1999,6,19,8,NULO,28.5,22.5
1999,6,20,22,NULO,28.5,22.5
1999,6,21,2,NULO,30.5,23.5
1999,6,22,1,NULO,31.5,22.5
1999,6,23,21,NULO,33.5,23.5
1999,6,24,0,NULO,32.5,23.5
1999,6,25,0,NULO,33.5,24.5
1999,6,26,0,NULO,35.5,24.5
1999,6,27,0,NULO,38.5,25.5
1999,6,28,0,NULO,34.5,24.5
1999,6,29,0,NULO,38.5,24.5
1999,6,30,0,NULO,35.5,23.5
1999,7,1,0,NULO,34.5,24.5
1999,7,2,16,NULO,32.5,24.5
1999,7,3,71,NULO,30.5,22.5
1999,7,4,26,NULO,28.5,22.5
1999,7,5,14,NULO,29.5,21.5
1999,7,6,13,NULO,26.5,21.5
1999,7,7,0,NULO,29.5,21.5
1999,7,8,0,NULO,33.5,21.5
1999,7,9,0,NULO,35.5,22.5
1999,7,10,0,NULO,34.5,22.5
1999,7,11,4,NULO,34.5,23.5
1999,7,12,50,NULO,29.5,22.5
1999,7,13,0,NULO,28.5,22.5
1999,7,14,0,NULO,32.5,22.5
1999,7,15,0,NULO,34.5,22.5
1999,7,16,9,NULO,34.5,22.5
1999,7,17,2,NULO,31.5,22.5
1999,7,18,38,NULO,30.5,22.5
1999,7,19,28,NULO,28.5,21.5
1999,7,20,20,NULO,28.5,22.5
1999,7,21,0,NULO,29.5,21.5
1999,7,22,0,NULO,29.5,22.5
1999,7,23,0,NULO,32.5,21.5
1999,7,24,0,NULO,35.5,22.5
1999,7,25,0,NULO,34.5,21.5
1999,7,26,0,NULO,34.5,23.5
1999,7,27,0,NULO,34.5,22.5
1999,7,28,0,NULO,35.5,23.5
1999,7,29,0,NULO,36.5,23.5
1999,7,30,0,NULO,34.5,23.5
1999,7,31,0,NULO,34.5,24.5
1999,8,1,0,NULO,36,26
1999,8,2,0,NULO,35,22
1999,8,3,0,NULO,36,22
1999,8,4,0,NULO,37,22
1999,8,5,0,NULO,38,21
1999,8,6,0,NULO,37,22
1999,8,7,0,NULO,37,23
1999,8,8,1,NULO,34,23
1999,8,9,0,NULO,35,22
1999,8,10,0,NULO,34,23
1999,8,11,5,NULO,31,23
1999,8,12,0,NULO,34,23
1999,8,13,0,NULO,33,22
1999,8,14,0,NULO,36,23
1999,8,15,0,NULO,36,21
1999,8,16,3,NULO,32,21
1999,8,17,34,NULO,32,23
1999,8,18,26,NULO,29,22
1999,8,19,40,NULO,28,21
1999,8,20,0,NULO,28,21
1999,8,21,0,NULO,32,21
1999,8,22,0,NULO,37,22
1999,8,23,0,NULO,36,24
1999,8,24,2,NULO,35,25
1999,8,25,10,NULO,32,22
1999,8,26,3,NULO,31,22
1999,8,27,0,NULO,31,22
1999,8,28,0,NULO,32,23
1999,8,29,0,NULO,35,24
1999,8,30,0,NULO,37,22
1999,8,31,0,NULO,35,22
1999,9,1,0,NULO,36.5,22.5
1999,9,2,2,NULO,37.5,23.5
1999,9,3,0,NULO,34.5,24.5
1999,9,4,3,NULO,34.5,23.5
1999,9,5,2,NULO,29.5,23.5
1999,9,6,14,NULO,32.5,23.5
1999,9,7,11,NULO,28.5,23.5
1999,9,8,43,NULO,29.5,21.5
1999,9,9,0,NULO,28.5,22.5
1999,9,10,0,NULO,28.5,21.5
1999,9,11,2,NULO,31.5,21.5
1999,9,12,7,NULO,29.5,22.5
1999,9,13,0,NULO,32.5,21.5
1999,9,14,0,NULO,32.5,21.5
1999,9,15,0,NULO,31.5,21.5
1999,9,16,11,NULO,31.5,22.5
1999,9,17,3,NULO,28.5,22.5
1999,9,18,0,NULO,31.5,19.5
1999,9,19,0,NULO,33.5,21.5
1999,9,20,0,NULO,34.5,20.5
1999,9,21,0,NULO,35.5,20.5
1999,9,22,0,NULO,34.5,21.5
1999,9,23,0,NULO,34.5,21.5
1999,9,24,0,NULO,33.5,22.5
1999,9,25,0,NULO,33.5,21.5
1999,9,26,0,NULO,34.5,22.5
1999,9,27,2,NULO,27,23.5
1999,9,28,75,NULO,27.5,22.5
1999,9,29,22,NULO,27.5,22.5
1999,9,30,6,NULO,24.5,17.5
1999,10,1,1,NULO,23.5,17.5
1999,10,2,0,NULO,29.5,19.5
1999,10,3,0,NULO,26.5,22.5
1999,10,4,5,NULO,29.5,23.5
1999,10,5,34,NULO,28.5,21.5
1999,10,6,25,NULO,24.5,21.5
1999,10,7,0,NULO,25.5,19.5
1999,10,8,3,NULO,28.5,21.5
1999,10,9,74,NULO,30.5,22.5
1999,10,10,0,NULO,25.5,22.5
1999,10,11,0,NULO,27.5,20.5
1999,10,12,0,NULO,28.5,21.5
1999,10,13,0,NULO,32.5,21.5
1999,10,14,0,NULO,33.5,20.5
1999,10,15,0,NULO,31.5,20.5
1999,10,16,0,NULO,33.5,21.5
1999,10,17,4,NULO,33.5,19.5
1999,10,18,0,NULO,24.5,19.5
1999,10,19,0,NULO,20.5,16.5
1999,10,20,0,NULO,25.5,15.5
1999,10,21,0,NULO,28.5,11.5
1999,10,22,0,NULO,29.5,15.5
1999,10,23,0,NULO,31.5,12.5
1999,10,24,0,NULO,31.5,13.5
1999,10,25,0,NULO,31.5,15.5
1999,10,26,0,NULO,30.5,15.5
1999,10,27,0,NULO,30.5,14.5
1999,10,28,0,NULO,34.5,15.5
1999,10,29,0,NULO,30.5,19.5
1999,10,30,0,NULO,31.5,16.5
1999,10,31,0,NULO,31.5,19.5
1999,11,1,0,NULO,31.5,13.5
1999,11,2,0,NULO,30.5,14.5
1999,11,3,0,NULO,28.5,13.5
1999,11,4,1,NULO,25.5,13.5
1999,11,5,5,NULO,23.5,17.5
1999,11,6,0,NULO,27.5,18.5
1999,11,7,2,NULO,25.5,17.5
1999,11,8,2,NULO,26.5,18.5
1999,11,9,0,NULO,28.5,16.5
1999,11,10,0,NULO,28.5,17.5
1999,11,11,0,NULO,26.5,18.5
1999,11,12,3,NULO,25.5,19.5
1999,11,13,0,NULO,28.5,16.5
1999,11,14,0,NULO,28.5,15.5
1999,11,15,0,NULO,28.5,15.5
1999,11,16,0,NULO,29.5,15.5
1999,11,17,0,NULO,29.5,16.5
1999,11,18,0,NULO,29.5,17.5
1999,11,19,0,NULO,29.5,17.5
1999,11,20,0,NULO,27.5,17.5
1999,11,21,0,NULO,29.5,15.5
1999,11,22,0,NULO,27.5,16.5
1999,11,23,0,NULO,30.5,17.5
1999,11,24,0,NULO,25.5,20.5
1999,11,25,0,NULO,20.5,15.5
1999,11,26,0,NULO,25.5,10.5
1999,11,27,0,NULO,27.5,10.5
1999,11,28,0,NULO,27.5,12.5
1999,11,29,0,NULO,27.5,14.5
1999,11,30,10,NULO,27.5,16.5
1999,12,1,5,NULO,18.5,17.5
1999,12,2,0,NULO,25.5,12.5
1999,12,3,0,NULO,26.5,14.5
1999,12,4,0,NULO,28.5,15.5
1999,12,5,0,NULO,22.5,15.5
1999,12,6,0,NULO,24.5,14.5
1999,12,7,0,NULO,27.5,11.5
1999,12,8,0,NULO,27.5,14.5
1999,12,9,0,NULO,28.5,17.5
1999,12,10,0,NULO,25.5,17.5
1999,12,11,0,NULO,27.5,15.5
1999,12,12,0,NULO,26.5,16.5
1999,12,13,0,NULO,23.5,16.5
1999,12,14,0,NULO,26.5,10.5
1999,12,15,0,NULO,18.5,14.5
1999,12,16,0,NULO,17.5,12.5
1999,12,17,0,NULO,25.5,12.5
1999,12,18,0,NULO,26.5,12.5
1999,12,19,0,NULO,26.5,10.5
1999,12,20,0,NULO,28.5,12.5
1999,12,21,0,NULO,18.5,15.5
1999,12,22,5,NULO,16.5,11.5
1999,12,23,7,NULO,13.5,12.5
1999,12,24,0,NULO,16.5,11.5
1999,12,25,0,NULO,18.5,11.5
1999,12,26,0,NULO,22.5,14.5
1999,12,27,0,NULO,24.5,14.5
1999,12,28,0,NULO,21.5,10.5
1999,12,29,0,NULO,25.5,10.5
1999,12,30,0,NULO,27.5,11.5
1999,12,31,0,NULO,27.5,12.5
2000,1,1,0,NULO,27.5,16.5
2000,1,2,0,NULO,28.5,16.5
2000,1,3,0,NULO,29.5,15.5
2000,1,4,0,NULO,23.5,16.5
2000,1,5,0,NULO,22.5,7.5
2000,1,6,0,NULO,26.5,8.5
2000,1,7,0,NULO,27.5,13.5
2000,1,8,0,NULO,25.5,16.5
2000,1,9,0,NULO,27.5,18.5
2000,1,10,0,NULO,27.5,18.5
2000,1,11,0,NULO,28.5,19.5
2000,1,12,0,NULO,27.5,18.5
2000,1,13,0,NULO,27.5,18.5
2000,1,14,8,NULO,25.5,19.5
2000,1,15,15,NULO,20.5,18.5
2000,1,16,0,NULO,25.5,18.5
2000,1,17,0,NULO,25.5,15.5
2000,1,18,0,NULO,27.5,13.5
2000,1,19,0,NULO,29.5,13.5
2000,1,20,0,NULO,27.5,13.5
2000,1,21,0,NULO,27.5,13.5
2000,1,22,0,NULO,27.5,14.5
2000,1,23,0,NULO,27.5,14.5
2000,1,24,0,NULO,24.5,17.5
2000,1,25,0,NULO,26.5,16.5
2000,1,26,0,NULO,26.5,17.5
2000,1,27,0,NULO,29.5,18.5
2000,1,28,0,NULO,20.5,17.5
2000,1,29,2,NULO,19.5,12.5
2000,1,30,0,NULO,15.5,10.5
2000,1,31,0,NULO,24.5,10.5
2000,2,1,0,NULO,27.5,11.5
2000,2,2,0,NULO,25.5,9.5
2000,2,3,0,NULO,19.5,12.5
2000,2,4,0,NULO,27.5,10.5
2000,2,5,0,NULO,23.5,11.5
2000,2,6,0,NULO,25.5,14.5
2000,2,7,0,NULO,27.5,13.5
2000,2,8,0,NULO,28.5,14.5
2000,2,9,0,NULO,29.5,12.5
2000,2,10,0,NULO,30.5,11.5
2000,2,11,0,NULO,31.5,13.5
2000,2,12,0,NULO,29.5,14.5
2000,2,13,0,NULO,32.5,16.5
2000,2,14,0,NULO,33.5,17.5
2000,2,15,0,NULO,31.5,20.5
2000,2,16,0,NULO,29.5,19.5
2000,2,17,0,NULO,30.5,20.5
2000,2,18,0,NULO,30.5,19.5
2000,2,19,10,NULO,27.5,20.5
2000,2,20,2,NULO,25.5,19.5
2000,2,21,0,NULO,26.5,16.5
2000,2,22,0,NULO,26.5,18.5
2000,2,23,0,NULO,28.5,19.5
2000,2,24,0,NULO,29.5,18.5
2000,2,25,0,NULO,31.5,18.5
2000,2,26,0,NULO,30.5,20.5
2000,2,27,0,NULO,22.5,17.5
2000,2,28,0,NULO,28.5,16.5
2000,2,29,0,NULO,28.5,16.5
2000,3,1,0,NULO,29.5,18.5
2000,3,2,0,NULO,28.5,19.5
2000,3,3,0,NULO,29.5,16.5
2000,3,4,0,NULO,29.5,18.5
2000,3,5,0,NULO,29.5,19.5
2000,3,6,0,NULO,31.5,20.5
2000,3,7,0,NULO,31.5,21.5
2000,3,8,0,NULO,32.5,21.5
2000,3,9,0,NULO,32.5,22.5
2000,3,10,0,NULO,30.5,20.5
2000,3,11,0,NULO,30.5,22.5
2000,3,12,0,NULO,25.5,17.5
2000,3,13,0,NULO,30.5,18.5
2000,3,14,0,NULO,29.5,20.5
2000,3,15,0,NULO,28.5,21.5
2000,3,16,0,NULO,35.5,19.5
2000,3,17,0,NULO,29.5,21.5
2000,3,18,0,NULO,30.5,21.5
2000,3,19,0,NULO,28.5,21.5
2000,3,20,0,NULO,25.5,19.5
2000,3,21,0,NULO,34.5,20.5
2000,3,22,0,NULO,27.5,22.5
2000,3,23,0,NULO,32.5,22.5
2000,3,24,0,NULO,32.5,20.5
2000,3,25,0,NULO,31.5,21.5
2000,3,26,0,NULO,32.5,22.5
2000,3,27,0,NULO,36.5,21.5
2000,3,28,0,NULO,35.5,23.5
2000,3,29,0,NULO,39.5,22.5
2000,3,30,0,NULO,36.5,20.5
2000,3,31,0,NULO,34.5,23.5
2000,4,1,0,NULO,34.5,22.5
2000,4,2,0,NULO,33.5,24.5
2000,4,3,0,NULO,36.5,24.5
2000,4,4,0,NULO,29.5,19.5
2000,4,5,0,NULO,27.5,13.5
2000,4,6,0,NULO,29.5,16.5
2000,4,7,0,NULO,31.5,18
2000,4,8,0,NULO,34.5,21.5
2000,4,9,0,NULO,31.5,19.5
2000,4,10,0,NULO,26.5,20.5
2000,4,11,0,NULO,31.5,21.5
2000,4,12,0,NULO,33.5,22.5
2000,4,13,0,NULO,32.5,20.5
2000,4,14,0,NULO,27.5,19.5
2000,4,15,0,NULO,32.5,19.5
2000,4,16,0,NULO,32.5,21.5
2000,4,17,0,NULO,33.5,22.5
2000,4,18,0,NULO,32.5,21.5
2000,4,19,0,NULO,33.5,21.5
2000,4,20,0,NULO,35.5,21.5
2000,4,21,0,NULO,35.5,22.5
2000,4,22,0,NULO,33.5,20.5
2000,4,23,0,NULO,35.5,19.5
2000,4,24,0,NULO,40.5,20.5
2000,4,25,0,NULO,38.5,22.5
2000,4,26,0,NULO,32.5,23.5
2000,4,27,0,NULO,31.5,23.5
2000,4,28,0,NULO,31.5,25.5
2000,4,29,0,NULO,34.5,22.5
2000,4,30,0,NULO,36.5,23.5
2000,5,1,0,NULO,32,23
2000,5,2,3,NULO,32,23
2000,5,3,0,NULO,35,21
2000,5,4,0,NULO,35,21
2000,5,5,0,NULO,33,23
2000,5,6,0,NULO,35,22
2000,5,7,0,NULO,35,24
2000,5,8,0,NULO,34,23
2000,5,9,0,NULO,37,23
2000,5,10,0,NULO,37,25
2000,5,11,0,NULO,38,24
2000,5,12,0,NULO,37,25
2000,5,13,0,NULO,32,26
2000,5,14,0,NULO,34,21
2000,5,15,0,NULO,34,22
2000,5,16,0,NULO,35,21
2000,5,17,0,NULO,34,21
2000,5,18,0,NULO,36,24
2000,5,19,2,NULO,35,26
2000,5,20,0,NULO,34,24
2000,5,21,0,NULO,33,23
2000,5,22,0,NULO,35,24
2000,5,23,0,NULO,37,24
2000,5,24,0,NULO,39,26
2000,5,25,0,NULO,39,26
2000,5,26,0,NULO,36,26
2000,5,27,40,NULO,40,25
2000,5,28,0,NULO,34,22
2000,5,29,0,NULO,32,23
2000,5,30,0,NULO,32,24
2000,5,31,0,NULO,32,24
2000,6,1,0,NULO,33.5,24.5
2000,6,2,0,NULO,32.5,24.5
2000,6,3,0,NULO,34.5,24.5
2000,6,4,0,NULO,35.5,23.5
2000,6,5,0,NULO,33.5,23.5
2000,6,6,3.5,NULO,32.5,23.5
2000,6,7,3.5,NULO,28.5,23.5
2000,6,8,2,NULO,33.5,23.5
2000,6,9,0,NULO,30.5,24.5
2000,6,10,6,NULO,30.5,24.5
2000,6,11,0,NULO,29.5,24.5
2000,6,12,64,NULO,29.5,23.5
2000,6,13,0,NULO,31.5,23.5
2000,6,14,0,NULO,31.5,23.5
2000,6,15,0,NULO,33.5,25.5
2000,6,16,0,NULO,34.5,25.5
2000,6,17,0,NULO,33.5,24.5
2000,6,18,0,NULO,31.5,26.5
2000,6,19,20,NULO,31.5,23.5
2000,6,20,0,NULO,30.5,23.5
2000,6,21,44,NULO,28.5,22.5
2000,6,22,23,NULO,31.5,23.5
2000,6,23,0,NULO,33.5,23.5
2000,6,24,0,NULO,33.5,23.5
2000,6,25,0,NULO,34.5,22.5
2000,6,26,0,NULO,31.5,23.5
2000,6,27,12,NULO,30.5,23.5
2000,6,28,0,NULO,32.5,23.5
2000,6,29,0,NULO,32.5,22.5
2000,6,30,0,NULO,31.5,23.5
2000,7,1,0,NULO,32.5,22.5
2000,7,2,0,NULO,33.5,23.5
2000,7,3,0,NULO,33.5,23.5
2000,7,4,0,NULO,31.5,22.5
2000,7,5,0,NULO,32.5,22.5
2000,7,6,0,NULO,32.5,22.5
2000,7,7,0,NULO,34.5,23.5
2000,7,8,0,NULO,28.5,22.5
2000,7,9,0,NULO,29.5,23.5
2000,7,10,0,NULO,30.5,23.5
2000,7,11,0,NULO,33.5,22.5
2000,7,12,0,NULO,33.5,22.5
2000,7,13,0,NULO,33.5,23.5
2000,7,14,0,NULO,35.5,22.5
2000,7,15,0,NULO,36.5,23.5
2000,7,16,0,NULO,37.5,24.5
2000,7,17,0,NULO,34.5,24.5
2000,7,18,3,NULO,34.5,24.5
2000,7,19,0,NULO,33.5,23.5
2000,7,20,0,NULO,33.5,22.5
2000,7,21,0,NULO,34.5,23.5
2000,7,22,0,NULO,34.5,23.5
2000,7,23,0,NULO,35.5,24.5
2000,7,24,0,NULO,36.5,24.5
2000,7,25,0,NULO,36.5,23.5
2000,7,26,6,NULO,34.5,23.5
2000,7,27,0,NULO,33.5,22.5
2000,7,28,0,NULO,33.5,23.5
2000,7,29,0,NULO,33.5,22.5
2000,7,30,0,NULO,34.5,23.5
2000,7,31,0,NULO,34.5,24.5
2000,8,1,3,NULO,33.5,23.5
2000,8,2,0,NULO,36.5,23.5
2000,8,3,2,NULO,31.5,24.5
2000,8,4,6,NULO,30.5,23.5
2000,8,5,0,NULO,32.5,23.5
2000,8,6,0,NULO,36.5,23.5
2000,8,7,0,NULO,35.5,22.5
2000,8,8,92,NULO,31.5,23.5
2000,8,9,2,NULO,30.5,23.5
2000,8,10,0,NULO,31.5,22.5
2000,8,11,6,NULO,30.5,23.5
2000,8,12,0,NULO,32.5,23.5
2000,8,13,0,NULO,34.5,23.5
2000,8,14,0,NULO,32.5,22.5
2000,8,15,9,NULO,31.5,23.5
2000,8,16,2,NULO,32.5,24.5
2000,8,17,0,NULO,33.5,22.5
2000,8,18,0,NULO,34.5,22.5
2000,8,19,28,NULO,33.5,22.5
2000,8,20,0,NULO,33.5,22.5
2000,8,21,9,NULO,32.5,22.5
2000,8,22,15,NULO,31.5,22.5
2000,8,23,0,NULO,30.5,21.5
2000,8,24,0,NULO,32.5,22.5
2000,8,25,0,NULO,33.5,22.5
2000,8,26,16,NULO,31.5,23.5
2000,8,27,0,NULO,33.5,22.5
2000,8,28,0,NULO,34.5,23.5
2000,8,29,0,NULO,34.5,23.5
2000,8,30,0,NULO,32.5,24.5
2000,8,31,0,NULO,34.5,23.5
2000,9,1,0,NULO,35.5,23.5
2000,9,2,0,NULO,33.5,23.5
2000,9,3,0,NULO,34.5,23.5
2000,9,4,0,NULO,35.5,23.5
2000,9,5,0,NULO,38.5,22.5
2000,9,6,0,NULO,39.5,23.5
2000,9,7,38,NULO,31.5,22.5
2000,9,8,0,NULO,33.5,21.5
2000,9,9,0,NULO,35.5,22.5
2000,9,10,0,NULO,35.5,23.5
2000,9,11,0,NULO,35.5,25.5
2000,9,12,0,NULO,35.5,23.5
2000,9,13,0,NULO,32.5,24.5
2000,9,14,0,NULO,33.5,24.5
2000,9,15,20,NULO,31.5,23.5
2000,9,16,2,NULO,31.5,23.5
2000,9,17,2,NULO,30.5,23.5
2000,9,18,10,NULO,28.5,22.5
2000,9,19,0,NULO,33.5,22.5
2000,9,20,0,NULO,34.5,22.5
2000,9,21,0,NULO,34.5,22.5
2000,9,22,0,NULO,34.5,24.5
2000,9,23,0,NULO,34.5,24.5
2000,9,24,0,NULO,35.5,24.5
2000,9,25,18,NULO,31.5,25.5
2000,9,26,0,NULO,28.5,17.5
2000,9,27,0,NULO,31.5,17.5
2000,9,28,0,NULO,31.5,18.5
2000,9,29,0,NULO,32.5,19.5
2000,9,30,0,NULO,31.5,19.5
2000,10,1,0,NULO,35.5,19.5
2000,10,2,0,NULO,35.5,19.5
2000,10,3,0,NULO,35.5,20.5
2000,10,4,18,NULO,34.5,22.5
2000,10,5,44,NULO,27.5,23.5
2000,10,6,64,NULO,29.5,22.5
2000,10,7,1,NULO,30.5,24.5
2000,10,8,10,NULO,24.5,17.5
2000,10,9,6,NULO,17.5,10.5
2000,10,10,1,NULO,15.5,10.5
2000,10,11,8,NULO,19.5,11.5
2000,10,12,0,NULO,27.5,11.5
2000,10,13,0,NULO,28.5,17.5
2000,10,14,0,NULO,30.5,20.5
2000,10,15,0,NULO,22.5,19.5
2000,10,16,0,NULO,30.5,19.5
2000,10,17,0,NULO,31.5,20.5
2000,10,18,0,NULO,29.5,21.5
2000,10,19,3,NULO,27.5,20.5
2000,10,20,0,NULO,28.5,18.5
2000,10,21,0,NULO,27.5,18.5
2000,10,22,0,NULO,30.5,19.5
2000,10,23,2,NULO,31.5,21.5
2000,10,24,0,NULO,29.5,21.5
2000,10,25,0,NULO,29.5,21.5
2000,10,26,0,NULO,29.5,19.5
2000,10,27,0,NULO,30.5,19.5
2000,10,28,0,NULO,30.5,20.5
2000,10,29,0,NULO,30.5,20.5
2000,10,30,0,NULO,29.5,20.5
2000,10,31,0,NULO,22.5,20.5
2000,11,1,0,NULO,22.5,20.5
2000,11,2,0,NULO,30.5,21.5
2000,11,3,0,NULO,29.5,22.5
2000,11,4,0,NULO,29.5,22.5
2000,11,5,0,NULO,30.5,20.5
2000,11,6,0,NULO,29.5,20.5
2000,11,7,0,NULO,30.5,21.5
2000,11,8,0,NULO,33.5,22.5
2000,11,9,0,NULO,30.5,16.5
2000,11,10,0,NULO,21.5,16.5
2000,11,11,0,NULO,24.5,17.5
2000,11,12,0,NULO,32.5,20.5
2000,11,13,0,NULO,31.5,21.5
2000,11,14,6,NULO,28.5,14.5
2000,11,15,4,NULO,16.5,11.5
2000,11,16,0,NULO,26.5,13.5
2000,11,17,0,NULO,29.5,20.5
2000,11,18,0,NULO,28.5,17.5
2000,11,19,3,NULO,26.5,14.5
2000,11,20,0,NULO,16.5,13.5
2000,11,21,0,NULO,17,14.5
2000,11,22,1,NULO,16.5,14.5
2000,11,23,0,NULO,25.5,15.5
2000,11,24,0,NULO,28.5,17.5
2000,11,25,0,NULO,25.5,17.5
2000,11,26,0,NULO,23.5,18.5
2000,11,27,0,NULO,22.5,19.5
2000,11,28,9,NULO,25.5,20.5
2000,11,29,0,NULO,27.5,18.5
2000,11,30,5,NULO,27.5,19.5
2000,12,1,0,NULO,29.5,16.5
2000,12,2,17,NULO,21.5,16.5
2000,12,3,4,NULO,21.5,12.5
2000,12,4,4,NULO,13.5,11.5
2000,12,5,0,NULO,17.5,11.5
2000,12,6,0,NULO,21.5,12.5
2000,12,7,0,NULO,28.5,12.5
2000,12,8,0,NULO,25.5,9.5
2000,12,9,0,NULO,28.5,10.5
2000,12,10,0,NULO,28.5,13.5
2000,12,11,0,NULO,28.5,10.5
2000,12,12,0,NULO,22.5,11.5
2000,12,13,0,NULO,25.5,13.5
2000,12,14,9,NULO,19.5,14.5
2000,12,15,0,NULO,26.5,16.5
2000,12,16,0,NULO,27.5,17.5
2000,12,17,0,NULO,23.5,15.5
2000,12,18,0,NULO,28.5,12.5
2000,12,19,0,NULO,28.5,9.5
2000,12,20,0,NULO,24.5,6.5
2000,12,21,0,NULO,26.5,9.5
2000,12,22,0,NULO,24.5,13.5
2000,12,23,1,NULO,27.5,13.5
2000,12,24,0,NULO,25.5,13.5
2000,12,25,0,NULO,27.5,15.5
2000,12,26,0,NULO,26.5,16.5
2000,12,27,0,NULO,23.5,12.5
2000,12,28,1,NULO,16.5,10.5
2000,12,29,0,NULO,16.5,11.5
2000,12,30,0,NULO,16.5,11.5
2000,12,31,0,NULO,21.5,13.5
2001,1,1,0,NULO,18.5,14.5
2001,1,2,13,NULO,15.5,13.5
2001,1,3,3,NULO,14.5,8.5
2001,1,4,0,NULO,20.5,9.5
2001,1,5,0,NULO,25.5,9.5
2001,1,6,0,NULO,27.5,11.5
2001,1,7,0,NULO,28.5,13.5
2001,1,8,0,NULO,20.5,10.5
2001,1,9,9,NULO,16.5,14.5
2001,1,10,0,NULO,21.5,13.5
2001,1,11,0,NULO,23.5,14.5
2001,1,12,0,NULO,25.5,16.5
2001,1,13,0,NULO,27.5,18.5
2001,1,14,0,NULO,25.5,19.5
2001,1,15,0,NULO,27.5,19.5
2001,1,16,0,NULO,27.5,18.5
2001,1,17,0,NULO,27.5,18.5
2001,1,18,2,NULO,19.5,17.5
2001,1,19,2,NULO,18.5,9.5
2001,1,20,0,NULO,19.5,9.5
2001,1,21,0,NULO,22.5,9.5
2001,1,22,0,NULO,22.5,9.5
2001,1,23,0,NULO,23.5,10.5
2001,1,24,0,NULO,24.5,11.5
2001,1,25,0,NULO,25.5,13.5
2001,1,26,0,NULO,25.5,15.5
2001,1,27,0,NULO,26.5,17.5
2001,1,28,0,NULO,28.5,18.5
2001,1,29,0,NULO,21.5,17.5
2001,1,30,0,NULO,29.5,17.5
2001,1,31,0,NULO,24.5,18.5
2001,2,1,9,NULO,20.5,15.5
2001,2,2,8,NULO,16.5,13.5
2001,2,3,2,NULO,15.5,9.5
2001,2,4,0,NULO,22.5,10.5
2001,2,5,0,NULO,22.5,15.5
2001,2,6,0,NULO,23.5,13.5
2001,2,7,0,NULO,26.5,14.5
2001,2,8,0,NULO,27.5,16.5
2001,2,9,3,NULO,27.5,17.5
2001,2,10,0,NULO,19.5,15.5
2001,2,11,0,NULO,25.5,15.5
2001,2,12,0,NULO,25.5,16.5
2001,2,13,0,NULO,28.5,17.5
2001,2,14,0,NULO,28.5,19.5
2001,2,15,0,NULO,31.5,20.5
2001,2,16,0,NULO,25.5,21.5
2001,2,17,0,NULO,23.5,17.5
2001,2,18,0,NULO,22.5,14.5
2001,2,19,0,NULO,25.5,15.5
2001,2,20,0,NULO,28.5,17.5
2001,2,21,0,NULO,28.5,19.5
2001,2,22,0,NULO,29.5,21.5
2001,2,23,0,NULO,34.5,21.5
2001,2,24,0,NULO,26.5,20.5
2001,2,25,0,NULO,29.5,22.5
2001,2,26,0,NULO,29.5,20.5
2001,2,27,0,NULO,31.5,19.5
2001,2,28,0,NULO,30.5,20.5
2001,3,1,0,NULO,29.5,20.5
2001,3,2,0,NULO,23.5,17.5
2001,3,3,0,NULO,25.5,17.5
2001,3,4,0,NULO,29.5,14.5
2001,3,5,0,NULO,25.5,15.5
2001,3,6,0,NULO,28.5,14.5
2001,3,7,0,NULO,27.5,16.5
2001,3,8,0,NULO,29.5,15.5
2001,3,9,0,NULO,29.5,18.5
2001,3,10,0,NULO,28.5,19.5
2001,3,11,0,NULO,35.5,20.5
2001,3,12,0,NULO,36.5,21.5
2001,3,13,0,NULO,33.5,19.5
2001,3,14,0,NULO,33.5,20.5
2001,3,15,0,NULO,31.5,21.5
2001,3,16,0,NULO,26.5,20.5
2001,3,17,0,NULO,22.5,20.5
2001,3,18,0,NULO,28.5,21.5
2001,3,19,3,NULO,22.5,17.5
2001,3,20,0,NULO,25.5,14.5
2001,3,21,0,NULO,29.5,11.5
2001,3,22,0,NULO,29.5,12.5
2001,3,23,0,NULO,30.5,15.5
2001,3,24,0,NULO,29.5,17.5
2001,3,25,0,NULO,29.5,19.5
2001,3,26,2,NULO,24.5,19.5
2001,3,27,0,NULO,28.5,20.5
2001,3,28,0,NULO,35.5,20.5
2001,3,29,0,NULO,32.5,21.5
2001,3,30,0,NULO,32.5,19.5
2001,3,31,0,NULO,32.5,20.5
2001,4,1,0,NULO,32.5,20.5
2001,4,2,0,NULO,33.5,22.5
2001,4,3,0,NULO,36.5,23.5
2001,4,4,0,NULO,34.5,22.5
2001,4,5,0,NULO,35.5,21.5
2001,4,6,0,NULO,34.5,21.5
2001,4,7,0,NULO,34.5,22.5
2001,4,8,0,NULO,35.5,20.5
2001,4,9,0,NULO,34.5,22.5
2001,4,10,0,NULO,35.5,22.5
2001,4,11,0,NULO,38.5,23.5
2001,4,12,0,NULO,36.5,25.5
2001,4,13,0,NULO,36.5,23.5
2001,4,14,0,NULO,35.5,22.5
2001,4,15,0,NULO,36.5,23.5
2001,4,16,0,NULO,33.5,23.5
2001,4,17,1,NULO,34.5,22.5
2001,4,18,19,NULO,25.5,21.5
2001,4,19,0,NULO,27.5,18.5
2001,4,20,0,NULO,30.5,20.5
2001,4,21,0,NULO,33.5,22.5
2001,4,22,0,NULO,33.5,22.5
2001,4,23,0,NULO,32.5,23.5
2001,4,24,0,NULO,31.5,23.5
2001,4,25,6,NULO,25.5,20.5
2001,4,26,1,NULO,25.5,18.5
2001,4,27,0,NULO,25.5,16.5
2001,4,28,0,NULO,26.5,17.5
2001,4,29,0,NULO,27.5,16.5
2001,4,30,0,NULO,29.5,19
2001,5,1,0,NULO,32.5,20.5
2001,5,2,0,NULO,33.5,21.5
2001,5,3,0,NULO,29.5,23.5
2001,5,4,0,NULO,32.5,24.5
2001,5,5,0,NULO,31.5,22.5
2001,5,6,2,NULO,32.5,24.5
2001,5,7,3,NULO,32.5,23.5
2001,5,8,0,NULO,30.5,21.5
2001,5,9,0,NULO,28.5,21.5
2001,5,10,0,NULO,32.5,20.5
2001,5,11,0,NULO,32.5,20.5
2001,5,12,3,NULO,28.5,21.5
2001,5,13,0,NULO,30.5,20.5
2001,5,14,5,NULO,29.5,21.5
2001,5,15,0,NULO,33.5,20.5
2001,5,16,0,NULO,33.5,20.5
2001,5,17,0,NULO,34.5,21.5
2001,5,18,0,NULO,36.5,24.5
2001,5,19,0,NULO,36.5,23.5
2001,5,20,0,NULO,36.5,23.5
2001,5,21,3,NULO,32.5,24.5
2001,5,22,0,NULO,31.5,22.5
2001,5,23,0,NULO,31.5,22.5
2001,5,24,0,NULO,35.5,22.5
2001,5,25,0,NULO,33.5,22.5
2001,5,26,0,NULO,36.5,21.5
2001,5,27,0,NULO,35.5,23.5
2001,5,28,0,NULO,37.5,22.5
2001,5,29,0,NULO,35.5,22.5
2001,5,30,0,NULO,35.5,24.5
2001,5,31,0,NULO,35.5,25.5
2001,6,1,0,NULO,37.5,25.5
2001,6,2,0,NULO,36.5,24.5
2001,6,3,0,NULO,36.5,23.5
2001,6,4,0,NULO,37.5,24.5
2001,6,5,0,NULO,37.5,25.5
2001,6,6,0,NULO,37.5,25.5
2001,6,7,0,NULO,37.5,27.5
2001,6,8,0,NULO,36.5,25.5
2001,6,9,0,NULO,38.5,24.5
2001,6,10,0,NULO,40.5,25.5
2001,6,11,0,NULO,38.5,25.5
2001,6,12,0,NULO,40.5,27.5
2001,6,13,0,NULO,36.5,25.5
2001,6,14,0,NULO,39.5,26.5
2001,6,15,0,NULO,31.5,27.5
2001,6,16,15,NULO,32.5,24.5
2001,6,17,2,NULO,33.5,25.5
2001,6,18,0,NULO,33.5,23.5
2001,6,19,0,NULO,35.5,21.5
2001,6,20,0,NULO,33.5,23.5
2001,6,21,0,NULO,34.5,24.5
2001,6,22,0,NULO,33.5,24.5
2001,6,23,0,NULO,35.5,23.5
2001,6,24,0,NULO,34.5,24.5
2001,6,25,14,NULO,33.5,23.5
2001,6,26,36,NULO,30.5,23.5
2001,6,27,1,NULO,27.5,21.5
2001,6,28,0,NULO,32.5,21.5
2001,6,29,0,NULO,30.5,22.5
2001,6,30,0,NULO,33.5,24.5
2001,7,1,13,NULO,31.5,25.5
2001,7,2,18,NULO,30.5,23.5
2001,7,3,41,NULO,26.5,23.5
2001,7,4,20,NULO,28.5,22.5
2001,7,5,7,NULO,30.5,21.5
2001,7,6,0,NULO,31.5,22.5
2001,7,7,0,NULO,32.5,23.5
2001,7,8,0,NULO,32.5,23.5
2001,7,9,0,NULO,33.5,23.5
2001,7,10,0,NULO,34.5,23.5
2001,7,11,0,NULO,33.5,23.5
2001,7,12,0,NULO,34.5,24.5
2001,7,13,0,NULO,35.5,24.5
2001,7,14,0,NULO,35.5,23.5
2001,7,15,0,NULO,36.5,24.5
2001,7,16,0,NULO,35.5,25.5
2001,7,17,0,NULO,34.5,25.5
2001,7,18,1,NULO,34.5,25.5
2001,7,19,0,NULO,35.5,24.5
2001,7,20,0,NULO,34.5,23.5
2001,7,21,0,NULO,34.5,22.5
2001,7,22,0,NULO,34.5,24.5
2001,7,23,0,NULO,36.5,24.5
2001,7,24,6,NULO,38.5,26.5
2001,7,25,0,NULO,33.5,23.5
2001,7,26,0,NULO,34.5,24.5
2001,7,27,0,NULO,34.5,25.5
2001,7,28,0,NULO,35.5,25.5
2001,7,29,0,NULO,34.5,24.5
2001,7,30,0,NULO,33.5,24.5
2001,7,31,0,NULO,34.5,24.5
2001,8,1,0,NULO,36.5,23.5
2001,8,2,0,NULO,29.5,24.5
2001,8,3,1,NULO,35.5,23.5
2001,8,4,0,NULO,34.5,23.5
2001,8,5,0,NULO,35.5,24.5
2001,8,6,0,NULO,33.5,24.5
2001,8,7,0,NULO,34.5,23.5
2001,8,8,22,NULO,34.5,23.5
2001,8,9,0,NULO,34.5,23.5
2001,8,10,1,NULO,34.5,22.5
2001,8,11,4,NULO,31.5,23.5
2001,8,12,5,NULO,32.5,24.5
2001,8,13,0,NULO,33.5,23.5
2001,8,14,0,NULO,36.5,24.5
2001,8,15,0,NULO,36.5,25.5
2001,8,16,0,NULO,33.5,24.5
2001,8,17,0,NULO,34.5,25.5
2001,8,18,0,NULO,35.5,24.5
2001,8,19,0,NULO,36.5,23.5
2001,8,20,0,NULO,36.5,25.5
2001,8,21,0,NULO,35.5,24.5
2001,8,22,0,NULO,35.5,24.5
2001,8,23,0,NULO,34.5,24.5
2001,8,24,4,NULO,32.5,25.5
2001,8,25,9,NULO,32.5,25.5
2001,8,26,14,NULO,30.5,23.5
2001,8,27,20,NULO,27.5,24.5
2001,8,28,0,NULO,29.5,24.5
2001,8,29,1,NULO,31.5,24.5
2001,8,30,0,NULO,33.5,24.5
2001,8,31,17,NULO,33.5,23.5
2001,9,1,0,NULO,34.5,23.5
2001,9,2,0,NULO,33.5,24.5
2001,9,3,0,NULO,35.5,25.5
2001,9,4,0,NULO,35.5,24.5
2001,9,5,0,NULO,34.5,24.5
2001,9,6,0,NULO,35.5,24.5
2001,9,7,0,NULO,35.5,24.5
2001,9,8,0,NULO,36.5,25.5
2001,9,9,2,NULO,35.5,25.5
2001,9,10,5,NULO,28.5,24.5
2001,9,11,6,NULO,31.5,25.5
2001,9,12,4,NULO,32.5,23.5
2001,9,13,0,NULO,33.5,24.5
2001,9,14,16,NULO,31.5,24.5
2001,9,15,0,NULO,31.5,23.5
2001,9,16,0,NULO,34.5,22.5
2001,9,17,0,NULO,33.5,23.5
2001,9,18,1,NULO,33.5,23.5
2001,9,19,0,NULO,32.5,25.5
2001,9,20,0,NULO,34.5,25.5
2001,9,21,1,NULO,26.5,23.5
2001,9,22,0,NULO,32.5,23.5
2001,9,23,29,NULO,29.5,23.5
2001,9,24,63,NULO,26.5,23.5
2001,9,25,3,NULO,24.5,22.5
2001,9,26,0,NULO,24.5,19.5
2001,9,27,0,NULO,29.5,20.5
2001,9,28,0,NULO,28.5,20.5
2001,9,29,0,NULO,31.5,19.5
2001,9,30,0,NULO,30,18.5
2001,10,1,0,NULO,25.5,18.5
2001,10,2,0,NULO,31.5,20.5
2001,10,3,0,NULO,28.5,21.5
2001,10,4,0,NULO,30.5,22.5
2001,10,5,0,NULO,32.5,21.5
2001,10,6,2,NULO,29.5,24.5
2001,10,7,0,NULO,30.5,22.5
2001,10,8,0,NULO,30.5,22.5
2001,10,9,0,NULO,32.5,22.5
2001,10,10,0,NULO,30.5,22.5
2001,10,11,0,NULO,32.5,22.5
2001,10,12,0,NULO,34.5,24.5
2001,10,13,0,NULO,35.5,24.5
2001,10,14,0,NULO,31.5,22.5
2001,10,15,0,NULO,32.5,20.5
2001,10,16,0,NULO,30.5,21.5
2001,10,17,0,NULO,28.5,17.5
2001,10,18,0,NULO,30.5,15.5
2001,10,19,0,NULO,31.5,17.5
2001,10,20,0,NULO,29.5,19.5
2001,10,21,0,NULO,33.5,19.5
2001,10,22,0,NULO,33.5,18.5
2001,10,23,0,NULO,34.5,20.5
2001,10,24,13,NULO,34.5,22.5
2001,10,25,20,NULO,32.5,23.5
2001,10,26,1,NULO,24.5,23.5
2001,10,27,11,NULO,27.5,22.5
2001,10,28,0,NULO,23.5,18.5
2001,10,29,0,NULO,27.5,16.5
2001,10,30,0,NULO,26.5,16.5
2001,10,31,0,NULO,29.5,14.5
2001,11,1,0,NULO,30.5,16.5
2001,11,2,0,NULO,30.5,19.5
2001,11,3,1,NULO,26.5,20.5
2001,11,4,0,NULO,26.5,20.5
2001,11,5,0,NULO,28.5,17.5
2001,11,6,0,NULO,28.5,19.5
2001,11,7,0,NULO,30.5,17.5
2001,11,8,0,NULO,30.5,17.5
2001,11,9,8,NULO,27.5,19.5
2001,11,10,0,NULO,26.5,19.5
2001,11,11,0,NULO,27.5,18.5
2001,11,12,0,NULO,28.5,16.5
2001,11,13,0,NULO,28.5,18.5
2001,11,14,0,NULO,28.5,18.5
2001,11,15,0,NULO,29.5,20.5
2001,11,16,0,NULO,29.5,20.5
2001,11,17,0,NULO,26.5,21.5
2001,11,18,0,NULO,28.5,17.5
2001,11,19,0,NULO,30.5,17.5
2001,11,20,0,NULO,22.5,17.5
2001,11,21,2,NULO,24.5,16.5
2001,11,22,0,NULO,28.5,16.5
2001,11,23,0,NULO,33.5,17.5
2001,11,24,0,NULO,32.5,17.5
2001,11,25,0,NULO,31.5,16.5
2001,11,26,0,NULO,32.5,17.5
2001,11,27,0,NULO,30.5,18.5
2001,11,28,0,NULO,23.5,21.5
2001,11,29,0,NULO,23.5,11.5
2001,11,30,0,NULO,23.5,10.5
2001,12,1,0,NULO,26.5,15.5
2001,12,2,5,NULO,28.5,20.5
2001,12,3,0,NULO,27.5,19.5
2001,12,4,0,NULO,27.5,16.5
2001,12,5,2,NULO,29.5,17.5
2001,12,6,0,NULO,28.5,20.5
2001,12,7,0,NULO,29.5,20.5
2001,12,8,0,NULO,28.5,17.5
2001,12,9,0,NULO,18.5,15.5
2001,12,10,0,NULO,21.5,12.5
2001,12,11,0,NULO,27.5,13.5
2001,12,12,0,NULO,30.5,16.5
2001,12,13,0,NULO,32.5,17.5
2001,12,14,0,NULO,21.5,17.5
2001,12,15,0,NULO,26.5,18.5
2001,12,16,0,NULO,29.5,17.5
2001,12,17,0,NULO,22.5,17.5
2001,12,18,0,NULO,27.5,16.5
2001,12,19,0,NULO,25.5,14.5
2001,12,20,0,NULO,26.5,13.5
2001,12,21,0,NULO,27.5,11.5
2001,12,22,0,NULO,29.5,12.5
2001,12,23,0,NULO,26.5,17.5
2001,12,24,0,NULO,20.5,14.5
2001,12,25,0,NULO,16.5,15.5
2001,12,26,0,NULO,16.5,11.5
2001,12,27,0,NULO,22.5,12.5
2001,12,28,0,NULO,26.5,10.5
2001,12,29,0,NULO,26.5,11.5
2001,12,30,0,NULO,27.5,14.5
2001,12,31,0,NULO,22.5,14.5
2002,1,1,0,NULO,19.5,11.5
2002,1,2,0,NULO,15.5,9.5
2002,1,3,0,NULO,13.5,10.5
2002,1,4,0,NULO,17.5,9.5
2002,1,5,0,NULO,29.5,11.5
2002,1,6,0,NULO,25.5,10.5
2002,1,7,0,NULO,25.5,7.5
2002,1,8,0,NULO,26.5,7.5
2002,1,9,0,NULO,27.5,9.5
2002,1,10,0,NULO,27.5,11.5
2002,1,11,0,NULO,21.5,12.5
2002,1,12,4,NULO,15.5,14.5
2002,1,13,9,NULO,15.5,11.5
2002,1,14,0,NULO,26.5,10.5
2002,1,15,0,NULO,26.5,10.5
2002,1,16,0,NULO,29.5,14.5
2002,1,17,0,NULO,27.5,14.5
2002,1,18,0,NULO,28.5,16.5
2002,1,19,0,NULO,29.5,16.5
2002,1,20,0,NULO,29.5,16.5
2002,1,21,0,NULO,24.5,16.5
2002,1,22,0,NULO,30.5,18.5
2002,1,23,0,NULO,30.5,17.5
2002,1,24,0,NULO,32.5,18.5
2002,1,25,0,NULO,19.5,16.5
2002,1,26,0,NULO,23.5,14.5
2002,1,27,0,NULO,28.5,15.5
2002,1,28,0,NULO,27.5,17.5
2002,1,29,0,NULO,29.5,19.5
2002,1,30,0,NULO,31.5,19.5
2002,1,31,5,NULO,32.5,17.5
2002,2,1,0,NULO,17.5,16.5
2002,2,2,0,NULO,23.5,12.5
2002,2,3,0,NULO,28.5,13.5
2002,2,4,2,NULO,21.5,16.5
2002,2,5,0,NULO,24.5,17.5
2002,2,6,0,NULO,18.5,15.5
2002,2,7,0,NULO,20.5,13.5
2002,2,8,0,NULO,24.5,14.5
2002,2,9,0,NULO,28.5,11.5
2002,2,10,7,NULO,19.5,12.5
2002,2,11,0,NULO,18.5,9.5
2002,2,12,0,NULO,21.5,10.5
2002,2,13,2,NULO,18.5,12.5
2002,2,14,0,NULO,19.5,11.5
2002,2,15,0,NULO,29.5,11.5
2002,2,16,0,NULO,29.5,14.5
2002,2,17,0,NULO,33.5,11.5
2002,2,18,0,NULO,38.5,13.5
2002,2,19,0,NULO,22.5,19.5
2002,2,20,0,NULO,28.5,19.5
2002,2,21,0,NULO,30.5,18.5
2002,2,22,0,NULO,25.5,17.5
2002,2,23,0,NULO,27.5,7.5
2002,2,24,0,NULO,28.5,9.5
2002,2,25,0,NULO,29.5,10.5
2002,2,26,0,NULO,24.5,15.5
2002,2,27,0,NULO,18.5,7.5
2002,2,28,0,NULO,23.5,9.5
2002,3,1,0,NULO,31.5,11.5
2002,3,2,0,NULO,40.5,12.5
2002,3,3,0,NULO,19.5,13.5
2002,3,4,0,NULO,17.5,8.5
2002,3,5,0,NULO,23.5,9.5
2002,3,6,0,NULO,26.5,13.5
2002,3,7,0,NULO,28.5,16.5
2002,3,8,0,NULO,32.5,18.5
2002,3,9,0,NULO,28.5,20.5
2002,3,10,0,NULO,22.5,16.5
2002,3,11,0,NULO,28.5,15.5
2002,3,12,0,NULO,30.5,16.5
2002,3,13,0,NULO,30.5,12.5
2002,3,14,0,NULO,35.5,16.5
2002,3,15,0,NULO,40.5,21.5
2002,3,16,0,NULO,33.5,19.5
2002,3,17,0,NULO,32.5,19.5
2002,3,18,0,NULO,32.5,21.5
2002,3,19,0,NULO,34.5,22.5
2002,3,20,0,NULO,30.5,21.5
2002,3,21,0,NULO,26.5,18.5
2002,3,22,0,NULO,26.5,15.5
2002,3,23,0,NULO,28.5,13.5
2002,3,24,0,NULO,30.5,16.5
2002,3,25,0,NULO,30.5,18.5
2002,3,26,0,NULO,26.5,17.5
2002,3,27,0,NULO,30.5,18.5
2002,3,28,0,NULO,32.5,17.5
2002,3,29,0,NULO,35.5,19.5
2002,3,30,0,NULO,29.5,19.5
2002,3,31,0,NULO,33.5,20.5
2002,4,1,0,NULO,40.5,15.5
2002,4,2,0,NULO,40.5,18.5
2002,4,3,0,NULO,33.5,20.5
2002,4,4,0,NULO,28.5,20.5
2002,4,5,0,NULO,23.5,21.5
2002,4,6,2,NULO,28.5,20.5
2002,4,7,0,NULO,30.5,22.5
2002,4,8,0,NULO,33.5,21.5
2002,4,9,0,NULO,41.5,21.5
2002,4,10,0,NULO,32.5,21.5
2002,4,11,0,NULO,31.5,19.5
2002,4,12,0,NULO,34.5,20.5
2002,4,13,0,NULO,35.5,21.5
2002,4,14,0,NULO,35.5,20.5
2002,4,15,0,NULO,33.5,21.5
2002,4,16,0,NULO,34.5,23.5
2002,4,17,0,NULO,32.5,22.5
2002,4,18,0,NULO,34.5,22.5
2002,4,19,0,NULO,33.5,22.5
2002,4,20,0,NULO,33.5,22.5
2002,4,21,0,NULO,34.5,22.5
2002,4,22,0,NULO,34.5,22.5
2002,4,23,0,NULO,33.5,22.5
2002,4,24,0,NULO,35.5,20.5
2002,4,25,0,NULO,35.5,21.5
2002,4,26,0,NULO,34.5,22.5
2002,4,27,0,NULO,33.5,22.5
2002,4,28,0,NULO,34.5,23.5
2002,4,29,0,NULO,36.5,23.5
2002,4,30,0,NULO,36.5,21.5
2002,5,1,0,NULO,39.5,21.5
2002,5,2,0,NULO,40.5,23.5
2002,5,3,0,NULO,37.5,24.5
2002,5,4,0,NULO,38.5,24.5
2002,5,5,0,NULO,37.5,24.5
2002,5,6,0,NULO,36.5,25.5
2002,5,7,0,NULO,37.5,24.5
2002,5,8,0,NULO,36.5,23.5
2002,5,9,0,NULO,39.5,24.5
2002,5,10,0,NULO,36.5,25.5
2002,5,11,0,NULO,37.5,24.5
2002,5,12,0,NULO,36.5,24.5
2002,5,13,0,NULO,35.5,24.5
2002,5,14,3,NULO,28.5,21.5
2002,5,15,0,NULO,34.5,20.5
2002,5,16,0,NULO,34.5,21.5
2002,5,17,5,NULO,37.5,24.5
2002,5,18,0,NULO,29.5,21.5
2002,5,19,0,NULO,29.5,22.5
2002,5,20,0,NULO,30.5,22.5
2002,5,21,0,NULO,32.5,20.5
2002,5,22,0,NULO,32.5,19.5
2002,5,23,0,NULO,34.5,19.5
2002,5,24,0,NULO,34.5,20.5
2002,5,25,0,NULO,36.5,24.5
2002,5,26,0,NULO,35.5,24.5
2002,5,27,0,NULO,36.5,23.5
2002,5,28,0,NULO,35.5,21.5
2002,5,29,0,NULO,36.5,23.5
2002,5,30,0,NULO,38.5,22.5
2002,5,31,0,NULO,38.5,22.5
2002,6,1,0,NULO,35.5,22.5
2002,6,2,0,NULO,36.5,23.5
2002,6,3,0,NULO,35.5,24.5
2002,6,4,0,NULO,34.5,25.5
2002,6,5,17,NULO,32.5,26.5
2002,6,6,30,NULO,27.5,24.5
2002,6,7,0,NULO,33.5,24.5
2002,6,8,26,NULO,33.5,24.5
2002,6,9,40,NULO,27.5,25.5
2002,6,10,5,NULO,29.5,24.5
2002,6,11,0,NULO,33.5,24.5
2002,6,12,0,NULO,34.5,25.5
2002,6,13,0,NULO,35.5,24.5
2002,6,14,0,NULO,35.5,24.5
2002,6,15,0,NULO,34.5,25.5
2002,6,16,0,NULO,36.5,23.5
2002,6,17,0,NULO,37.5,24.5
2002,6,18,0,NULO,36.5,25.5
2002,6,19,0,NULO,36.5,25.5
2002,6,20,12,NULO,34.5,25.5
2002,6,21,50,NULO,28.5,24.5
2002,6,22,0,NULO,32.5,23.5
2002,6,23,0,NULO,33.5,23.5
2002,6,24,0,NULO,34.5,23.5
2002,6,25,0,NULO,34.5,23.5
2002,6,26,0,NULO,34.5,24.5
2002,6,27,0,NULO,35.5,25.5
2002,6,28,0,NULO,34.5,24.5
2002,6,29,0,NULO,35.5,25.5
2002,6,30,11,NULO,31.5,25.5
2002,7,1,5,NULO,31.5,25.5
2002,7,2,0,NULO,31.5,25.5
2002,7,3,0,NULO,33.5,24.5
2002,7,4,0,NULO,34.5,23.5
2002,7,5,0,NULO,32.5,25.5
2002,7,6,4,NULO,28.5,25.5
2002,7,7,0,NULO,32.5,23.5
2002,7,8,0,NULO,34.5,23.5
2002,7,9,0,NULO,31.5,24.5
2002,7,10,5,NULO,32.5,23.5
2002,7,11,0,NULO,30.5,24.5
2002,7,12,0,NULO,33.5,23.5
2002,7,13,5,NULO,34.5,23.5
2002,7,14,0,NULO,33.5,23.5
2002,7,15,0,NULO,33.5,24.5
2002,7,16,11,NULO,28.5,25.5
2002,7,17,0,NULO,30.5,23.5
2002,7,18,7,NULO,31.5,23.5
2002,7,19,11,NULO,31.5,22.5
2002,7,20,58,NULO,31.5,24.5
2002,7,21,18,NULO,32.5,22.5
2002,7,22,11,NULO,29.5,23.5
2002,7,23,0,NULO,30.5,23.5
2002,7,24,0,NULO,31.5,22.5
2002,7,25,0,NULO,33.5,23.5
2002,7,26,0,NULO,32.5,23.5
2002,7,27,0,NULO,33.5,24.5
2002,7,28,0,NULO,33.5,24.5
2002,7,29,0,NULO,33.5,25.5
2002,7,30,2,NULO,29.5,24.5
2002,7,31,22,NULO,29.5,23.5
2002,8,1,0,NULO,31.5,24.5
2002,8,2,0,NULO,31.5,23.5
2002,8,3,0,NULO,34.5,24.5
2002,8,4,0,NULO,34.5,23.5
2002,8,5,0,NULO,34.5,23.5
2002,8,6,0,NULO,34.5,23.5
2002,8,7,0,NULO,36.5,23.5
2002,8,8,0,NULO,36.5,21.5
2002,8,9,0,NULO,35.5,22.5
2002,8,10,0,NULO,35.5,24.5
2002,8,11,0,NULO,34.5,23.5
2002,8,12,0,NULO,35.5,23.5
2002,8,13,0,NULO,35.5,24.5
2002,8,14,0,NULO,35.5,24.5
2002,8,15,0,NULO,35.5,25.5
2002,8,16,0,NULO,32.5,25.5
2002,8,17,2,NULO,33.5,23.5
2002,8,18,0,NULO,34.5,23.5
2002,8,19,0,NULO,34.5,24.5
2002,8,20,0,NULO,35.5,24.5
2002,8,21,0,NULO,34.5,24.5
2002,8,22,1,NULO,34.5,25.5
2002,8,23,0,NULO,33.5,24.5
2002,8,24,0,NULO,35.5,23.5
2002,8,25,0,NULO,35.5,23.5
2002,8,26,0,NULO,37.5,23.5
2002,8,27,0,NULO,36.5,23.5
2002,8,28,0,NULO,36.5,24.5
2002,8,29,0,NULO,34.5,24.5
2002,8,30,2,NULO,31.5,23.5
2002,8,31,0,NULO,32.5,23.5
2002,9,1,1,NULO,34.5,23.5
2002,9,2,7,NULO,32.5,24.5
2002,9,3,0,NULO,33.5,23.5
2002,9,4,0,NULO,35.5,23.5
2002,9,5,0,NULO,35.5,23.5
2002,9,6,0,NULO,37.5,23.5
2002,9,7,0,NULO,38.5,25.5
2002,9,8,0,NULO,38.5,26.5
2002,9,9,0,NULO,36.5,26.5
2002,9,10,7,NULO,33.5,25.5
2002,9,11,16,NULO,33.5,25.5
2002,9,12,35,NULO,30.5,24.5
2002,9,13,8,NULO,28.5,24.5
2002,9,14,0,NULO,31.5,24.5
2002,9,15,51,NULO,31.5,25.5
2002,9,16,34,NULO,26.5,24.5
2002,9,17,0,NULO,37.5,24.5
2002,9,18,0,NULO,33.5,23.5
2002,9,19,3,NULO,30.5,24.5
2002,9,20,23,NULO,27.5,24.5
2002,9,21,0,NULO,29.5,22.5
2002,9,22,0,NULO,32.5,21.5
2002,9,23,0,NULO,32.5,20.5
2002,9,24,0,NULO,32.5,20.5
2002,9,25,0,NULO,33.5,19.5
2002,9,26,0,NULO,30.5,19.5
2002,9,27,0,NULO,32.5,23.5
2002,9,28,0,NULO,33.5,23.5
2002,9,29,0,NULO,35.5,22.5
2002,9,30,0,NULO,35.5,21.5
2002,10,1,0,NULO,33.5,22.5
2002,10,2,0,NULO,35.5,23.5
2002,10,3,0,NULO,35.5,22.5
2002,10,4,40,NULO,33.5,23.5
2002,10,5,8,NULO,28.5,22.5
2002,10,6,0,NULO,31.5,22.5
2002,10,7,2,NULO,30.5,23.5
2002,10,8,0,NULO,30.5,22.5
2002,10,9,0,NULO,32.5,22.5
2002,10,10,11,NULO,29.5,23.5
2002,10,11,3,NULO,30.5,23.5
2002,10,12,0,NULO,32.5,22.5
2002,10,13,3,NULO,29.5,22.5
2002,10,14,0,NULO,26.5,20.5
2002,10,15,0,NULO,27.5,21.5
2002,10,16,0,NULO,24.5,20.5
2002,10,17,0,NULO,25.5,20.5
2002,10,18,2,NULO,28.5,21.5
2002,10,19,0,NULO,31.5,23.5
2002,10,20,0,NULO,32.5,23.5
2002,10,21,0,NULO,32.5,22.5
2002,10,22,0,NULO,32.5,22.5
2002,10,23,0,NULO,32.5,23.5
2002,10,24,0,NULO,31.5,23.5
2002,10,25,0,NULO,30.5,24.5
2002,10,26,0,NULO,32.5,23.5
2002,10,27,3,NULO,27.5,23.5
2002,10,28,0,NULO,30.5,23.5
2002,10,29,0,NULO,32.5,23.5
2002,10,30,0,NULO,30.5,23.5
2002,10,31,68,NULO,30.5,24.5
2002,11,1,25,NULO,24.5,20.5
2002,11,2,3,NULO,24.5,21.5
2002,11,3,1,NULO,27.5,22.5
2002,11,4,2,NULO,26.5,22.5
2002,11,5,7,NULO,25.5,21.5
2002,11,6,0,NULO,23.5,18.5
2002,11,7,0,NULO,25.5,13.5
2002,11,8,0,NULO,27.5,15.5
2002,11,9,0,NULO,31.5,17.5
2002,11,10,0,NULO,32.5,20.5
2002,11,11,0,NULO,30.5,22.5
2002,11,12,0,NULO,27.5,21.5
2002,11,13,0,NULO,24.5,17.5
2002,11,14,0,NULO,28.5,17.5
2002,11,15,0,NULO,29.5,18.5
2002,11,16,0,NULO,22.5,17.5
2002,11,17,0,NULO,25.5,10.5
2002,11,18,0,NULO,27.5,10.5
2002,11,19,0,NULO,27.5,12.5
2002,11,20,0,NULO,28.5,15.5
2002,11,21,0,NULO,28.5,15.5
2002,11,22,0,NULO,28.5,11.5
2002,11,23,0,NULO,30.5,11.5
2002,11,24,0,NULO,28.5,15.5
2002,11,25,0,NULO,26.5,12.5
2002,11,26,0,NULO,27.5,15.5
2002,11,27,6,NULO,18.5,14.5
2002,11,28,20,NULO,15.5,10.5
2002,11,29,0,NULO,18.5,10
2002,11,30,0,NULO,28.5,13.5
2002,12,1,0,NULO,24.5,17.5
2002,12,2,0,NULO,27.5,14.5
2002,12,3,0,NULO,27.5,15.5
2002,12,4,0,NULO,29.5,17.5
2002,12,5,0,NULO,18.5,14.5
2002,12,6,0,NULO,18.5,12.5
2002,12,7,0,NULO,20.5,12.5
2002,12,8,0,NULO,21.5,14.5
2002,12,9,0,NULO,28.5,16.5
2002,12,10,0,NULO,21.5,15.5
2002,12,11,0,NULO,22.5,15.5
2002,12,12,0,NULO,21.5,16.5
2002,12,13,0,NULO,25.5,16.5
2002,12,14,0,NULO,20.5,16.5
2002,12,15,0,NULO,27.5,15.5
2002,12,16,0,NULO,28.5,13.5
2002,12,17,0,NULO,29.5,11.5
2002,12,18,0,NULO,28.5,12.5
2002,12,19,0,NULO,27.5,14.5
2002,12,20,0,NULO,26.5,11.5
2002,12,21,0,NULO,27.5,12.5
2002,12,22,0,NULO,27.5,14.5
2002,12,23,0,NULO,26.5,15.5
2002,12,24,0,NULO,23.5,16.5
2002,12,25,0,NULO,18.5,14.5
2002,12,26,0,NULO,19.5,14.5
2002,12,27,6,NULO,17.5,14.5
2002,12,28,2,NULO,18.5,14.5
2002,12,29,0,NULO,24.5,14.5
2002,12,30,0,NULO,27.5,15.5
2002,12,31,0,NULO,27.5,12.5
2003,1,1,0,NULO,28.5,12.5
2003,1,2,0,NULO,21.5,13.5
2003,1,3,0,NULO,24.5,7.5
2003,1,4,0,NULO,24.5,8.5
2003,1,5,0,NULO,25.5,11.5
2003,1,6,0,NULO,24.5,14.5
2003,1,7,23,NULO,21.5,15.5
2003,1,8,0,NULO,19.5,16.5
2003,1,9,0,NULO,26.5,12.5
2003,1,10,0,NULO,22.5,15.5
2003,1,11,2,NULO,19.5,14.5
2003,1,12,4,NULO,19.5,14.5
2003,1,13,0,NULO,16.5,13.5
2003,1,14,0,NULO,19.5,12.5
2003,1,15,0,NULO,23.5,12.5
2003,1,16,0,NULO,26.5,11.5
2003,1,17,0,NULO,16.5,12.5
2003,1,18,0,NULO,16.5,10.5
2003,1,19,0,NULO,23.5,11.5
2003,1,20,0,NULO,27.5,14.5
2003,1,21,0,NULO,29.5,13.5
2003,1,22,0,NULO,27.5,13.5
2003,1,23,0,NULO,18.5,15.5
2003,1,24,0,NULO,17.5,10.5
2003,1,25,0,NULO,20.5,11.5
2003,1,26,4,NULO,22.5,15.5
2003,1,27,0,NULO,17.5,13.5
2003,1,28,0,NULO,24.5,12.5
2003,1,29,0,NULO,26.5,12.5
2003,1,30,0,NULO,22.5,13.5
2003,1,31,0,NULO,25.5,13.5
2003,2,1,0,NULO,26.5,17.5
2003,2,2,0,NULO,28.5,14.5
2003,2,3,0,NULO,30.5,15.5
2003,2,4,0,NULO,22.5,17.5
2003,2,5,0,NULO,27.5,16.5
2003,2,6,0,NULO,31.5,17.5
2003,2,7,0,NULO,21.5,17.5
2003,2,8,0,NULO,22.5,13.5
2003,2,9,0,NULO,26.5,13.5
2003,2,10,0,NULO,22.5,15.5
2003,2,11,0,NULO,25.5,16.5
2003,2,12,0,NULO,27.5,17.5
2003,2,13,0,NULO,27.5,18.5
2003,2,14,0,NULO,30.5,20.5
2003,2,15,0,NULO,32.5,20.5
2003,2,16,0,NULO,22.5,18.5
2003,2,17,0,NULO,23.5,14.5
2003,2,18,0,NULO,24.5,16.5
2003,2,19,0,NULO,29.5,18.5
2003,2,20,0,NULO,29.5,19.5
2003,2,21,0,NULO,33.5,16.5
2003,2,22,0,NULO,28.5,15.5
2003,2,23,0,NULO,28.5,13.5
2003,2,24,0,NULO,26.5,12.5
2003,2,25,0,NULO,18.5,16.5
2003,2,26,0,NULO,25.5,11.5
2003,2,27,0,NULO,20.5,12.5
2003,2,28,0,NULO,28.5,16.5
2003,3,1,0,NULO,30.5,16.5
2003,3,2,0,NULO,31.5,18.5
2003,3,3,0,NULO,31.5,19.5
2003,3,4,0,NULO,28.5,18.5
2003,3,5,0,NULO,34.5,18.5
2003,3,6,0,NULO,26.5,21.5
2003,3,7,0,NULO,27.5,17.5
2003,3,8,0,NULO,31.5,18.5
2003,3,9,0,NULO,28.5,19.5
2003,3,10,0,NULO,29.5,21.5
2003,3,11,0,NULO,30.5,22.5
2003,3,12,0,NULO,32.5,21.5
2003,3,13,0,NULO,34.5,21.5
2003,3,14,3,NULO,29.5,18.5
2003,3,15,0,NULO,29.5,21.5
2003,3,16,0,NULO,34.5,21.5
2003,3,17,0,NULO,39.5,22.5
2003,3,18,0,NULO,41.5,17.5
2003,3,19,0,NULO,32.5,18.5
2003,3,20,0,NULO,32.5,19.5
2003,3,21,0,NULO,28.5,16.5
2003,3,22,0,NULO,29.5,19.5
2003,3,23,0,NULO,29.5,20.5
2003,3,24,0,NULO,29.5,18.5
2003,3,25,0,NULO,34.5,21.5
2003,3,26,0,NULO,30.5,21.5
2003,3,27,0,NULO,31.5,16.5
2003,3,28,0,NULO,37.5,17.5
2003,3,29,0,NULO,22.5,17.5
2003,3,30,0,NULO,23.5,15.5
2003,3,31,0,NULO,26.5,11.5
2003,4,1,0,NULO,27.5,11.5
2003,4,2,0,NULO,29.5,15.5
2003,4,3,0,NULO,30.5,17.5
2003,4,4,0,NULO,35.5,19.5
2003,4,5,0,NULO,36.5,22.5
2003,4,6,0,NULO,32.5,23.5
2003,4,7,0,NULO,34.5,24.5
2003,4,8,0,NULO,30.5,24.5
2003,4,9,0,NULO,25.5,20
2003,4,10,0,NULO,28.5,15.5
2003,4,11,0,NULO,30.5,15.5
2003,4,12,0,NULO,31.5,17.5
2003,4,13,0,NULO,31.5,18.5
2003,4,14,0,NULO,29.5,20.5
2003,4,15,0,NULO,31.5,21.5
2003,4,16,0,NULO,33.5,21.5
2003,4,17,0,NULO,32.5,21.5
2003,4,18,0,NULO,34.5,22.5
2003,4,19,0,NULO,34.5,21.5
2003,4,20,0,NULO,33.5,22.5
2003,4,21,0,NULO,29.5,25.5
2003,4,22,0,NULO,32.5,22.5
2003,4,23,0,NULO,34.5,22.5
2003,4,24,0,NULO,42.5,23.5
2003,4,25,0,NULO,41.5,23.5
2003,4,26,0,NULO,33.5,24.5
2003,4,27,0,NULO,34.5,24.5
2003,4,28,0,NULO,35,25.5
2003,4,29,0,NULO,35.5,25.5
2003,4,30,0,NULO,37.5,25.5
2003,5,1,0,NULO,37.5,25.5
2003,5,2,0,NULO,38.5,25.5
2003,5,3,0,NULO,36.5,26.5
2003,5,4,0,NULO,38.5,26.5
2003,5,5,0,NULO,40.5,26.5
2003,5,6,0,NULO,41.5,25.5
2003,5,7,0,NULO,37.5,25.5
2003,5,8,0,NULO,38.5,24.5
2003,5,9,0,NULO,37.5,25.5
2003,5,10,0,NULO,39.5,26.5
2003,5,11,0,NULO,35.5,25.5
2003,5,12,0,NULO,34.5,25.5
2003,5,13,0,NULO,37.5,24.5
2003,5,14,0,NULO,36.5,24.5
2003,5,15,0,NULO,35.5,23.5
2003,5,16,0,NULO,37.5,24.5
2003,5,17,0,NULO,38.5,25.5
2003,5,18,0,NULO,36.5,25.5
2003,5,19,0,NULO,36.5,23.5
2003,5,20,0,NULO,36.5,24.5
2003,5,21,0,NULO,34.5,25.5
2003,5,22,0,NULO,35.5,24.5
2003,5,23,0,NULO,33.5,23.5
2003,5,24,0,NULO,36.5,23.5
2003,5,25,0,NULO,34.5,23.5
2003,5,26,20,NULO,35.5,25.5
2003,5,27,2,NULO,32.5,22.5
2003,5,28,0,NULO,34.5,22.5
2003,5,29,0,NULO,31.5,23.5
2003,5,30,0,NULO,33.5,23.5
2003,5,31,0,NULO,33.5,23.5
2003,6,1,0,NULO,35.5,24.5
2003,6,2,0,NULO,37.5,23.5
2003,6,3,0,NULO,36.5,24.5
2003,6,4,0,NULO,38.5,24.5
2003,6,5,0,NULO,39.5,24.5
2003,6,6,2,NULO,38.5,26.5
2003,6,7,0,NULO,37.5,25.5
2003,6,8,4,NULO,38.5,25.5
2003,6,9,0,NULO,36.5,25.5
2003,6,10,0,NULO,37.5,25.5
2003,6,11,0,NULO,37.5,25.5
2003,6,12,0,NULO,37.5,26.5
2003,6,13,0,NULO,36.5,25.5
2003,6,14,0,NULO,36.5,25.5
2003,6,15,0,NULO,35.5,24.5
2003,6,16,0,NULO,32.5,23.5
2003,6,17,0,NULO,31.5,24.5
2003,6,18,0,NULO,35.5,24.5
2003,6,19,0,NULO,37.5,24.5
2003,6,20,0,NULO,38.5,25.5
2003,6,21,0,NULO,38.5,25.5
2003,6,22,0,NULO,38.5,24.5
2003,6,23,0,NULO,37.5,24.5
2003,6,24,0,NULO,36.5,25
2003,6,25,0,NULO,36.5,25.5
2003,6,26,0,NULO,36.5,25.5
2003,6,27,0,NULO,36.5,24.5
2003,6,28,0,NULO,36.5,23.5
2003,6,29,0,NULO,36.5,24.5
2003,6,30,0,NULO,35.5,25.5
2003,7,1,0,NULO,38.5,25.5
2003,7,2,0,NULO,37.5,25.5
2003,7,3,0,NULO,33.5,25.5
2003,7,4,16,NULO,31.5,25.5
2003,7,5,8,NULO,30.5,24.5
2003,7,6,9,NULO,33.5,23.5
2003,7,7,5,NULO,30.5,23.5
2003,7,8,4,NULO,30.5,24.5
2003,7,9,6,NULO,31.5,24.5
2003,7,10,3,NULO,33.5,24.5
2003,7,11,0,NULO,34.5,24.5
2003,7,12,0,NULO,36.5,24.5
2003,7,13,0,NULO,36.5,23.5
2003,7,14,2,NULO,35.5,24.5
2003,7,15,0,NULO,36.5,24.5
2003,7,16,44,NULO,31.5,24.5
2003,7,17,1,NULO,31.5,24.5
2003,7,18,0,NULO,33.5,23.5
2003,7,19,0,NULO,33.5,23.5
2003,7,20,0,NULO,33.5,23.5
2003,7,21,0,NULO,33.5,22.5
2003,7,22,0,NULO,34.5,23.5
2003,7,23,0,NULO,35.5,24.5
2003,7,24,0,NULO,34.5,24.5
2003,7,25,0,NULO,35.5,24.5
2003,7,26,2,NULO,33.5,23.5
2003,7,27,5,NULO,32.5,23.5
2003,7,28,0,NULO,31.5,23.5
2003,7,29,0,NULO,33.5,23.5
2003,7,30,0,NULO,34.5,23.5
2003,7,31,11,NULO,31.5,24.5
2003,8,1,0,NULO,32.5,24.5
2003,8,2,0,NULO,34.5,23.5
2003,8,3,0,NULO,34.5,24.5
2003,8,4,0,NULO,34.5,23.5
2003,8,5,0,NULO,35.5,24.5
2003,8,6,0,NULO,30.5,24.5
2003,8,7,0,NULO,29.5,24.5
2003,8,8,0,NULO,29.5,24.5
2003,8,9,0,NULO,29.5,24.5
2003,8,10,0,NULO,29.5,23.5
2003,8,11,0,NULO,31.5,24.5
2003,8,12,0,NULO,28.5,24.5
2003,8,13,22,NULO,28.5,23.5
2003,8,14,2,NULO,28.5,23.5
2003,8,15,2,NULO,27.5,23.5
2003,8,16,0,NULO,29.5,22.5
2003,8,17,0,NULO,28.5,23.5
2003,8,18,0,NULO,29.5,23.5
2003,8,19,1,NULO,30.5,24.5
2003,8,20,2,NULO,27.5,24.5
2003,8,21,13,NULO,28.5,22.5
2003,8,22,6,NULO,28.5,22.5
2003,8,23,2,NULO,29.5,22.5
2003,8,24,0,NULO,28.5,23.5
2003,8,25,1,NULO,28.5,24.5
2003,8,26,0,NULO,28.5,22.5
2003,8,27,0,NULO,28.5,23.5
2003,8,28,0,NULO,29.5,23.5
2003,8,29,0,NULO,30.5,23.5
2003,8,30,0,NULO,29.5,24.5
2003,8,31,0,NULO,30.5,25.5
2003,9,1,20,NULO,28.5,25.5
2003,9,2,2,NULO,28.5,22.5
2003,9,3,36,NULO,29.5,23.5
2003,9,4,10,NULO,29.5,24.5
2003,9,5,29,NULO,28.5,24.5
2003,9,6,0,NULO,29.5,23.5
2003,9,7,0,NULO,28.5,23.5
2003,9,8,0,NULO,30.5,23.5
2003,9,9,0,NULO,29.5,24.5
2003,9,10,0,NULO,29.5,24.5
2003,9,11,0,NULO,29.5,24.5
2003,9,12,0,NULO,29.5,25.5
2003,9,13,0,NULO,30.5,24.5
2003,9,14,15,NULO,28.5,24.5
2003,9,15,2,NULO,28.5,23.5
2003,9,16,1,NULO,28.5,23.5
2003,9,17,0,NULO,29.5,24.5
2003,9,18,0,NULO,29.5,24.5
2003,9,19,0,NULO,27.5,24.5
2003,9,20,0,NULO,28.5,24.5
2003,9,21,0,NULO,30.5,24.5
2003,9,22,26,NULO,29.5,24.5
2003,9,23,0,NULO,29.5,24.5
2003,9,24,0,NULO,28.5,24.5
2003,9,25,7,NULO,29.5,23.5
2003,9,26,0,NULO,29.5,22.5
2003,9,27,22,NULO,27.5,24.5
2003,9,28,73,NULO,37.5,23.5
2003,9,29,1,NULO,26.5,23.5
2003,9,30,0,NULO,27.5,21.5
2003,10,1,0,NULO,22.5,20.5
2003,10,2,20,NULO,25.5,17.5
2003,10,3,0,NULO,25.5,20.5
2003,10,4,0,NULO,28.5,20.5
2003,10,5,0,NULO,28.5,22.5
2003,10,6,1,NULO,27.5,23.5
2003,10,7,9,NULO,27.5,20.5
2003,10,8,25,NULO,28.5,23.5
2003,10,9,21,NULO,27.5,22.5
2003,10,10,10,NULO,29.5,24.5
2003,10,11,0,NULO,30.5,25.5
2003,10,12,0,NULO,29.5,25.5
2003,10,13,0,NULO,28.5,25.5
2003,10,14,0,NULO,27.5,24.5
2003,10,15,0,NULO,26.5,22.5
2003,10,16,0,NULO,28.5,22.5
2003,10,17,0,NULO,28.5,22.5
2003,10,18,29,NULO,24.5,21.5
2003,10,19,0,NULO,23.5,18.5
2003,10,20,0,NULO,24.5,18.5
2003,10,21,0,NULO,24.5,19.5
2003,10,22,0,NULO,25.5,20.5
2003,10,23,0,NULO,26.5,20.5
2003,10,24,0,NULO,28.5,22.5
2003,10,25,0,NULO,29.5,18
2003,10,26,21,NULO,24.5,13.5
2003,10,27,4,NULO,19.5,13.5
2003,10,28,0,NULO,19.5,12.5
2003,10,29,0,NULO,24.5,13.5
2003,10,30,2,NULO,28.5,17.5
2003,10,31,124,NULO,26.5,22
2003,11,1,2,NULO,25.5,21.5
2003,11,2,0,NULO,26.5,21.5
2003,11,3,0,NULO,25.5,22.5
2003,11,4,0,NULO,25.5,18.5
2003,11,5,0,NULO,26.5,21.5
2003,11,6,0,NULO,26.5,21.5
2003,11,7,0,NULO,25.5,21.5
2003,11,8,34,NULO,25.5,21.5
2003,11,9,2,NULO,23,21.5
2003,11,10,1,NULO,27.5,21.5
2003,11,11,0,NULO,25.5,22.5
2003,11,12,26,NULO,26.5,20.5
2003,11,13,31,NULO,23.5,21.5
2003,11,14,0,NULO,24.5,20.5
2003,11,15,0,NULO,25.5,19.5
2003,11,16,0,NULO,26.5,21.5
2003,11,17,0,NULO,25.5,22.5
2003,11,18,0,NULO,23.5,18.5
2003,11,19,0,NULO,21.5,14.5
2003,11,20,0,NULO,18.5,12.5
2003,11,21,0,NULO,20.5,13.5
2003,11,22,0,NULO,21.5,14.5
2003,11,23,0,NULO,20.5,15.5
2003,11,24,0,NULO,17.5,15.5
2003,11,25,0,NULO,20.5,11.5
2003,11,26,0,NULO,23.5,13.5
2003,11,27,0,NULO,20.5,14.5
2003,11,28,0,NULO,20.5,10.5
2003,11,29,0,NULO,18.5,7.5
2003,11,30,0,NULO,18.5,10.5
2003,12,1,0,NULO,24.5,13.5
2003,12,2,7,NULO,22.5,14.5
2003,12,3,0,NULO,22.5,16.5
2003,12,4,0,NULO,19.5,15.5
2003,12,5,7,NULO,18.5,15.5
2003,12,6,0,NULO,17.5,12.5
2003,12,7,0,NULO,25.5,11.5
2003,12,8,0,NULO,25.5,12.5
2003,12,9,0,NULO,19.5,12.5
2003,12,10,0,NULO,20.5,12.5
2003,12,11,0,NULO,19.5,11.5
2003,12,12,0,NULO,20.5,12.5
2003,12,13,0,NULO,21.5,11.5
2003,12,14,0,NULO,18.5,12.5
2003,12,15,0,NULO,16.5,11.5
2003,12,16,0,NULO,18.5,13.5
2003,12,17,0,NULO,19.5,9.5
2003,12,18,0,NULO,15.5,5.5
2003,12,19,0,NULO,18.5,8.5
2003,12,20,0,NULO,18.5,8.5
2003,12,21,0,NULO,14.5,10.5
2003,12,22,0,NULO,18.5,11.5
2003,12,23,0,NULO,21.5,13.5
2003,12,24,0,NULO,22.5,9.5
2003,12,25,0,NULO,23.5,9.5
2003,12,26,0,NULO,22.5,14
2003,12,27,0,NULO,25.5,12.5
2003,12,28,0,NULO,21.5,16.5
2003,12,29,0,NULO,21.5,15.5
2003,12,30,0,NULO,22.5,13.5
2003,12,31,0,NULO,22.5,13.5
2004,1,1,0,NULO,24,16
2004,1,2,0,NULO,24,19
2004,1,3,0,NULO,24,19
2004,1,4,0,NULO,26,15
2004,1,5,4,NULO,22,12
2004,1,6,20,NULO,19,13
2004,1,7,2,NULO,18,9
2004,1,8,1,NULO,18,9
2004,1,9,0,NULO,18,13
2004,1,10,0,NULO,18,13
2004,1,11,0,NULO,17,13
2004,1,12,0,NULO,22,13
2004,1,13,0,NULO,22,16
2004,1,14,0,NULO,23,17
2004,1,15,0,NULO,24,18
2004,1,16,0,NULO,22,18
2004,1,17,0,NULO,20,15
2004,1,18,0,NULO,19,13
2004,1,19,0,NULO,18,13
2004,1,20,0,NULO,23,10
2004,1,21,0,NULO,23,10
2004,1,22,1,NULO,23,14
2004,1,23,3,NULO,22,15
2004,1,24,0,NULO,22,19
2004,1,25,0,NULO,23,18
2004,1,26,0,NULO,20,14
2004,1,27,0,NULO,18,13
2004,1,28,0,NULO,16,13
2004,1,29,0,NULO,20,12
2004,1,30,0,NULO,18,15
2004,1,31,0,NULO,16,13
2004,2,1,0,NULO,22.5,12.5
2004,2,2,0,NULO,20.5,14.5
2004,2,3,0,NULO,20.5,15.5
2004,2,4,0,NULO,20.5,15.5
2004,2,5,0,NULO,21.5,15.5
2004,2,6,0,NULO,20.5,17.5
2004,2,7,0,NULO,19.5,15.5
2004,2,8,0,NULO,20.5,15.5
2004,2,9,0,NULO,21.5,14.5
2004,2,10,0,NULO,23.5,16.5
2004,2,11,0,NULO,20.5,17.5
2004,2,12,0,NULO,19.5,15.5
2004,2,13,0,NULO,17.5,12.5
2004,2,14,0,NULO,17.5,12.5
2004,2,15,0,NULO,19.5,13.5
2004,2,16,0,NULO,14.5,13.5
2004,2,17,0,NULO,15.5,9.5
2004,2,18,0,NULO,14.5,10.5
2004,2,19,0,NULO,20.5,10.5
2004,2,20,0,NULO,20.5,10.5
2004,2,21,0,NULO,19.5,14.5
2004,2,22,0,NULO,23.5,15
2004,2,23,0,NULO,24.5,18.5
2004,2,24,0,NULO,22.5,18.5
2004,2,25,0,NULO,20,15.5
2004,2,26,0,NULO,19.5,15.5
2004,2,27,0,NULO,23.5,11.5
2004,2,28,0,NULO,23.5,12.5
2004,2,29,0,NULO,23.5,16.5
2004,3,1,0,NULO,25.5,17.5
2004,3,2,0,NULO,25.5,18.5
2004,3,3,0,NULO,25.5,21.5
2004,3,4,0,NULO,25.5,21.5
2004,3,5,1,NULO,27,20.5
2004,3,6,0,NULO,25.5,21.5
2004,3,7,0,NULO,25.5,20.5
2004,3,8,0,NULO,24.5,21.5
2004,3,9,0,NULO,23.5,18.5
2004,3,10,0,NULO,21.5,18.5
2004,3,11,1,NULO,24.5,17.5
2004,3,12,15,NULO,23.5,19.5
2004,3,13,1,NULO,23.5,20.5
2004,3,14,1,NULO,24.5,20.5
2004,3,15,1,NULO,24.5,22.5
2004,3,16,0,NULO,23.5,22.5
2004,3,17,1,NULO,23.5,21.5
2004,3,18,0,NULO,27.5,18.5
2004,3,19,0,NULO,28.5,21.5
2004,3,20,0,NULO,27.5,22.5
2004,3,21,0,NULO,24.5,18.5
2004,3,22,0,NULO,22.5,17.5
2004,3,23,0,NULO,24.5,17.5
2004,3,24,0,NULO,25.5,19.5
2004,3,25,0,NULO,24.5,20.5
2004,3,26,0,NULO,25.5,20.5
2004,3,27,0,NULO,24.5,21.5
2004,3,28,0,NULO,25.5,19.5
2004,3,29,80,NULO,23.5,20.5
2004,3,30,10,NULO,23.5,18.5
2004,3,31,0,NULO,22.5,18.5
2004,4,1,0,NULO,23.5,17.5
2004,4,2,0,NULO,27.5,18.5
2004,4,3,0,NULO,27.5,21.5
2004,4,4,0,NULO,27.5,23.5
2004,4,5,0,NULO,27.5,22.5
2004,4,6,0,NULO,28.5,22.5
2004,4,7,0,NULO,28.5,24.5
2004,4,8,0,NULO,28.5,23.5
2004,4,9,0,NULO,28.5,23.5
2004,4,10,0,NULO,28.5,23.5
2004,4,11,0,NULO,26.5,21.5
2004,4,12,0,NULO,24.5,17.5
2004,4,13,0,NULO,19.5,17.5
2004,4,14,0,NULO,19.5,13.5
2004,4,15,0,NULO,23.5,14.5
2004,4,16,0,NULO,22.5,17.5
2004,4,17,0,NULO,24.5,17.5
2004,4,18,0,NULO,24.5,18.5
2004,4,19,0,NULO,24.5,19.5
2004,4,20,0,NULO,25.5,19.5
2004,4,21,0,NULO,26.5,20.5
2004,4,22,0,NULO,27.5,21.5
2004,4,23,0,NULO,29.5,23.5
2004,4,24,1,NULO,30.5,24.5
2004,4,25,0,NULO,29.5,25.5
2004,4,26,6,NULO,25.5,24.5
2004,4,27,0,NULO,25.5,20.5
2004,4,28,0,NULO,26.5,20.5
2004,4,29,0,NULO,27.5,20.5
2004,4,30,0,NULO,29.5,22.5
2004,5,1,29,NULO,25.5,17.5
2004,5,2,8,NULO,24.5,16.5
2004,5,3,0,NULO,21.5,16.5
2004,5,4,0,NULO,33.5,15.5
2004,5,5,0,NULO,25.5,18.5
2004,5,6,1,NULO,28.5,20.5
2004,5,7,6,NULO,26.5,22.5
2004,5,8,0,NULO,28.5,22.5
2004,5,9,0,NULO,29.5,22.5
2004,5,10,0,NULO,29.5,23.5
2004,5,11,0,NULO,29.5,24.5
2004,5,12,0,NULO,39.5,25.5
2004,5,13,10,NULO,29.5,25.5
2004,5,14,6,NULO,26.5,24.5
2004,5,15,0,NULO,26.5,22.8
2004,5,16,0,NULO,26.5,20.5
2004,5,17,0,NULO,27.5,21.5
2004,5,18,0,NULO,27.5,23.5
2004,5,19,0,NULO,26.5,22.5
2004,5,20,0,NULO,28.5,21.5
2004,5,21,0,NULO,26.5,22.5
2004,5,22,0,NULO,24.5,22.5
2004,5,23,0,NULO,25.5,22.5
2004,5,24,0,NULO,26.5,23.5
2004,5,25,0,NULO,27.5,22.5
2004,5,26,0,NULO,28.5,23.5
2004,5,27,0,NULO,29.5,23.5
2004,5,28,0,NULO,30.5,24.5
2004,5,29,0,NULO,30.5,25.5
2004,5,30,0,NULO,30.5,23.5
2004,5,31,0,NULO,30.5,25.5
2004,6,1,0,NULO,29.5,26.5
2004,6,2,25,NULO,28.5,23.5
2004,6,3,40,NULO,26.5,22.5
2004,6,4,18,NULO,26.5,22.5
2004,6,5,2,NULO,26.5,21.5
2004,6,6,14,NULO,27.5,22.5
2004,6,7,10,NULO,28.5,23.5
2004,6,8,3,NULO,29.5,24.5
2004,6,9,0,NULO,29.5,24.5
2004,6,10,6,NULO,28.5,25.5
2004,6,11,0,NULO,28.5,24.5
2004,6,12,0,NULO,27.5,24.5
2004,6,13,0,NULO,27.5,23.5
2004,6,14,0,NULO,25.5,24.5
2004,6,15,0,NULO,29.5,24.5
2004,6,16,0,NULO,28.5,25.5
2004,6,17,3,NULO,27.5,24.5
2004,6,18,0,NULO,25.5,23.5
2004,6,19,0,NULO,29.5,22.5
2004,6,20,0,NULO,28.5,23.5
2004,6,21,0,NULO,28.5,22.5
2004,6,22,5,NULO,28.5,25.5
2004,6,23,0,NULO,27.5,24.5
2004,6,24,0,NULO,28.5,24.5
2004,6,25,0,NULO,28.5,25.5
2004,6,26,0,NULO,29.5,24.5
2004,6,27,0,NULO,29.5,24.5
2004,6,28,3,NULO,28.5,23.5
2004,6,29,0,NULO,28.5,23.5
2004,6,30,0,NULO,29.5,24.5
2004,7,1,2,NULO,27.5,26.5
2004,7,2,0,NULO,28.5,23.5
2004,7,3,0,NULO,28.5,24.5
2004,7,4,0,NULO,27.5,24.5
2004,7,5,0,NULO,28.5,24.5
2004,7,6,0,NULO,28.5,24.5
2004,7,7,0,NULO,28.5,24.5
2004,7,8,0,NULO,28.5,24.5
2004,7,9,0,NULO,28.5,23.5
2004,7,10,3,NULO,27.5,24.5
2004,7,11,128,NULO,NULO,NULO
2004,7,12,0,NULO,28.5,22.5
2004,7,13,0,NULO,27.5,23.5
2004,7,14,0,NULO,26.5,22.5
2004,7,15,0,NULO,27.5,22.5
2004,7,16,0,NULO,27.5,22.5
2004,7,17,0,NULO,27.5,24
2004,7,18,0,NULO,28.5,23.5
2004,7,19,0,NULO,28.5,23.5
2004,7,20,0,NULO,28.5,24.5
2004,7,21,0,NULO,28.5,24.5
2004,7,22,2,NULO,27.5,25.5
2004,7,23,2,NULO,28.5,24.5
2004,7,24,0,NULO,28.5,24.5
2004,7,25,0,NULO,28.5,21.5
2004,7,26,2,NULO,28.5,23.5
2004,7,27,0,NULO,27.5,23.5
2004,7,28,0,NULO,28.5,24.5
2004,7,29,0,NULO,29.5,25.5
2004,7,30,0,NULO,26.5,25.5
2004,7,31,0,NULO,29.5,22.5
2004,8,1,0,NULO,29,23
2004,8,2,4,NULO,27,25
2004,8,3,0,NULO,28,23
2004,8,4,0,NULO,29,24
2004,8,5,0,NULO,28,24
2004,8,6,0,NULO,28,24
2004,8,7,0,NULO,28,25
2004,8,8,0,NULO,28,24
2004,8,9,0,NULO,28,23
2004,8,10,0,NULO,27,24
2004,8,11,0,NULO,24,23
2004,8,12,0,NULO,27,23
2004,8,13,4,NULO,28,23
2004,8,14,6,NULO,26,24
2004,8,15,0,NULO,26,22
2004,8,16,7,NULO,27,22
2004,8,17,3,NULO,26,23
2004,8,18,1,NULO,27,22
2004,8,19,0,NULO,28,24
2004,8,20,0,NULO,28,25
2004,8,21,0,NULO,28,24
2004,8,22,0,NULO,28,24
2004,8,23,0,NULO,29,24
2004,8,24,0,NULO,28,25
2004,8,25,0,NULO,27,25
2004,8,26,0,NULO,28,24
2004,8,27,0,NULO,28,24
2004,8,28,0,NULO,28,24
2004,8,29,0,NULO,28,24
2004,8,30,20,NULO,26,24
2004,8,31,33,NULO,26,22
2004,9,1,7,NULO,26.5,22.5
2004,9,2,0,NULO,26.5,23.5
2004,9,3,0,NULO,28.5,23.5
2004,9,4,0,NULO,28.5,24.5
2004,9,5,0,NULO,28.5,24.5
2004,9,6,0,NULO,28.5,24.5
2004,9,7,10,NULO,28.5,24.5
2004,9,8,0,NULO,26.5,24.5
2004,9,9,0,NULO,28.5,22.5
2004,9,10,85,NULO,27.5,23.5
2004,9,11,12,NULO,27.5,23.5
2004,9,12,0,NULO,26.5,23
2004,9,13,0,NULO,27.5,22.5
2004,9,14,0,NULO,27.5,23.5
2004,9,15,0,NULO,28.5,24.5
2004,9,16,0,NULO,28.5,24.5
2004,9,17,0,NULO,27.5,25.5
2004,9,18,20,NULO,28.5,24.5
2004,9,19,3,NULO,27.5,23.5
2004,9,20,4,NULO,28.5,23.5
2004,9,21,1,NULO,26.5,23.5
2004,9,22,0,NULO,26.5,22.5
2004,9,23,0,NULO,27.5,23.5
2004,9,24,0,NULO,27.5,23.5
2004,9,25,0,NULO,27.5,23.5
2004,9,26,0,NULO,27,23.5
2004,9,27,10,NULO,27.5,23.5
2004,9,28,2,NULO,26.5,22.5
2004,9,29,0,NULO,26.5,22.5
2004,9,30,0,NULO,26.5,22.5
2004,10,1,2,NULO,28.5,22.5
2004,10,2,0,NULO,27.5,23.5
2004,10,3,15,NULO,28.5,23.5
2004,10,4,7,NULO,26.5,23.5
2004,10,5,23,NULO,25.5,22.5
2004,10,6,0,NULO,27.5,22.5
2004,10,7,2,NULO,27.5,22.5
2004,10,8,2,NULO,27.5,24.5
2004,10,9,6,NULO,25.5,23.5
2004,10,10,0,NULO,24.5,21.5
2004,10,11,0,NULO,26.5,20.5
2004,10,12,0,NULO,26.5,20.5
2004,10,13,0,NULO,26.5,22.5
2004,10,14,3,NULO,26.5,23.5
2004,10,15,1,NULO,24.5,19.5
2004,10,16,0,NULO,25.5,19.5
2004,10,17,0,NULO,26.5,22.5
2004,10,18,0,NULO,29.5,22.5
2004,10,19,0,NULO,28.5,23.5
2004,10,20,0,NULO,28.5,24.5
2004,10,21,0,NULO,28.5,25.5
2004,10,22,0,NULO,27.5,24.5
2004,10,23,0,NULO,28.5,23.5
2004,10,24,0,NULO,27.5,24.5
2004,10,25,0,NULO,26.5,22.5
2004,10,26,0,NULO,27.5,22.5
2004,10,27,0,NULO,27.5,23.5
2004,10,28,0,NULO,25.5,23.5
2004,10,29,0,NULO,24.5,21.5
2004,10,30,0,NULO,26.5,20.5
2004,10,31,0,NULO,27.5,22.5
2004,11,1,0,NULO,24.5,23.5
2004,11,2,0,NULO,27.5,19.5
2004,11,3,0,NULO,24.5,16.5
2004,11,4,0,NULO,18.5,16.5
2004,11,5,0,NULO,17.5,14.5
2004,11,6,0,NULO,18.5,12.5
2004,11,7,0,NULO,24.5,14.5
2004,11,8,0,NULO,24.5,14.5
2004,11,9,0,NULO,20.5,16.5
2004,11,10,0,NULO,22.5,16.5
2004,11,11,0,NULO,26.5,17.5
2004,11,12,0,NULO,24.5,20.5
2004,11,13,0,NULO,24.5,19.5
2004,11,14,19,NULO,22.5,19.5
2004,11,15,1,NULO,24.5,18.5
2004,11,16,0,NULO,22.5,18
2004,11,17,0,NULO,25.5,19.5
2004,11,18,0,NULO,28.5,20.5
2004,11,19,0,NULO,25.5,20.5
2004,11,20,0,NULO,28.5,20.5
2004,11,21,0,NULO,28.5,20
2004,11,22,0,NULO,27.5,20.5
2004,11,23,0,NULO,25.5,20.5
2004,11,24,0,NULO,25.5,21.5
2004,11,25,0,NULO,23.5,17.5
2004,11,26,0,NULO,22.5,17.5
2004,11,27,0,NULO,20.5,17.5
2004,11,28,0,NULO,24.5,17.5
2004,11,29,0,NULO,24.5,17.5
2004,11,30,0,NULO,26.5,20.5
2004,12,1,0,NULO,20.5,13.5
2004,12,2,0,NULO,22.5,14.5
2004,12,3,0,NULO,23.5,18.5
2004,12,4,0,NULO,22.5,18
2004,12,5,0,NULO,23.5,18.5
2004,12,6,0,NULO,23.5,18.5
2004,12,7,0,NULO,23.5,19.5
2004,12,8,0,NULO,23,19.5
2004,12,9,0,NULO,24.5,19
2004,12,10,0,NULO,22.5,20
2004,12,11,0,NULO,22.5,15.5
2004,12,12,0,NULO,19.5,14.5
2004,12,13,0,NULO,19.5,14.5
2004,12,14,0,NULO,18.5,15.5
2004,12,15,3,NULO,16.5,11.5
2004,12,16,0,NULO,20.5,11.5
2004,12,17,2,NULO,16.5,11.5
2004,12,18,0,NULO,19.5,12.5
2004,12,19,0,NULO,16.5,13
2004,12,20,0,NULO,16.5,11.5
2004,12,21,0,NULO,20.5,12
2004,12,22,0,NULO,18.5,11.5
2004,12,23,0,NULO,16.5,11
2004,12,24,3,NULO,13.5,7.5
2004,12,25,0,NULO,13.5,4.5
2004,12,26,0,NULO,13.5,2.5
2004,12,27,0,NULO,13.5,1.5
2004,12,28,0,NULO,15.5,4.5
2004,12,29,0,NULO,16.5,8.5
2004,12,30,0,NULO,19.5,10.5
2004,12,31,0,NULO,21,12.5
2005,1,1,0,NULO,22.5,16.5
2005,1,2,0,NULO,24.5,17.5
2005,1,3,0,NULO,25.5,20.5
2005,1,4,0,NULO,22.5,20.5
2005,1,5,0,NULO,22.5,16.5
2005,1,6,0,NULO,23.5,17.5
2005,1,7,0,NULO,23.5,18.5
2005,1,8,0,NULO,23.5,18.5
2005,1,9,0,NULO,23.5,19.5
2005,1,10,0,NULO,21.5,18.5
2005,1,11,0,NULO,19.5,15.5
2005,1,12,0,NULO,21.5,15.5
2005,1,13,0,NULO,20.5,15.5
2005,1,14,0,NULO,13.5,12.5
2005,1,15,0,NULO,19.5,9.5
2005,1,16,0,NULO,18.5,12.5
2005,1,17,0,NULO,19.5,13.5
2005,1,18,0,NULO,20.5,14.5
2005,1,19,0,NULO,20.5,16.5
2005,1,20,0,NULO,17.5,16.5
2005,1,21,0,NULO,20.5,13.5
2005,1,22,0,NULO,22.5,14.5
2005,1,23,5,NULO,18.5,14.5
2005,1,24,0,NULO,19.5,10.5
2005,1,25,0,NULO,18.5,12.5
2005,1,26,0,NULO,21.5,14.5
2005,1,27,0,NULO,19.5,15.5
2005,1,28,0,NULO,23.5,15.5
2005,1,29,0,NULO,22.5,17.5
2005,1,30,0,NULO,22.5,17.5
2005,1,31,2,NULO,20.5,17.5
2005,2,1,3,NULO,20,12.8
2005,2,2,1,NULO,13.5,10.5
2005,2,3,0,NULO,14.5,10.5
2005,2,4,0,NULO,14.5,10.5
2005,2,5,0,NULO,20.5,11.5
2005,2,6,0,NULO,23.5,12.5
2005,2,7,0,NULO,23.5,14.5
2005,2,8,0,NULO,23.5,15.5
2005,2,9,0,NULO,23.5,19.5
2005,2,10,7,NULO,24.5,17.5
2005,2,11,12,NULO,19.5,13.5
2005,2,12,0,NULO,19.5,14.5
2005,2,13,0,NULO,24.5,14.5
2005,2,14,0,NULO,21.5,16.5
2005,2,15,0,NULO,22.5,17.5
2005,2,16,0,NULO,23.5,17.5
2005,2,17,0,NULO,23.5,19.5
2005,2,18,0,NULO,23.5,19.5
2005,2,19,0,NULO,21.5,19.5
2005,2,20,0,NULO,23.5,17.5
2005,2,21,0,NULO,21.5,17.5
2005,2,22,0,NULO,24.5,17.5
2005,2,23,0,NULO,23.5,19.5
2005,2,24,0,NULO,22.5,19.5
2005,2,25,8,NULO,21.5,18.5
2005,2,26,0,NULO,19.5,15.5
2005,2,27,0,NULO,19.5,15.5
2005,2,28,0,NULO,19.5,14.5
2005,3,1,0,NULO,22.5,12.5
2005,3,2,0,NULO,22.5,15.5
2005,3,3,0,NULO,23.5,18.5
2005,3,4,0,NULO,23.5,19.5
2005,3,5,2,NULO,24.5,19.5
2005,3,6,0,NULO,22.5,20.5
2005,3,7,0,NULO,26.5,18.5
2005,3,8,12,NULO,22.5,17.5
2005,3,9,0,NULO,20.5,16.5
2005,3,10,0,NULO,19.5,13.5
2005,3,11,0,NULO,19.5,15.5
2005,3,12,0,NULO,20.5,15.5
2005,3,13,0,NULO,23.5,16.5
2005,3,14,0,NULO,24.5,18.5
2005,3,15,0,NULO,23.5,20.5
2005,3,16,14,NULO,22.5,16.5
2005,3,17,0,NULO,18.5,12.5
2005,3,18,0,NULO,20.5,11.5
2005,3,19,0,NULO,24.5,13.5
2005,3,20,0,NULO,22.5,17.5
2005,3,21,0,NULO,25.5,17.5
2005,3,22,0,NULO,22.5,19.5
2005,3,23,0,NULO,24.5,16.5
2005,3,24,0,NULO,26.5,17.5
2005,3,25,0,NULO,26.5,19.5
2005,3,26,0,NULO,23.5,20.5
2005,3,27,0,NULO,22.5,18.5
2005,3,28,0,NULO,20.5,16.5
2005,3,29,0,NULO,23.5,14.5
2005,3,30,0,NULO,22.5,18.5
2005,3,31,0,NULO,25.5,18.5
2005,4,1,0,NULO,24.5,15.5
2005,4,2,0,NULO,27.5,14.5
2005,4,3,0,NULO,20.5,11.5
2005,4,4,0,NULO,23.5,11.5
2005,4,5,0,NULO,26.5,16
2005,4,6,0,NULO,22.5,19.5
2005,4,7,0,NULO,21.5,16.5
2005,4,8,0,NULO,21.5,14.5
2005,4,9,0,NULO,26.5,16.5
2005,4,10,0,NULO,24.5,19.5
2005,4,11,0,NULO,24,19.5
2005,4,12,0,NULO,22.5,20.5
2005,4,13,0,NULO,22,17.5
2005,4,14,0,NULO,21.5,17.5
2005,4,15,0,NULO,22.5,17.5
2005,4,16,0,NULO,22.5,17.5
2005,4,17,0,NULO,23.5,15.5
2005,4,18,0,NULO,25.5,16.5
2005,4,19,0,NULO,25.5,18.5
2005,4,20,0,NULO,28.5,21.5
2005,4,21,0,NULO,28.5,22.5
2005,4,22,0,NULO,27.5,24.5
2005,4,23,0,NULO,24.5,23.5
2005,4,24,0,NULO,25.5,19.5
2005,4,25,0,NULO,27.5,19.5
2005,4,26,0,NULO,26.5,22.5
2005,4,27,0,NULO,25.5,22.5
2005,4,28,0,NULO,28.5,21.5
2005,4,29,0,NULO,28.5,22.5
2005,4,30,0,NULO,25.5,22.5
2005,5,1,0,NULO,25.5,21.5
2005,5,2,0,NULO,27.5,21.5
2005,5,3,0,NULO,27.5,22.5
2005,5,4,0,NULO,27.5,23.5
2005,5,5,0,NULO,25.5,23.5
2005,5,6,0,NULO,26.5,21.5
2005,5,7,0,NULO,24,22.5
2005,5,8,0,NULO,28.5,23.5
2005,5,9,0,NULO,28.5,23.5
2005,5,10,0,NULO,26.5,24.5
2005,5,11,0,NULO,28.5,22.5
2005,5,12,0,NULO,28.5,24.5
2005,5,13,0,NULO,27.5,24.5
2005,5,14,20,NULO,26.5,23.5
2005,5,15,0,NULO,26.5,21.5
2005,5,16,0,NULO,25.5,22.5
2005,5,17,0,NULO,25.5,22.5
2005,5,18,0,NULO,28.5,21.5
2005,5,19,0,NULO,27.5,23.5
2005,5,20,0,NULO,28.5,23.5
2005,5,21,0,NULO,25.5,23.5
2005,5,22,0,NULO,28.5,22.5
2005,5,23,0,NULO,27.5,22.5
2005,5,24,0,NULO,27.5,23.5
2005,5,25,0,NULO,30.5,24.5
2005,5,26,0,NULO,28.5,25.5
2005,5,27,10,NULO,27.5,24.5
2005,5,28,0,NULO,28.5,24.5
2005,5,29,0,NULO,30.5,24.5
2005,5,30,0,NULO,28.5,22.5
2005,5,31,0,NULO,28.5,23.5
2005,6,1,0,NULO,31.5,24.5
2005,6,2,0,NULO,31.5,25.5
2005,6,3,0,NULO,29.5,27.5
2005,6,4,0,NULO,30,25.5
2005,6,5,0,NULO,31.5,26.5
2005,6,6,0,NULO,31.5,26.5
2005,6,7,0,NULO,30.5,25.5
2005,6,8,0,NULO,30.5,26.5
2005,6,9,0,NULO,29.5,26.5
2005,6,10,0,NULO,29.5,25.5
2005,6,11,0,NULO,31.5,25.5
2005,6,12,0,NULO,30.5,26.5
2005,6,13,0,NULO,30.5,27.5
2005,6,14,0,NULO,29.5,24.5
2005,6,15,0,NULO,27.5,25.5
2005,6,16,0,NULO,28.5,24.5
2005,6,17,0,NULO,28.5,24.5
2005,6,18,0,NULO,29.5,25.5
2005,6,19,0,NULO,29.5,25.5
2005,6,20,2,NULO,27.5,25.5
2005,6,21,16,NULO,27.5,23.5
2005,6,22,40,NULO,27.5,22.5
2005,6,23,3,NULO,27.5,22.5
2005,6,24,0,NULO,29.5,24.5
2005,6,25,0,NULO,27.5,25.5
2005,6,26,21,NULO,28.5,23.5
2005,6,27,21,NULO,28.5,23.5
2005,6,28,66,NULO,27.5,23.5
2005,6,29,14,NULO,25.5,23.5
2005,6,30,0,NULO,28.5,23.5
2005,7,1,0,NULO,29,23
2005,7,2,0,NULO,28,26
2005,7,3,0,NULO,28,25
2005,7,4,10,NULO,28,24
2005,7,5,13,NULO,27,25
2005,7,6,0,NULO,27,23
2005,7,7,0,NULO,27,24
2005,7,8,0,NULO,28,24
2005,7,9,0,NULO,28,25
2005,7,10,0,NULO,28,25
2005,7,11,0,NULO,28,25
2005,7,12,0,NULO,28,24
2005,7,13,0,NULO,27,25
2005,7,14,0,NULO,28,24
2005,7,15,0,NULO,28,24
2005,7,16,8,NULO,27,25
2005,7,17,13,NULO,27,24
2005,7,18,0,NULO,27,24
2005,7,19,0,NULO,28,23
2005,7,20,0,NULO,30,23
2005,7,21,51,NULO,28,26
2005,7,22,0,NULO,27,23
2005,7,23,8,NULO,27,24
2005,7,24,104,NULO,26,24
2005,7,25,0,NULO,27,24
2005,7,26,0,NULO,26,24
2005,7,27,0,NULO,28,24
2005,7,28,3,NULO,NULO,NULO
2005,7,29,0,NULO,27,23
2005,7,30,0,NULO,25,24
2005,7,31,0,NULO,25,23
2005,8,1,0,NULO,24.5,22.5
2005,8,2,0,NULO,28.5,23.5
2005,8,3,0,NULO,27.5,25.5
2005,8,4,0,NULO,27.5,24.5
2005,8,5,3,NULO,27.5,24.5
2005,8,6,5,NULO,26.5,24.5
2005,8,7,0,NULO,27.5,23.5
2005,8,8,2,NULO,27.5,23.5
2005,8,9,0,NULO,27.5,23.5
2005,8,10,0,NULO,27.5,24.5
2005,8,11,3,NULO,27.5,24.5
2005,8,12,1,NULO,27.5,24.5
2005,8,13,8,NULO,26.5,24.5
2005,8,14,0,NULO,29.5,24.5
2005,8,15,30,NULO,28.5,24.5
2005,8,16,34,NULO,26.5,23.5
2005,8,17,0,NULO,27.5,23.5
2005,8,18,0,NULO,27.5,24.5
2005,8,19,22,NULO,26.5,24.5
2005,8,20,9,NULO,26.5,24.5
2005,8,21,29,NULO,26.5,24.5
2005,8,22,40,NULO,26.5,23.5
2005,8,23,24,NULO,26.5,23.5
2005,8,24,0,NULO,27.5,23.5
2005,8,25,0,NULO,25.5,24.5
2005,8,26,0,NULO,26.5,24.5
2005,8,27,0,NULO,27.5,23.5
2005,8,28,0,NULO,30.5,24.5
2005,8,29,0,NULO,29.5,24.5
2005,8,30,0,NULO,28.5,24.5
2005,8,31,0,NULO,29.5,25.5
2005,9,1,30,NULO,27.5,26.5
2005,9,2,27,NULO,26.5,24.5
2005,9,3,27,NULO,27.5,23.5
2005,9,4,28,NULO,26.5,23.5
2005,9,5,0,NULO,26.5,23.5
2005,9,6,43,NULO,26.5,23.5
2005,9,7,0,NULO,24.5,23.5
2005,9,8,0,NULO,26.5,22.5
2005,9,9,0,NULO,27.5,23.5
2005,9,10,0,NULO,27.5,24.5
2005,9,11,0,NULO,26.5,24.5
2005,9,12,0,NULO,26.5,23.5
2005,9,13,0,NULO,27.5,24.5
2005,9,14,0,NULO,NULO,NULO
2005,9,15,0,NULO,25.5,24.5
2005,9,16,1,NULO,27.5,24.5
2005,9,17,0,NULO,26.5,24.5
2005,9,18,0,NULO,27.5,23.5
2005,9,19,0,NULO,27.5,24.5
2005,9,20,3,NULO,25.5,24.5
2005,9,21,4,NULO,25.5,24.5
2005,9,22,0,NULO,25.5,21.5
2005,9,23,0,NULO,24.5,22.5
2005,9,24,0,NULO,26.5,22
2005,9,25,0,NULO,26.5,22.5
2005,9,26,8,NULO,26.5,23.5
2005,9,27,9,NULO,26.5,24.5
2005,9,28,0,NULO,25.5,23
2005,9,29,0,NULO,25.5,23.5
2005,9,30,0,NULO,26.5,23.5
2005,10,1,0,NULO,26,24
2005,10,2,24,NULO,27,24
2005,10,3,42,NULO,27,24
2005,10,4,70,NULO,26,24
2005,10,5,32,NULO,25,24
2005,10,6,12,NULO,25,23
2005,10,7,0,NULO,27,23
2005,10,8,0,NULO,24,20
2005,10,9,0,NULO,27,20
2005,10,10,6,NULO,27,21
2005,10,11,8,NULO,27,25
2005,10,12,12,NULO,25,24
2005,10,13,11,NULO,25,23
2005,10,14,3,NULO,24,23
2005,10,15,2,NULO,24,23
2005,10,16,0,NULO,27,22
2005,10,17,0,NULO,25,22
2005,10,18,0,NULO,28,23
2005,10,19,0,NULO,27,21
2005,10,20,0,NULO,24,21
2005,10,21,0,NULO,26,21
2005,10,22,0,NULO,25,21
2005,10,23,0,NULO,23,18
2005,10,24,4,NULO,21,16
2005,10,25,0,NULO,21,14
2005,10,26,0,NULO,27,14
2005,10,27,0,NULO,23,18
2005,10,28,8,NULO,23,21
2005,10,29,3,NULO,22,21
2005,10,30,0,NULO,27,21
2005,10,31,4,NULO,26,17
2005,11,1,0,NULO,20,16
2005,11,2,0,NULO,16,15
2005,11,3,0,NULO,16,12
2005,11,4,0,NULO,20,14
2005,11,5,0,NULO,21,16
2005,11,6,0,NULO,25,19
2005,11,7,0,NULO,23,19
2005,11,8,0,NULO,23,20
2005,11,9,0,NULO,24,21
2005,11,10,0,NULO,24,21
2005,11,11,0,NULO,22,21
2005,11,12,0,NULO,22,19
2005,11,13,3,NULO,25,19
2005,11,14,0,NULO,21,19
2005,11,15,1,NULO,22,17
2005,11,16,3,NULO,22,15
2005,11,17,0,NULO,19,12
2005,11,18,8,NULO,19,14
2005,11,19,0,NULO,22,17
2005,11,20,10,NULO,20,16
2005,11,21,0,NULO,19,13
2005,11,22,0,NULO,18,10
2005,11,23,0,NULO,18,10
2005,11,24,0,NULO,18,10
2005,11,25,0,NULO,21,14
2005,11,26,0,NULO,21,17
2005,11,27,0,NULO,22,18
2005,11,28,0,NULO,23,14
2005,11,29,0,NULO,22,11
2005,11,30,0,NULO,21,11
2005,12,1,0,NULO,23.5,16.5
2005,12,2,0,NULO,22.5,17.5
2005,12,3,0,NULO,22.5,18.5
2005,12,4,0,NULO,24.5,18.5
2005,12,5,0,NULO,23.5,15.5
2005,12,6,0,NULO,20.5,15.5
2005,12,7,4,NULO,17.5,11
2005,12,8,7,NULO,17.5,8.5
2005,12,9,8,NULO,15.5,7.5
2005,12,10,0,NULO,18.5,7.5
2005,12,11,5,NULO,19.5,12
2005,12,12,0,NULO,19.5,16.5
2005,12,13,0,NULO,18.5,17
2005,12,14,0,NULO,20.5,15.5
2005,12,15,0,NULO,18.5,16.5
2005,12,16,0,NULO,18.5,13.5
2005,12,17,0,NULO,18.5,13.5
2005,12,18,6,NULO,17.5,14.5
2005,12,19,4,NULO,NULO,NULO
2005,12,20,0,NULO,18.5,14.5
2005,12,21,1,NULO,17.5,15.5
2005,12,22,0,NULO,17.5,14.5
2005,12,23,0,NULO,16.5,12.5
2005,12,24,0,NULO,15.5,13.5
2005,12,25,0,NULO,22.5,11.5
2005,12,26,0,NULO,22.5,11.5
2005,12,27,0,NULO,16.5,12.5
2005,12,28,0,NULO,15.5,13.5
2005,12,29,0,NULO,18.5,13.5
2005,12,30,0,NULO,20.5,13.5
2005,12,31,0,NULO,19.5,16.5
2006,1,1,0,NULO,20.5,17.5
2006,1,2,0,NULO,21.5,17.5
2006,1,3,0,NULO,21.5,18.5
2006,1,4,0,NULO,22.5,15.5
2006,1,5,0,NULO,21.5,12.5
2006,1,6,0,NULO,19.5,9.5
2006,1,7,0,NULO,13.5,7.5
2006,1,8,0,NULO,21.5,7.5
2006,1,9,0,NULO,20.5,10.5
2006,1,10,0,NULO,17.5,13.5
2006,1,11,0,NULO,16.5,13.5
2006,1,12,0,NULO,18.5,14.5
2006,1,13,0,NULO,17.5,14.5
2006,1,14,0,NULO,15.5,10.5
2006,1,15,0,NULO,23.5,12.5
2006,1,16,0,NULO,22.5,12.5
2006,1,17,0,NULO,17.5,9.5
2006,1,18,0,NULO,18.5,8.5
2006,1,19,0,NULO,16.5,9.5
2006,1,20,0,NULO,20.5,12.5
2006,1,21,0,NULO,23.5,14.5
2006,1,22,2,NULO,19.5,16.5
2006,1,23,2,NULO,18.5,14.5
2006,1,24,7,NULO,16.5,13.5
2006,1,25,47,NULO,15.5,14.5
2006,1,26,0,NULO,18.5,13.5
2006,1,27,0,NULO,20.5,13.5
2006,1,28,0,NULO,19.5,16.5
2006,1,29,0,NULO,20.5,16.5
2006,1,30,0,NULO,19.5,16.5
2006,1,31,0,NULO,20.5,14.5
2006,2,1,0,NULO,22.5,15.5
2006,2,2,0,NULO,22.5,18.5
2006,2,3,0,NULO,21.5,14.5
2006,2,4,0,NULO,19.5,13.5
2006,2,5,0,NULO,23.5,11.5
2006,2,6,0,NULO,22.5,12.5
2006,2,7,0,NULO,18.5,15.5
2006,2,8,0,NULO,17.5,13.5
2006,2,9,0,NULO,20.5,14.5
2006,2,10,0,NULO,19.5,16.5
2006,2,11,0,NULO,19.5,13.5
2006,2,12,0,NULO,20.5,11.5
2006,2,13,0,NULO,19.5,7.5
2006,2,14,0,NULO,14.5,9.5
2006,2,15,0,NULO,19.5,9.5
2006,2,16,0,NULO,20.5,13.5
2006,2,17,0,NULO,23.5,17.5
2006,2,18,0,NULO,23.5,15.5
2006,2,19,0,NULO,21.5,12.5
2006,2,20,0,NULO,19.5,12.5
2006,2,21,0,NULO,21.5,16.5
2006,2,22,0,NULO,22.5,17.5
2006,2,23,0,NULO,24.5,20.5
2006,2,24,0,NULO,22.5,18.5
2006,2,25,0,NULO,21.5,14.5
2006,2,26,0,NULO,23.5,18.5
2006,2,27,0,NULO,22.5,14.5
2006,2,28,0,NULO,15.5,13.5
2006,3,1,0,NULO,17.5,14.5
2006,3,2,0,NULO,19.5,15.5
2006,3,3,0,NULO,20.5,17.5
2006,3,4,0,NULO,20.5,17.5
2006,3,5,0,NULO,24.5,17.5
2006,3,6,0,NULO,24.5,17.5
2006,3,7,0,NULO,20.5,17.5
2006,3,8,0,NULO,20.5,18.5
2006,3,9,0,NULO,23.5,18.5
2006,3,10,0,NULO,22.5,19.5
2006,3,11,0,NULO,22.5,18.5
2006,3,12,0,NULO,24.5,19.5
2006,3,13,0,NULO,24.5,20.5
2006,3,14,0,NULO,24.5,21.5
2006,3,15,0,NULO,22.5,19.5
2006,3,16,0,NULO,24.5,20.5
2006,3,17,0,NULO,23.5,20.5
2006,3,18,0,NULO,22.5,21.5
2006,3,19,0,NULO,24.5,21.5
2006,3,20,0,NULO,24.5,21.5
2006,3,21,0,NULO,24.5,21.5
2006,3,22,0,NULO,23.5,17.5
2006,3,23,0,NULO,22.5,14.5
2006,3,24,3,NULO,21.5,13.5
2006,3,25,2,NULO,18.5,14.5
2006,3,26,0,NULO,24.5,13.5
2006,3,27,0,NULO,25,14.5
2006,3,28,0,NULO,25.5,17.5
2006,3,29,0,NULO,23.5,19.5
2006,3,30,0,NULO,23.5,20.5
2006,3,31,0,NULO,22.5,21.5
2006,4,1,0,NULO,22.5,21.5
2006,4,2,0,NULO,23.5,19.5
2006,4,3,0,NULO,23.5,21.5
2006,4,4,0,NULO,21.5,19.5
2006,4,5,0,NULO,20.5,17.5
2006,4,6,0,NULO,23.5,18.5
2006,4,7,0,NULO,24.5,20.5
2006,4,8,0,NULO,24.5,19.5
2006,4,9,0,NULO,25.5,17.5
2006,4,10,0,NULO,25.5,17.5
2006,4,11,0,NULO,19.5,17.5
2006,4,12,0,NULO,23.5,18.5
2006,4,13,0,NULO,22.5,19.5
2006,4,14,0,NULO,20.5,17.5
2006,4,15,0,NULO,20.5,18.5
2006,4,16,0,NULO,28.5,18.5
2006,4,17,0,NULO,28.5,19.5
2006,4,18,0,NULO,24.5,21.5
2006,4,19,0,NULO,24.5,22.5
2006,4,20,0,NULO,27.5,23.5
2006,4,21,0,NULO,26.5,24
2006,4,22,0,NULO,25.5,24.5
2006,4,23,0,NULO,26.5,23.5
2006,4,24,0,NULO,26.5,23.5
2006,4,25,0,NULO,26.5,23.5
2006,4,26,0,NULO,26.5,24.5
2006,4,27,0,NULO,26.5,24.5
2006,4,28,0,NULO,26.5,24
2006,4,29,0,NULO,26.5,23.5
2006,4,30,0,NULO,25.5,22.5
2006,5,1,0,NULO,26.5,22.5
2006,5,2,0,NULO,24.5,22.5
2006,5,3,0,NULO,25.5,23
2006,5,4,0,NULO,25.5,23.5
2006,5,5,0,NULO,26.5,24.5
2006,5,6,0,NULO,27.5,24.5
2006,5,7,0,NULO,29.5,25.5
2006,5,8,0,NULO,29.5,25.5
2006,5,9,0,NULO,26.5,25.5
2006,5,10,0,NULO,27.5,25.5
2006,5,11,4,NULO,27,22
2006,5,12,0,NULO,26,22.5
2006,5,13,0,NULO,25,22.5
2006,5,14,4,NULO,27.5,24.5
2006,5,15,0,NULO,27.5,20.5
2006,5,16,0,NULO,24.5,21.5
2006,5,17,0,NULO,23,19.5
2006,5,18,0,NULO,22.5,18.5
2006,5,19,0,NULO,23.5,18.5
2006,5,20,0,NULO,23.5,19.5
2006,5,21,0,NULO,25,22.5
2006,5,22,0,NULO,25,23.5
2006,5,23,0,NULO,24.5,23.5
2006,5,24,0,NULO,24.5,22.5
2006,5,25,0,NULO,24.5,22.5
2006,5,26,0,NULO,26,23.5
2006,5,27,0,NULO,26.5,20
2006,5,28,0,NULO,29.5,24.5
2006,5,29,2,NULO,29.5,24.5
2006,5,30,6,NULO,27.5,24.5
2006,5,31,0,NULO,27,24.5
2006,6,1,0,NULO,25,23.5
2006,6,2,0,NULO,24.5,22.5
2006,6,3,0,NULO,25.5,23.5
2006,6,4,0,NULO,25.5,23
2006,6,5,0,NULO,25,22.5
2006,6,6,0,NULO,24.5,22
2006,6,7,0,NULO,25,22
2006,6,8,0,NULO,25.5,18.5
2006,6,9,0,NULO,25.5,21.5
2006,6,10,0,NULO,22.5,21.5
2006,6,11,0,NULO,27,21.5
2006,6,12,0,NULO,28.5,21.5
2006,6,13,0,NULO,28.5,21.5
2006,6,14,0,NULO,24.5,22.5
2006,6,15,0,NULO,26.5,23.5
2006,6,16,0,NULO,28,24.5
2006,6,17,0,NULO,27,24
2006,6,18,0,NULO,28,19.5
2006,6,19,0,NULO,29.5,23.5
2006,6,20,0,NULO,25.5,24
2006,6,21,0,NULO,26,25
2006,6,22,0,NULO,26,24
2006,6,23,19,NULO,26,23.5
2006,6,24,0,NULO,26,23
2006,6,25,0,NULO,28.5,23
2006,6,26,0,NULO,28.5,23
2006,6,27,0,NULO,24.5,23
2006,6,28,2,NULO,25.5,23.5
2006,6,29,7,NULO,25.5,22
2006,6,30,0,NULO,23,22
2006,7,1,8,NULO,25,20
2006,7,2,0,NULO,28,22
2006,7,3,0,NULO,27,23
2006,7,4,0,NULO,27,25
2006,7,5,0,NULO,30,25
2006,7,6,0,NULO,28,24
2006,7,7,19,NULO,27,25
2006,7,8,5,NULO,27,25
2006,7,9,14,NULO,25,22.5
2006,7,10,0,NULO,25,22
2006,7,11,4,NULO,26,23
2006,7,12,0,NULO,26,23
2006,7,13,0,NULO,27,23.5
2006,7,14,6,NULO,25,24
2006,7,15,0,NULO,24,23
2006,7,16,2,NULO,25,23
2006,7,17,0,NULO,25,23
2006,7,18,0,NULO,25,23
2006,7,19,0,NULO,25,23
2006,7,20,7,NULO,25,23
2006,7,21,1,NULO,25.5,23
2006,7,22,38,NULO,25,24
2006,7,23,0,NULO,27.5,24
2006,7,24,0,NULO,27,23
2006,7,25,0,NULO,26,24
2006,7,26,0,NULO,25.5,24
2006,7,27,0,NULO,27,24
2006,7,28,1,NULO,27,22.5
2006,7,29,0,NULO,25,24
2006,7,30,0,NULO,25,23.5
2006,7,31,0,NULO,25,23
2006,8,1,0,NULO,25.5,23
2006,8,2,0,NULO,25.5,24
2006,8,3,0,NULO,25.5,24.5
2006,8,4,0,NULO,25.5,23
2006,8,5,0,NULO,25.5,23
2006,8,6,0,NULO,24.5,23
2006,8,7,0,NULO,23.5,23
2006,8,8,0,NULO,23.5,22
2006,8,9,0,NULO,23.5,22
2006,8,10,0,NULO,25,22
2006,8,11,0,NULO,27,22
2006,8,12,0,NULO,25,24
2006,8,13,0,NULO,29.5,25
2006,8,14,0,NULO,29.5,24.5
2006,8,15,0,NULO,25,24
2006,8,16,0,NULO,24.5,23.5
2006,8,17,0,NULO,24.5,24
2006,8,18,0,NULO,24.5,23
2006,8,19,0,NULO,23.5,23
2006,8,20,0,NULO,28,23
2006,8,21,0,NULO,28,23
2006,8,22,0,NULO,24,23
2006,8,23,0,NULO,24,23
2006,8,24,0,NULO,NULO,NULO
2006,8,25,0,NULO,25,24
2006,8,26,0,NULO,25.5,23
2006,8,27,0,NULO,25,24
2006,8,28,0,NULO,27,23
2006,8,29,0,NULO,25,24
2006,8,30,0,NULO,25,24
2006,8,31,0,NULO,25,23
2006,9,1,0,NULO,26,23
2006,9,2,18,NULO,26,24
2006,9,3,7,NULO,27,23
2006,9,4,0,NULO,25,22
2006,9,5,0,NULO,NULO,NULO
2006,9,6,0,NULO,24,23
2006,9,7,0,NULO,25,22
2006,9,8,0,NULO,26,23
2006,9,9,0,NULO,26,23
2006,9,10,0,NULO,25,24
2006,9,11,0,NULO,24,23
2006,9,12,0,NULO,26,23
2006,9,13,0,NULO,25,24
2006,9,14,0,NULO,24,23
2006,9,15,0,NULO,26,22
2006,9,16,0,NULO,26,25
2006,9,17,0,NULO,25,20.5
2006,9,18,0,NULO,25,16
2006,9,19,3,NULO,24,20
2006,9,20,4,NULO,25,22
2006,9,21,0,NULO,24,22
2006,9,22,0,NULO,23,22
2006,9,23,0,NULO,25,21
2006,9,24,27,NULO,25,23
2006,9,25,41,NULO,23,21
2006,9,26,23,NULO,24,20
2006,9,27,0,NULO,25,20
2006,9,28,0,NULO,26,23
2006,9,29,0,NULO,26,21
2006,9,30,0,NULO,23,20
2006,10,1,0,NULO,27,21
2006,10,2,5,NULO,27,20
2006,10,3,5,NULO,22,20
2006,10,4,6,NULO,22,21
2006,10,5,55,NULO,23,21
2006,10,6,5,NULO,22,20
2006,10,7,0,NULO,22,19
2006,10,8,0,NULO,22,20
2006,10,9,0,NULO,23,20
2006,10,10,0,NULO,23,21
2006,10,11,0,NULO,24,21
2006,10,12,0,NULO,25,23
2006,10,13,1,NULO,26,24
2006,10,14,0,NULO,25,23
2006,10,15,0,NULO,25,23
2006,10,16,0,NULO,26,22
2006,10,17,0,NULO,26,24
2006,10,18,0,NULO,27,25
2006,10,19,0,NULO,26,21
2006,10,20,0,NULO,24,21
2006,10,21,0,NULO,24,18
2006,10,22,27,NULO,25,13.5
2006,10,23,10,NULO,20,18
2006,10,24,0,NULO,22,13.5
2006,10,25,0,NULO,22,18
2006,10,26,0,NULO,25,22
2006,10,27,0,NULO,25,18
2006,10,28,0,NULO,22,14
2006,10,29,0,NULO,20,14
2006,10,30,0,NULO,17,14
2006,10,31,0,NULO,21,14
2006,11,1,8,NULO,25,18
2006,11,2,9,NULO,23,21
2006,11,3,19,NULO,20,17
2006,11,4,0,NULO,21,17
2006,11,5,0,NULO,29,14
2006,11,6,0,NULO,26,17
2006,11,7,0,NULO,22,20
2006,11,8,0,NULO,23,19
2006,11,9,0,NULO,24,20
2006,11,10,1,NULO,26,22
2006,11,11,35,NULO,25,23
2006,11,12,0,NULO,26,22
2006,11,13,0,NULO,25,14
2006,11,14,0,NULO,23,21
2006,11,15,0,NULO,23,21
2006,11,16,0,NULO,22,21
2006,11,17,0,NULO,18,17
2006,11,18,0,NULO,20,14
2006,11,19,6,NULO,19,16
2006,11,20,0,NULO,14,13
2006,11,21,0,NULO,14,12
2006,11,22,0,NULO,14,11
2006,11,23,0,NULO,16,12
2006,11,24,0,NULO,18,13
2006,11,25,0,NULO,19,15
2006,11,26,0,NULO,23,16
2006,11,27,0,NULO,24,17
2006,11,28,0,NULO,23,19
2006,11,29,0,NULO,22,19
2006,11,30,0,NULO,21,13
2006,12,1,0,NULO,17,11
2006,12,2,0,NULO,19,12
2006,12,3,5,NULO,18,11
2006,12,4,27,NULO,17,9
2006,12,5,0,NULO,15,9
2006,12,6,0,NULO,20,13
2006,12,7,0,NULO,19,12
2006,12,8,65,NULO,16,12
2006,12,9,6,NULO,16,10
2006,12,10,0,NULO,16,11
2006,12,11,0,NULO,18,14
2006,12,12,0,NULO,20,15
2006,12,13,0,NULO,21,17
2006,12,14,0,NULO,22,19
2006,12,15,0,NULO,21,19
2006,12,16,0,NULO,21,17
2006,12,17,0,NULO,26,18
2006,12,18,0,NULO,25,20
2006,12,19,0,NULO,21,19
2006,12,20,0,NULO,23,19
2006,12,21,0,NULO,22,19
2006,12,22,0,NULO,21,15
2006,12,23,3,NULO,19,12
2006,12,24,0,NULO,18,11
2006,12,25,0,NULO,13,10
2006,12,26,0,NULO,11,9
2006,12,27,0,NULO,14,8
2006,12,28,0,NULO,15,9
2006,12,29,0,NULO,18,13
2006,12,30,0,NULO,17,14
2006,12,31,0,NULO,18,14
2007,1,1,0,NULO,17,15
2007,1,2,0,NULO,17,15
2007,1,3,0,NULO,18,15
2007,1,4,0,NULO,19,16
2007,1,5,0,NULO,18,17
2007,1,6,5,NULO,18,16
2007,1,7,3,NULO,17,15
2007,1,8,0,NULO,14,13
2007,1,9,0,NULO,14,10
2007,1,10,0,NULO,18,10
2007,1,11,0,NULO,19,10
2007,1,12,0,NULO,22,17
2007,1,13,0,NULO,22,18
2007,1,14,0,NULO,24,20
2007,1,15,0,NULO,23,13
2007,1,16,4,NULO,13,8
2007,1,17,0,NULO,13,9
2007,1,18,0,NULO,14,7
2007,1,19,0,NULO,15,12
2007,1,20,0,NULO,17,13
2007,1,21,0,NULO,19,14
2007,1,22,0,NULO,18,6
2007,1,23,2,NULO,16,13
2007,1,24,0,NULO,14,12
2007,1,25,6,NULO,15,11
2007,1,26,0,NULO,14,10
2007,1,27,0,NULO,NULO,NULO
2007,1,28,0,NULO,22,11
2007,1,29,0,NULO,21,11
2007,1,30,0,NULO,18,17
2007,1,31,0,NULO,18,16
2007,2,1,0,NULO,18,16
2007,2,2,5,NULO,18,16
2007,2,3,29,NULO,15,14
2007,2,4,45,NULO,16,13
2007,2,5,4,NULO,16,13
2007,2,6,0,NULO,15,12
2007,2,7,0,NULO,19,12
2007,2,8,0,NULO,20,13
2007,2,9,0,NULO,21,17
2007,2,10,0,NULO,20,18
2007,2,11,0,NULO,20,16
2007,2,12,0,NULO,20,16
2007,2,13,0,NULO,19,18
2007,2,14,0,NULO,18,15
2007,2,15,5,NULO,17,12
2007,2,16,0,NULO,20,10
2007,2,17,0,NULO,19,12
2007,2,18,0,NULO,22,10
2007,2,19,0,NULO,21,10
2007,2,20,0,NULO,19,14
2007,2,21,0,NULO,27,15
2007,2,22,0,NULO,19,15
2007,2,23,0,NULO,20,16
2007,2,24,0,NULO,20,15
2007,2,25,0,NULO,19,12
2007,2,26,0,NULO,20,16
2007,2,27,0,NULO,29,14
2007,2,28,0,NULO,28,16
2007,3,1,0,NULO,20,15
2007,3,2,0,NULO,21,13
2007,3,3,0,NULO,17,10
2007,3,4,0,NULO,15,12
2007,3,5,0,NULO,14,11
2007,3,6,0,NULO,14,9
2007,3,7,0,NULO,18,10
2007,3,8,0,NULO,18,13
2007,3,9,0,NULO,19,17
2007,3,10,0,NULO,18,17
2007,3,11,0,NULO,19,15
2007,3,12,0,NULO,23,14
2007,3,13,0,NULO,22,18
2007,3,14,0,NULO,21,20
2007,3,15,0,NULO,23,20
2007,3,16,0,NULO,22,18
2007,3,17,0,NULO,17,16
2007,3,18,0,NULO,18,12
2007,3,19,0,NULO,24,15
2007,3,20,0,NULO,24,17
2007,3,21,0,NULO,23,20
2007,3,22,0,NULO,25,20
2007,3,23,0,NULO,24,21
2007,3,24,0,NULO,23,22
2007,3,25,0,NULO,28,20
2007,3,26,0,NULO,27,21
2007,3,27,0,NULO,23,22
2007,3,28,0,NULO,23,21
2007,3,29,0,NULO,25,21
2007,3,30,0,NULO,24,22
2007,3,31,3,NULO,23,22
2007,4,1,3,NULO,23,20
2007,4,2,0,NULO,22,21
2007,4,3,14,NULO,21,20
2007,4,4,3,NULO,20,19
2007,4,5,0,NULO,20,18
2007,4,6,0,NULO,19,17
2007,4,7,3,NULO,19,17
2007,4,8,3,NULO,21,17
2007,4,9,0,NULO,22,12
2007,4,10,0,NULO,22,18
2007,4,11,0,NULO,24,16
2007,4,12,0,NULO,24,20
2007,4,13,0,NULO,23,22
2007,4,14,0,NULO,23,21
2007,4,15,0,NULO,24,17
2007,4,16,0,NULO,24,15
2007,4,17,0,NULO,22,20
2007,4,18,0,NULO,21,20
2007,4,19,0,NULO,21,18
2007,4,20,0,NULO,24,16
2007,4,21,0,NULO,26,18
2007,4,22,0,NULO,28,20
2007,4,23,0,NULO,26,20
2007,4,24,0,NULO,25,22
2007,4,25,0,NULO,26,22
2007,4,26,0,NULO,25,22
2007,4,27,0,NULO,25,23
2007,4,28,0,NULO,24,23
2007,4,29,0,NULO,28,22
2007,4,30,0,NULO,26,20
2007,5,1,0,NULO,25,24
2007,5,2,0,NULO,26,23
2007,5,3,0,NULO,27,23
2007,5,4,0,NULO,27,24
2007,5,5,0,NULO,31,25
2007,5,6,0,NULO,25,24
2007,5,7,0,NULO,26,23
2007,5,8,0,NULO,25,23
2007,5,9,0,NULO,24,21
2007,5,10,0,NULO,24,22
2007,5,11,0,NULO,25,22
2007,5,12,0,NULO,25,23
2007,5,13,0,NULO,28,21
2007,5,14,0,NULO,27,22
2007,5,15,0,NULO,25,21
2007,5,16,3,NULO,23,22
2007,5,17,0,NULO,23,21
2007,5,18,0,NULO,23,21
2007,5,19,0,NULO,24,20
2007,5,20,0,NULO,29,22
2007,5,21,0,NULO,28,22
2007,5,22,1,NULO,27,23
2007,5,23,0,NULO,26,22
2007,5,24,1,NULO,24,22
2007,5,25,0,NULO,23,21
2007,5,26,0,NULO,24,20
2007,5,27,0,NULO,24,21
2007,5,28,0,NULO,23,21
2007,5,29,0,NULO,25,21
2007,5,30,0,NULO,24,22
2007,5,31,0,NULO,24,22
2007,6,1,0,NULO,24,22
2007,6,2,0,NULO,24,22
2007,6,3,0,NULO,25,22
2007,6,4,0,NULO,26,23
2007,6,5,0,NULO,27,24
2007,6,6,0,NULO,27,25
2007,6,7,0,NULO,28,25
2007,6,8,17,NULO,27,24
2007,6,9,19,NULO,26,22
2007,6,10,0,NULO,29,21
2007,6,11,0,NULO,28,21
2007,6,12,0,NULO,24,21
2007,6,13,0,NULO,28,22
2007,6,14,0,NULO,25,22
2007,6,15,0,NULO,29,22
2007,6,16,0,NULO,28,23
2007,6,17,3,NULO,30,25
2007,6,18,0,NULO,28,25
2007,6,19,3,NULO,28,25
2007,6,20,5,NULO,25,23
2007,6,21,0,NULO,25,23
2007,6,22,0,NULO,27,23
2007,6,23,0,NULO,27,24
2007,6,24,0,NULO,29,25
2007,6,25,1,NULO,28,24
2007,6,26,0,NULO,26,24
2007,6,27,0,NULO,27,24
2007,6,28,0,NULO,26,25
2007,6,29,0,NULO,25,23
2007,6,30,0,NULO,27,23
2007,7,1,0,NULO,26,24
2007,7,2,0,NULO,28,24
2007,7,3,0,NULO,27,25
2007,7,4,0,NULO,27,25
2007,7,5,0,NULO,26,24
2007,7,6,0,NULO,26,24
2007,7,7,0,NULO,27,24
2007,7,8,0,NULO,26,23
2007,7,9,0,NULO,26,23
2007,7,10,0,NULO,26,24
2007,7,11,1,NULO,26,24
2007,7,12,0,NULO,25,23
2007,7,13,0,NULO,26,23
2007,7,14,0,NULO,25,23
2007,7,15,0,NULO,35,23
2007,7,16,40,NULO,34,24
2007,7,17,33,NULO,25,23
2007,7,18,0,NULO,26,23
2007,7,19,0,NULO,25,24
2007,7,20,0,NULO,26,23
2007,7,21,0,NULO,27,24
2007,7,22,0,NULO,26,20
2007,7,23,0,NULO,25,22.2
2007,7,24,0,NULO,24,21
2007,7,25,0,NULO,25,22
2007,7,26,0,NULO,28,23
2007,7,27,0,NULO,27,24
2007,7,28,0,NULO,27,25
2007,7,29,0,NULO,34,25
2007,7,30,0,NULO,33,24
2007,7,31,0,NULO,27,20
2007,8,1,0,NULO,26,24
2007,8,2,0,NULO,25,23
2007,8,3,0,NULO,25,23
2007,8,4,0,NULO,25,23
2007,8,5,0,NULO,27,23
2007,8,6,1,NULO,26,24
2007,8,7,0,NULO,26,24
2007,8,8,0,NULO,25,23
2007,8,9,0,NULO,25,23
2007,8,10,0,NULO,28,23
2007,8,11,0,NULO,26,23
2007,8,12,0,NULO,27,22
2007,8,13,0,NULO,26,23
2007,8,14,0,NULO,26,23
2007,8,15,0,NULO,27,24
2007,8,16,0,NULO,26,23
2007,8,17,4,NULO,26,24
2007,8,18,0,NULO,26,24
2007,8,19,0,NULO,27,24
2007,8,20,0,NULO,26,24
2007,8,21,50,NULO,25,22
2007,8,22,70,NULO,25,23
2007,8,23,0,NULO,25,22
2007,8,24,0,NULO,24,23
2007,8,25,14,NULO,26,23
2007,8,26,4,NULO,27,23
2007,8,27,34,NULO,26,23
2007,8,28,80,NULO,24,23
2007,8,29,29,NULO,24,23
2007,8,30,20,NULO,24,22
2007,8,31,70,NULO,24,23
2007,9,1,80,NULO,25,22
2007,9,2,4,NULO,25,22
2007,9,3,26,NULO,24,23
2007,9,4,0,NULO,25,22
2007,9,5,0,NULO,24,23
2007,9,6,0,NULO,25,23
2007,9,7,0,NULO,26,23
2007,9,8,2,NULO,25,24
2007,9,9,25,NULO,25,24
2007,9,10,11,NULO,24,22
2007,9,11,13,NULO,23,21
2007,9,12,0,NULO,25,21
2007,9,13,0,NULO,25,22
2007,9,14,0,NULO,26,23
2007,9,15,12,NULO,26,24
2007,9,16,0,NULO,26,23
2007,9,17,0,NULO,25,23
2007,9,18,0,NULO,25,23
2007,9,19,0,NULO,25,23
2007,9,20,0,NULO,24,23
2007,9,21,0,NULO,24,23
2007,9,22,0,NULO,24,22
2007,9,23,0,NULO,26,22
2007,9,24,0,NULO,25,22
2007,9,25,0,NULO,24,22
2007,9,26,0,NULO,25,22
2007,9,27,0,NULO,25,23
2007,9,28,12,NULO,25,23
2007,9,29,3,NULO,25,23
2007,9,30,22,NULO,24,23
2007,10,1,0,NULO,24,23
2007,10,2,0,NULO,24,23
2007,10,3,0,NULO,25,22
2007,10,4,0,NULO,23,21
2007,10,5,0,NULO,23,21
2007,10,6,0,NULO,24,21
2007,10,7,0,NULO,26,22
2007,10,8,8,NULO,25,22
2007,10,9,52,NULO,24,22
2007,10,10,3.5,NULO,24,22
2007,10,11,0,NULO,24,22
2007,10,12,0,NULO,24,22
2007,10,13,0,NULO,23,22
2007,10,14,0,NULO,26,20
2007,10,15,0,NULO,25,20
2007,10,16,0,NULO,23,20
2007,10,17,0,NULO,23,22
2007,10,18,0,NULO,26,22
2007,10,19,3,NULO,25,23
2007,10,20,57,NULO,24,19
2007,10,21,0,NULO,24,15
2007,10,22,0,NULO,25,16
2007,10,23,0,NULO,24,13
2007,10,24,0,NULO,23,12
2007,10,25,0,NULO,16,12
2007,10,26,0,NULO,19,12
2007,10,27,1,NULO,24,15
2007,10,28,0,NULO,24,16
2007,10,29,0,NULO,23,15
2007,10,30,0,NULO,17,13
2007,10,31,0,NULO,18,14
2007,11,1,0,NULO,23,14
2007,11,2,0,NULO,23,16
2007,11,3,0,NULO,23,21
2007,11,4,0,NULO,22,20
2007,11,5,0,NULO,20,19
2007,11,6,0,NULO,22,17
2007,11,7,0,NULO,22,18
2007,11,8,0,NULO,23,19
2007,11,9,0,NULO,25,19
2007,11,10,0,NULO,25,21
2007,11,11,0,NULO,26,21
2007,11,12,0,NULO,25,21
2007,11,13,0,NULO,27,20
2007,11,14,0,NULO,24,20
2007,11,15,18,NULO,23,22
2007,11,16,0,NULO,23,21
2007,11,17,1,NULO,22,20
2007,11,18,0,NULO,23,20
2007,11,19,0,NULO,24,20
2007,11,20,0,NULO,23,20
2007,11,21,0,NULO,22,20
2007,11,22,0,NULO,21,19
2007,11,23,0,NULO,23,18
2007,11,24,0,NULO,22,18
2007,11,25,0,NULO,22,18
2007,11,26,4,NULO,22,18
2007,11,27,3,NULO,23,19
2007,11,28,13,NULO,23,19
2007,11,29,3,NULO,24,20
2007,11,30,0,NULO,22,19
2007,12,1,0,NULO,21,14
2007,12,2,0,NULO,22,18
2007,12,3,0,NULO,24,14
2007,12,4,0,NULO,19,12
2007,12,5,0,NULO,19,12
2007,12,6,0,NULO,20,13
2007,12,7,0,NULO,20,17
2007,12,8,0,NULO,21,18
2007,12,9,0,NULO,21,19
2007,12,10,0,NULO,21,19
2007,12,11,0,NULO,22,19
2007,12,12,0,NULO,23,20
2007,12,13,5,NULO,22,18
2007,12,14,0,NULO,21,18
2007,12,15,0,NULO,24,14
2007,12,16,0,NULO,19,12
2007,12,17,0,NULO,18,15
2007,12,18,0,NULO,18,15
2007,12,19,0,NULO,17,15
2007,12,20,0,NULO,17,14
2007,12,21,0,NULO,18,15
2007,12,22,0,NULO,18,15
2007,12,23,0,NULO,24,15
2007,12,24,0,NULO,23,12
2007,12,25,0,NULO,18,12
2007,12,26,0,NULO,18,12
2007,12,27,0,NULO,17,16
2007,12,28,0,NULO,17,14
2007,12,29,0,NULO,18,12
2007,12,30,0,NULO,18,13
2007,12,31,0,NULO,21,15
2008,1,1,0.5,NULO,22,10.5
2008,1,2,0,NULO,20,9
2008,1,3,0,NULO,13,8
2008,1,4,0,NULO,13,8
2008,1,5,0,NULO,13,9
2008,1,6,0,NULO,14,11
2008,1,7,0,NULO,25,11
2008,1,8,0,NULO,22,12
2008,1,9,0,NULO,20,16
2008,1,10,18,NULO,25,15
2008,1,11,0,NULO,24,18
2008,1,12,0,NULO,19,14
2008,1,13,0,NULO,18,12
2008,1,14,0,NULO,18,11
2008,1,15,0,NULO,22,12
2008,1,16,0,NULO,25,16
2008,1,17,2,NULO,22,19
2008,1,18,9,NULO,22,17
2008,1,19,3,NULO,20,18
2008,1,20,0,NULO,24,18
2008,1,21,0,NULO,24,19
2008,1,22,0,NULO,24,17
2008,1,23,0,NULO,20,18
2008,1,24,0,NULO,32,16
2008,1,25,0,NULO,31,16
2008,1,26,0,NULO,20,13
2008,1,27,0,NULO,19,12
2008,1,28,0,NULO,18,10
2008,1,29,0,NULO,18,11
2008,2,1,0,NULO,15,9
2008,2,2,0,NULO,18,10
2008,2,3,0,NULO,30,14
2008,2,4,0,NULO,33,17
2008,2,5,0,NULO,29,18
2008,2,6,0,NULO,21,15
2008,2,7,0,NULO,19,10.5
2008,2,8,0,NULO,17,10
2008,2,9,0,NULO,21,14
2008,2,10,18,NULO,25,15
2008,2,11,0,NULO,24,16
2008,2,12,0,NULO,19,16
2008,2,13,0,NULO,18,13
2008,2,14,0,NULO,18,11
2008,2,15,0,NULO,22,12
2008,2,16,0,NULO,23,16
2008,2,17,0,NULO,23,17
2008,2,18,0,NULO,21,17
2008,2,19,0,NULO,20,17
2008,2,20,0,NULO,24,13
2008,2,21,0,NULO,28,14
2008,2,22,0,NULO,20,11
2008,2,23,0,NULO,24,13
2008,2,24,0,NULO,31,16
2008,2,25,0,NULO,32,14
2008,2,26,0,NULO,30,13
2008,2,27,0,NULO,19,12
2008,2,28,0,NULO,18,10
2008,2,29,0,NULO,21,10
2008,3,1,0,NULO,20,12
2008,3,2,0,NULO,25,16
2008,3,3,0,NULO,30,13
2008,3,4,0,NULO,17,11
2008,3,5,0,NULO,19,12
2008,3,6,0,NULO,18,12
2008,3,7,0,NULO,16,14
2008,3,8,0,NULO,16,13
2008,3,9,0,NULO,18,14
2008,3,10,0,NULO,20,15
2008,3,11,0,NULO,20,17
2008,3,12,0,NULO,22,18
2008,3,13,0,NULO,21,19
2008,3,14,0,NULO,20,18
2008,3,15,0,NULO,19,18
2008,3,16,0,NULO,19,17
2008,3,17,0,NULO,21,17
2008,3,18,0,NULO,21,18
2008,3,19,0,NULO,20,15
2008,3,20,0,NULO,19,11
2008,3,21,0,NULO,15,10
2008,3,22,0,NULO,19,11
2008,3,23,10,NULO,19,9
2008,3,24,9,NULO,19,12
2008,3,25,0,NULO,21,10
2008,3,26,0,NULO,20,10
2008,3,27,0,NULO,19,14
2008,3,28,0,NULO,23,17
2008,3,29,0,NULO,22,18
2008,3,30,0,NULO,28,17
2008,3,31,0,NULO,29,17
2008,4,1,0,NULO,25,21
2008,4,2,4,NULO,24,23
2008,4,3,0,NULO,25,20
2008,4,4,2,NULO,22,18
2008,4,5,0,NULO,22,19
2008,4,6,0,NULO,24,20
2008,4,7,0,NULO,24,21
2008,4,8,0,NULO,26,21
2008,4,9,0,NULO,25,23
2008,4,10,0,NULO,24,21
2008,4,11,0,NULO,25,22
2008,4,12,0,NULO,24,20
2008,4,13,0,NULO,25,18
2008,4,14,0,NULO,24,15
2008,4,15,0,NULO,17,13
2008,4,16,0,NULO,21,14
2008,4,17,0,NULO,23,10
2008,4,18,0,NULO,22,14
2008,4,19,0,NULO,23,18
2008,4,20,0,NULO,22,19
2008,4,21,0,NULO,25,20
2008,4,22,0,NULO,25,23
2008,4,23,0,NULO,25,23
2008,4,24,0,NULO,25,23
2008,4,25,2,NULO,25,23
2008,4,26,0,NULO,25,20
2008,4,27,4,NULO,23,17
2008,4,28,0,NULO,18,16
2008,4,29,0,NULO,18,14
2008,4,30,0,NULO,23,16
2008,5,1,0,NULO,25,19
2008,5,2,0,NULO,26,21
2008,5,3,0,NULO,26,20
2008,5,4,0,NULO,26,24
2008,5,5,0,NULO,25,22
2008,5,6,0,NULO,24,20
2008,5,7,0,NULO,25,20
2008,5,8,0,NULO,26,21
2008,5,9,0,NULO,25,24
2008,5,10,0,NULO,25,23
2008,5,11,0,NULO,25,23
2008,5,12,0,NULO,25,24
2008,5,13,0,NULO,26,23
2008,5,14,0,NULO,25,23
2008,5,15,0,NULO,25,23
2008,5,16,0,NULO,24,23
2008,5,17,4,NULO,24,22
2008,5,18,0,NULO,26,21
2008,5,19,0,NULO,25,20
2008,5,20,0,NULO,24,21
2008,5,21,0,NULO,23,22
2008,5,22,0,NULO,23,21
2008,5,23,0,NULO,25,21
2008,5,24,0,NULO,26,21
2008,5,25,0,NULO,25,22
2008,5,26,0,NULO,25,21
2008,5,27,2,NULO,25,23
2008,5,28,13,NULO,25,21
2008,5,29,0,NULO,24,20
2008,5,30,0,NULO,28,20
2008,5,31,0,NULO,23,20
2008,6,1,0,NULO,23,21
2008,6,2,0,NULO,24,21
2008,6,3,0,NULO,24,22
2008,6,4,28,NULO,23,21
2008,6,5,0,NULO,23,21
2008,6,6,0,NULO,23,21
2008,6,7,1,NULO,22,21
2008,6,8,1.1,NULO,25,21
2008,6,9,3.6,NULO,23,21
2008,6,10,0.1,NULO,23,21
2008,6,11,0,NULO,25,21
2008,6,12,0.1,NULO,24,21
2008,6,13,0,NULO,24,22
2008,6,14,0,NULO,23,21
2008,6,15,0,NULO,23,21
2008,6,16,0,NULO,24,20
2008,6,17,0,NULO,24,22
2008,6,18,0,NULO,23,20
2008,6,19,0,NULO,23,21
2008,6,20,0,NULO,24,19
2008,6,21,0,NULO,24,21
2008,6,22,0,NULO,27,21
2008,6,23,0,NULO,25,21
2008,6,24,0,NULO,23,21
2008,6,25,1.9,NULO,27,21
2008,6,26,0,NULO,24,20
2008,6,27,0,NULO,24,20
2008,6,28,0,NULO,27,23
2008,6,29,0,NULO,27,21
2008,6,30,0,NULO,27,21
2008,7,1,0,NULO,23,21
2008,7,2,0,NULO,24,21
2008,7,3,0,NULO,23,22
2008,7,4,0,NULO,23,21
2008,7,5,0.4,NULO,24,21
2008,7,6,0.1,NULO,24,22
2008,7,7,0.1,NULO,24,22
2008,7,8,0,NULO,24,22
2008,7,9,0,NULO,24,21
2008,7,10,0,NULO,24,22
2008,7,11,0,NULO,26,22
2008,7,12,0,NULO,25,22
2008,7,13,0,NULO,24,22
2008,7,14,0,NULO,35,22
2008,7,15,0,NULO,25,22
2008,7,16,0,NULO,26,22
2008,7,17,0.5,NULO,25,22
2008,7,18,0,NULO,25,23
2008,7,19,1.9,NULO,24,22
2008,7,20,0,NULO,25,22
2008,7,21,0,NULO,25,22
2008,7,22,0,NULO,24,23
2008,7,23,0,NULO,24,22
2008,7,24,0,NULO,24,22
2008,7,25,0,NULO,24,22
2008,7,26,0,NULO,25,22
2008,7,27,0,NULO,26,21
2008,7,28,1.9,NULO,25,23
2008,7,29,1.4,NULO,26,23
2008,7,30,0,NULO,26,20
2008,7,31,0,NULO,25,22
2008,8,1,0,NULO,24,20
2008,8,2,0,NULO,24,21
2008,8,3,0,NULO,24,22
2008,8,4,0,NULO,23,21
2008,8,5,0.9,NULO,24,21
2008,8,6,0.1,NULO,25,22
2008,8,7,0.1,NULO,24,23
2008,8,8,0,NULO,24,22
2008,8,9,0,NULO,24,21
2008,8,10,0,NULO,24,22
2008,8,11,0,NULO,26,22
2008,8,12,0,NULO,27,24
2008,8,13,0,NULO,25,22
2008,8,14,0,NULO,23,22
2008,8,15,0,NULO,25,22
2008,8,16,0,NULO,26,23
2008,8,17,0.5,NULO,26,23
2008,8,18,0,NULO,24,23
2008,8,19,1.9,NULO,24,22
2008,8,20,0,NULO,25,22
2008,8,21,0,NULO,25,22
2008,8,22,0,NULO,24,23
2008,8,23,0,NULO,24,22
2008,8,24,0,NULO,28.5,22
2008,8,25,0.1,NULO,24.2,22
2008,8,26,1.3,NULO,24,23
2008,8,27,0,NULO,35,22
2008,8,28,0.6,NULO,26,23
2008,8,29,1.9,NULO,25,24
2008,8,30,1.9,NULO,26,25
2008,8,31,0.8,NULO,26,24
2008,9,1,0,NULO,26,22
2008,9,2,0,NULO,26,23
2008,9,3,0.4,NULO,25,24
2008,9,4,0,NULO,25,23
2008,9,5,0.7,NULO,25,22
2008,9,6,0,NULO,24,23
2008,9,7,2.5,NULO,25,23
2008,9,8,2.3,NULO,24,23
2008,9,9,1.7,NULO,25,22
2008,9,10,1,NULO,25,23
2008,9,11,0,NULO,25,23
2008,9,12,1.9,NULO,25,23
2008,9,13,0.4,NULO,24,21
2008,9,14,0,NULO,25,22
2008,9,15,3,NULO,24,20
2008,9,16,0,NULO,31,20
2008,9,17,0,NULO,26,19
2008,9,18,0,NULO,25,20
2008,9,19,0,NULO,24,21
2008,9,20,2.1,NULO,23,20
2008,9,21,2.6,NULO,24,21
2008,9,22,0.2,NULO,24,21
2008,9,23,7,NULO,23,21
2008,9,24,1.9,NULO,23,21
2008,9,25,3.6,NULO,22,21
2008,9,26,0,NULO,23,19
2008,9,27,0,NULO,23,20
2008,9,28,0,NULO,23,21
2008,9,29,0,NULO,22,18
2008,9,30,NULO,NULO,19,15
2008,10,1,0,NULO,17,16
2008,10,2,0,NULO,19,16
2008,10,3,0,NULO,20,17
2008,10,4,0,NULO,21,18
2008,10,5,0,NULO,21,19
2008,10,6,0,NULO,20,18
2008,10,7,1.9,NULO,23,18
2008,10,8,15,NULO,22,19
2008,10,9,0,NULO,24,20
2008,10,10,0,NULO,23,19
2008,10,11,0,NULO,23,20
2008,10,12,0,NULO,22,21
2008,10,13,0,NULO,22,19
2008,10,14,0,NULO,22,20
2008,10,15,0,NULO,23,19
2008,10,16,0,NULO,23,20
2008,10,17,0.4,NULO,22,21
2008,10,18,0,NULO,22,21
2008,10,19,0,NULO,22,19
2008,10,20,0,NULO,20,18
2008,10,21,0,NULO,19,17
2008,10,22,0,NULO,22,16
2008,10,23,0,NULO,21,17
2008,10,24,0,NULO,24,17
2008,10,25,14,NULO,27,18
2008,10,26,0,NULO,23,19
2008,10,27,2.1,NULO,20,18
2008,10,28,0,NULO,19,18
2008,10,29,0,NULO,19,15
2008,10,30,0,NULO,19,15
2008,10,31,0,NULO,19,17
2008,11,1,0,NULO,20,17
2008,11,2,0,NULO,19,17
2008,11,3,0,NULO,18,15
2008,11,4,0,NULO,17,15
2008,11,5,0,NULO,19,15
2008,11,6,0,NULO,19,16
2008,11,7,1.1,NULO,18,17
2008,11,8,0,NULO,19,16
2008,11,9,0,NULO,20,17
2008,11,10,0,NULO,19,18
2008,11,11,0,NULO,22,17
2008,11,12,0,NULO,23,18
2008,11,13,0,NULO,22,21
2008,11,14,0,NULO,22,20
2008,11,15,0,NULO,21,18
2008,11,16,0,NULO,21,17
2008,11,17,0,NULO,20,18
2008,11,18,0,NULO,19,15
2008,11,19,0,NULO,19,15
2008,11,20,0.5,NULO,17,13
2008,11,21,0,NULO,16,14
2008,11,22,0,NULO,18,13
2008,11,23,0,NULO,18,14
2008,11,24,0,NULO,21,12
2008,11,25,0,NULO,23,15
2008,11,26,2.2,NULO,20,12
2008,11,27,0,NULO,26,15
2008,11,28,0,NULO,36,12
2008,11,29,0,NULO,36,11
2008,11,30,0,NULO,30,11
2008,12,1,0,NULO,26,11
2008,12,2,0,NULO,25,11
2008,12,3,0,NULO,26,13
2008,12,4,0,NULO,22,13
2008,12,5,0,NULO,23,14
2008,12,6,0,NULO,25,10
2008,12,7,0,NULO,24,10
2008,12,8,0,NULO,29,10
2008,12,9,0,NULO,32,10
2008,12,10,0,NULO,18,11
2008,12,11,0,NULO,21,10
2008,12,12,0,NULO,24,10
2008,12,13,0,NULO,26,10.5
2008,12,14,0,NULO,29,11
2008,12,15,0,NULO,30,10
2008,12,16,0,NULO,25,10
2008,12,17,0,NULO,24,10
2008,12,18,0,NULO,28,10
2008,12,19,0,NULO,32,14
2008,12,20,0,NULO,37,14
2008,12,21,0,NULO,30,10
2008,12,22,0,NULO,21,10
2008,12,23,0,NULO,24,12
2008,12,24,0,NULO,27,14
2008,12,25,0,NULO,31,13
2008,12,26,0,NULO,30,15
2008,12,27,0,NULO,27,15
2008,12,28,0,NULO,24,11
2008,12,29,0,NULO,20,10
2008,12,30,0,NULO,25,14
2008,12,31,0,NULO,26,13
2009,1,1,0,NULO,30,13
2009,1,2,0,NULO,34,13
2009,1,3,0,NULO,31,11
2009,1,4,0,NULO,32,10
2009,1,5,0,NULO,28,9
2009,1,6,0,NULO,33,10
2009,1,7,0,NULO,26,10
2009,1,8,0,NULO,31,12
2009,1,9,0,NULO,32,11
2009,1,10,0,NULO,32,10
2009,1,11,0,NULO,23,10
2009,1,12,0,NULO,20,0
2009,1,13,0,NULO,23,2
2009,1,14,1,NULO,22,0.5
2009,1,15,17,NULO,21,2
2009,1,16,0,NULO,21,0.5
2009,1,17,0,NULO,24,12
2009,1,18,0,NULO,25,11
2009,1,19,0,NULO,26,12
2009,1,20,0,NULO,32,1.5
2009,1,21,0,NULO,33,2
2009,1,22,0,NULO,34,2
2009,1,23,0,NULO,34,3
2009,1,24,0,NULO,31,1
2009,1,25,0,NULO,25,13
2009,1,26,0,NULO,29,10
2009,1,27,0,NULO,31,13
2009,1,28,0,NULO,20,11
2009,1,29,0,NULO,24,11
2009,1,30,0,NULO,18,10
2009,1,31,14,NULO,20,10
2009,2,1,0,NULO,25,10
2009,2,2,0,NULO,30,11
2009,2,3,0,NULO,25,10
2009,2,4,0,NULO,23,15
2009,2,5,0,NULO,24,13
2009,2,6,0,NULO,27,10
2009,2,7,0,NULO,26,12
2009,2,8,0,NULO,34,11
2009,2,9,0,NULO,32,12
2009,2,10,0,NULO,32,10
2009,2,11,0,NULO,24,11
2009,2,12,0,NULO,32,10
2009,2,13,0,NULO,31,11
2009,2,14,0,NULO,34,9
2009,2,15,3.5,NULO,32,12
2009,2,16,10.2,NULO,31,9
2009,2,17,0,NULO,31,8
2009,2,18,0,NULO,33,8
2009,2,19,2,NULO,30,7
2009,2,20,2.5,NULO,19,11
2009,2,21,0,NULO,30,11
2009,2,22,0,NULO,25,11
2009,2,23,0,NULO,29,4
2009,2,24,0,NULO,30,3
2009,2,25,0,NULO,33,12
2009,2,26,0,NULO,33,12
2009,2,27,0,NULO,34,11
2009,2,28,0,NULO,29,11
2009,3,1,0,NULO,22,12
2009,3,2,0,NULO,32,10
2009,3,3,0,NULO,29,6
2009,3,4,0,NULO,30,2
2009,3,5,0,NULO,30,12
2009,3,6,0,NULO,31,13
2009,3,7,0,NULO,32,11
2009,3,8,0,NULO,32,9
2009,3,9,0,NULO,34,8
2009,3,10,0,NULO,32,9
2009,3,11,0,NULO,31,10
2009,3,12,0,NULO,31,7
2009,3,13,0,NULO,21,11
2009,3,14,0,NULO,29,11
2009,3,15,0,NULO,30,10
2009,3,16,10,NULO,25,11
2009,3,17,0,NULO,27,8
2009,3,18,0,NULO,32,10
2009,3,19,0,NULO,31,10
2009,3,20,0,NULO,29,8
2009,3,21,0,NULO,31,17
2009,3,22,0,NULO,31,12
2009,3,23,0,NULO,32,12
2009,3,24,0,NULO,30,10
2009,3,25,0,NULO,34,7
2009,3,26,0,NULO,35,8
2009,3,27,0,NULO,41,12
2009,3,28,0,NULO,32,9
2009,3,29,0,NULO,30,10
2009,3,30,0,NULO,35,11
2009,3,31,10,NULO,36,12
2009,4,1,0,NULO,35,10
2009,4,2,0,NULO,36,11
2009,4,3,0,NULO,35,14
2009,4,4,0,NULO,36,10
2009,4,5,0,NULO,38,11
2009,4,6,0,NULO,29,7
2009,4,7,0,NULO,29,7
2009,4,8,0,NULO,32,9
2009,4,9,0,NULO,39,12
2009,4,10,0,NULO,32,8
2009,4,11,0,NULO,33,9
2009,4,12,0,NULO,38,11
2009,4,13,0,NULO,36,7
2009,4,14,0,NULO,34,7
2009,4,15,0,NULO,32,7
2009,4,16,0,NULO,31,9
2009,4,17,0,NULO,35,10
2009,4,18,0,NULO,36,10
2009,4,19,0,NULO,34,19
2009,4,20,0,NULO,32,8
2009,4,21,0,NULO,36,11
2009,4,22,0,NULO,35,11
2009,4,23,0,NULO,34,11
2009,4,24,0,NULO,35,7
2009,4,25,0,NULO,34,11
2009,4,26,0,NULO,32,8
2009,4,27,0,NULO,35,10
2009,4,28,0,NULO,36,10
2009,4,29,0,NULO,36,10
2009,4,30,11,NULO,39,11
2009,5,1,0,NULO,47,11
2009,5,2,0,NULO,47,10
2009,5,3,0,NULO,49,11
2009,5,4,0,NULO,48,9
2009,5,5,0,NULO,47,10
2009,5,6,0,NULO,48,10
2009,5,7,0,NULO,47,9
2009,5,8,0,NULO,48,10
2009,5,9,0,NULO,48,11
2009,5,10,0,NULO,47,10
2009,5,11,0,NULO,48,8
2009,5,12,0,NULO,47,9
2009,5,13,0,NULO,47,11
2009,5,14,0,NULO,40,8
2009,5,15,0,NULO,48,8
2009,5,16,0,NULO,50,10
2009,5,17,0,NULO,42,9
2009,5,18,0,NULO,44,8
2009,5,19,0,NULO,43,8
2009,5,20,0,NULO,40,11
2009,5,21,0,NULO,40,13
2009,5,22,0,NULO,40,7
2009,5,23,0,NULO,39,8
2009,5,24,0,NULO,48,7
2009,5,25,0,NULO,49,7
2009,5,26,0,NULO,48,8
2009,5,27,0,NULO,47,20
2009,5,28,0,NULO,39,6
2009,5,29,0,NULO,29,9
2009,5,30,0,NULO,29,8
2009,5,31,0,NULO,31,15
2009,6,1,0,NULO,24,22
2009,6,2,0,NULO,24,22
2009,6,3,0,NULO,25,20
2009,6,4,0,NULO,26,23
2009,6,5,0,NULO,27,23
2009,6,6,0,NULO,27,24
2009,6,7,0,NULO,28,25
2009,6,8,17,NULO,27,25
2009,6,9,19,NULO,24,23
2009,6,10,0,NULO,29,20
2009,6,11,0,NULO,28,21
2009,6,12,0,NULO,24,21
2009,6,13,0,NULO,26,22
2009,6,14,0,NULO,25,22
2009,6,15,0,NULO,29,22
2009,6,16,0,NULO,28,23
2009,6,17,3,NULO,30,25
2009,6,18,0,NULO,29,25
2009,6,19,3,NULO,27,25
2009,6,20,5,NULO,25,23
2009,6,21,0,NULO,25,23
2009,6,22,0,NULO,27,23
2009,6,23,0,NULO,27,24
2009,6,24,0,NULO,29,25
2009,6,25,1,NULO,28,24
2009,6,26,0,NULO,26,24
2009,6,27,0,NULO,27,24
2009,6,28,0,NULO,26,25
2009,6,29,0,NULO,25,23
2009,6,30,0,NULO,27,23
2009,7,1,0,NULO,46,19
2009,7,2,0,NULO,48,19
2009,7,3,5,NULO,48,18
2009,7,4,0,NULO,44,18
2009,7,5,0,NULO,48,18
2009,7,6,0,NULO,48,19
2009,7,7,0,NULO,48,18
2009,7,8,0,NULO,48,18
2009,7,9,1,NULO,49,17
2009,7,10,0,NULO,48,19
2009,7,11,0,NULO,49,17
2009,7,12,0,NULO,46,18
2009,7,13,0,NULO,47,19
2009,7,14,0,NULO,48,19
2009,7,15,0,NULO,46,20
2009,7,16,0,NULO,47,19
2009,7,17,0,NULO,40,19
2009,7,18,0,NULO,41,18
2009,7,19,0,NULO,48,19
2009,7,20,0,NULO,47,18
2009,7,21,0,NULO,48,19
2009,7,22,0,NULO,47,19
2009,7,23,0,NULO,47,19
2009,7,24,0,NULO,46,20
2009,7,25,0,NULO,37,19
2009,7,26,0,NULO,40,18
2009,7,27,0,NULO,47,19
2009,7,28,0,NULO,40,20
2009,7,29,0,NULO,37,19
2009,7,30,0,NULO,49,18
2009,7,31,0,NULO,38,27
2009,8,1,NULO,NULO,40.5,27
2009,8,2,0,NULO,34,27
2009,8,3,0,NULO,37,22
2009,8,4,0,NULO,48,25
2009,8,5,0,NULO,50,25
2009,8,6,0,NULO,49,28
2009,8,7,0,NULO,49,25
2009,8,8,0,NULO,49,24
2009,8,9,1.5,NULO,50,28
2009,8,10,0,NULO,48,28
2009,8,11,0,NULO,47,27
2009,8,12,0,NULO,47,25
2009,8,13,0,NULO,49,24
2009,8,14,0,NULO,49,24
2009,8,15,0,NULO,48,25
2009,8,16,0,NULO,50,21
2009,8,17,0,NULO,49,25
2009,8,18,0,NULO,48,24
2009,8,19,0,NULO,47,26
2009,8,20,0,NULO,49,25
2009,8,21,0,NULO,48,23
2009,8,22,0,NULO,47,24
2009,8,23,0,NULO,49,25
2009,8,24,0,NULO,47,24
2009,8,25,0,NULO,47,24
2009,8,26,0,NULO,49,24
2009,8,27,0,NULO,47,24
2009,8,28,0,NULO,46,25
2009,8,29,0,NULO,48,25
2009,8,30,0,NULO,46,24
2009,8,31,1.1,NULO,49,24
2009,9,1,80,NULO,25,22
2009,9,2,11,NULO,25,22
2009,9,3,26,NULO,24,23
2009,9,4,0,NULO,25,22
2009,9,5,0,NULO,24,23
2009,9,6,0,NULO,25,23
2009,9,7,0,NULO,26,23
2009,9,8,2,NULO,25,24
2009,9,9,25,NULO,25,24
2009,9,10,11,NULO,24,23
2009,9,11,13,NULO,23,21
2009,9,12,0,NULO,25,21
2009,9,13,0,NULO,25,22
2009,9,14,0,NULO,26,23
2009,9,15,12,NULO,26,24
2009,9,16,0,NULO,26,23
2009,9,17,0,NULO,25,23
2009,9,18,0,NULO,25,23
2009,9,19,0,NULO,25,23
2009,9,20,0,NULO,24,23
2009,9,21,0,NULO,NULO,NULO
2009,9,22,0,NULO,24,22
2009,9,23,0,NULO,26,22
2009,9,24,0,NULO,25,22
2009,9,25,0,NULO,24,22
2009,9,26,0,NULO,25,22
2009,9,27,0,NULO,25,23
2009,9,28,12,NULO,25,23
2009,9,29,3,NULO,25,23
2009,9,30,22,NULO,24,23
2009,10,1,0,NULO,24,11
2009,10,2,0,NULO,26,7
2009,10,3,0,NULO,34,9
2009,10,4,0,NULO,35,10
2009,10,5,0,NULO,35,8
2009,10,6,0,NULO,34,9
2009,10,7,0,NULO,35,11
2009,10,8,0,NULO,35,8
2009,10,9,0,NULO,38,7
2009,10,10,0,NULO,36,10
2009,10,11,0,NULO,34,11
2009,10,12,0,NULO,38,12
2009,10,13,0,NULO,37,8
2009,10,14,0,NULO,38,7
2009,10,15,0,NULO,34,9
2009,10,16,0,NULO,37,7
2009,10,17,0,NULO,35,15
2009,10,18,0,NULO,36,11
2009,10,19,0,NULO,38,12
2009,10,20,0,NULO,37,16
2009,10,21,0,NULO,34,15
2009,10,22,0,NULO,32,11
2009,10,23,0,NULO,34,9
2009,10,24,0,NULO,36,9
2009,10,25,0,NULO,39,10
2009,10,26,0,NULO,38,9
2009,10,27,0,NULO,37,9
2009,10,28,0,NULO,43,16
2009,10,29,0,NULO,42,14
2009,10,30,0,NULO,45,16
2009,10,31,0,NULO,34,11
2009,11,1,0,NULO,24,18
2009,11,2,0,NULO,28,8
2009,11,3,0,NULO,30,9
2009,11,4,0,NULO,28,10
2009,11,5,0,NULO,24,11
2009,11,6,0,NULO,25,8
2009,11,7,0,NULO,48,7
2009,11,8,0,NULO,45,10
2009,11,9,0,NULO,40,15
2009,11,10,0,NULO,41,12
2009,11,11,12,NULO,40,7
2009,11,12,11,NULO,42,20
2009,11,13,0,NULO,45,10
2009,11,14,0,NULO,45,7
2009,11,15,0,NULO,42,9
2009,11,16,0,NULO,45,15
2009,11,17,0,NULO,29,11
2009,11,18,0,NULO,27,8
2009,11,19,0,NULO,29,19
2009,11,20,0,NULO,29,16
2009,11,21,0,NULO,28,25
2009,11,22,0,NULO,36,18
2009,11,23,0,NULO,26,9
2009,11,24,0,NULO,25,10
2009,11,25,0,NULO,27,8
2009,11,26,0,NULO,38,7
2009,11,27,0,NULO,26,9
2009,11,28,0,NULO,25,10
2009,11,29,0,NULO,27,8
2009,11,30,0,NULO,30,7
2009,12,1,0,NULO,40,14
2009,12,2,0,NULO,29,7
2009,12,3,0,NULO,29,10
2009,12,4,0,NULO,28,8
2009,12,5,0,NULO,20,9
2009,12,6,0,NULO,32,9
2009,12,7,0,NULO,22,11
2009,12,8,0,NULO,28,9
2009,12,9,0,NULO,25,13
2009,12,10,0,NULO,28,7
2009,12,11,0,NULO,20,8
2009,12,12,0,NULO,29,9
2009,12,13,0,NULO,24,5
2009,12,14,0,NULO,26,8
2009,12,15,0,NULO,27,10
2009,12,16,0,NULO,24,17
2009,12,17,0,NULO,31,19
2009,12,18,0,NULO,28,10
2009,12,19,0,NULO,24,9
2009,12,20,0,NULO,26,12
2009,12,21,0,NULO,28,17
2009,12,22,0,NULO,22,11
2009,12,23,0,NULO,23,9
2009,12,24,0,NULO,29,14
2009,12,25,0,NULO,29,18
2009,12,26,10,NULO,28,13
2009,12,27,9,NULO,24,7
2009,12,28,0,NULO,28,9
2009,12,29,0,NULO,26,10
2009,12,30,0,NULO,28,14
2009,12,31,0,NULO,24,10
2010,1,1,0.5,NULO,20,15
2010,1,2,0,NULO,11,9
2010,1,3,0,NULO,13,8
2010,1,4,0,NULO,13,8
2010,1,5,0,NULO,13,9
2010,1,6,0,NULO,14,11
2010,1,7,0,NULO,23,11
2010,1,8,0,NULO,22,12
2010,1,9,0,NULO,20,16
2010,1,10,0,NULO,19,15
2010,1,11,0,NULO,20,16
2010,1,12,0,NULO,19,14
2010,1,13,0,NULO,19,15
2010,1,14,0,NULO,19,17
2010,1,15,0,NULO,18,15
2010,1,16,0,NULO,17,14
2010,1,17,0,NULO,18,15
2010,1,18,2,NULO,17,15
2010,1,19,2,NULO,15,14
2010,1,20,0,NULO,12,10
2010,1,21,0,NULO,26,10
2010,1,22,0,NULO,25,10
2010,1,23,0,NULO,14,10
2010,1,24,0,NULO,21,12
2010,1,25,2,NULO,20,13
2010,1,26,0,NULO,15,14
2010,1,27,0,NULO,28,13
2010,1,28,0,NULO,27,14
2010,1,29,0,NULO,18,13
2010,1,30,0,NULO,18,15
2010,1,31,0,NULO,21,16
2010,2,1,0,NULO,15,8
2010,2,2,0,NULO,18,8
2010,2,3,0,NULO,22,14
2010,2,4,0,NULO,22,17
2010,2,5,0,NULO,21,17
2010,2,6,0,NULO,18,17
2010,2,7,0,NULO,16,9
2010,2,8,0,NULO,16,10
2010,2,9,0,NULO,21,14
2010,2,10,18,NULO,25,15
2010,2,11,0,NULO,24,19
2010,2,12,0,NULO,18,17
2010,2,13,0,NULO,17,16
2010,2,14,0,NULO,18,11
2010,2,15,0,NULO,22,12
2010,2,16,0,NULO,23,16
2010,2,17,2,NULO,22,21
2010,2,18,9,NULO,20,17
2010,2,19,3,NULO,20,18
2010,2,20,0,NULO,24,18
2010,2,21,0,NULO,21,19
2010,2,22,0,NULO,20,19
2010,2,23,0,NULO,19,18
2010,2,24,0,NULO,32,16
2010,2,25,0,NULO,31,16
2010,2,26,0,NULO,19,18
2010,2,27,0,NULO,13,12
2010,2,28,0,NULO,18,9
2010,3,1,0,NULO,20,17
2010,3,2,0,NULO,20,17
2010,3,3,0,NULO,18,17
2010,3,4,0,NULO,14,13
2010,3,5,0,NULO,19,11
2010,3,6,0,NULO,18,12
2010,3,7,0,NULO,15,14
2010,3,8,0,NULO,16,13
2010,3,9,0,NULO,16,14
2010,3,10,2,NULO,20,14
2010,3,11,0,NULO,20,10
2010,3,12,0,NULO,20,14
2010,3,13,0,NULO,22,18
2010,3,14,0,NULO,21,19
2010,3,15,0,NULO,19,18
2010,3,16,0,NULO,19,17
2010,3,17,0,NULO,21,17
2010,3,18,0,NULO,21,18
2010,3,19,0,NULO,20,19
2010,3,20,0,NULO,12,11
2010,3,21,0,NULO,15,10
2010,3,22,0,NULO,19,11
2010,3,23,10,NULO,18,9
2010,3,24,9,NULO,19,10
2010,3,25,0,NULO,21,10
2010,3,26,0,NULO,20,10
2010,3,27,0,NULO,19,17
2010,3,28,0,NULO,23,18
2010,3,29,0,NULO,22,18
2010,3,30,0,NULO,29,20
2010,3,31,0,NULO,28,21
2010,4,1,0,NULO,25,22
2010,4,2,4,NULO,25,23
2010,4,3,0,NULO,23,21
2010,4,4,2,NULO,22,18
2010,4,5,0,NULO,28,19
2010,4,6,0,NULO,24,21
2010,4,7,0,NULO,24,21
2010,4,8,0,NULO,26,21
2010,4,9,0,NULO,25,23
2010,4,10,0,NULO,24,21
2010,4,11,0,NULO,25,22
2010,4,12,0,NULO,24,23
2010,4,13,0,NULO,25,18
2010,4,14,0,NULO,24,17
2010,4,15,0,NULO,16,13
2010,4,16,0,NULO,21,14
2010,4,17,0,NULO,23,15
2010,4,18,2,NULO,22,20
2010,4,19,0,NULO,23,19
2010,4,20,0,NULO,23,20
2010,4,21,0,NULO,25,20
2010,4,22,0,NULO,25,23
2010,4,23,0,NULO,25,23
2010,4,24,0,NULO,25,23
2010,4,25,2,NULO,25,23
2010,4,26,0,NULO,25,23
2010,4,27,4,NULO,22,17
2010,4,28,0,NULO,18,16
2010,4,29,0,NULO,18,16
2010,4,30,0,NULO,23,16
2010,5,1,0,NULO,25,19
2010,5,2,0,NULO,26,21
2010,5,3,0,NULO,26,24
2010,5,4,0,NULO,26,24
2010,5,5,0,NULO,25,23
2010,5,6,0,NULO,23,22
2010,5,7,0,NULO,25,20
2010,5,8,0,NULO,26,21
2010,5,9,0,NULO,25,24
2010,5,10,0,NULO,25,23
2010,5,11,0,NULO,35,23
2010,5,12,0,NULO,34,24
2010,5,13,0,NULO,26,23
2010,5,14,0,NULO,25,23
2010,5,15,0,NULO,25,23
2010,5,16,0,NULO,24,23
2010,5,17,4,NULO,23,22
2010,5,18,0,NULO,26,21
2010,5,19,0,NULO,25,22
2010,5,20,0,NULO,24,21
2010,5,21,0,NULO,23,22
2010,5,22,0,NULO,23,21
2010,5,23,0,NULO,25,21
2010,5,24,0,NULO,26,21
2010,5,25,0,NULO,25,22
2010,5,26,2,NULO,25,22
2010,5,27,13,NULO,25,23
2010,5,28,0,NULO,24,23
2010,5,29,0,NULO,22,20
2010,5,30,0,NULO,28,20
2010,5,31,0,NULO,25,20
2010,6,1,0,NULO,25,22
2010,6,2,0,NULO,24.5,22.5
2010,6,3,0,NULO,25.5,23.5
2010,6,4,0,NULO,25.5,24.5
2010,6,5,0,NULO,25,22.5
2010,6,6,0,NULO,24.5,22
2010,6,7,0,NULO,25,22
2010,6,8,0,NULO,25.5,18.5
2010,6,9,0,NULO,25.5,22.5
2010,6,10,0,NULO,22.5,21.5
2010,6,11,0,NULO,27,21.5
2010,6,12,0,NULO,28.5,21.5
2010,6,13,0,NULO,28.5,22
2010,6,14,0,NULO,24.5,22.5
2010,6,15,0,NULO,26.5,23.5
2010,6,16,0,NULO,28,24.5
2010,6,17,0,NULO,27,25
2010,6,18,0,NULO,28,26.5
2010,6,19,0,NULO,29.5,24.5
2010,6,20,0,NULO,25.5,24
2010,6,21,0,NULO,26,22
2010,6,22,0,NULO,26,24
2010,6,23,19,NULO,26,23.5
2010,6,24,0,NULO,26,24
2010,6,25,0,NULO,28.5,23
2010,6,26,0,NULO,28.5,23.5
2010,6,27,0,NULO,24.5,21.5
2010,6,28,2,NULO,25.5,23
2010,6,29,7,NULO,25.5,23
2010,6,30,35,NULO,23,22
2010,7,1,2,NULO,23,21
2010,7,2,0,NULO,24,21
2010,7,3,0,NULO,23,22
2010,7,4,28,NULO,23,21
2010,7,5,0,NULO,23,22
2010,7,6,0,NULO,23,21
2010,7,7,10,NULO,23,21
2010,7,8,11,NULO,23,21
2010,7,9,36,NULO,23,21
2010,7,10,0.1,NULO,23,21
2010,7,11,0.6,NULO,23,21
2010,7,12,0.1,NULO,24,21
2010,7,13,0,NULO,24,22
2010,7,14,0,NULO,23,22
2010,7,15,0,NULO,23,21
2010,7,16,0,NULO,23,21
2010,7,17,0,NULO,24,21
2010,7,18,0,NULO,24,22
2010,7,19,0,NULO,23,21
2010,7,20,0,NULO,23,21
2010,7,21,0,NULO,24,21
2010,7,22,0,NULO,24,22
2010,7,23,0,NULO,23,22
2010,7,24,0,NULO,23,21
2010,7,25,0,NULO,23,21
2010,7,26,14,NULO,22,21
2010,7,27,0,NULO,24,20
2010,7,28,0,NULO,24,21
2010,7,29,0,NULO,23,22
2010,7,30,0,NULO,23,21
2010,7,31,0,NULO,22,21
2010,8,1,NULO,NULO,NULO,NULO
2010,8,2,0,NULO,23,21
2010,8,3,0.5,NULO,24,21
2010,8,4,0,NULO,23,22
2010,8,5,0,NULO,23,21
2010,8,6,0,NULO,24,21
2010,8,7,0,NULO,25,22
2010,8,8,0,NULO,24,23
2010,8,9,0,NULO,23,22
2010,8,10,0,NULO,24,21
2010,8,11,0,NULO,24,22
2010,8,12,0,NULO,26,22
2010,8,13,0,NULO,25,23
2010,8,14,0,NULO,24,22
2010,8,15,0,NULO,25,22
2010,8,16,0,NULO,25,23
2010,8,17,0,NULO,26,23
2010,8,18,0,NULO,25,24
2010,8,19,0,NULO,24,23
2010,8,20,19,NULO,24,22
2010,8,21,0,NULO,25,22
2010,8,22,0,NULO,25,23
2010,8,23,0,NULO,24,23
2010,8,24,0,NULO,24,22
2010,8,25,0,NULO,24,22
2010,8,26,0.1,NULO,25,22
2010,8,27,13,NULO,24,23
2010,8,28,0,NULO,25,22
2010,8,29,0,NULO,26,23
2010,8,30,19,NULO,26,24
2010,8,31,0.4,NULO,26,24
2010,9,1,0,NULO,26,22
2010,9,2,0,NULO,26,23
2010,9,3,0,NULO,25,24
2010,9,4,0,NULO,24,23
2010,9,5,0,NULO,25,22
2010,9,6,0,NULO,24,23
2010,9,7,25,NULO,25,22
2010,9,8,23,NULO,24,23
2010,9,9,17,NULO,25,22
2010,9,10,19,NULO,25,23
2010,9,11,0,NULO,25,23
2010,9,12,19,NULO,24,23
2010,9,13,0.4,NULO,25,21
2010,9,14,0,NULO,24,22
2010,9,15,30,NULO,22,20
2010,9,16,0,NULO,21,20
2010,9,17,0,NULO,26,19
2010,9,18,0,NULO,25,20
2010,9,19,0.2,NULO,22,20
2010,9,20,21,NULO,25,20
2010,9,21,26,NULO,24,21
2010,9,22,0.8,NULO,23,22
2010,9,23,20,NULO,23,21
2010,9,24,19,NULO,23,21
2010,9,25,36,NULO,22,21
2010,9,26,0,NULO,23,19
2010,9,27,0,NULO,23,20
2010,9,28,0,NULO,22,21
2010,9,29,0,NULO,19,18
2010,9,30,20,NULO,18,17
2010,10,1,0,NULO,18,17
2010,10,2,0,NULO,19,16
2010,10,3,0,NULO,20,17
2010,10,4,0,NULO,21,18
2010,10,5,0,NULO,20,19
2010,10,6,0,NULO,20,18
2010,10,7,1.9,NULO,23,18
2010,10,8,1.5,NULO,22,19
2010,10,9,0,NULO,21,20
2010,10,10,0,NULO,23,19
2010,10,11,0,NULO,23,20
2010,10,12,0,NULO,22,21
2010,10,13,0,NULO,22,14
2010,10,14,0,NULO,21,20
2010,10,15,2.2,NULO,22,19
2010,10,16,0.5,NULO,23,20
2010,10,17,0.4,NULO,22,21
2010,10,18,0,NULO,22,20
2010,10,19,0,NULO,21,20
2010,10,20,0,NULO,19,18
2010,10,21,0,NULO,18,17
2010,10,22,0,NULO,22,16
2010,10,23,0,NULO,21,17
2010,10,24,0,NULO,24,17
2010,10,25,1.9,NULO,23,18
2010,10,26,0.5,NULO,21,20
2010,10,27,2.1,NULO,20,18
2010,10,28,0,NULO,19,18
2010,10,29,0,NULO,17,13
2010,10,30,0,NULO,19,14
2010,10,31,0.4,NULO,19,16
2010,11,1,0,NULO,19,18
2010,11,2,0,NULO,18,17
2010,11,3,0,NULO,17,15
2010,11,4,0,NULO,17,15
2010,11,5,0,NULO,19,15
2010,11,6,0,NULO,19,16
2010,11,7,1.1,NULO,18,17
2010,11,8,0,NULO,19,16
2010,11,9,0,NULO,20,17
2010,11,10,0,NULO,19,18
2010,11,11,0,NULO,22,17
2010,11,12,0,NULO,23,18
2010,11,13,0,NULO,22,21
2010,11,14,0,NULO,21,20
2010,11,15,0,NULO,20,19
2010,11,16,0,NULO,21,17
2010,11,17,0,NULO,20,18
2010,11,18,0,NULO,19,17
2010,11,19,0,NULO,18,17
2010,11,20,0.5,NULO,16,13
2010,11,21,0,NULO,16,14
2010,11,22,0,NULO,18,13
2010,11,23,0,NULO,15,14
2010,11,24,0,NULO,21,12
2010,11,25,0,NULO,32,14
2010,11,26,22,NULO,20,12
2010,11,27,0,NULO,36,15
2010,11,28,0,NULO,36,12
2010,11,29,0,NULO,36,11
2010,11,30,0,NULO,19,11
2010,12,1,0.1,NULO,34,11
2010,12,2,0,NULO,34,11
2010,12,3,0,NULO,35,13
2010,12,4,0,NULO,30,12
2010,12,5,0,NULO,29,14
2010,12,6,0,NULO,32,10
2010,12,7,0,NULO,30,10
2010,12,8,0,NULO,40,10
2010,12,9,0,NULO,40,10
2010,12,10,0,NULO,23,10
2010,12,11,0,NULO,31,10
2010,12,12,0,NULO,34,5
2010,12,13,0,NULO,25,10
2010,12,14,0,NULO,29,11
2010,12,15,0,NULO,30,10
2010,12,16,0,NULO,32,10
2010,12,17,0,NULO,31,10
2010,12,18,0,NULO,30,10
2010,12,19,0,NULO,32,19
2010,12,20,6,NULO,37,14
2010,12,21,0,NULO,40,10
2010,12,22,0,NULO,31,10
2010,12,23,0,NULO,34,12
2010,12,24,0,NULO,37,14
2010,12,25,0,NULO,31,13
2010,12,26,0,NULO,30,15
2010,12,27,0,NULO,37,5
2010,12,28,0,NULO,38,10
2010,12,29,0,NULO,31,11
2010,12,30,0,NULO,33,10
2010,12,31,0,NULO,34,14
2011,1,1,0,NULO,40,13
2011,1,2,0,NULO,34,13
2011,1,3,0,NULO,41,11
2011,1,4,0,NULO,42,10
2011,1,5,0,NULO,38,9
2011,1,6,0,NULO,43,10
2011,1,7,0,NULO,36,10
2011,1,8,0,NULO,41,12
2011,1,9,0,NULO,42,11
2011,1,10,0,NULO,42,10
2011,1,11,0,NULO,23,10
2011,1,12,0,NULO,30,0
2011,1,13,0,NULO,33,0.2
2011,1,14,1,NULO,32,0.5
2011,1,15,17,NULO,31,0.2
2011,1,16,0,NULO,31,0.5
2011,1,17,0,NULO,34,12
2011,1,18,0,NULO,34,11
2011,1,19,0,NULO,36,12
2011,1,20,0,NULO,42,1.5
2011,1,21,0,NULO,33,0.2
2011,1,22,0,NULO,34,0.2
2011,1,23,0,NULO,34,0.3
2011,1,24,0,NULO,41,0.1
2011,1,25,0,NULO,35,13
2011,1,26,0,NULO,33,10
2011,1,27,0,NULO,41,13
2011,1,28,0,NULO,25,11
2011,1,29,0,NULO,33,11
2011,1,30,0,NULO,30,10
2011,1,31,14,NULO,30,10
2011,2,1,0,NULO,27,9
2011,2,2,0,NULO,26,6
2011,2,3,0,NULO,22,1
2011,2,4,0,NULO,20,1
2011,2,5,0,NULO,25,7
2011,2,6,0,NULO,28,5
2011,2,7,0,NULO,27,9
2011,2,8,0,NULO,26,6
2011,2,9,0,NULO,20,1
2011,2,10,0,NULO,22,4
2011,2,11,6,NULO,22,4
2011,2,12,1,NULO,28,3
2011,2,13,0,NULO,32,2
2011,2,14,0,NULO,28,4
2011,2,15,0,NULO,34,2
2011,2,16,0,NULO,31,1
2011,2,17,0,NULO,33,1
2011,2,18,0,NULO,35,4
2011,2,19,0,NULO,34,7
2011,2,20,0,NULO,30,5
2011,2,21,0,NULO,30,4
2011,2,22,0,NULO,37,4
2011,2,23,0,NULO,37,8
2011,2,24,0,NULO,35,8
2011,2,25,0,NULO,37,8
2011,2,26,0,NULO,35,8
2011,2,27,0,NULO,34,8
2011,2,28,0,NULO,34,7
2011,3,1,0,NULO,33,11
2011,3,2,0,NULO,35,11
2011,3,3,0,NULO,32,11
2011,3,4,0,NULO,36,9
2011,3,5,0,NULO,32,12
2011,3,6,0,NULO,33,9
2011,3,7,0,NULO,35,10
2011,3,8,0,NULO,33,12
2011,3,9,0,NULO,32,11
2011,3,10,0,NULO,32,9
2011,3,11,0,NULO,36,8
2011,3,12,0,NULO,35,10
2011,3,13,0,NULO,36,12
2011,3,14,0,NULO,35,13
2011,3,15,0,NULO,35,12
2011,3,16,0,NULO,34,12
2011,3,17,0,NULO,35,11
2011,3,18,0,NULO,34,12
2011,3,19,0,NULO,33,12
2011,3,20,0,NULO,35,12
2011,3,21,0,NULO,34,12
2011,3,22,0,NULO,35,11
2011,3,23,0,NULO,34,12
2011,3,24,0,NULO,37,10
2011,3,25,0,NULO,39,13
2011,3,26,0,NULO,38,15
2011,3,27,0,NULO,38,13
2011,3,28,0,NULO,37,13
2011,3,29,0,NULO,38,12
2011,3,30,0,NULO,39,15
2011,3,31,0,NULO,39,15
2011,4,1,0,NULO,39,15
2011,4,2,0,NULO,36,15
2011,4,3,0,NULO,38,12
2011,4,4,0,NULO,36,14
2011,4,5,0,NULO,34,12
2011,4,6,0,NULO,36,16
2011,4,7,0,NULO,36,11
2011,4,8,0,NULO,38,12
2011,4,9,0,NULO,37,15
2011,4,10,0,NULO,37,12
2011,4,11,0,NULO,34,13
2011,4,12,0,NULO,34,10
2011,4,13,0,NULO,40,10
2011,4,14,0,NULO,39,16
2011,4,15,0,NULO,37,14
2011,4,16,0,NULO,37,13
2011,4,17,0,NULO,39,13
2011,4,18,0,NULO,39,15
2011,4,19,0,NULO,38,14
2011,4,20,0,NULO,37,11
2011,4,21,0,NULO,31,12
2011,4,22,0,NULO,34,11
2011,4,23,0,NULO,38,10
2011,4,24,0,NULO,32,14
2011,4,25,0,NULO,40,12
2011,4,26,0,NULO,48,11
2011,4,27,0,NULO,46,10
2011,4,28,0,NULO,42,10
2011,4,29,0,NULO,40,14
2011,4,30,0,NULO,43,16
2011,5,1,0,NULO,40,19
2011,5,2,0,NULO,33,16
2011,5,3,0,NULO,34,10
2011,5,4,0,NULO,36,10
2011,5,5,0,NULO,39,11
2011,5,6,0,NULO,40,14
2011,5,7,0,NULO,30,15
2011,5,8,0,NULO,33,10
2011,5,9,0,NULO,41,9
2011,5,10,0,NULO,39,17
2011,5,11,0,NULO,41,14
2011,5,12,0,NULO,45,17
2011,5,13,0,NULO,39,19
2011,5,14,0,NULO,39,16
2011,5,15,0,NULO,37,12
2011,5,16,0,NULO,38,10
2011,5,17,0,NULO,40,11
2011,5,18,0,NULO,40,14
2011,5,19,0,NULO,39,13
2011,5,20,0,NULO,40,12
2011,5,21,0,NULO,41,14
2011,5,22,0,NULO,41,14
2011,5,23,0,NULO,40,15
2011,5,24,0,NULO,41,13
2011,5,25,0,NULO,40,15
2011,5,26,0,NULO,42,13
2011,5,27,0,NULO,42,15
2011,5,28,0,NULO,40,15
2011,5,29,0,NULO,41,13
2011,5,30,0,NULO,40,15
2011,5,31,0,NULO,41,13
2011,6,1,0,NULO,39,19
2011,6,2,0,NULO,37,13
2011,6,3,0,NULO,39,10
2011,6,4,0,NULO,39,12
2011,6,5,0,NULO,41,10
2011,6,6,0,NULO,37,14
2011,6,7,0,NULO,39,10
2011,6,8,0,NULO,39,12
2011,6,9,0,NULO,40,13
2011,6,10,0,NULO,40,13
2011,6,11,0,NULO,39,13
2011,6,12,0,NULO,40,12
2011,6,13,0,NULO,39,14
2011,6,14,0,NULO,38,15
2011,6,15,0,NULO,41,12
2011,6,16,0,NULO,43,15
2011,6,17,0,NULO,41,16
2011,6,18,0,NULO,40,15
2011,6,19,0,NULO,38,16
2011,6,20,0,NULO,43,17
2011,6,21,0,NULO,43,12
2011,6,22,0,NULO,39,17
2011,6,23,0,NULO,39,12
2011,6,24,0.9,NULO,37,12
2011,6,25,48,NULO,41,13
2011,6,26,0.2,NULO,39,15
2011,6,27,2.5,NULO,39,15
2011,6,28,29,NULO,37,14
2011,6,29,116,NULO,36,11
2011,6,30,149,NULO,37,11
2011,7,1,34,NULO,36,18
2011,7,2,34,NULO,36,11
2011,7,3,0.3,NULO,39,12
2011,7,4,0,NULO,37,15
2011,7,5,0,NULO,38,11
2011,7,6,0,NULO,37,11
2011,7,7,0,NULO,39,10
2011,7,8,0,NULO,38,11
2011,7,9,0,NULO,40,11
2011,7,10,0,NULO,39,14
2011,7,11,23,NULO,38,13
2011,7,12,0,NULO,39,11
2011,7,13,9.5,NULO,39,12
2011,7,14,6,NULO,38,13
2011,7,15,18,NULO,39,15
2011,7,16,60,NULO,36,13
2011,7,17,43,NULO,39,10
2011,7,18,0.2,NULO,39,13
2011,7,19,0,NULO,38,13
2011,7,20,0,NULO,40,12
2011,7,21,0,NULO,38,14
2011,7,22,0,NULO,39,11
2011,7,23,0,NULO,40,12
2011,7,24,0.6,NULO,40,16
2011,7,25,0,NULO,39,16
2011,7,26,0,NULO,39,15
2011,7,27,0,NULO,40,15
2011,7,28,7.5,NULO,39,16
2011,7,29,0.2,NULO,37,12
2011,7,30,2.5,NULO,38,11
2011,7,31,20,NULO,36,11
2011,8,1,0,NULO,39,12
2011,8,2,21,NULO,38,14
2011,8,3,0,NULO,38,11
2011,8,4,0,NULO,38,12
2011,8,5,0,NULO,38,11
2011,8,6,0,NULO,39,11
2011,8,7,0,NULO,39,12
2011,8,8,0,NULO,39,11
2011,8,9,0,NULO,40,13
2011,8,10,0,NULO,41,13
2011,8,11,0,NULO,42,14
2011,8,12,0,NULO,40,15
2011,8,13,0,NULO,40,13
2011,8,14,0,NULO,39,15
2011,8,15,0,NULO,38,13
2011,8,16,0,NULO,38,11
2011,8,17,0,NULO,39,12
2011,8,18,0,NULO,37,13
2011,8,19,0,NULO,36,10
2011,8,20,0,NULO,39,9
2011,8,21,39,NULO,34,13
2011,8,22,0,NULO,42,10
2011,8,23,0,NULO,37,15
2011,8,24,0,NULO,38,11
2011,8,25,0,NULO,38,12
2011,8,26,0,NULO,39,11
2011,8,27,0,NULO,40,12
2011,8,28,0,NULO,39,13
2011,8,29,0,NULO,40,12
2011,8,30,0,NULO,39,13
2011,8,31,24,NULO,40,12
2011,9,1,0,NULO,39,14
2011,9,2,0,NULO,39,12
2011,9,3,0,NULO,38,12
2011,9,4,0,NULO,39,12
2011,9,5,19,NULO,37,13
2011,9,6,0,NULO,35,13
2011,9,7,0,NULO,34,9
2011,9,8,0,NULO,36,7
2011,9,9,0,NULO,37,9
2011,9,10,18,NULO,34,11
2011,9,11,20,NULO,39,10
2011,9,12,0,NULO,39,15
2011,9,13,0,NULO,40,15
2011,9,14,0,NULO,40,16
2011,9,15,4,NULO,39,16
2011,9,16,0,NULO,38,15
2011,9,17,0,NULO,39,12
2011,9,18,0,NULO,38,14
2011,9,19,0,NULO,36,13
2011,9,20,0,NULO,35,10
2011,9,21,0,NULO,39,9
2011,9,22,0,NULO,38,14
2011,9,23,0,NULO,37,12
2011,9,24,0,NULO,38,10
2011,9,25,0,NULO,37,11
2011,9,26,0,NULO,38,10
2011,9,27,0,NULO,38,11
2011,9,28,0,NULO,39,10
2011,9,29,0,NULO,39,12
2011,9,30,0,NULO,30,15
2011,10,1,0,NULO,37,11
2011,10,2,0,NULO,39,10
2011,10,3,0,NULO,37,13
2011,10,4,0,NULO,38,10
2011,10,5,0,NULO,34,12
2011,10,6,0,NULO,37,7
2011,10,7,0,NULO,37,10
2011,10,8,0,NULO,37,10
2011,10,9,0,NULO,38,11
2011,10,10,0,NULO,38,12
2011,10,11,0,NULO,35,12
2011,10,12,0,NULO,38,8
2011,10,13,0,NULO,36,11
2011,10,14,0,NULO,37,9
2011,10,15,0,NULO,36,10
2011,10,16,0,NULO,35,9
2011,10,17,0,NULO,34,8
2011,10,18,0,NULO,35,7
2011,10,19,0,NULO,33,8
2011,10,20,0,NULO,36,6
2011,10,21,0,NULO,38,9
2011,10,22,0,NULO,33,11
2011,10,23,0,NULO,31,10
2011,10,24,0,NULO,32,4
2011,10,25,0,NULO,32,5
2011,10,26,0,NULO,31,5
2011,10,27,0,NULO,35,5
2011,10,28,0,NULO,32,8
2011,10,29,0,NULO,33,5
2011,10,30,0,NULO,33,7
2011,10,31,0,NULO,31,6
2011,11,1,0,NULO,35,4
2011,11,2,0,NULO,36,8
2011,11,3,54,NULO,32,9
2011,11,4,0,NULO,37,4
2011,11,5,0,NULO,40,10
2011,11,6,0,NULO,39,12
2011,11,7,0,NULO,36,15
2011,11,8,66,NULO,35,13
2011,11,9,26,NULO,23,9
2011,11,10,0,NULO,29,2
2011,11,11,0,NULO,30,9
2011,11,12,0,NULO,36,6
2011,11,13,0,NULO,35,10
2011,11,14,0,NULO,36,9
2011,11,15,0,NULO,36,12
2011,11,16,0,NULO,35,11
2011,11,17,0,NULO,36,10
2011,11,18,0,NULO,35,12
2011,11,19,0,NULO,36,10
2011,11,20,0,NULO,40,12
2011,11,21,0,NULO,39,12
2011,11,22,0,NULO,35,12
2011,11,23,0,NULO,40,12
2011,11,24,0,NULO,34,12
2011,11,25,0,NULO,34,10
2011,11,26,21,NULO,24,10
2011,11,27,0,NULO,21,11
2011,11,28,0,NULO,20,8
2011,11,29,0,NULO,28,7
2011,11,30,0,NULO,31,5
2011,12,1,0,NULO,30,7
2011,12,2,0,NULO,32,8
2011,12,3,0,NULO,34,9
2011,12,4,0,NULO,35,10
2011,12,5,0,NULO,23,12
2011,12,6,0,NULO,16,3
2011,12,7,0,NULO,31,2
2011,12,8,0,NULO,30,7
2011,12,9,0,NULO,30,7
2011,12,10,0,NULO,27,7
2011,12,11,0,NULO,34,3
2011,12,12,0,NULO,33,10
2011,12,13,0,NULO,38,9
2011,12,14,0,NULO,37,14
2011,12,15,5,NULO,35,13
2011,12,16,8,NULO,29,11
2011,12,17,0,NULO,30,5
2011,12,18,0,NULO,33,7
2011,12,19,0,NULO,30,10
2011,12,20,0,NULO,31,7
2011,12,21,0,NULO,35,8
2011,12,22,0,NULO,31,11
2011,12,23,0,NULO,27,7
2011,12,24,0,NULO,25,6
2011,12,25,0,NULO,26,1
2011,12,26,0,NULO,26,3
2011,12,27,0,NULO,26,4
2011,12,28,0,NULO,27,3
2011,12,29,0,NULO,29,3
2011,12,30,0,NULO,32,5
2011,12,31,0,NULO,32,8
2012,1,1,0,NULO,27,6
2012,1,2,0,NULO,25,4
2012,1,3,0,NULO,26,1
2012,1,4,0,NULO,29,2
2012,1,5,4,NULO,30,5
2012,1,6,0,NULO,32,6
2012,1,7,0,NULO,33,8
2012,1,8,0,NULO,32,9
2012,1,9,0,NULO,30,9
2012,1,10,0,NULO,28,6
2012,1,11,0,NULO,21,5
2012,1,12,0,NULO,24,2
2012,1,13,0,NULO,26,1
2012,1,14,11,NULO,29,2
2012,1,15,1,NULO,31,5
2012,1,16,0,NULO,34,18
2012,1,17,0,NULO,33,10
2012,1,18,0,NULO,34,9
2012,1,19,0,NULO,35,10
2012,1,20,0,NULO,38,11
2012,1,21,0,NULO,36,12
2012,1,22,0,NULO,35,11
2012,1,23,0,NULO,36,11
2012,1,24,0,NULO,35,12
2012,1,25,0,NULO,34,11
2012,1,26,0,NULO,36,10
2012,1,27,0,NULO,34,12
2012,1,28,21,NULO,23,10
2012,1,29,0,NULO,21,1
2012,1,30,0,NULO,32,2
2012,1,31,0,NULO,35,7
2012,2,1,0,NULO,35,12
2012,2,2,0,NULO,35,11
2012,2,3,0,NULO,35,12
2012,2,4,11,NULO,27,14
2012,2,5,10,NULO,25,1
2012,2,6,4,NULO,27,1
2012,2,7,16,NULO,26,3
2012,2,8,15,NULO,25,2
2012,2,9,5.5,NULO,31,2
2012,2,10,0,NULO,28,7
2012,2,11,23,NULO,26,3
2012,2,12,15,NULO,32,1
2012,2,13,0,NULO,35,8
2012,2,14,0,NULO,35,12
2012,2,15,0,NULO,36,13
2012,2,16,0,NULO,37,13
2012,2,17,0,NULO,35,14
2012,2,18,0,NULO,31,12
2012,2,19,0,NULO,38,7
2012,2,20,0,NULO,30,12
2012,2,21,0,NULO,37,11
2012,2,22,0,NULO,38,13
2012,2,23,0,NULO,37,14
2012,2,24,2,NULO,26,14
2012,2,25,0,NULO,26,1
2012,2,26,0,NULO,35,3
2012,2,27,0,NULO,35,10
2012,2,28,0,NULO,37,11
2012,3,1,0,NULO,38,14
2012,3,2,0,NULO,37,15
2012,3,3,0,NULO,33,14
2012,3,4,0,NULO,33,10
2012,3,5,0,NULO,31,10
2012,3,6,3,NULO,32,5
2012,3,7,0,NULO,36,9
2012,3,8,1,NULO,30,13
2012,3,9,0,NULO,20,7
2012,3,10,0,NULO,32,2
2012,3,11,0,NULO,31,9
2012,3,12,0,NULO,39,12
2012,3,13,0,NULO,39,15
2012,3,14,0,NULO,36,15
2012,3,15,0,NULO,37,12
2012,3,16,0,NULO,37,13
2012,3,17,0,NULO,37,13
2012,3,18,0,NULO,38,13
2012,3,19,0,NULO,39,14
2012,3,20,0,NULO,27,15
2012,3,21,0,NULO,37,12
2012,3,22,0,NULO,36,13
2012,3,23,0,NULO,39,13
2012,3,24,0,NULO,38,16
2012,3,25,0,NULO,39,15
2012,3,26,0,NULO,36,16
2012,3,27,0,NULO,37,10
2012,3,28,0,NULO,39,9
2012,3,29,0,NULO,40,12
2012,3,30,0,NULO,39,14
2012,3,31,0,NULO,41,15
2012,4,1,0,NULO,36,18
2012,4,2,0,NULO,36,12
2012,4,3,0,NULO,38,12
2012,4,4,0,NULO,37,14
2012,4,5,0,NULO,39,13
2012,4,6,0,NULO,38,15
2012,4,7,67,NULO,33,15
2012,4,8,0,NULO,36,10
2012,4,9,0,NULO,35,9
2012,4,10,0,NULO,37,9
2012,4,11,0,NULO,36,15
2012,4,12,0,NULO,36,14
2012,4,13,0,NULO,40,9
2012,4,14,0,NULO,39,17
2012,4,15,0,NULO,40,16
2012,4,16,5,NULO,35,16
2012,4,17,0,NULO,35,8
2012,4,18,0,NULO,33,8
2012,4,19,0,NULO,36,6
2012,4,20,0,NULO,35,9
2012,4,21,0,NULO,31,7
2012,4,22,0,NULO,34,5
2012,4,23,0,NULO,30,10
2012,4,24,0,NULO,31,3
2012,4,25,0,NULO,34,4
2012,4,26,0,NULO,36,5
2012,4,27,0,NULO,35,7
2012,4,28,0,NULO,37,8
2012,4,29,0,NULO,38,9
2012,4,30,0,NULO,39,10
2012,5,1,0,NULO,37,11
2012,5,2,0,NULO,38,10
2012,5,3,0,NULO,39,11
2012,5,4,0,NULO,39,15
2012,5,5,0,NULO,40,15
2012,5,6,0,NULO,40,17
2012,5,7,0,NULO,38,17
2012,5,8,0,NULO,37,12
2012,5,9,0,NULO,40,13
2012,5,10,0,NULO,39,17
2012,5,11,0,NULO,38,16
2012,5,12,136,NULO,34,15
2012,5,13,3,NULO,36,11
2012,5,14,0,NULO,37,13
2012,5,15,0,NULO,35,14
2012,5,16,0,NULO,34,8
2012,5,17,0,NULO,34,9
2012,5,18,0,NULO,37,9
2012,5,19,0,NULO,36,10
2012,5,20,0,NULO,36,9
2012,5,21,0,NULO,35,11
2012,5,22,0,NULO,34,8
2012,5,23,0,NULO,36,7
2012,5,24,0,NULO,38,10
2012,5,25,0,NULO,41,12
2012,5,26,0,NULO,42,15
2012,5,27,0,NULO,39,15
2012,5,28,0,NULO,38,14
2012,5,29,0,NULO,38,12
2012,5,30,0,NULO,39,11
2012,5,31,0,NULO,40,12
2012,6,1,0,NULO,39,15
2012,6,2,0,NULO,40,13
2012,6,3,0,NULO,39,14
2012,6,4,0,NULO,38,12
2012,6,5,0,NULO,37,11
2012,6,6,0,NULO,39,10
2012,6,7,0,NULO,40,12
2012,6,8,0,NULO,38,15
2012,6,9,0,NULO,39,11
2012,6,10,0,NULO,40,13
2012,6,11,0,NULO,41,14
2012,6,12,0,NULO,38,15
2012,6,13,0,NULO,38,11
2012,6,14,0,NULO,38,11
2012,6,15,0,NULO,37,10
2012,6,16,23,NULO,40,9
2012,6,17,0,NULO,39,8
2012,6,18,0,NULO,40,12
2012,6,19,50,NULO,37,13
2012,6,20,6,NULO,37,12
2012,6,21,60,NULO,37,10
2012,6,22,6,NULO,39,10
2012,6,23,0,NULO,39,15
2012,6,24,0,NULO,39,13
2012,6,25,0,NULO,38,12
2012,6,26,0,NULO,39,12
2012,6,27,0,NULO,38,11
2012,6,28,0,NULO,38,11
2012,6,29,0,NULO,39,11
2012,6,30,60,NULO,30,12
2012,7,1,0,NULO,38,12
2012,7,2,6,NULO,38,12
2012,7,3,0,NULO,39,11
2012,7,4,0,NULO,38,12
2012,7,5,0,NULO,37,11
2012,7,6,0,NULO,36,10
2012,7,7,0,NULO,32,10
2012,7,8,0,NULO,33,9
2012,7,9,0,NULO,32,11
2012,7,10,0,NULO,37,10
2012,7,11,0,NULO,38,11
2012,7,12,0,NULO,38,12
2012,7,13,0,NULO,35,11
2012,7,14,40,NULO,36,9
2012,7,15,0,NULO,37,10
2012,7,16,0,NULO,38,11
2012,7,17,38,NULO,36,11
2012,7,18,20,NULO,37,11
2012,7,19,27,NULO,37,10
2012,7,20,0,NULO,38,13
2012,7,21,0,NULO,37,11
2012,7,22,0,NULO,38,10
2012,7,23,28,NULO,37,12
2012,7,24,0,NULO,37,12
2012,7,25,0,NULO,38,11
2012,7,26,0,NULO,38,11
2012,7,27,14,NULO,37,12
2012,7,28,0,NULO,36,11
2012,7,29,0,NULO,36,11
2012,7,30,0,NULO,36,11
2012,7,31,0,NULO,37,10
2012,8,1,0,NULO,38,10
2012,8,2,0,NULO,39,11
2012,8,3,0,NULO,38,12
2012,8,4,0,NULO,39,11
2012,8,5,0,NULO,37,15
2012,8,6,0,NULO,36,11
2012,8,7,0,NULO,37,12
2012,8,8,8,NULO,36,10
2012,8,9,19,NULO,35,12
2012,8,10,9,NULO,36,11
2012,8,11,16,NULO,36,13
2012,8,12,0,NULO,37,10
2012,8,13,0,NULO,38,11
2012,8,14,0,NULO,37,11
2012,8,15,0,NULO,38,10
2012,8,16,3,NULO,38,10
2012,8,17,20,NULO,36,11
2012,8,18,0,NULO,37,12
2012,8,19,0,NULO,37,13
2012,8,20,0,NULO,36,13
2012,8,21,0,NULO,37,12
2012,8,22,0,NULO,35,13
2012,8,23,0,NULO,37,12
2012,8,24,0,NULO,38,13
2012,8,25,0,NULO,37,13
2012,8,26,0,NULO,36,13
2012,8,27,4,NULO,36,12
2012,8,28,0,NULO,37,13
2012,8,29,0,NULO,38,10
2012,8,30,0,NULO,38,10
2012,8,31,0,NULO,37,10
2012,9,1,0,NULO,38,13
2012,9,2,0,NULO,36,15
2012,9,3,0,NULO,34,12
2012,9,4,0,NULO,41,12
2012,9,5,0,NULO,41,14
2012,9,6,0,NULO,40,13
2012,9,7,0,NULO,40,14
2012,9,8,0,NULO,39,13
2012,9,9,0,NULO,37,12
2012,9,10,0,NULO,36,12
2012,9,11,20,NULO,37,12
2012,9,12,0,NULO,36,10
2012,9,13,0,NULO,33,10
2012,9,14,40,NULO,33,10
2012,9,15,0,NULO,36,9
2012,9,16,0,NULO,37,10
2012,9,17,0,NULO,36,10
2012,9,18,49,NULO,34,10
2012,9,19,0,NULO,36,10
2012,9,20,0,NULO,33,12
2012,9,21,0,NULO,34,9
2012,9,22,5,NULO,36,10
2012,9,23,20,NULO,33,12
2012,9,24,3,NULO,36,9
2012,9,25,5,NULO,36,10
2012,9,26,0,NULO,37,12
2012,9,27,0,NULO,35,12
2012,9,28,0,NULO,35,11
2012,9,29,0,NULO,34,10
2012,9,30,3,NULO,33,10
2012,10,1,0,NULO,32,9
2012,10,2,0,NULO,32,7
2012,10,3,0,NULO,32,7
2012,10,4,0,NULO,32,8
2012,10,5,0,NULO,33,9
2012,10,6,0,NULO,32,9
2012,10,7,8,NULO,31,9
2012,10,8,0,NULO,32,8
2012,10,9,0,NULO,35,9
2012,10,10,3,NULO,36,10
2012,10,11,4,NULO,37,12
2012,10,12,2,NULO,35,10
2012,10,13,0,NULO,32,12
2012,10,14,0,NULO,33,7
2012,10,15,0,NULO,31,8
2012,10,16,0,NULO,31,7
2012,10,17,0,NULO,39,7
2012,10,18,0,NULO,36,11
2012,10,19,0,NULO,36,12
2012,10,20,0,NULO,35,9
2012,10,21,0,NULO,36,8
2012,10,22,0,NULO,35,10
2012,10,23,0,NULO,34,9
2012,10,24,0,NULO,31,10
2012,10,25,0,NULO,32,7
2012,10,26,0,NULO,29,8
2012,10,27,0,NULO,30,7
2012,10,28,0,NULO,32,6
2012,10,29,0,NULO,32,5
2012,10,30,0,NULO,29,5
2012,10,31,0,NULO,31,5
2012,11,1,0,NULO,29,6
2012,11,2,0,NULO,30,5
2012,11,3,0,NULO,33,6
2012,11,4,0,NULO,31,9
2012,11,5,0,NULO,32,7
2012,11,6,0,NULO,33,8
2012,11,7,0,NULO,31,8
2012,11,8,0,NULO,31,7
2012,11,9,0,NULO,29,8
2012,11,10,0,NULO,30,5
2012,11,11,0,NULO,33,6
2012,11,12,19,NULO,26,7
2012,11,13,5,NULO,28,1
2012,11,14,3,NULO,29,3
2012,11,15,0,NULO,31,4
2012,11,16,10,NULO,30,6
2012,11,17,3,NULO,30,5
2012,11,18,0,NULO,30,5
2012,11,19,0,NULO,29,5
2012,11,20,0,NULO,29,4
2012,11,21,3,NULO,32,4
2012,11,22,0,NULO,33,7
2012,11,23,2,NULO,31,8
2012,11,24,11,NULO,29,6
2012,11,25,0,NULO,29,3
2012,11,26,0,NULO,30,4
2012,11,27,0,NULO,31,5
2012,11,28,0,NULO,30,6
2012,11,29,0,NULO,31,5
2012,11,30,0,NULO,31,7
2012,12,1,0,NULO,33,8
2012,12,2,0,NULO,32,9
2012,12,3,0,NULO,35,7
2012,12,4,0,NULO,36,10
2012,12,5,0,NULO,30,12
2012,12,6,0,NULO,31,5
2012,12,7,0,NULO,31,7
2012,12,8,0,NULO,32,7
2012,12,9,0,NULO,33,7
2012,12,10,0,NULO,27,8
2012,12,11,3,NULO,25,1
2012,12,12,3,NULO,27,1
2012,12,13,0,NULO,30,3
2012,12,14,5,NULO,31,7
2012,12,15,0,NULO,35,6
2012,12,16,0,NULO,31,11
2012,12,17,0,NULO,29,9
2012,12,18,0,NULO,32,5
2012,12,19,0,NULO,33,7
2012,12,20,0,NULO,23,9
2012,12,21,0,NULO,28,1
2012,12,22,0,NULO,29,4
2012,12,23,0,NULO,28,5
2012,12,24,0,NULO,28,2
2012,12,25,0,NULO,27,2
2012,12,26,0,NULO,26,2
2012,12,27,0,NULO,30,3
2012,12,28,0,NULO,30,6
2012,12,29,0,NULO,26,4
2012,12,30,0,NULO,31,1
2012,12,31,0,NULO,31,6
2013,1,1,0,NULO,21,3
2013,1,2,8,NULO,20,1
2013,1,3,5,NULO,23,0
2013,1,4,0,NULO,23,3
2013,1,5,2,NULO,25,3
2013,1,6,3,NULO,25,1
2013,1,7,0,NULO,30,1
2013,1,8,0,NULO,32,5
2013,1,9,0,NULO,31,5
2013,1,10,0,NULO,30,5
2013,1,11,0,NULO,33,6
2013,1,12,0,NULO,29,9
2013,1,13,0,NULO,29,3
2013,1,14,0,NULO,29,3
2013,1,15,2,NULO,22,3
2013,1,16,0,NULO,22,4
2013,1,17,0,NULO,21,1
2013,1,18,0,NULO,23,0
2013,1,19,0,NULO,26,1
2013,1,20,0,NULO,28,3
2013,1,21,0,NULO,29,3
2013,1,22,0,NULO,29,5
2013,1,23,0,NULO,28,4
2013,1,24,0,NULO,29,3
2013,1,25,0,NULO,25,5
2013,1,26,0,NULO,24,1
2013,1,27,0,NULO,33,5
2013,1,28,0,NULO,32,8
2013,1,29,0,NULO,32,6
2013,1,30,0,NULO,23,7
2013,1,31,0,NULO,30,3
2013,2,1,3.5,NULO,31,5
2013,2,2,0,NULO,32,5
2013,2,3,0,NULO,32,8
2013,2,4,0,NULO,30,8
2013,2,5,0,NULO,34,6
2013,2,6,0,NULO,34,8
2013,2,7,0,NULO,32,8
2013,2,8,0,NULO,34,9
2013,2,9,0,NULO,33,8
2013,2,10,0,NULO,35,10
2013,2,11,0,NULO,34,10
2013,2,12,0,NULO,34,10
2013,2,13,0,NULO,32,7
2013,2,14,0,NULO,31,8
2013,2,15,3,NULO,29,6
2013,2,16,0,NULO,27,4
2013,2,17,0,NULO,30,3
2013,2,18,0,NULO,30,5
2013,2,19,0,NULO,31,6
2013,2,20,0,NULO,32,7
2013,2,21,0,NULO,36,8
2013,2,22,0,NULO,35,13
2013,2,23,0,NULO,37,10
2013,2,24,0,NULO,33,13
2013,2,25,0,NULO,30,8
2013,2,26,0,NULO,26,6
2013,2,27,0,NULO,30,5
2013,2,28,0,NULO,26,6
2013,3,1,0,NULO,26,3
2013,3,2,0,NULO,26,3
2013,3,3,0,NULO,23,3
2013,3,4,0,NULO,35,3
2013,3,5,0,NULO,28,11
2013,3,6,0,NULO,28,3
2013,3,7,0,NULO,31,4
2013,3,8,0,NULO,37,8
2013,3,9,0,NULO,31,14
2013,3,10,0,NULO,26,8
2013,3,11,0,NULO,28,3
2013,3,12,0,NULO,30,5
2013,3,13,0,NULO,32,6
2013,3,14,0,NULO,27,10
2013,3,15,0,NULO,33,4
2013,3,16,0,NULO,28,7
2013,3,17,0,NULO,30,4
2013,3,18,0,NULO,33,5
2013,3,19,0,NULO,32,9
2013,3,20,11,NULO,34,6
2013,3,21,0,NULO,34,22
2013,3,22,0,NULO,35,22
2013,3,23,0,NULO,39,23
2013,3,24,0,NULO,38,19
2013,3,25,7,NULO,29,28
2013,3,26,10,NULO,26,17
2013,3,27,7,NULO,30,14
2013,3,28,0,NULO,36,18
2013,3,29,0,NULO,33,23
2013,3,30,0,NULO,32,21
2013,3,31,NULO,NULO,34,20
2013,4,1,0,NULO,34,21
2013,4,2,0,NULO,36,22
2013,4,3,0,NULO,32,23
2013,4,4,0,NULO,34,20
2013,4,5,0,NULO,33,21
2013,4,6,0,NULO,32,20
2013,4,7,0,NULO,32,21
2013,4,8,0,NULO,33,21
2013,4,9,0,NULO,32,22
2013,4,10,0,NULO,33,21
2013,4,11,0,NULO,35,22
2013,4,12,0,NULO,35,23
2013,4,13,0,NULO,34,23
2013,4,14,0,NULO,32,22
2013,4,15,0,NULO,34,20
2013,4,16,0,NULO,33,23
2013,4,17,0,NULO,34,22
2013,4,18,0,NULO,31,22
2013,4,19,0,NULO,29,19
2013,4,20,0,NULO,30,18
2013,4,21,0,NULO,31,19
2013,4,22,0,NULO,33,19
2013,4,23,2,NULO,35,20
2013,4,24,2,NULO,29,22
2013,4,25,0,NULO,31,17
2013,4,26,0,NULO,34,19
2013,4,27,0,NULO,34,20
2013,4,28,0,NULO,34,23
2013,4,29,0,NULO,35,23
2013,4,30,0,NULO,34,24
2013,5,1,0,NULO,37,23
2013,5,2,0,NULO,35,25
2013,5,3,0,NULO,30,24
2013,5,4,0,NULO,30,18
2013,5,5,0,NULO,33,18
2013,5,6,0,NULO,35,21
2013,5,7,0,NULO,38,23
2013,5,8,0,NULO,39,22
2013,5,9,0,NULO,36,25
2013,5,10,0,NULO,37,24
2013,5,11,0,NULO,34,23
2013,5,12,5,NULO,29,22
2013,5,13,2,NULO,34,18
2013,5,14,0,NULO,33,20
2013,5,15,0,NULO,34,21
2013,5,16,0,NULO,35,20
2013,5,17,0,NULO,35,24
2013,5,18,0,NULO,35,24
2013,5,19,0,NULO,37,24
2013,5,20,0,NULO,37,25
2013,5,21,0,NULO,36,25
2013,5,22,0,NULO,38,24
2013,5,23,0,NULO,36,27
2013,5,24,22,NULO,34,25
2013,5,25,0,NULO,34,23
2013,5,26,8,NULO,34,23
2013,5,27,0,NULO,35,23
2013,5,28,0,NULO,35,24
2013,5,29,0,NULO,36,23
2013,5,30,0,NULO,38,24
2013,5,31,0,NULO,36,27
2013,6,1,0,NULO,36,24
2013,6,2,0,NULO,37,24
2013,6,3,0,NULO,36,25
2013,6,4,0,NULO,36,24
2013,6,5,0,NULO,37,24
2013,6,6,0,NULO,37,25
2013,6,7,0,NULO,37,25
2013,6,8,0,NULO,36,25
2013,6,9,0,NULO,37,24
2013,6,10,4,NULO,35,25
2013,6,11,0,NULO,36,23
2013,6,12,0,NULO,37,24
2013,6,13,0,NULO,38,25
2013,6,14,0,NULO,38,26
2013,6,15,0,NULO,36,26
2013,6,16,0,NULO,36,24
2013,6,17,0,NULO,37,24
2013,6,18,0,NULO,36,25
2013,6,19,24,NULO,34,24
2013,6,20,267,NULO,32,22
2013,6,21,29,NULO,36,21
2013,6,22,0,NULO,35,22
2013,6,23,0,NULO,36,23
2013,6,24,4,NULO,36,24
2013,6,25,0,NULO,35,24
2013,6,26,0,NULO,36,23
2013,6,27,0,NULO,37,24
2013,6,28,0,NULO,37,25
2013,6,29,0,NULO,38,25
2013,6,30,0,NULO,38,26
2013,7,1,0,NULO,37,23
2013,7,2,0,NULO,35,24
2013,7,3,0,NULO,37,23
2013,7,4,0,NULO,36,25
2013,7,5,0,NULO,36,24
2013,7,6,17,NULO,35,24
2013,7,7,5,NULO,35,23
2013,7,8,0,NULO,35,23
2013,7,9,0,NULO,35,23
2013,7,10,0,NULO,36,23
2013,7,11,0,NULO,37,24
2013,7,12,0,NULO,36,23
2013,7,13,0,NULO,36,24
2013,7,14,0,NULO,37,24
2013,7,15,0,NULO,36,25
2013,7,16,0,NULO,37,24
2013,7,17,12,NULO,36,25
2013,7,18,0,NULO,35,24
2013,7,19,0,NULO,36,23
2013,7,20,0,NULO,37,24
2013,7,21,0,NULO,37,25
2013,7,22,0,NULO,35,25
2013,7,23,0,NULO,35,24
2013,7,24,0,NULO,38,23
2013,7,25,4,NULO,37,26
2013,7,26,0,NULO,36,25
2013,7,27,0,NULO,36,24
2013,7,28,0,NULO,35,24
2013,7,29,0,NULO,37,23
2013,7,30,0,NULO,36,25
2013,7,31,0,NULO,37,24
2013,8,1,0,NULO,34,25
2013,8,2,0,NULO,34,23
2013,8,3,0,NULO,35,22
2013,8,4,16,NULO,35,23
2013,8,5,0,NULO,38,23
2013,8,6,0,NULO,37,24
2013,8,7,0,NULO,37,25
2013,8,8,0,NULO,36,25
2013,8,9,5,NULO,33,24
2013,8,10,11,NULO,35,21
2013,8,11,0,NULO,36,22
2013,8,12,9,NULO,35,24
2013,8,13,0,NULO,35,23
2013,8,14,0,NULO,36,23
2013,8,15,0,NULO,35,24
2013,8,16,0,NULO,36,24
2013,8,17,0,NULO,37,25
2013,8,18,0,NULO,36,25
2013,8,19,0,NULO,37,24
2013,8,20,0,NULO,39,25
2013,8,21,0,NULO,33,25
2013,8,22,0,NULO,33,21
2013,8,23,24,NULO,33,21
2013,8,24,8,NULO,33,21
2013,8,25,55,NULO,33,21
2013,8,26,38,NULO,33,21
2013,8,27,14,NULO,33,23
2013,8,28,13,NULO,32,24
2013,8,29,0,NULO,32,23
2013,8,30,0,NULO,35,21
2013,8,31,0,NULO,32,21
2013,9,1,0,NULO,32,21
2013,9,2,16,NULO,32,21
2013,9,3,30,NULO,32,21
2013,9,4,20,NULO,33,21
2013,9,5,18,NULO,31,21
2013,9,6,24,NULO,31,19
2013,9,7,60,NULO,31,21
2013,9,8,0,NULO,32,19
2013,9,9,0,NULO,33,20
2013,9,10,5,NULO,32,21
2013,9,11,5,NULO,32,21
2013,9,12,40,NULO,32,21
2013,9,13,12,NULO,31,19
2013,9,14,17,NULO,35,20
2013,9,15,37,NULO,33,21
2013,9,16,28,NULO,32,20
2013,9,17,18,NULO,32,21
2013,9,18,0,NULO,33,20
2013,9,19,0,NULO,33,21
2013,9,20,0,NULO,33,22
2013,9,21,4,NULO,33,20
2013,9,22,0,NULO,30,22
2013,9,23,0,NULO,33,19
2013,9,24,0,NULO,31,21
2013,9,25,0,NULO,32,19
2013,9,26,0,NULO,32,20
2013,9,27,0,NULO,35,20
2013,9,28,0,NULO,35,23
2013,9,29,0,NULO,34,20
2013,9,30,0,NULO,34,20
2013,10,1,0,NULO,32,18
2013,10,2,0,NULO,31,20
2013,10,3,0,NULO,31,19
2013,10,4,0,NULO,32,19
2013,10,5,0,NULO,31,20
2013,10,6,62,NULO,28,20
2013,10,7,0,NULO,21,16
2013,10,8,0,NULO,26,14
2013,10,9,0,NULO,29,14
2013,10,10,0,NULO,30,12
2013,10,11,0,NULO,32,17
2013,10,12,11,NULO,33,20
2013,10,13,0,NULO,30,21
2013,10,14,0,NULO,32,18
2013,10,15,0,NULO,29,19
2013,10,16,0,NULO,31,17
2013,10,17,0,NULO,32,19
2013,10,18,22,NULO,28,19
2013,10,19,0,NULO,32,16
2013,10,20,8,NULO,29,20
2013,10,21,1,NULO,30,16
2013,10,22,8,NULO,27,19
2013,10,23,0,NULO,27,16
2013,10,24,44,NULO,25,13
2013,10,25,19,NULO,28,13
2013,10,26,2,NULO,29,17
2013,10,27,0,NULO,30,17
2013,10,28,0,NULO,32,18
2013,10,29,0,NULO,32,20
2013,10,30,0,NULO,32,20
2013,10,31,0,NULO,32,20
2013,11,1,0,NULO,30,21
2013,11,2,0,NULO,24,19
2013,11,3,0,NULO,25,12
2013,11,4,0,NULO,24,13
2013,11,5,0,NULO,27,13
2013,11,6,45,NULO,29,16
2013,11,7,65,NULO,22,16
2013,11,8,0,NULO,24,10
2013,11,9,0,NULO,28,13
2013,11,10,0,NULO,28,16
2013,11,11,1,NULO,28,16
2013,11,12,23,NULO,24,16
2013,11,13,9,NULO,22,12
2013,11,14,0,NULO,24,9
2013,11,15,0,NULO,28,12
2013,11,16,0,NULO,28,16
2013,11,17,0,NULO,30,16
2013,11,18,0,NULO,30,18
2013,11,19,0,NULO,31,18
2013,11,20,0,NULO,30,19
2013,11,21,0,NULO,31,18
2013,11,22,7,NULO,24,19
2013,11,23,6,NULO,19,12
2013,11,24,0,NULO,19,7
2013,11,25,3,NULO,20,7
2013,11,26,0,NULO,17,8
2013,11,27,0,NULO,15,5
2013,11,28,0,NULO,23,3
2013,11,29,0,NULO,26,10
2013,11,30,0,NULO,25,13
2013,12,1,0,NULO,26,14
2013,12,2,0,NULO,25,11
2013,12,3,0,NULO,28,11
2013,12,4,0,NULO,29,15
2013,12,5,0,NULO,30,17
2013,12,6,2,NULO,20,18
2013,12,7,0,NULO,22,9
2013,12,8,0,NULO,25,10
2013,12,9,4,NULO,20,13
2013,12,10,7,NULO,19,10
2013,12,11,18,NULO,22,9
2013,12,12,7,NULO,22,10
2013,12,13,0,NULO,23,10
2013,12,14,0,NULO,15,11
2013,12,15,0,NULO,15,6
2013,12,16,0,NULO,10,6
2013,12,17,0,NULO,27,5
2013,12,18,0,NULO,27,7
2013,12,19,0,NULO,27,15
2013,12,20,0,NULO,27,14
2013,12,21,0,NULO,27,15
2013,12,22,0,NULO,26,16
2013,12,23,0,NULO,21,14
2013,12,24,0,NULO,21,11
2013,12,25,0,NULO,23,11
2013,12,26,42,NULO,21,10
2013,12,27,21,NULO,21,11
2013,12,28,0,NULO,22,11
2013,12,29,2,NULO,25,10
2013,12,30,17,NULO,20,12
2013,12,31,17,NULO,23,12
2016,1,1,18,NULO,27,10
2016,1,2,4,NULO,17,5
2016,1,3,4,NULO,19,5
2016,1,4,0,NULO,19,7
2016,1,5,0,NULO,20,7
2016,1,6,5,NULO,23,8
2016,1,7,0,NULO,21,10
2016,1,8,0,NULO,21,8
2016,1,9,0,NULO,20,8
2016,1,10,0,NULO,23,8
2016,1,11,0,NULO,24,10
2016,1,12,0,NULO,22,8
2016,1,13,0,NULO,26,9
2016,1,14,0,NULO,29,10
2016,1,15,0,NULO,27,13
2016,1,16,0,NULO,29,14
2016,1,17,0,NULO,29,15
2016,1,18,0,NULO,25,16
2016,1,19,0,NULO,28,11
2016,1,20,0,NULO,29,14
2016,1,21,0,NULO,28,16
2016,1,22,0,NULO,22,14
2016,1,23,0,NULO,20,7
2016,1,24,0,NULO,22,9
2016,1,25,0,NULO,20,11
2016,1,26,0,NULO,20,9
2016,1,27,0,NULO,18,8
2016,1,28,0,NULO,16,7
2016,1,29,0,NULO,22,5
2016,1,30,0,NULO,29,11
2016,1,31,0,NULO,27,13
2016,2,1,0,NULO,29,10
2016,2,2,0,NULO,29,16
2016,2,3,0,NULO,29,16
2016,2,4,0,NULO,30,17
2016,2,5,0,NULO,29,14
2016,2,6,0,NULO,23,16
2016,2,7,0,NULO,28,10
2016,2,8,0,NULO,24,16
2016,2,9,0,NULO,27,8
2016,2,10,0,NULO,25,15
2016,2,11,0,NULO,25,14
2016,2,12,0,NULO,29,14
2016,2,13,0,NULO,30,16
2016,2,14,0,NULO,30,17
2016,2,15,0,NULO,31,18
2016,2,16,0,NULO,31,17
2016,2,17,0,NULO,31,19
2016,2,18,0,NULO,26,19
2016,2,19,6,NULO,25,14
2016,2,20,0,NULO,26,15
2016,2,21,0,NULO,26,16
2016,2,22,0,NULO,28,16
2016,2,23,0,NULO,26,15
2016,2,24,0,NULO,25,17
2016,2,25,0,NULO,24,16
2016,2,26,0,NULO,25,15
2016,2,27,0,NULO,26,15
2016,2,28,0,NULO,27,16
2016,2,29,0,NULO,26,18
2016,3,1,0,NULO,25,18
2016,3,2,0,NULO,28,17
2016,3,3,0,NULO,30,19
2016,3,4,0,NULO,31,20
2016,3,5,0,NULO,32,21
2016,3,6,0,NULO,34,23
2016,3,7,0,NULO,36,24
2016,3,8,0,NULO,31,26
2016,3,9,18,NULO,29,20
2016,3,10,0,NULO,28,17
2016,3,11,0,NULO,30,17
2016,3,12,0,NULO,30,19
2016,3,13,0,NULO,32,19
2016,3,14,0,NULO,31,20
2016,3,15,0,NULO,31,20
2016,3,16,0,NULO,30,19
2016,3,17,0,NULO,31,20
2016,3,18,0,NULO,29,20
2016,3,19,0,NULO,26,18
2016,3,20,0,NULO,27,12
2016,3,21,0,NULO,26,13
2016,3,22,0,NULO,29,12
2016,3,23,0,NULO,36,15
2016,3,24,0,NULO,35,26
2016,3,25,0,NULO,35,22
2016,3,26,0,NULO,37,22
2016,3,27,0,NULO,30,25
2016,3,28,0,NULO,31,22
2016,3,29,0,NULO,33,24
2016,3,30,0,NULO,34,26
2016,3,31,0,NULO,34,27
2016,4,1,0,NULO,31,28
2016,4,2,0,NULO,27,16
2016,4,3,0,NULO,34,19
2016,4,4,0,NULO,34,19
2016,4,5,0,NULO,34,18
2016,4,6,0,NULO,36,19
2016,4,7,0,NULO,39,16
2016,4,8,0,NULO,35,13
2016,4,9,0,NULO,39,16
2016,4,10,0,NULO,39,14
2016,4,11,0,NULO,38,16
2016,4,12,0,NULO,34,19
2016,4,13,0,NULO,31,14
2016,4,14,0,NULO,30,18
2016,4,15,0,NULO,30,24
2016,4,16,0,NULO,36,24
2016,4,17,0,NULO,30,26
2016,4,18,0,NULO,38,24
2016,4,19,0,NULO,31,25
2016,4,20,0,NULO,30,24
2016,4,21,0,NULO,31,23
2016,4,22,22,NULO,36,18
2016,4,23,0,NULO,36,24
2016,4,24,0,NULO,37,22
2016,4,25,0,NULO,35,22
2016,4,26,0,NULO,32,18
2016,4,27,0,NULO,38,25
2016,4,28,0,NULO,39,20
2016,4,29,0,NULO,39,24
2016,4,30,0,NULO,39,23
2016,5,1,0,NULO,37,20
2016,5,2,0,NULO,30,18
2016,5,3,0,NULO,38,18
2016,5,4,0,NULO,30,15
2016,5,5,0,NULO,33,13
2016,5,6,0,NULO,35,16
2016,5,7,0,NULO,34,10
2016,5,8,0,NULO,35,15
2016,5,9,0,NULO,37,18
2016,5,10,0,NULO,35,20
2016,5,11,0,NULO,34,17
2016,5,12,0,NULO,35,20
2016,5,13,0,NULO,36,17
2016,5,14,0,NULO,37,15
2016,5,15,60,NULO,35,19
2016,5,16,0,NULO,38,17
2016,5,17,0,NULO,37,20
2016,5,18,0,NULO,38,19
2016,5,19,0,NULO,36,20
2016,5,20,0,NULO,36,19
2016,5,21,0,NULO,37,19
2016,5,22,0,NULO,37,17
2016,5,23,0,NULO,37,17
2016,5,24,0,NULO,39,19
2016,5,25,0,NULO,37,20
2016,5,26,0,NULO,37,17
2016,5,27,0,NULO,39,17
2016,5,28,0,NULO,39,20
2016,5,29,0,NULO,39,21
2016,5,30,0,NULO,37,20
2016,5,31,0,NULO,38,18
2016,6,1,0,NULO,37,21
2016,6,2,12,NULO,37,20
2016,6,3,0,NULO,37,25
2016,6,4,0,NULO,37,25
2016,6,5,0,NULO,38,25
2016,6,6,0,NULO,38,26
2016,6,7,0,NULO,37,27
2016,6,8,0,NULO,39,20
2016,6,9,0,NULO,35,21
2016,6,10,20,NULO,33,17
2016,6,11,0,NULO,40,15
2016,6,12,0,NULO,38,23
2016,6,13,0,NULO,31,20
2016,6,14,0,NULO,38,17
2016,6,15,0,NULO,35,20
2016,6,16,0,NULO,34,17
2016,6,17,0,NULO,38,18
2016,6,18,48,NULO,30,20
2016,6,19,90,NULO,30,12
2016,6,20,40,NULO,30,12
2016,6,21,60,NULO,37,12
2016,6,22,0,NULO,32,16
2016,6,23,0,NULO,35,14
2016,6,24,0,NULO,35,16
2016,6,25,40,NULO,30,18
2016,6,26,10,NULO,35,12
2016,6,27,0,NULO,35,15
2016,6,28,0,NULO,37,18
2016,6,29,0,NULO,38,18
2016,6,30,0,NULO,30,18
2016,7,1,0,NULO,34,18
2016,7,2,0,NULO,37,16
2016,7,3,0,NULO,37,20
2016,7,4,0,NULO,35,18
2016,7,5,0,NULO,37,19
2016,7,6,0,NULO,38,18
2016,7,7,0,NULO,38,19
2016,7,8,0,NULO,36,20
2016,7,9,0,NULO,35,23
2016,7,10,0,NULO,36,23
2016,7,11,0,NULO,35,23
2016,7,12,0,NULO,35,23
2016,7,13,0,NULO,35,23
2016,7,14,0,NULO,34,23
2016,7,15,0,NULO,36,22
2016,7,16,0,NULO,35,23
2016,7,17,0,NULO,35,22
2016,7,18,0,NULO,33,27
2016,7,19,0,NULO,33,23
2016,7,20,14,NULO,31,23
2016,7,21,0,NULO,31,22
2016,7,22,0,NULO,34,22
2016,7,23,0,NULO,33,22
2016,7,24,0,NULO,34,22
2016,7,25,0,NULO,33,22
2016,7,26,0,NULO,31,22
2016,7,27,12,NULO,31,22
2016,7,28,0,NULO,31,22
2016,7,29,0,NULO,33,22
2016,7,30,0,NULO,33,22
2016,7,31,0,NULO,32,22
2016,8,1,0,NULO,32,24
2016,8,2,0,NULO,32,24
2016,8,3,0,NULO,36,27
2016,8,4,0,NULO,33,23
2016,8,5,0,NULO,33,23
2016,8,6,8,NULO,33,24
2016,8,7,0,NULO,33,23
2016,8,8,0,NULO,34,26
2016,8,9,0,NULO,34,24
2016,8,10,0,NULO,36,24
2016,8,11,0,NULO,36,23
2016,8,12,0,NULO,33,23
2016,8,13,0,NULO,36,23
2016,8,14,0,NULO,32,23
2016,8,15,0,NULO,31,23
2016,8,16,40,NULO,31,23
2016,8,17,15,NULO,32,23
2016,8,18,20,NULO,33,23
2016,8,19,8,NULO,34,23
2016,8,20,0,NULO,33,23
2016,8,21,60,NULO,33,23
2016,8,22,4,NULO,33,21
2016,8,23,0,NULO,34,21
2016,8,24,0,NULO,33,19
2016,8,25,0,NULO,35,22
2016,8,26,0,NULO,33,22
2016,8,27,0,NULO,34,22
2016,8,28,0,NULO,36,22
2016,8,29,0,NULO,36,22
2016,8,30,0,NULO,37,22
2016,8,31,0,NULO,37,24
2016,9,1,0,NULO,33,22
2016,9,2,60,NULO,32,23
2016,9,3,10,NULO,29,23
2016,9,4,0,NULO,32,22
2016,9,5,10,NULO,33,23
2016,9,6,0,NULO,33,22
2016,9,7,0,NULO,34,22
2016,9,8,0,NULO,34,21
2016,9,9,0,NULO,34,22
2016,9,10,0,NULO,33,22
2016,9,11,0,NULO,35,22
2016,9,12,0,NULO,36,22
2016,9,13,0,NULO,34,22
2016,9,14,0,NULO,36,22
2016,9,15,0,NULO,35,22
2016,9,16,0,NULO,34,23
2016,9,17,0,NULO,34,23
2016,9,18,0,NULO,34,23
2016,9,19,0,NULO,31,23
2016,9,20,0,NULO,34,24
2016,9,21,0,NULO,34,23
2016,9,22,0,NULO,36,24
2016,9,23,0,NULO,34,25
2016,9,24,0,NULO,31,25
2016,9,25,0,NULO,33,24
2016,9,26,35,NULO,30,24
2016,9,27,50,NULO,28,24
2016,9,28,8,NULO,30,22
2016,9,29,5,NULO,30,22
2016,9,30,0,NULO,33,22
2016,10,1,0,NULO,33,21
2016,10,2,0,NULO,33,22
2016,10,3,0,NULO,34,21
2016,10,4,0,NULO,34,22
2016,10,5,0,NULO,34,22
2016,10,6,0,NULO,34,22
2016,10,7,20,NULO,28,22
2016,10,8,18,NULO,28,22
2016,10,9,24,NULO,29,20
2016,10,10,0,NULO,32,20
2016,10,11,0,NULO,33,20
2016,10,12,0,NULO,32,22
2016,10,13,0,NULO,32,20
2016,10,14,0,NULO,33,17
2016,10,15,0,NULO,33,21
2016,10,16,0,NULO,33,21
2016,10,17,0,NULO,34,21
2016,10,18,0,NULO,33,22
2016,10,19,0,NULO,34,21
2016,10,20,8,NULO,34,22
2016,10,21,0,NULO,28,22
2016,10,22,0,NULO,29,20
2016,10,23,0,NULO,33,20
2016,10,24,0,NULO,34,21
2016,10,25,0,NULO,34,22
2016,10,26,0,NULO,37,22
2016,10,27,0,NULO,29,21
2016,10,28,0,NULO,32,20
2016,10,29,0,NULO,32,21
2016,10,30,0,NULO,32,21
2016,10,31,0,NULO,32,22
2016,11,1,0,NULO,29,22
2016,11,2,20,NULO,29,21
2016,11,3,15,NULO,29,20
2016,11,4,9,NULO,28,21
2016,11,5,0,NULO,29,18
2016,11,6,0,NULO,31,19
2016,11,7,0,NULO,28,20
2016,11,8,0,NULO,24,20
2016,11,9,25,NULO,33,18
2016,11,10,0,NULO,31,22
2016,11,11,0,NULO,26,20
2016,11,12,0,NULO,28,15
2016,11,13,0,NULO,28,18
2016,11,14,0,NULO,27,20
2016,11,15,0,NULO,29,19
2016,11,16,0,NULO,28,20
2016,11,17,0,NULO,29,20
2016,11,18,5,NULO,27,19
2016,11,19,4,NULO,26,18
2016,11,20,0,NULO,27,15
2016,11,21,0,NULO,27,16
2016,11,22,0,NULO,28,16
2016,11,23,0,NULO,28,16
2016,11,24,0,NULO,27,14
2016,11,25,0,NULO,26,17
2016,11,26,0,NULO,28,18
2016,11,27,0,NULO,34,17
2016,11,28,0,NULO,35,18
2016,11,29,0,NULO,29,19
2016,11,30,0,NULO,27,15
2016,12,1,0,NULO,29,17
2016,12,2,0,NULO,30,19
2016,12,3,0,NULO,28,20
2016,12,4,0,NULO,24,19
2016,12,5,0,NULO,29,18
2016,12,6,0,NULO,27,19
2016,12,7,0,NULO,25,19
2016,12,8,29,NULO,24,11
2016,12,9,7,NULO,18,11
2016,12,10,5,NULO,18,11
2016,12,11,0,NULO,30,13
2016,12,12,0,NULO,27,18
2016,12,13,0,NULO,29,20
2016,12,14,10,NULO,25,20
2016,12,15,0,NULO,28,19
2016,12,16,0,NULO,31,18
2016,12,17,0,NULO,24,20
2016,12,18,0,NULO,21,11
2016,12,19,0,NULO,16,9
2016,12,20,0,NULO,28,12
2016,12,21,0,NULO,28,13
2016,12,22,0,NULO,28,17
2016,12,23,0,NULO,28,17
2016,12,24,0,NULO,29,17
2016,12,25,0,NULO,28,18
2016,12,26,0,NULO,28,18
2016,12,27,0,NULO,29,18
2016,12,28,0,NULO,29,18
2016,12,29,5,NULO,20,15
2016,12,30,0,NULO,29,13
2016,12,31,0,NULO,29,14
2017,1,1,0,NULO,28,18
2017,1,2,0,NULO,30,18
2017,1,3,0,NULO,28,19
2017,1,4,0,NULO,29,17
2017,1,5,0,NULO,27,18
2017,1,6,0,NULO,21,10
2017,1,7,0,NULO,17,6
2017,1,8,0,NULO,23,9
2017,1,9,0,NULO,26,13
2017,1,10,0,NULO,28,13
2017,1,11,0,NULO,28,15
2017,1,12,0,NULO,28,15
2017,1,13,0,NULO,26,17
2017,1,14,0,NULO,25,17
2017,1,15,0,NULO,29,16
2017,1,16,0,NULO,29,18
2017,1,17,0,NULO,30,18
2017,1,18,0,NULO,30,18
2017,1,19,0,NULO,30,18
2017,1,20,0,NULO,35,19
2017,1,21,0,NULO,29,21
2017,1,22,0,NULO,27,13
2017,1,23,0,NULO,28,20
2017,1,24,0,NULO,31,20
2017,1,25,0,NULO,28,22
2017,1,26,0,NULO,27,20
2017,1,27,8,NULO,22,18
2017,1,28,0,NULO,23,9
2017,1,29,0,NULO,26,9
2017,1,30,0,NULO,29,12
2017,1,31,0,NULO,28,15
2017,2,1,0,NULO,28,16
2017,2,2,0,NULO,26,17
2017,2,3,20,NULO,26,17
2017,2,4,0,NULO,26,17
2017,2,5,0,NULO,31,15
2017,2,6,0,NULO,32,16
2017,2,7,0,NULO,33,18
2017,2,8,0,NULO,33,18
2017,2,9,0,NULO,30,18
2017,2,10,0,NULO,30,17
2017,2,11,0,NULO,30,17
2017,2,12,0,NULO,30,18
2017,2,13,0,NULO,30,18
2017,2,14,0,NULO,26,20
2017,2,15,0,NULO,30,10
2017,2,16,0,NULO,30,10
2017,2,17,0,NULO,33,16
2017,2,18,0,NULO,33,17
2017,2,19,0,NULO,31,19
2017,2,20,0,NULO,31,17
2017,2,21,0,NULO,34,17
2017,2,22,0,NULO,35,14
2017,2,23,0,NULO,36,16
2017,2,24,0,NULO,30,16
2017,2,25,0,NULO,31,17
2017,2,26,0,NULO,33,18
2017,2,27,0,NULO,33,19
2017,2,28,0,NULO,33,18
2017,3,1,0,NULO,27,17
2017,3,2,0,NULO,21,14
2017,3,3,0,NULO,27,15
2017,3,4,0,NULO,29,15
2017,3,5,0,NULO,31,17
2017,3,6,0,NULO,31,19
2017,3,7,0,NULO,29,19
2017,3,8,0,NULO,27,19
2017,3,9,0,NULO,27,19
2017,3,10,0,NULO,29,20
2017,3,11,0,NULO,28,19
2017,3,12,45,NULO,28,19
2017,3,13,0,NULO,27,17
2017,3,14,0,NULO,31,16
2017,3,15,0,NULO,31,19
2017,3,16,0,NULO,29,19
2017,3,17,0,NULO,29,20
2017,3,18,0,NULO,NULO,NULO
2017,3,19,0,NULO,NULO,NULO
2017,3,20,0,NULO,31,19
2017,3,21,0,NULO,31,17
2017,3,22,0,NULO,31,17
2017,3,23,0,NULO,33,18
2017,3,24,0,NULO,32,19
2017,3,25,0,NULO,33,19
2017,3,26,0,NULO,32,20
2017,3,27,0,NULO,32,20
2017,3,28,0,NULO,31,21
2017,3,29,0,NULO,31,20
2017,3,30,0,NULO,32,17
2017,3,31,0,NULO,36,18
2017,4,1,0,NULO,36,21
2017,4,2,0,NULO,31,21
2017,4,3,0,NULO,39,18
2017,4,4,0,NULO,37,20
2017,4,5,0,NULO,29,22
2017,4,6,0,NULO,28,17
2017,4,7,0,NULO,31,18
2017,4,8,0,NULO,31,18
2017,4,9,0,NULO,33,22
2017,4,10,0,NULO,30,20
2017,4,11,0,NULO,31,18
2017,4,12,0,NULO,31,18
2017,4,13,0,NULO,33,19
2017,4,14,0,NULO,33,19
2017,4,15,0,NULO,31,20
2017,4,16,0,NULO,30,20
2017,4,17,0,NULO,31,18
2017,4,18,0,NULO,32,20
2017,4,19,0,NULO,32,19
2017,4,20,0,NULO,33,18
2017,4,21,0,NULO,31,19
2017,4,22,0,NULO,32,19
2017,4,23,0,NULO,32,20
2017,4,24,0,NULO,36,21
2017,4,25,0,NULO,39,22
2017,4,26,0,NULO,34,24
2017,4,27,0,NULO,40,20
2017,4,28,0,NULO,39,20
2017,4,29,0,NULO,43,24
2017,4,30,0,NULO,37,23
2017,5,1,0,NULO,33,20
2017,5,2,0,NULO,33,21
2017,5,3,0,NULO,33,23
2017,5,4,0,NULO,36,22
2017,5,5,0,NULO,35,24
2017,5,6,0,NULO,34,23
2017,5,7,0,NULO,33,22
2017,5,8,0,NULO,32,23
2017,5,9,0,NULO,35,23
2017,5,10,0,NULO,33,22
2017,5,11,0,NULO,35,20
2017,5,12,0,NULO,33,21
2017,5,13,0,NULO,33,23
2017,5,14,0,NULO,36,22
2017,5,15,0,NULO,35,24
2017,5,16,0,NULO,34,23
2017,5,17,0,NULO,33,22
2017,5,18,0,NULO,33,23
2017,5,19,0,NULO,35,23
2017,5,20,0,NULO,38,22
2017,5,21,0,NULO,36,25
2017,5,22,50,NULO,38,24
2017,5,23,0,NULO,37,26
2017,5,24,0,NULO,33,22
2017,5,25,0,NULO,36,22
2017,5,26,0,NULO,38,25
2017,5,27,0,NULO,38,26
2017,5,28,0,NULO,33,25
2017,5,29,55,NULO,33,22
2017,5,30,0,NULO,33,22
2017,5,31,0,NULO,32,21
2017,6,1,0,NULO,30,26
2017,6,2,0,NULO,33,20
2017,6,3,0,NULO,36,23
2017,6,4,0,NULO,35,24
2017,6,5,0,NULO,34,24
2017,6,6,0,NULO,33,22
2017,6,7,0,NULO,33,23
2017,6,8,0,NULO,36,23
2017,6,9,0,NULO,33,24
2017,6,10,0,NULO,33,23
2017,6,11,0,NULO,33,22
2017,6,12,0,NULO,30,22
2017,6,13,0,NULO,35,20
2017,6,14,0,NULO,32,22
2017,6,15,0,NULO,33,23
2017,6,16,0,NULO,35,23
2017,6,17,0,NULO,38,23
2017,6,18,0,NULO,36,25
2017,6,19,0,NULO,38,24
2017,6,20,0,NULO,34,25
2017,6,21,0,NULO,34,24
2017,6,22,0,NULO,34,21
2017,6,23,0,NULO,33,21
2017,6,24,90,NULO,29,23
2017,6,25,0,NULO,34,17
2017,6,26,0,NULO,30,21
2017,6,27,0,NULO,35,21
2017,6,28,0,NULO,34,23
2017,6,29,0,NULO,35,22
2017,6,30,0,NULO,33,22
2017,7,1,24,NULO,35,20
2017,7,2,11,NULO,34,22
2017,7,3,0,NULO,33,22
2017,7,4,0,NULO,33,20
2017,7,5,0,NULO,34,21
2017,7,6,0,NULO,33,22
2017,7,7,25,NULO,35,20
2017,7,8,20,NULO,34,22
2017,7,9,0,NULO,34,21
2017,7,10,0,NULO,33,21
2017,7,11,5,NULO,35,20
2017,7,12,10,NULO,36,22
2017,7,13,0,NULO,35,23
2017,7,14,0,NULO,34,22
2017,7,15,0,NULO,33,22
2017,7,16,0,NULO,32,22
2017,7,17,0,NULO,30,21
2017,7,18,0,NULO,31,22
2017,7,19,0,NULO,32,21
2017,7,20,0,NULO,31,20
2017,7,21,0,NULO,30,23
2017,7,22,0,NULO,34,20
2017,7,23,0,NULO,31,21
2017,7,24,25,NULO,30,23
2017,7,25,60,NULO,28,18
2017,7,26,5,NULO,33,17
2017,7,27,0,NULO,32,21
2017,7,28,0,NULO,35,20
2017,7,29,0,NULO,34,21
2017,7,30,0,NULO,34,21
2017,7,31,0,NULO,35,21
2017,8,1,0,NULO,32,24
2017,8,2,0,NULO,33,23
2017,8,3,0,NULO,35,21
2017,8,4,0,NULO,36,23
2017,8,5,0,NULO,35,24
2017,8,6,0,NULO,36,22
2017,8,7,0,NULO,35,23
2017,8,8,28,NULO,33,21
2017,8,9,70,NULO,32,20
2017,8,10,8,NULO,32,20
2017,8,11,0,NULO,32,21
2017,8,12,0,NULO,34,20
2017,8,13,0,NULO,32,22
2017,8,14,0,NULO,31,21
2017,8,15,0,NULO,33,22
2017,8,16,0,NULO,33,20
2017,8,17,0,NULO,34,21
2017,8,18,0,NULO,33,22
2017,8,19,0,NULO,34,20
2017,8,20,0,NULO,35,21
2017,8,21,0,NULO,34,22
2017,8,22,0,NULO,34,21
2017,8,23,0,NULO,33,21
2017,8,24,0,NULO,35,20
2017,8,25,0,NULO,36,22
2017,8,26,0,NULO,35,23
2017,8,27,0,NULO,34,22
2017,8,28,0,NULO,33,22
2017,8,29,0,NULO,32,22
2017,8,30,0,NULO,30,21
2017,8,31,0,NULO,28,20
2017,9,1,0,NULO,29,20
2017,9,2,0,NULO,31,21
2017,9,3,64,NULO,28,21
2017,9,4,0,NULO,29,20
2017,9,5,3,NULO,30,24
2017,9,6,30,NULO,29,19
2017,9,7,9,NULO,34,16
2017,9,8,60,NULO,30,23
2017,9,9,55,NULO,33,20
2017,9,10,0,NULO,35,23
2017,9,11,0,NULO,35,21
2017,9,12,0,NULO,34,21
2017,9,13,0,NULO,33,20
2017,9,14,0,NULO,35,21
2017,9,15,0,NULO,31,22
2017,9,16,0,NULO,31,20
2017,9,17,10,NULO,34,20
2017,9,18,0,NULO,34,21
2017,9,19,0,NULO,34,20
2017,9,20,0,NULO,34,20
2017,9,21,0,NULO,35,20
2017,9,22,0,NULO,32,21
2017,9,23,0,NULO,31,20
2017,9,24,25,NULO,30,20
2017,9,25,28,NULO,30,19
2017,9,26,5,NULO,30,19
2017,9,27,0,NULO,31,20
2017,9,28,3,NULO,30,20
2017,9,29,20,NULO,30,20
2017,9,30,0,NULO,30,20
2017,10,1,40,NULO,29,20
2017,10,2,5,NULO,29,21
2017,10,3,10,NULO,30,20
2017,10,4,25,NULO,24,20
2017,10,5,13,NULO,23,19
2017,10,6,20,NULO,34,19
2017,10,7,0,NULO,34,20
2017,10,8,0,NULO,36,20
2017,10,9,0,NULO,29,22
2017,10,10,13,NULO,29,20
2017,10,11,6,NULO,28,21
2017,10,12,0,NULO,NULO,NULO
2017,10,13,0,NULO,NULO,NULO
2017,10,14,0,NULO,29,20
2017,10,15,0,NULO,28,20
2017,10,16,0,NULO,27,21
2017,10,17,0,NULO,23,20
2017,10,18,0,NULO,24,20
2017,10,19,0,NULO,29,20
2017,10,20,0,NULO,30,20
2017,10,21,0,NULO,35,21
2017,10,22,0,NULO,30,21
2017,10,23,0,NULO,32,20
2017,10,24,0,NULO,30,19
2017,10,25,0,NULO,32,18
2017,10,26,0,NULO,33,18
2017,10,27,0,NULO,26,19
2017,10,28,0,NULO,25,17
2017,10,29,0,NULO,24,15
2017,10,30,0,NULO,24,16
2017,11,1,0,NULO,30,19
2017,11,2,0,NULO,32,20
2017,11,3,0,NULO,32,21
2017,11,4,0,NULO,31,21
2017,11,5,0,NULO,30,20
2017,11,6,0,NULO,29,20
2017,11,7,0,NULO,29,21
2017,11,8,0,NULO,28,22
2017,11,9,0,NULO,26,20
2017,11,10,0,NULO,27,18
2017,11,11,0,NULO,29,20
2017,11,12,0,NULO,30,21
2017,11,13,0,NULO,29,22
2017,11,14,0,NULO,30,22
2017,11,15,0,NULO,31,22
2017,11,16,0,NULO,30,23
2017,11,17,0,NULO,28,22
2017,11,18,0,NULO,28,19
2017,11,19,0,NULO,29,17
2017,11,20,0,NULO,29,20
2017,11,21,0,NULO,26,20
2017,11,22,0,NULO,22,17
2017,11,23,0,NULO,25,10
2017,11,24,0,NULO,28,18
2017,11,25,0,NULO,29,19
2017,11,26,0,NULO,29,19
2017,11,27,0,NULO,29,20
2017,11,28,0,NULO,30,20
2017,11,29,0,NULO,30,21
2017,11,30,0,NULO,33,20
2017,12,1,0,NULO,33,20
2017,12,2,0,NULO,33,21
2017,12,3,0,NULO,34,19
2017,12,4,0,NULO,33,22
2017,12,5,0,NULO,24,20
2017,12,6,0,NULO,20,16
2017,12,7,0,NULO,18,10
2017,12,8,0,NULO,19,6
2017,12,9,0,NULO,10,7
2017,12,10,0,NULO,19,9
2017,12,11,0,NULO,25,9
2017,12,12,0,NULO,26,14
2017,12,13,0,NULO,32,15
2017,12,14,0,NULO,24,19
2017,12,15,0,NULO,25,9
2017,12,16,0,NULO,30,10
2017,12,17,0,NULO,32,19
2017,12,18,0,NULO,31,19
2017,12,19,0,NULO,31,19
2017,12,20,0,NULO,31,19
2017,12,21,0,NULO,31,20
2017,12,22,0,NULO,29,21
2017,12,23,0,NULO,22,18
2017,12,24,0,NULO,30,10
2017,12,25,0,NULO,31,17
2017,12,26,0,NULO,30,19
2017,12,27,0,NULO,30,19
2017,12,28,0,NULO,31,20
2017,12,29,0,NULO,31,21
2017,12,30,0,NULO,31,20
2017,12,31,0,NULO,31,19
2018,1,1,108,NULO,20,15
2018,1,2,5,NULO,20,8
2018,1,3,20,NULO,18,9
2018,1,4,NULO,NULO,22,9
2018,1,5,NULO,NULO,30,10
2018,1,6,NULO,NULO,30,16
2018,1,7,NULO,NULO,35,18
2018,1,8,NULO,NULO,26,16
2018,1,9,NULO,NULO,29,15
2018,1,10,NULO,NULO,30,18
2018,1,11,NULO,NULO,28,19
2018,1,12,NULO,NULO,25,17
2018,1,13,NULO,NULO,25,15
2018,1,14,20,NULO,15,8
2018,1,15,NULO,NULO,10,7
2018,1,16,4,NULO,18,7
2018,1,17,NULO,NULO,29,8
2018,1,18,NULO,NULO,25,17
2018,1,19,NULO,NULO,29,15
2018,1,20,NULO,NULO,25,17
2018,1,21,NULO,NULO,31,15
2018,1,22,NULO,NULO,25,19
2018,1,23,NULO,NULO,24,15
2018,1,24,NULO,NULO,23,15
2018,1,25,NULO,NULO,25,15
2018,1,26,NULO,NULO,29,16
2018,1,27,38,NULO,24,20
2018,1,28,NULO,NULO,24,18
2018,1,29,NULO,NULO,29,18
2018,1,30,NULO,NULO,30,20
2018,1,31,NULO,NULO,30,19
2018,2,1,NULO,NULO,29,20
2018,2,2,NULO,NULO,26,18
2018,2,3,NULO,NULO,32,17
2018,2,4,NULO,NULO,29,20
2018,2,5,NULO,NULO,31,19
2018,2,6,NULO,NULO,30,20
2018,2,7,NULO,NULO,27,20
2018,2,8,NULO,NULO,28,18
2018,2,9,NULO,NULO,33,19
2018,2,10,NULO,NULO,31,20
2018,2,11,NULO,NULO,29,20
2018,2,12,NULO,NULO,30,19
2018,2,13,NULO,NULO,30,19
2018,2,14,NULO,NULO,33,20
2018,2,15,NULO,NULO,33,20
2018,2,16,NULO,NULO,34,20
2018,2,17,NULO,NULO,33,21
2018,2,18,NULO,NULO,31,20
2018,2,19,NULO,NULO,32,20
2018,2,20,NULO,NULO,33,21
2018,2,21,NULO,NULO,33,21
2018,2,22,NULO,NULO,34,21
2018,2,23,NULO,NULO,34,22
2018,2,24,NULO,NULO,35,22
2018,2,25,NULO,NULO,34,23
2018,2,26,NULO,NULO,34,22
2018,2,27,NULO,NULO,34,21
2018,2,28,NULO,NULO,34,21
2018,3,1,NULO,NULO,33,22
2018,3,2,NULO,NULO,34,20
2018,3,3,NULO,NULO,34,22
2018,3,4,NULO,NULO,36,21
2018,3,5,NULO,NULO,36,22
2018,3,6,NULO,NULO,36,22
2018,3,7,18,NULO,30,14
2018,3,8,NULO,NULO,32,16
2018,3,9,NULO,NULO,34,19
2018,3,10,NULO,NULO,37,22
2018,3,11,NULO,NULO,30,22
2018,3,12,NULO,NULO,28,19
2018,3,13,9,NULO,26,19
2018,3,14,4,NULO,30,16
2018,3,15,4,NULO,29,19
2018,3,16,NULO,NULO,NULO,NULO
2018,3,17,NULO,NULO,NULO,NULO
2018,3,18,NULO,NULO,33,19
2018,3,19,NULO,NULO,33,22
2018,3,20,NULO,NULO,30,23
2018,3,21,NULO,NULO,35,20
2018,3,22,NULO,NULO,37,22
2018,3,23,NULO,NULO,39,22
2018,3,24,NULO,NULO,39,24
2018,3,25,NULO,NULO,39,25
2018,3,26,NULO,NULO,38,26
2018,3,27,NULO,NULO,39,26
2018,3,28,NULO,NULO,36,23
2018,3,29,NULO,NULO,29,22
2018,3,30,NULO,NULO,32,20
2018,3,31,NULO,NULO,33,20
2018,4,1,NULO,NULO,34,22
2018,4,2,NULO,NULO,34,22
2018,4,3,NULO,NULO,32,23
2018,4,4,NULO,NULO,34,21
2018,4,5,NULO,NULO,33,22
2018,4,6,NULO,NULO,34,22
2018,4,7,NULO,NULO,29,24
2018,4,8,NULO,NULO,30,20
2018,4,9,NULO,NULO,29,22
2018,4,10,60,NULO,28,19
2018,4,11,NULO,NULO,30,19
2018,4,12,NULO,NULO,32,20
2018,4,13,NULO,NULO,30,21
2018,4,14,NULO,NULO,29,22
2018,4,15,NULO,NULO,28,20
2018,4,16,NULO,NULO,29,19
2018,4,17,NULO,NULO,29,20
2018,4,18,NULO,NULO,30,20
2018,4,19,NULO,NULO,32,20
2018,4,20,NULO,NULO,30,21
2018,4,21,NULO,NULO,32,20
2018,4,22,NULO,NULO,32,23
2018,4,23,NULO,NULO,32,24
2018,4,24,NULO,NULO,32,23
2018,4,25,NULO,NULO,32,24
2018,4,26,NULO,NULO,30,24
2018,4,27,NULO,NULO,29,21
2018,4,28,NULO,NULO,29,20
2018,4,29,10,NULO,30,19
2018,4,30,NULO,NULO,NULO,NULO
2018,5,1,0,NULO,32,22
2018,5,2,0,NULO,33,23
2018,5,3,0,NULO,30,22
2018,5,4,NULO,NULO,30,21
2018,5,5,NULO,NULO,32,20
2018,5,6,NULO,NULO,34,21
2018,5,7,NULO,NULO,33,22
2018,5,8,NULO,NULO,34,22
2018,5,9,NULO,NULO,34,23
2018,5,10,NULO,NULO,30,23
2018,5,11,NULO,NULO,34,21
2018,5,12,NULO,NULO,35,23
2018,5,13,NULO,NULO,36,25
2018,5,14,NULO,NULO,35,25
2018,5,15,NULO,NULO,36,25
2018,5,16,NULO,NULO,38,25
2018,5,17,NULO,NULO,38,25
2018,5,18,NULO,NULO,36,26
2018,5,19,NULO,NULO,35,25
2018,5,20,NULO,NULO,34,25
2018,5,21,NULO,NULO,38,23
2018,5,22,NULO,NULO,38,25
2018,5,23,NULO,NULO,39,25
2018,5,24,NULO,NULO,38,26
2018,5,25,NULO,NULO,40,26
2018,5,26,NULO,NULO,39,27
2018,5,27,NULO,NULO,39,26
2018,5,28,NULO,NULO,39,25
2018,5,29,NULO,NULO,36,25
2018,5,30,NULO,NULO,40,25
2018,5,31,NULO,NULO,36,26
2018,6,1,NULO,NULO,35,26
2018,6,2,NULO,NULO,34,25
2018,6,3,NULO,NULO,34,24
2018,6,4,NULO,NULO,37,24
2018,6,5,NULO,NULO,38,25
2018,6,6,NULO,NULO,39,26
2018,6,7,NULO,NULO,35,27
2018,6,8,NULO,NULO,37,22
2018,6,9,NULO,NULO,37,25
2018,6,10,NULO,NULO,37,25
2018,6,11,NULO,NULO,37,25
2018,6,12,22,NULO,37,25
2018,6,13,20,NULO,34,25
2018,6,14,NULO,NULO,37,22
2018,6,15,NULO,NULO,36,25
2018,6,16,NULO,NULO,36,25
2018,6,17,NULO,NULO,36,25
2018,6,18,NULO,NULO,35,25
2018,6,19,NULO,NULO,34,25
2018,6,20,NULO,NULO,36,24
2018,6,21,NULO,NULO,37,25
2018,6,22,NULO,NULO,38,26
2018,6,23,NULO,NULO,40,26
2018,6,24,NULO,NULO,39,27
2018,6,25,40,NULO,32,26
2018,6,26,NULO,NULO,33,23
2018,6,27,NULO,NULO,35,24
2018,6,28,NULO,NULO,35,24
2018,6,29,NULO,NULO,35,24
2018,6,30,NULO,NULO,36,23
2018,7,1,NULO,NULO,37,24
2018,7,2,NULO,NULO,37,26
2018,7,3,NULO,NULO,38,26
2018,7,4,NULO,NULO,37,27
2018,7,5,10,NULO,35,26
2018,7,6,NULO,NULO,36,24
2018,7,7,NULO,NULO,35,24
2018,7,8,20,NULO,35,24
2018,7,9,NULO,NULO,35,24
2018,7,10,NULO,NULO,35,24
2018,7,11,NULO,NULO,33,24
2018,7,12,NULO,NULO,35,23
2018,7,13,NULO,NULO,36,24
2018,7,14,NULO,NULO,37,24
2018,7,15,NULO,NULO,37,26
2018,7,16,NULO,NULO,37,26
2018,7,17,NULO,NULO,37,26
2018,7,18,NULO,NULO,37,26
2018,7,19,NULO,NULO,36,26
2018,7,20,NULO,NULO,37,26
2018,7,21,NULO,NULO,37,26
2018,7,22,NULO,NULO,37,26
2018,7,23,NULO,NULO,38,26
2018,7,24,NULO,NULO,32,27
2018,7,25,NULO,NULO,32,27
2018,7,26,NULO,NULO,33,26
2018,7,27,NULO,NULO,34,26
2018,7,28,NULO,NULO,33,27
2018,7,29,NULO,NULO,33,27
2018,7,30,NULO,NULO,34,26
2018,7,31,NULO,NULO,NULO,NULO
2018,8,1,NULO,NULO,36,23
2018,8,2,NULO,NULO,31,24
2018,8,3,NULO,NULO,31,19
2018,8,4,NULO,NULO,32,19
2018,8,5,NULO,NULO,32,20
2018,8,6,NULO,NULO,32,20
2018,8,7,NULO,NULO,34,20
2018,8,8,NULO,NULO,32,23
2018,8,9,NULO,NULO,36,20
2018,8,10,NULO,NULO,33,24
2018,8,11,20,NULO,33,21
2018,8,12,NULO,NULO,33,21
2018,8,13,NULO,NULO,30,20
2018,8,14,NULO,NULO,32,19
2018,8,15,NULO,NULO,32,19
2018,8,16,NULO,NULO,32,19
2018,8,17,NULO,NULO,32,21
2018,8,18,NULO,NULO,30,21
2018,8,19,NULO,NULO,32,19
2018,8,20,5,NULO,31,20
2018,8,21,NULO,NULO,32,19
2018,8,22,NULO,NULO,30,20
2018,8,23,NULO,NULO,30,19
2018,8,24,NULO,NULO,31,19
2018,8,25,NULO,NULO,33,19
2018,8,26,NULO,NULO,36,19
2018,8,27,NULO,NULO,34,23
2018,8,28,NULO,NULO,33,23
2018,8,29,NULO,NULO,33,19
2018,8,30,30,NULO,31,19
2018,8,31,NULO,NULO,31,19
2018,9,1,0,NULO,31,20
2018,9,2,48,NULO,29,20
2018,9,3,36,NULO,34,18
2018,9,4,8,NULO,30,21
2018,9,5,NULO,NULO,30,19
2018,9,6,NULO,NULO,30,19
2018,9,7,NULO,NULO,29,19
2018,9,8,NULO,NULO,32,18
2018,9,9,16,NULO,32,20
2018,9,10,NULO,NULO,31,20
2018,9,11,NULO,NULO,31,19
2018,9,12,16,NULO,30,19
2018,9,13,17,NULO,29,18
2018,9,14,41,NULO,31,17
2018,9,15,12,NULO,30,19
2018,9,16,NULO,NULO,29,18
2018,9,17,NULO,NULO,31,18
2018,9,18,NULO,NULO,32,19
2018,9,19,NULO,NULO,32,20
2018,9,20,NULO,NULO,31,20
2018,9,21,NULO,NULO,31,19
2018,9,22,NULO,NULO,32,19
2018,9,23,7,NULO,30,20
2018,9,24,NULO,NULO,30,18
2018,9,25,40,NULO,30,18
2018,9,26,NULO,NULO,29,18
2018,9,27,NULO,NULO,30,18
2018,9,28,NULO,NULO,29,19
2018,9,29,NULO,NULO,30,17
2018,9,30,NULO,NULO,31,17
2018,10,1,NULO,NULO,31,18
2018,10,2,NULO,NULO,33,18
2018,10,3,73,NULO,29,19
2018,10,4,20,NULO,28,17
2018,10,5,NULO,NULO,30,16
2018,10,6,NULO,NULO,31,18
2018,10,7,NULO,NULO,30,19
2018,10,8,4,NULO,29,19
2018,10,9,NULO,NULO,30,18
2018,10,10,NULO,NULO,30,18
2018,10,11,NULO,NULO,28,18
2018,10,12,NULO,NULO,29,17
2018,10,13,NULO,NULO,28,18
2018,10,14,NULO,NULO,23,16
2018,10,15,NULO,NULO,24,11
2018,10,16,NULO,NULO,25,12
2018,10,17,NULO,NULO,30,13
2018,10,18,40,NULO,32,18
2018,10,19,54,NULO,31,16
2018,10,20,NULO,NULO,28,19
2018,10,21,20,NULO,28,16
2018,10,22,10,NULO,29,16
2018,10,23,NULO,NULO,28,17
2018,10,24,NULO,NULO,26,16
2018,10,25,NULO,NULO,25,14
2018,10,26,NULO,NULO,25,14
2018,10,27,NULO,NULO,26,14
2018,10,28,NULO,NULO,26,16
2018,10,29,NULO,NULO,29,16
2018,10,30,NULO,NULO,29,16
2018,10,31,20,NULO,29,16
2018,11,1,11,NULO,29,16
2018,11,2,NULO,NULO,29,18
2018,11,3,NULO,NULO,28,18
2018,11,4,16,NULO,27,16
2018,11,5,NULO,NULO,27,15
2018,11,6,NULO,NULO,30,15
2018,11,7,NULO,NULO,27,19
2018,11,8,NULO,NULO,31,15
2018,11,9,NULO,NULO,31,20
2018,11,10,NULO,NULO,31,21
2018,11,11,16,NULO,26,20
2018,11,12,13,NULO,22,13
2018,11,13,2,NULO,16,6
2018,11,14,NULO,NULO,23,5
2018,11,15,NULO,NULO,21,6
2018,11,16,NULO,NULO,19,15
2018,11,17,NULO,NULO,19,2
2018,11,18,NULO,NULO,24,2
2018,11,19,NULO,NULO,24,12
2018,11,20,NULO,NULO,28,12
2018,11,21,NULO,NULO,30,16
2018,11,22,NULO,NULO,29,19
2018,11,23,NULO,NULO,21,18
2018,11,24,NULO,NULO,24,10
2018,11,25,NULO,NULO,23,11
2018,11,26,NULO,NULO,19,10
2018,11,27,NULO,NULO,20,6
2018,11,28,NULO,NULO,19,8
2018,11,29,NULO,NULO,24,10
2018,11,30,NULO,NULO,24,11
2018,12,1,NULO,NULO,26,14
2018,12,2,NULO,NULO,24,14
2018,12,3,NULO,NULO,28,14
2018,12,4,NULO,NULO,27,15
2018,12,5,NULO,NULO,26,17
2018,12,6,16,NULO,26,14
2018,12,7,2,NULO,25,14
2018,12,8,NULO,NULO,26,14
2018,12,9,NULO,NULO,25,14
2018,12,10,NULO,NULO,25,13
2018,12,11,NULO,NULO,24,13
2018,12,12,NULO,NULO,26,8
2018,12,13,NULO,NULO,25,10
2018,12,14,NULO,NULO,27,13
2018,12,15,NULO,NULO,28,17
2018,12,16,NULO,NULO,28,19
2018,12,17,NULO,NULO,27,20
2018,12,18,NULO,NULO,27,15
2018,12,19,NULO,NULO,28,17
2018,12,20,NULO,NULO,25,16
2018,12,21,NULO,NULO,25,13
2018,12,22,NULO,NULO,28,13
2018,12,23,NULO,NULO,19,16
2018,12,24,NULO,NULO,19,6
2018,12,25,NULO,NULO,24,6
2018,12,26,NULO,NULO,26,8
2018,12,27,NULO,NULO,26,10
2018,12,28,NULO,NULO,28,13
2018,12,29,5,NULO,26,16
2018,12,30,8,NULO,24,13
2018,12,31,NULO,NULO,24,8
2019,1,1,3,NULO,24,6
2019,1,2,4,NULO,18,8
2019,1,3,2,NULO,13,6
2019,1,4,0,NULO,27,5
2019,1,5,0,NULO,26,9
2019,1,6,5,NULO,23,11
2019,1,7,9,NULO,19,10
2019,1,8,13,NULO,18,2
2019,1,9,0,NULO,18,5
2019,1,10,0,NULO,18,5
2019,1,11,0,NULO,20,5
2019,1,12,0,NULO,20,10
2019,1,13,7,NULO,19,13
2019,1,14,2,NULO,18,6
2019,1,15,1,NULO,16,1
2019,1,16,0,NULO,16,4
2019,1,17,0,NULO,23,4
2019,1,18,0,NULO,23,9
2019,1,19,0,NULO,24,10
2019,1,20,0,NULO,21,11
2019,1,21,0,NULO,24,14
2019,1,22,0,NULO,18,16
2019,1,23,0,NULO,28,6
2019,1,24,0,NULO,28,2
2019,1,25,0,NULO,28,6
2019,1,26,0,NULO,20,6
2019,1,27,0,NULO,20,8
2019,1,28,0,NULO,21,8
2019,1,29,0,NULO,23,9
2019,1,30,0,NULO,23,10
2019,1,31,0,NULO,28,10
2019,2,1,0,NULO,27,16
2019,2,2,9,NULO,18,15
2019,2,3,0,NULO,18,6
2019,2,4,0,NULO,26,9
2019,2,5,0,NULO,27,11
2019,2,6,0,NULO,28,15
2019,2,7,0,NULO,28,17
2019,2,8,0,NULO,27,16
2019,2,9,5,NULO,23,11
2019,2,10,0,NULO,27,10
2019,2,11,0,NULO,24,15
2019,2,12,0,NULO,23,11
2019,2,13,0,NULO,27,10
2019,2,14,0,NULO,28,15
2019,2,15,0,NULO,23,17
2019,2,16,0,NULO,18,10
2019,2,17,0,NULO,19,9
2019,2,18,0,NULO,19,3
2019,2,19,0,NULO,29,4
2019,2,20,0,NULO,28,10
2019,2,21,0,NULO,27,16
2019,2,22,0,NULO,23,15
2019,2,23,0,NULO,19,10
2019,2,24,0,NULO,21,6
2019,2,25,0,NULO,19,9
2019,2,26,0,NULO,21,8
2019,2,27,2,NULO,21,8
2019,2,28,0,NULO,23,4
2019,3,1,0,NULO,23,12
2019,3,2,4,NULO,23,11
2019,3,3,0,NULO,25,18
2019,3,4,0,NULO,22,19
2019,3,5,0,NULO,25,10
2019,3,6,0,NULO,20,9
2019,3,7,0,NULO,23,15
2019,3,8,0,NULO,20,11
2019,3,9,8,NULO,25,15
2019,3,10,26,NULO,20,17
2019,3,11,1,NULO,20,18
2019,3,12,0,NULO,23,14
2019,3,13,1,NULO,24,16
2019,3,14,60,NULO,23,10
2019,3,15,10,NULO,24,10
2019,3,16,2,NULO,25,10
2019,3,17,0,NULO,25,12
2019,3,18,0,NULO,25,16
2019,3,19,0,NULO,25,17
2019,3,20,0,NULO,20,17
2019,3,21,0,NULO,25,18
2019,3,22,0,NULO,25,17
2019,3,23,0,NULO,25,17
2019,3,24,0,NULO,26,18
2019,3,25,0,NULO,30,19
2019,3,26,0,NULO,30,19
2019,3,27,25,NULO,25,18
2019,3,28,0,NULO,30,15
2019,3,29,0,NULO,30,19
2019,3,30,0,NULO,34,18
2019,3,31,0,NULO,32,20
2019,4,1,0,NULO,34,20
2019,4,2,0,NULO,29,22
2019,4,3,0,NULO,30,19
2019,4,4,0,NULO,28,18
2019,4,5,0,NULO,28,16
2019,4,6,0,NULO,28,16
2019,4,7,0,NULO,34,19
2019,4,8,0,NULO,30,19
2019,4,9,0,NULO,31,18
2019,4,10,0,NULO,30,20
2019,4,11,0,NULO,30,19
2019,4,12,0,NULO,31,18
2019,4,13,85,NULO,29,20
2019,4,14,2,NULO,32,16
2019,4,15,0,NULO,31,20
2019,4,16,0,NULO,29,20
2019,4,17,0,NULO,34,16
2019,4,18,0,NULO,34,20
2019,4,19,0,NULO,32,21
2019,4,20,0,NULO,32,20
2019,4,21,0,NULO,34,20
2019,4,22,0,NULO,34,19
2019,4,23,0,NULO,36,22
2019,4,24,0,NULO,34,24
2019,4,25,0,NULO,34,22
2019,4,26,0,NULO,35,22
2019,4,27,0,NULO,34,26
2019,4,28,0,NULO,25,20
2019,4,29,0,NULO,24,13
2019,4,30,0,NULO,27,8
2019,5,1,0,NULO,32,16
2019,5,2,0,NULO,32,20
2019,5,3,0,NULO,34,19
2019,5,4,0,NULO,35,19
2019,5,5,0,NULO,31,18
2019,5,6,0,NULO,34,20
2019,5,7,0,NULO,31,23
2019,5,8,0,NULO,35,20
2019,5,9,0,NULO,39,26
2019,5,10,0,NULO,34,23
2019,5,11,0,NULO,33,23
2019,5,12,20,NULO,30,20
2019,5,13,0,NULO,34,19
2019,5,14,0,NULO,32,22
2019,5,15,0,NULO,32,20
2019,5,16,0,NULO,33,20
2019,5,17,0,NULO,33,20
2019,5,18,0,NULO,33,20
2019,5,19,0,NULO,33,20
2019,5,20,0,NULO,37,20
2019,5,21,0,NULO,37,25
2019,5,22,0,NULO,37,25
2019,5,23,0,NULO,34,25
2019,5,24,0,NULO,34,20
2019,5,25,0,NULO,37,21
2019,5,26,0,NULO,35,25
2019,5,27,0,NULO,35,25
2019,5,28,0,NULO,34,25
2019,5,29,0,NULO,34,25
2019,5,30,0,NULO,29,22
2019,5,31,4,NULO,29,16
2019,6,1,0,NULO,32,18
2019,6,2,0,NULO,35,21
2019,6,3,0,NULO,36,23
2019,6,4,0,NULO,36,23
2019,6,5,0,NULO,34,23
2019,6,6,0,NULO,34,25
2019,6,7,0,NULO,34,25
2019,6,8,0,NULO,34,25
2019,6,9,0,NULO,36,24
2019,6,10,0,NULO,37,25
2019,6,11,0,NULO,37,24
2019,6,12,0,NULO,38,24
2019,6,13,0,NULO,36,26
2019,6,14,0,NULO,37,24
2019,6,15,0,NULO,38,25
2019,6,16,0,NULO,38,26
2019,6,17,0,NULO,32,26
2019,6,18,40,NULO,34,19
2019,6,19,7,NULO,29,23
2019,6,20,2,NULO,31,18
2019,6,21,8,NULO,32,24
2019,6,22,6,NULO,33,22
2019,6,23,0,NULO,32,21
2019,6,24,0,NULO,32,20
2019,6,25,0,NULO,35,20
2019,6,26,0,NULO,38,23
2019,6,27,0,NULO,35,26
2019,6,28,14,NULO,35,24
2019,6,29,13,NULO,30,24
2019,6,30,3,NULO,30,11
2019,7,1,5,NULO,31,18
2019,7,2,28,NULO,34,25
2019,7,3,14,NULO,30,26
2019,7,4,3,NULO,28,18
2019,7,5,0,NULO,34,18
2019,7,6,0,NULO,34,22
2019,7,7,8,NULO,34,24
2019,7,8,0,NULO,34,24
2019,7,9,2,NULO,35,23
2019,7,10,0,NULO,34,23
2019,7,11,0,NULO,34,21
2019,7,12,0,NULO,34,20
2019,7,13,0,NULO,34,22
2019,7,14,0,NULO,37,21
2019,7,15,0,NULO,38,25
2019,7,16,0,NULO,35,27
2019,7,17,6,NULO,35,24
2019,7,18,0,NULO,36,24
2019,7,19,0,NULO,38,25
2019,7,20,0,NULO,39,25
2019,7,21,0,NULO,38,26
2019,7,22,0,NULO,33,26
2019,7,23,0,NULO,33,25
2019,7,24,0,NULO,38,26
2019,7,25,0,NULO,38,25
2019,7,26,0,NULO,37,27
2019,7,27,0,NULO,38,25
2019,7,28,0,NULO,39,25
2019,7,29,0,NULO,38,29
2019,7,30,0,NULO,32,23
2019,7,31,0,NULO,38,23
2019,8,1,0,NULO,38,25
2019,8,2,0,NULO,37,25
2019,8,3,0,NULO,38,24
2019,8,4,0,NULO,39,25
2019,8,5,8,NULO,39,28
2019,8,6,0,NULO,39,28
2019,8,7,0,NULO,39,28
2019,8,8,0,NULO,39,28
2019,8,9,0,NULO,38,28
2019,8,10,0,NULO,39,25
2019,8,11,5,NULO,39,28
2019,8,12,0,NULO,39,28
2019,8,13,0,NULO,39,28
2019,8,14,0,NULO,39,28
2019,8,15,0,NULO,38,28
2019,8,16,0,NULO,39,27
2019,8,17,0,NULO,39,28
2019,8,18,0,NULO,39,28
2019,8,19,0,NULO,39,28
2019,8,20,0,NULO,39,29
2019,8,21,0,NULO,38,29
2019,8,22,0,NULO,39,27
2019,8,23,0,NULO,39,28
2019,8,24,0,NULO,39,28
2019,8,25,0,NULO,39,28
2019,8,26,25,NULO,39,28
2019,8,27,0,NULO,37,27
2019,8,28,0,NULO,38,25
2019,8,29,0,NULO,39,27
2019,8,30,0,NULO,38,28
2019,8,31,0,NULO,38,27
2019,9,1,0,NULO,38,27
2019,9,2,0,NULO,38,27
2019,9,3,0,NULO,37,27
2019,9,4,0,NULO,38,26
2019,9,5,0,NULO,37,27
2019,9,6,0,NULO,38,27
2019,9,7,0,NULO,36,27
2019,9,8,0,NULO,36,25
2019,9,9,0,NULO,36,25
2019,9,10,0,NULO,36,25
2019,9,11,40,NULO,31,25
2019,9,12,24,NULO,29,10
2019,9,13,8,NULO,29,10
2019,9,14,5,NULO,30,10
2019,9,15,3,NULO,30,16
2019,9,16,4,NULO,34,16
2019,9,17,0,NULO,34,15
2019,9,18,0,NULO,31,15
2019,9,19,0,NULO,36,17
2019,9,20,0,NULO,35,20
2019,9,21,0,NULO,35,19
2019,9,22,0,NULO,35,20
2019,9,23,5,NULO,35,19
2019,9,24,0,NULO,34,20
2019,9,25,0,NULO,35,19
2019,9,26,0,NULO,35,20
2019,9,27,0,NULO,31,20
2019,9,28,0,NULO,31,12
2019,9,29,0,NULO,31,12
2019,9,30,0,NULO,31,12
2019,10,1,0,NULO,34,12
2019,10,2,0,NULO,35,19
2019,10,3,0,NULO,35,20
2019,10,4,0,NULO,35,19
2019,10,5,0,NULO,35,19
2019,10,6,0,NULO,31,20
2019,10,7,0,NULO,31,17
2019,10,8,0,NULO,34,17
2019,10,9,0,NULO,34,19
2019,10,10,0,NULO,35,19
2019,10,11,0,NULO,35,19
2019,10,12,0,NULO,31,20
2019,10,13,0,NULO,30,17
2019,10,14,0,NULO,30,15
2019,10,15,0,NULO,31,15
2019,10,16,0,NULO,31,18
2019,10,17,28,NULO,28,17
2019,10,18,0,NULO,29,13
2019,10,19,0,NULO,29,10
2019,10,20,0,NULO,33,10
2019,10,21,20,NULO,33,15
2019,10,22,5,NULO,23,15
2019,10,23,14,NULO,34,15
2019,10,24,6,NULO,30,15
2019,10,25,0,NULO,28,11
2019,10,26,0,NULO,32,10
2019,10,27,0,NULO,32,14
2019,10,28,0,NULO,35,14
2019,10,29,0,NULO,35,19
2019,10,30,0,NULO,35,19
2019,10,31,10,NULO,29,19
2019,11,1,0,NULO,27,10
2019,11,2,0,NULO,28,10
2019,11,3,0,NULO,27,11
2019,11,4,0,NULO,30,10
2019,11,5,0,NULO,30,12
2019,11,6,0,NULO,28,12
2019,11,7,0,NULO,28,11
2019,11,8,0,NULO,30,11
2019,11,9,0,NULO,30,12
2019,11,10,0,NULO,30,12
2019,11,11,0,NULO,30,12
2019,11,12,14,NULO,24,12
2019,11,13,0,NULO,24,8
2019,11,14,8,NULO,30,8
2019,11,15,0,NULO,32,12
2019,11,16,0,NULO,34,18
2019,11,17,0,NULO,30,20
2019,11,18,0,NULO,28,13
2019,11,19,10,NULO,27,12
2019,11,20,0,NULO,34,11
2019,11,21,0,NULO,32,17
2019,11,22,0,NULO,33,18
2019,11,23,0,NULO,30,18
2019,11,24,0,NULO,30,16
2019,11,25,0,NULO,34,16
2019,11,26,0,NULO,36,19
2019,11,27,0,NULO,34,20
2019,11,28,0,NULO,27,19
2019,11,29,0,NULO,28,12
2019,11,30,4,NULO,25,12
2019,12,1,0,NULO,28,10
2019,12,2,5,NULO,20,12
2019,12,3,0,NULO,19,10
2019,12,4,0,NULO,18,9
2019,12,5,0,NULO,28,9
2019,12,6,0,NULO,30,12
2019,12,7,0,NULO,31,14
2019,12,8,0,NULO,34,17
2019,12,9,0,NULO,36,19
2019,12,10,0,NULO,36,22
2019,12,11,0,NULO,35,22
2019,12,12,0,NULO,34,20
2019,12,13,0,NULO,36,20
2019,12,14,0,NULO,37,21
2019,12,15,0,NULO,35,22
2019,12,16,0,NULO,34,20
2019,12,17,0,NULO,25,19
2019,12,18,0,NULO,31,10
2019,12,19,0,NULO,36,15
2019,12,20,0,NULO,36,20
2019,12,21,0,NULO,35,22
2019,12,22,0,NULO,36,20
2019,12,23,0,NULO,36,22
2019,12,24,0,NULO,36,20
2019,12,25,0,NULO,37,23
2019,12,26,0,NULO,39,23
2019,12,27,0,NULO,30,24
2019,12,28,0,NULO,19,12
2019,12,29,0,NULO,25,9
2019,12,30,NULO,NULO,21,12
2019,12,31,0,NULO,NULO,NULO
2020,1,1,NULO,NULO,25,17
2020,1,2,NULO,NULO,22,18
2020,1,3,NULO,NULO,22,17
2020,1,4,NULO,NULO,20,16
2020,1,5,NULO,NULO,17,12
2020,1,6,NULO,NULO,23,14
2020,1,7,NULO,NULO,24,17
2020,1,8,NULO,NULO,26,16
2020,1,9,NULO,NULO,27,17
2020,1,10,NULO,NULO,27,20
2020,1,11,NULO,NULO,29,20
2020,1,12,NULO,NULO,29,23
2020,1,13,NULO,NULO,29,20
2020,1,14,NULO,NULO,29,24
2020,1,15,NULO,NULO,28,23
2020,1,16,NULO,NULO,24,20
2020,1,17,NULO,NULO,27,25
2020,1,18,NULO,NULO,29,20
2020,1,19,NULO,NULO,22,18
2020,1,20,NULO,NULO,28,12
2020,1,21,NULO,NULO,29,19
2020,1,22,NULO,NULO,30,22
2020,1,23,NULO,NULO,31,21
2020,1,24,NULO,NULO,31,21
2020,1,25,NULO,NULO,31,22
2020,1,26,NULO,NULO,28,19
2020,1,27,NULO,NULO,28,20
2020,1,28,NULO,NULO,23,19
2020,1,29,NULO,NULO,24,18
2020,1,30,NULO,NULO,20,17
2020,1,31,NULO,NULO,17,14
2020,2,1,NULO,NULO,21,14
2020,2,2,NULO,NULO,20,14
2020,2,3,NULO,NULO,23,15
2020,2,4,NULO,NULO,25,15
2020,2,5,NULO,NULO,21,15
2020,2,6,NULO,NULO,21,15
2020,2,7,NULO,NULO,23,13
2020,2,8,NULO,NULO,30,15
2020,2,9,NULO,NULO,33,24
2020,2,10,NULO,NULO,32,24
2020,2,11,NULO,NULO,29,22
2020,2,12,NULO,NULO,22,20
2020,2,13,NULO,NULO,21,16
2020,2,14,NULO,NULO,24,17
2020,2,15,NULO,NULO,27,19
2020,2,16,NULO,NULO,26,20
2020,2,17,NULO,NULO,28,20
2020,2,18,NULO,NULO,25,22
2020,2,19,NULO,NULO,24,20
2020,2,20,NULO,NULO,20,15
2020,2,21,NULO,NULO,20,13
2020,2,22,NULO,NULO,27,13
2020,2,23,NULO,NULO,28,14
2020,2,24,NULO,NULO,30,20
2020,2,25,NULO,NULO,30,20
2020,2,26,NULO,NULO,22,18
2020,2,27,NULO,NULO,22,14
2020,2,28,NULO,NULO,24,18
2020,2,29,0,NULO,34,18
2020,3,1,NULO,NULO,32,23
2020,3,2,NULO,NULO,25,18
2020,3,3,NULO,NULO,22,18
2020,3,4,NULO,NULO,22,15
2020,3,5,NULO,NULO,28,14
2020,3,6,NULO,NULO,25,20
2020,3,7,NULO,NULO,25,19
2020,3,8,NULO,NULO,30,18
2020,3,9,NULO,NULO,32,22
2020,3,10,NULO,NULO,32,22
2020,3,11,NULO,NULO,27,25
2020,3,12,NULO,NULO,29,18
2020,3,13,NULO,NULO,32,20
2020,3,14,NULO,NULO,34,24
2020,3,15,NULO,NULO,34,26
2020,3,16,NULO,NULO,33,26
2020,3,17,NULO,NULO,34,25
2020,3,18,NULO,NULO,35,27
2020,3,19,NULO,NULO,36,28
2020,3,20,NULO,NULO,34,28
2020,3,21,NULO,NULO,36,25
2020,3,22,NULO,NULO,29,27
2020,3,23,NULO,NULO,38,28
2020,3,24,NULO,NULO,39,22
2020,3,25,NULO,NULO,38,25
2020,3,26,NULO,NULO,38,27
2020,3,27,NULO,NULO,39,28
2020,3,28,NULO,NULO,35,29
2020,3,29,NULO,NULO,36,29
2020,3,30,NULO,NULO,35,28
2020,3,31,0,NULO,NULO,NULO
2020,4,1,NULO,NULO,36,28
2020,4,2,NULO,NULO,37,29
2020,4,3,NULO,NULO,30,27
2020,4,4,NULO,NULO,28,20
2020,4,5,NULO,NULO,29,20
2020,4,6,NULO,NULO,27,23
2020,4,7,NULO,NULO,29,25
2020,4,8,NULO,NULO,36,27
2020,4,9,NULO,NULO,30,26
2020,4,10,NULO,NULO,39,29
2020,4,11,NULO,NULO,41,28
2020,4,12,NULO,NULO,40,26
2020,4,13,NULO,NULO,38,29
2020,4,14,NULO,NULO,30,25
2020,4,15,NULO,NULO,22,20
2020,4,16,NULO,NULO,29,19
2020,4,17,NULO,NULO,30,20
2020,4,18,NULO,NULO,37,25
2020,4,19,NULO,NULO,40,23
2020,4,20,NULO,NULO,37,28
2020,4,21,NULO,NULO,34,27
2020,4,22,NULO,NULO,35,21
2020,4,23,NULO,NULO,36,21
2020,4,24,NULO,NULO,37,22
2020,4,25,NULO,NULO,36,24
2020,4,26,NULO,NULO,37,22
2020,4,27,NULO,NULO,36,24
2020,4,28,NULO,NULO,37,24
2020,4,29,NULO,NULO,37,25
2020,4,30,NULO,NULO,35,25
2020,5,1,NULO,NULO,38,24
2020,5,2,NULO,NULO,37,23
2020,5,3,NULO,NULO,38,24
2020,5,4,NULO,NULO,37,24
2020,5,5,NULO,NULO,38,25
2020,5,6,NULO,NULO,38,27
2020,5,7,NULO,NULO,39,27
2020,5,8,NULO,NULO,38,28
2020,5,9,NULO,NULO,39,27
2020,5,10,NULO,NULO,38,28
2020,5,11,NULO,NULO,33,27
2020,5,12,NULO,NULO,34,25
2020,5,13,NULO,NULO,33,23
2020,5,14,NULO,NULO,28,23
2020,5,15,NULO,NULO,34,24
2020,5,16,NULO,NULO,38,25
2020,5,17,NULO,NULO,40,25
2020,5,18,NULO,NULO,38,23
2020,5,19,NULO,NULO,39,25
2020,5,20,NULO,NULO,40,25
2020,5,21,NULO,NULO,40,28
2020,5,22,NULO,NULO,39,27
2020,5,23,NULO,NULO,40,26
2020,5,24,NULO,NULO,40,27
2020,5,25,NULO,NULO,40,26
2020,5,26,NULO,NULO,38,27
2020,5,27,NULO,NULO,39,26
2020,5,28,NULO,NULO,38,27
2020,5,29,NULO,NULO,38,26
2020,5,30,NULO,NULO,40,26
2020,5,31,NULO,NULO,40,28
2020,6,1,NULO,NULO,37,26
2020,6,2,NULO,NULO,29,25
2020,6,3,NULO,NULO,30,20
2020,6,4,NULO,NULO,35,23
2020,6,5,NULO,NULO,39,24
2020,6,6,NULO,NULO,40,25
2020,6,7,NULO,NULO,41,30
2020,6,8,NULO,NULO,40,27
2020,6,9,NULO,NULO,40,25
2020,6,10,NULO,NULO,40,27
2020,6,11,NULO,NULO,39,27
2020,6,12,NULO,NULO,34,25
2020,6,13,NULO,NULO,34,26
2020,6,14,NULO,NULO,39,25
2020,6,15,NULO,NULO,42,26
2020,6,16,NULO,NULO,40,27
2020,6,17,NULO,NULO,40,26
2020,6,18,NULO,NULO,41,27
2020,6,19,NULO,NULO,40,27
2020,6,20,NULO,NULO,39,26
2020,6,21,NULO,NULO,39,26
2020,6,22,NULO,NULO,40,26
2020,6,23,NULO,NULO,39,27
2020,6,24,NULO,NULO,38,27
2020,6,25,NULO,NULO,32,26
2020,6,26,NULO,NULO,33,22
2020,6,27,NULO,NULO,32,24
2020,6,28,NULO,NULO,32,25
2020,6,29,NULO,NULO,32,24
2020,6,30,NULO,NULO,32,23
2020,7,1,NULO,NULO,34,24
2020,7,2,NULO,NULO,37,23
2020,7,3,NULO,NULO,38,25
2020,7,4,NULO,NULO,39,26
2020,7,5,NULO,NULO,39,27
2020,7,6,NULO,NULO,40,26
2020,7,7,NULO,NULO,39,27
2020,7,8,NULO,NULO,39,27
2020,7,9,NULO,NULO,39,26
2020,7,10,NULO,NULO,38,25
2020,7,11,NULO,NULO,36,23
2020,7,12,NULO,NULO,35,26
2020,7,13,NULO,NULO,35,25
2020,7,14,NULO,NULO,36,25
2020,7,15,NULO,NULO,36,25
2020,7,16,NULO,NULO,35,25
2020,7,17,NULO,NULO,36,25
2020,7,18,NULO,NULO,35,26
2020,7,19,NULO,NULO,36,25
2020,7,20,NULO,NULO,35,25
2020,7,21,NULO,NULO,36,25
2020,7,22,NULO,NULO,36,26
2020,7,23,NULO,NULO,38,24
2020,7,24,NULO,NULO,37,26
2020,7,25,NULO,NULO,37,25
2020,7,26,NULO,NULO,36,25
2020,7,27,NULO,NULO,39,25
2020,7,28,NULO,NULO,38,27
2020,7,29,NULO,NULO,38,27
2020,7,30,NULO,NULO,39,26
2020,7,31,NULO,NULO,37,26
2020,10,21,NULO,NULO,32,25
2020,10,22,NULO,NULO,30,26
2020,10,23,NULO,NULO,31,22
2020,10,24,NULO,NULO,30,24
2020,10,25,NULO,NULO,30,22
2020,10,26,NULO,NULO,24,21
2020,10,27,NULO,NULO,28,24
2020,10,28,NULO,NULO,27,20
2020,10,29,NULO,NULO,23,19
2020,10,30,NULO,NULO,24,14
2020,10,31,NULO,NULO,25,16
2020,11,1,NULO,NULO,28,18
2020,11,2,NULO,NULO,28,19
2020,11,3,NULO,NULO,29,18
2020,11,4,NULO,NULO,26,18
2020,11,5,NULO,NULO,29,17
2020,11,6,NULO,NULO,29,18
2020,11,7,NULO,NULO,30,21
2020,11,8,NULO,NULO,30,20
2020,11,9,NULO,NULO,31,23
2020,11,10,NULO,NULO,29,24
2020,11,11,NULO,NULO,30,23
2020,11,12,NULO,NULO,32,22
2020,11,13,NULO,NULO,30,24
2020,11,14,NULO,NULO,31,22
2020,11,15,NULO,NULO,30,22
2020,11,16,NULO,NULO,28,22
2020,11,17,NULO,NULO,24,19
2020,11,18,NULO,NULO,27,16
2020,11,19,NULO,NULO,25,19
2020,11,20,NULO,NULO,34,17
2020,11,21,NULO,NULO,29,19
2020,11,22,NULO,NULO,29,22
2020,11,23,NULO,NULO,30,22
2020,11,24,NULO,NULO,36,27
2020,11,25,NULO,NULO,32,23
2020,11,26,NULO,NULO,30,24
2020,11,27,NULO,NULO,29,22
2020,11,28,NULO,NULO,28,22
2020,11,29,NULO,NULO,29,19
2020,11,30,NULO,NULO,19,14
2020,12,1,NULO,NULO,25,10
2020,12,2,NULO,NULO,22,16
2020,12,3,NULO,NULO,20,15
2020,12,4,NULO,NULO,19,14
2020,12,5,NULO,NULO,18,14
2020,12,6,NULO,NULO,19,13
2020,12,7,NULO,NULO,19,14
2020,12,8,NULO,NULO,18,13
2020,12,9,NULO,NULO,24,11
2020,12,10,NULO,NULO,28,15
2020,12,11,NULO,NULO,29,14
2020,12,12,NULO,NULO,30,20
2020,12,13,NULO,NULO,24,20
2020,12,14,NULO,NULO,28,21
2020,12,15,NULO,NULO,24,16
2020,12,16,NULO,NULO,25,15
2020,12,17,NULO,NULO,26,16
2020,12,18,NULO,NULO,30,18
2020,12,19,NULO,NULO,26,21
2020,12,20,NULO,NULO,28,20
2020,12,21,NULO,NULO,29,19
2020,12,22,NULO,NULO,30,21
2020,12,23,NULO,NULO,24,20
2020,12,24,NULO,NULO,24,13
2020,12,25,NULO,NULO,21,8
2020,12,26,NULO,NULO,24,9
2020,12,27,NULO,NULO,30,15
2020,12,28,NULO,NULO,29,20
2020,12,29,NULO,NULO,30,18
2020,12,30,NULO,NULO,28,20
2020,12,31,NULO,NULO,28,18
2021,1,1,0,NULO,24,17
2021,1,2,0,NULO,29,14
2021,1,3,0,NULO,30,15
2021,1,4,0,NULO,29,20
2021,1,5,0,NULO,23,20
2021,1,6,0,NULO,22,20
2021,1,7,0,NULO,21,18
2021,1,8,0,NULO,26,14
2021,1,9,9,NULO,27,15
2021,1,10,0,NULO,19,11
2021,1,11,0,NULO,13,10
2021,1,12,0,NULO,22,8
2021,1,13,0,NULO,24,10
2021,1,14,0,NULO,23,11
2021,1,15,0,NULO,25,16
2021,1,16,0,NULO,24,15
2021,1,17,0,NULO,26,15
2021,1,18,0,NULO,22,17
2021,1,19,20,NULO,28,18
2021,1,20,0,NULO,23,19
2021,1,21,0,NULO,29,20
2021,1,22,0,NULO,29,20
2021,1,23,0,NULO,30,22
2021,1,24,0,NULO,29,22
2021,1,25,0,NULO,31,21
2021,1,26,0,NULO,31,24
2021,1,27,0,NULO,30,24
2021,1,28,0,NULO,31,23
2021,1,29,0,NULO,30,24
2021,1,30,0,NULO,30,24
2021,1,31,NULO,NULO,NULO,NULO
2021,2,1,0,NULO,20,16
2021,2,2,0,NULO,25,14
2021,2,3,0,NULO,27,16
2021,2,4,0,NULO,29,17
2021,2,5,0,NULO,31,19
2021,2,6,0,NULO,30,20
2021,2,7,0,NULO,30,21
2021,2,8,0,NULO,29,20
2021,2,9,0,NULO,32,20
2021,2,10,0,NULO,25,21
2021,2,11,0,NULO,18,11
2021,2,12,0,NULO,18,8
2021,2,13,0,NULO,15,9
2021,2,14,0,NULO,13,8
2021,2,15,0,NULO,14,5
2021,2,16,0,NULO,15,7
2021,2,17,0,NULO,19,9
2021,2,18,0,NULO,15,10
2021,2,19,0,NULO,15,10
2021,2,20,0,NULO,18,9
2021,2,21,0,NULO,27,10
2021,2,22,0,NULO,29,12
2021,2,23,0,NULO,31,20
2021,2,24,0,NULO,32,21
2021,2,25,0,NULO,25,24
2021,2,26,0,NULO,26,20
2021,2,27,0,NULO,36,23
2021,2,28,NULO,NULO,NULO,NULO
2021,3,1,0,NULO,26,24
2021,3,2,0,NULO,25,16
2021,3,3,0,NULO,26,16
2021,3,4,0,NULO,27,18
2021,3,5,0,NULO,26,19
2021,3,6,0,NULO,29,19
2021,3,7,0,NULO,27,19
2021,3,8,0,NULO,29,17
2021,3,9,0,NULO,29,18
2021,3,10,0,NULO,29,20
2021,3,11,0,NULO,30,20
2021,3,12,0,NULO,30,21
2021,3,13,0,NULO,32,22
2021,3,14,0,NULO,34,24
2021,3,15,0,NULO,30,23
2021,3,16,0,NULO,31,25
2021,3,17,0,NULO,35,24
2021,3,18,0,NULO,29,25
2021,3,19,0,NULO,26,16
2021,3,20,0,NULO,29,18
2021,3,21,0,NULO,30,16
2021,3,22,0,NULO,30,20
2021,3,23,0,NULO,34,20
2021,3,24,0,NULO,34,20
2021,3,25,0,NULO,34,25
2021,3,26,0,NULO,28,25
2021,3,27,0,NULO,28,19
2021,3,28,0,NULO,34,19
2021,3,29,0,NULO,34,19
2021,3,30,0,NULO,30,21
2021,3,31,NULO,NULO,NULO,NULO
2021,4,1,15,NULO,21,16
2021,4,2,0,NULO,24,14
2021,4,3,0,NULO,25,16
2021,4,4,0,NULO,24,18
2021,4,5,0,NULO,26,18
2021,4,6,0,NULO,29,19
2021,4,7,0,NULO,30,20
2021,4,8,0,NULO,36,24
2021,4,9,0,NULO,40,26
2021,4,10,0,NULO,39,26
2021,4,11,0,NULO,40,27
2021,4,12,0,NULO,39,25
2021,4,13,0,NULO,40,23
2021,4,14,0,NULO,39,25
2021,4,15,0,NULO,40,24
2021,4,16,0,NULO,29,24
2021,4,17,0,NULO,25,21
2021,4,18,0,NULO,29,19
2021,4,19,0,NULO,30,20
2021,4,20,0,NULO,30,21
2021,4,21,0,NULO,29,22
2021,4,22,0,NULO,34,22
2021,4,23,0,NULO,34,23
2021,4,24,0,NULO,33,24
2021,4,25,0,NULO,30,24
2021,4,26,0,NULO,32,24
2021,4,27,0,NULO,30,25
2021,4,28,0,NULO,36,24
2021,4,29,0,NULO,34,24
2021,4,30,NULO,NULO,NULO,NULO
2021,5,1,0,NULO,40,24
2021,5,2,0,NULO,41,24
2021,5,3,0,NULO,42,20
2021,5,4,0,NULO,40,25
2021,5,5,0,NULO,41,25
2021,5,6,0,NULO,42,26
2021,5,7,0,NULO,39,26
2021,5,8,0,NULO,40,25
2021,5,9,0,NULO,42,26
2021,5,10,0,NULO,40,25
2021,5,11,0,NULO,42,24
2021,5,12,0,NULO,36,26
2021,5,13,0,NULO,29,23
2021,5,14,0,NULO,29,21
2021,5,15,0,NULO,38,21
2021,5,16,0,NULO,40,22
2021,5,17,0,NULO,42,24
2021,5,18,0,NULO,43,26
2021,5,19,0,NULO,40,24
2021,5,20,0,NULO,40,25
2021,5,21,0,NULO,40,25
2021,5,22,0,NULO,40,24
2021,5,23,0,NULO,40,24
2021,5,24,0,NULO,40,25
2021,5,25,0,NULO,29,24
2021,5,26,0,NULO,29,23
2021,5,27,0,NULO,40,23
2021,5,28,0,NULO,40,24
2021,5,29,10,NULO,39,24
2021,5,30,0,NULO,40,24
2021,5,31,NULO,NULO,NULO,NULO
2021,6,1,NULO,NULO,31,22
2021,6,2,NULO,NULO,30,19
2021,6,3,NULO,NULO,35,20
2021,6,4,NULO,NULO,36,21
2021,6,5,NULO,NULO,37,22
2021,6,6,NULO,NULO,39,23
2021,6,7,NULO,NULO,40,23
2021,6,8,NULO,NULO,39,25
2021,6,9,NULO,NULO,38,25
2021,6,10,NULO,NULO,39,25
2021,6,11,NULO,NULO,34,25
2021,6,12,NULO,NULO,34,22
2021,6,13,NULO,NULO,37,20
2021,6,14,NULO,NULO,34,22
2021,6,15,NULO,NULO,38,24
2021,6,16,NULO,NULO,32,24
2021,6,17,NULO,NULO,36,22
2021,6,18,NULO,NULO,34,22
2021,6,19,NULO,NULO,39,22
2021,6,20,NULO,NULO,NULO,NULO
2021,6,21,NULO,NULO,35,26
2021,6,22,NULO,NULO,NULO,NULO
2021,6,23,NULO,NULO,34,24
2021,6,24,NULO,NULO,34,24
2021,6,25,NULO,NULO,34,24
2021,6,26,NULO,NULO,35,24
2021,6,27,NULO,NULO,33,25
2021,6,28,NULO,NULO,33,24
2021,6,29,NULO,NULO,33,24
2021,6,30,NULO,NULO,NULO,NULO
2021,7,1,0,NULO,38,24
2021,7,2,0,NULO,40,24
2021,7,3,0,NULO,38,25
2021,7,4,0,NULO,38,24
2021,7,5,0,NULO,39,24
2021,7,6,0,NULO,38,24
2021,7,7,0,NULO,40,24
2021,7,8,0,NULO,39,25
2021,7,9,0,NULO,38,24
2021,7,10,0,NULO,39,23
2021,7,11,0,NULO,39,24
2021,7,12,0,NULO,40,25
2021,7,13,0,NULO,39,26
2021,7,14,0,NULO,40,25
2021,7,15,0,NULO,40,26
2021,7,16,0,NULO,39,25
2021,7,17,0,NULO,40,25
2021,7,18,0,NULO,39,26
2021,7,19,0,NULO,36,27
2021,7,20,60,NULO,32,25
2021,7,21,0,NULO,30,25
2021,7,22,0,NULO,35,20
2021,7,23,0,NULO,36,22
2021,7,24,20,NULO,35,24
2021,7,25,0,NULO,35,22
2021,7,26,0,NULO,36,22
2021,7,27,0,NULO,37,24
2021,7,28,0,NULO,36,22
2021,7,29,0,NULO,36,25
2021,7,30,0,NULO,36,22
2021,7,31,NULO,NULO,NULO,NULO
2021,8,1,0,NULO,30,24
2021,8,2,0,NULO,32,21
2021,8,3,0,NULO,30,22
2021,8,4,0,NULO,30,24
2021,8,5,0,NULO,32,21
2021,8,6,0,NULO,31,21
2021,8,7,0,NULO,33,21
2021,8,8,0,NULO,34,21
2021,8,9,0,NULO,34,22
2021,8,10,0,NULO,34,23
2021,8,11,0,NULO,34,22
2021,8,12,0,NULO,34,22
2021,8,13,0,NULO,35,23
2021,8,14,18,NULO,32,24
2021,8,15,0,NULO,34,20
2021,8,16,0,NULO,34,21
2021,8,17,0,NULO,38,22
2021,8,18,0,NULO,36,22
2021,8,19,0,NULO,40,23
2021,8,20,0,NULO,38,24
2021,8,21,0,NULO,39,24
2021,8,22,0,NULO,38,25
2021,8,23,0,NULO,39,26
2021,8,24,0,NULO,39,26
2021,8,25,0,NULO,40,26
2021,8,26,0,NULO,40,27
2021,8,27,0,NULO,40,28
2021,8,28,0,NULO,40,28
2021,8,29,0,NULO,40,27
2021,8,30,0,NULO,39,28
2021,8,31,NULO,NULO,NULO,NULO
2021,9,1,0,NULO,31,21
2021,9,2,0,NULO,32,20
2021,9,3,0,NULO,31,21
2021,9,4,0,NULO,32,22
2021,9,5,0,NULO,32,21
2021,9,6,0,NULO,31,22
2021,9,7,0,NULO,32,22
2021,9,8,0,NULO,31,22
2021,9,9,23,NULO,30,21
2021,9,10,5,NULO,32,22
2021,9,11,0,NULO,31,23
2021,9,12,0,NULO,31,22
2021,9,13,0,NULO,32,21
2021,9,14,0,NULO,34,22
2021,9,15,0,NULO,32,24
2021,9,16,0,NULO,32,21
2021,9,17,0,NULO,34,21
2021,9,18,0,NULO,32,22
2021,9,19,0,NULO,30,22
2021,9,20,0,NULO,29,21
2021,9,21,0,NULO,29,21
2021,9,22,9,NULO,29,20
2021,9,23,0,NULO,29,20
2021,9,24,0,NULO,32,20
2021,9,25,0,NULO,30,22
2021,9,26,9,NULO,29,21
2021,9,27,0,NULO,29,21
2021,9,28,0,NULO,29,21
2021,9,29,0,NULO,29,21
2021,9,30,NULO,NULO,NULO,NULO
2021,10,1,12,NULO,25,20
2021,10,2,8,NULO,25,16
2021,10,3,14,NULO,26,18
2021,10,4,0,NULO,27,19
2021,10,5,0,NULO,28,20
2021,10,6,0,NULO,29,20
2021,10,7,0,NULO,27,21
2021,10,8,0,NULO,29,21
2021,10,9,0,NULO,29,22
2021,10,10,0,NULO,30,24
2021,10,11,0,NULO,31,25
2021,10,12,0,NULO,34,24
2021,10,13,0,NULO,36,22
2021,10,14,0,NULO,35,25
2021,10,15,0,NULO,36,24
2021,10,16,0,NULO,36,25
2021,10,17,0,NULO,35,25
2021,10,18,0,NULO,35,25
2021,10,19,0,NULO,36,24
2021,10,20,0,NULO,33,24
2021,10,21,22,NULO,30,24
2021,10,22,0,NULO,31,21
2021,10,23,0,NULO,32,20
2021,10,24,0,NULO,32,21
2021,10,25,0,NULO,32,22
2021,10,26,0,NULO,31,22
2021,10,27,0,NULO,31,20
2021,10,28,0,NULO,30,21
2021,10,29,0,NULO,31,20
2021,10,30,0,NULO,29,20
2021,10,31,0,NULO,29,20
2021,11,1,0,NULO,28,18
2021,11,2,0,NULO,29,17
2021,11,3,0,NULO,28,19
2021,11,4,0,NULO,28,18
2021,11,5,0,NULO,29,17
2021,11,6,0,NULO,30,20
2021,11,7,0,NULO,30,20
2021,11,8,0,NULO,30,19
2021,11,9,0,NULO,29,20
2021,11,10,0,NULO,29,20
2021,11,11,0,NULO,30,21
2021,11,12,0,NULO,30,20
2021,11,13,0,NULO,29,21
2021,11,14,0,NULO,30,20
2021,11,15,0,NULO,30,22
2021,11,16,0,NULO,30,20
2021,11,17,0,NULO,29,20
2021,11,18,40,NULO,24,19
2021,11,19,0,NULO,24,14
2021,11,20,0,NULO,25,14
2021,11,21,0,NULO,24,18
2021,11,22,5,NULO,26,19
2021,11,23,0,NULO,25,18
2021,11,24,0,NULO,24,19
2021,11,25,0,NULO,27,18
2021,11,26,0,NULO,26,14
2021,11,27,0,NULO,27,16
2021,11,28,0,NULO,28,15
2021,11,29,0,NULO,30,17
2021,11,30,0,NULO,30,20
2021,12,1,0,NULO,32,20
2021,12,2,0,NULO,32,22
2021,12,3,0,NULO,31,24
2021,12,4,0,NULO,30,23
2021,12,5,0,NULO,31,23
2021,12,6,0,NULO,29,24
2021,12,7,0,NULO,29,18
2021,12,8,0,NULO,30,19
2021,12,9,0,NULO,29,22
2021,12,10,0,NULO,28,20
2021,12,11,0,NULO,24,19
2021,12,12,0,NULO,29,15
2021,12,13,0,NULO,28,18
2021,12,14,0,NULO,29,18
2021,12,15,0,NULO,29,20
2021,12,16,0,NULO,29,22
2021,12,17,0,NULO,30,21
2021,12,18,0,NULO,24,21
2021,12,19,0,NULO,28,15
2021,12,20,0,NULO,27,14
2021,12,21,0,NULO,28,17
2021,12,22,0,NULO,26,18
2021,12,23,0,NULO,27,16
2021,12,24,0,NULO,28,18
2021,12,25,0,NULO,28,20
2021,12,26,0,NULO,30,19
2021,12,27,0,NULO,29,21
2021,12,28,0,NULO,34,20
2021,12,29,0,NULO,30,22
2021,12,30,0,NULO,39,17
2021,12,31,0,NULO,39,25
2022,1,1,0,NULO,28,25
2022,1,2,0,NULO,22,17
2022,1,3,0,NULO,22,10
2022,1,4,0,NULO,26,11
2022,1,5,0,NULO,29,12
2022,1,6,0,NULO,28,17
2022,1,7,0,NULO,28,19
2022,1,8,0,NULO,28,20
2022,1,9,0,NULO,26,22
2022,1,10,4,NULO,22,20
2022,1,11,2,NULO,20,10
2022,1,12,0,NULO,21,12
2022,1,13,0,NULO,22,14
2022,1,14,0,NULO,20,11
2022,1,15,0,NULO,19,10
2022,1,16,0,NULO,21,8
2022,1,17,0,NULO,20,4
2022,1,18,0,NULO,24,8
2022,1,19,0,NULO,20,12
2022,1,20,0,NULO,20,10
2022,1,21,0,NULO,19,6
2022,1,22,0,NULO,24,8
2022,1,23,0,NULO,24,10
2022,1,24,0,NULO,23,12
2022,1,25,0,NULO,25,14
2022,1,26,0,NULO,28,12
2022,1,27,0,NULO,25,11
2022,1,28,0,NULO,20,11
2022,1,29,0,NULO,20,10
2022,1,30,0,NULO,24,11
2022,1,31,NULO,NULO,NULO,NULO
2022,2,1,0,NULO,25,16
2022,2,2,0,NULO,22,17
2022,2,3,0,NULO,18,15
2022,2,4,0,NULO,20,8
2022,2,5,0,NULO,19,10
2022,2,6,0,NULO,15,11
2022,2,7,0,NULO,18,8
2022,2,8,0,NULO,16,11
2022,2,9,0,NULO,15,10
2022,2,10,0,NULO,17,8
2022,2,11,0,NULO,18,10
2022,2,12,0,NULO,20,11
2022,2,13,0,NULO,22,13
2022,2,14,0,NULO,20,10
2022,2,15,0,NULO,21,8
2022,2,16,0,NULO,22,14
2022,2,17,0,NULO,22,15
2022,2,18,0,NULO,23,12
2022,2,19,0,NULO,22,18
2022,2,20,0,NULO,28,20
2022,2,21,0,NULO,30,22
2022,2,22,0,NULO,30,24
2022,2,23,0,NULO,30,21
2022,2,24,0,NULO,24,19
2022,2,25,0,NULO,24,15
2022,2,26,0,NULO,20,14
2022,2,27,0,NULO,22,16
2022,2,28,NULO,NULO,NULO,NULO
2022,3,1,0,NULO,28,18
2022,3,2,0,NULO,28,19
2022,3,3,0,NULO,29,20
2022,3,4,0,NULO,28,20
2022,3,5,0,NULO,29,21
2022,3,6,0,NULO,28,22
2022,3,7,0,NULO,25,20
2022,3,8,0,NULO,28,20
2022,3,9,0,NULO,25,20
2022,3,10,0,NULO,30,18
2022,3,11,0,NULO,29,19
2022,3,12,0,NULO,24,15
2022,3,13,0,NULO,27,15
2022,3,14,0,NULO,25,19
2022,3,15,0,NULO,29,19
2022,3,16,0,NULO,29,22
2022,3,17,0,NULO,28,22
2022,3,18,0,NULO,28,21
2022,3,19,0,NULO,24,20
2022,3,20,0,NULO,25,15
2022,3,21,0,NULO,24,18
2022,3,22,0,NULO,28,18
2022,3,23,0,NULO,25,20
2022,3,24,0,NULO,22,18
2022,3,25,0,NULO,22,15
2022,3,26,0,NULO,30,16
2022,3,27,0,NULO,31,18
2022,3,28,0,NULO,32,25
2022,3,29,0,NULO,35,24
2022,3,30,0,NULO,34,25
2022,3,31,NULO,NULO,NULO,NULO
2022,4,1,0,NULO,34,22
2022,4,2,0,NULO,35,23
2022,4,3,0,NULO,35,24
2022,4,4,0,NULO,34,25
2022,4,5,0,NULO,34,24
2022,4,6,0,NULO,29,24
2022,4,7,0,NULO,29,25
2022,4,8,0,NULO,38,24
2022,4,9,0,NULO,37,22
2022,4,10,0,NULO,35,23
2022,4,11,0,NULO,34,22
2022,4,12,0,NULO,33,22
2022,4,13,0,NULO,33,20
2022,4,14,0,NULO,34,20
2022,4,15,0,NULO,36,21
2022,4,16,0,NULO,32,22
2022,4,17,0,NULO,33,20
2022,4,18,0,NULO,34,20
2022,4,19,0,NULO,34,21
2022,4,20,0,NULO,35,20
2022,4,21,0,NULO,36,21
2022,4,22,0,NULO,34,22
2022,4,23,0,NULO,34,22
2022,4,24,0,NULO,26,21
2022,4,25,0,NULO,29,23
2022,4,26,0,NULO,29,19
2022,4,27,0,NULO,30,20
2022,4,28,0,NULO,32,19
2022,4,29,0,NULO,34,20
2022,4,30,NULO,NULO,NULO,NULO
2022,5,1,0,NULO,34,24
2022,5,2,0,NULO,35,22
2022,5,3,0,NULO,36,24
2022,5,4,0,NULO,35,24
2022,5,5,0,NULO,35,25
2022,5,6,0,NULO,37,24
2022,5,7,0,NULO,38,26
2022,5,8,0,NULO,38,26
2022,5,9,0,NULO,39,25
2022,5,10,0,NULO,38,27
2022,5,11,0,NULO,39,26
2022,5,12,0,NULO,38,26
2022,5,13,0,NULO,37,26
2022,5,14,0,NULO,39,24
2022,5,15,0,NULO,37,25
2022,5,16,0,NULO,39,24
2022,5,17,0,NULO,38,25
2022,5,18,0,NULO,38,25
2022,5,19,0,NULO,41,25
2022,5,20,0,NULO,40,28
2022,5,21,0,NULO,38,28
2022,5,22,0,NULO,39,26
2022,5,23,0,NULO,38,27
2022,5,24,0,NULO,39,26
2022,5,25,0,NULO,37,27
2022,5,26,0,NULO,38,25
2022,5,27,0,NULO,39,25
2022,5,28,0,NULO,39,27
2022,5,29,0,NULO,36,26
2022,5,30,0,NULO,36,25
2022,5,31,NULO,NULO,NULO,NULO
2022,6,1,0,NULO,39,27
2022,6,2,0,NULO,40,26
2022,6,3,0,NULO,39,27
2022,6,4,0,NULO,39,26
2022,6,5,0,NULO,38,26
2022,6,6,0,NULO,39,26
2022,6,7,0,NULO,40,27
2022,6,8,0,NULO,39,28
2022,6,9,0,NULO,38,27
2022,6,10,0,NULO,36,27
2022,6,11,0,NULO,29,26
2022,6,12,10,NULO,29,22
2022,6,13,30,NULO,27,22
2022,6,14,20,NULO,28,20
2022,6,15,4,NULO,27,20
2022,6,16,6,NULO,27,20
2022,6,17,0,NULO,26,20
2022,6,18,10,NULO,25,21
2022,6,19,0,NULO,26,20
2022,6,20,8,NULO,27,20
2022,6,21,10,NULO,28,20
2022,6,22,0,NULO,27,21
2022,6,23,0,NULO,26,21
2022,6,24,0,NULO,27,20
2022,6,25,0,NULO,29,22
2022,6,26,0,NULO,32,23
2022,6,27,0,NULO,29,24
2022,6,28,0,NULO,28,22
2022,6,29,0,NULO,27,20
2022,6,30,NULO,NULO,NULO,NULO
2022,7,1,0,NULO,31,22
2022,7,2,0,NULO,38,22
2022,7,3,0,NULO,38,24
2022,7,4,0,NULO,32,24
2022,7,5,0,NULO,40,24
2022,7,6,0,NULO,40,25
2022,7,7,0,NULO,38,25
2022,7,8,0,NULO,38,24
2022,7,9,0,NULO,39,24
2022,7,10,0,NULO,38,24
2022,7,11,0,NULO,38,24
2022,7,12,0,NULO,40,26
2022,7,13,0,NULO,38,27
2022,7,14,0,NULO,39,24
2022,7,15,0,NULO,34,25
2022,7,16,0,NULO,36,24
2022,7,17,0,NULO,38,25
2022,7,18,0,NULO,34,25
2022,7,19,0,NULO,32,25
2022,7,20,0,NULO,32,25
2022,7,21,0,NULO,34,25
2022,7,22,0,NULO,32,26
2022,7,23,0,NULO,30,24
2022,7,24,0,NULO,32,24
2022,7,25,0,NULO,34,22
2022,7,26,0,NULO,32,24
2022,7,27,0,NULO,32,22
2022,7,28,5,NULO,34,22
2022,7,29,10,NULO,31,22
2022,7,30,20,NULO,30,20
2022,7,31,NULO,NULO,NULO,NULO
2022,8,1,10,NULO,30,22
2022,8,2,0,NULO,31,23
2022,8,3,0,NULO,34,22
2022,8,4,0,NULO,36,22
2022,8,5,0,NULO,39,24
2022,8,6,0,NULO,38,25
2022,8,7,0,NULO,39,24
2022,8,8,0,NULO,39,25
2022,8,9,0,NULO,39,26
2022,8,10,0,NULO,38,27
2022,8,11,0,NULO,38,26
2022,8,12,0,NULO,39,26
2022,8,13,0,NULO,39,25
2022,8,14,0,NULO,38,26
2022,8,15,0,NULO,39,27
2022,8,16,0,NULO,39,27
2022,8,17,0,NULO,40,27
2022,8,18,0,NULO,38,28
2022,8,19,0,NULO,36,27
2022,8,20,0,NULO,34,26
2022,8,21,0,NULO,32,24
2022,8,22,0,NULO,30,24
2022,8,23,0,NULO,32,22
2022,8,24,0,NULO,32,23
2022,8,25,0,NULO,34,24
2022,8,26,0,NULO,34,25
2022,8,27,0,NULO,36,23
2022,8,28,0,NULO,34,22
2022,8,29,4,NULO,37,23
2022,8,30,5,NULO,38,24
2022,8,31,NULO,NULO,NULO,NULO
2022,9,1,0,NULO,31,21
2022,9,2,15,NULO,30,20
2022,9,3,0,NULO,31,21
2022,9,4,35,NULO,32,21
2022,9,5,35,NULO,29,21
2022,9,6,0,NULO,30,20
2022,9,7,0,NULO,32,20
2022,9,8,0,NULO,30,21
2022,9,9,0,NULO,32,23
2022,9,10,0,NULO,32,22
2022,9,11,0,NULO,31,22
2022,9,12,0,NULO,32,23
2022,9,13,0,NULO,31,23
2022,9,14,0,NULO,30,22
2022,9,15,10,NULO,29,22
2022,9,16,18,NULO,29,21
2022,9,17,40,NULO,29,21
2022,9,18,0,NULO,28,20
2022,9,19,0,NULO,29,21
2022,9,20,10,NULO,29,23
2022,9,21,4,NULO,29,21
2022,9,22,0,NULO,29,22
2022,9,23,0,NULO,30,23
2022,9,24,0,NULO,31,22
2022,9,25,0,NULO,29,23
2022,9,26,10,NULO,29,20
2022,9,27,5,NULO,29,21
2022,9,28,0,NULO,28,20
2022,9,29,0,NULO,29,20
2022,9,30,NULO,NULO,NULO,NULO
2022,10,1,15,NULO,29,20
2022,10,2,0,NULO,29,20
2022,10,3,10,NULO,28,21
2022,10,4,20,NULO,29,20
2022,10,5,0,NULO,29,20
2022,10,6,0,NULO,30,21
2022,10,7,0,NULO,29,21
2022,10,8,8,NULO,29,20
2022,10,9,10,NULO,29,20
2022,10,10,0,NULO,29,20
2022,10,11,0,NULO,29,20
2022,10,12,0,NULO,30,21
2022,10,13,0,NULO,30,22
2022,10,14,0,NULO,31,21
2022,10,15,0,NULO,30,22
2022,10,16,0,NULO,30,24
2022,10,17,0,NULO,29,22
2022,10,18,0,NULO,20,19
2022,10,19,0,NULO,26,14
2022,10,20,0,NULO,28,15
2022,10,21,0,NULO,26,18
2022,10,22,0,NULO,25,20
2022,10,23,0,NULO,26,19
2022,10,24,0,NULO,27,20
2022,10,25,0,NULO,27,21
2022,10,26,0,NULO,25,20
2022,10,27,0,NULO,27,21
2022,10,28,0,NULO,29,21
2022,10,29,0,NULO,27,21
2022,10,30,0,NULO,28,21
2022,10,31,NULO,NULO,NULO,NULO
2022,11,1,0,NULO,29,21
2022,11,2,0,NULO,31,21
2022,11,3,0,NULO,32,22
2022,11,4,0,NULO,30,24
2022,11,5,0,NULO,29,22
2022,11,6,4,NULO,30,22
2022,11,7,0,NULO,31,24
2022,11,8,0,NULO,31,24
2022,11,9,0,NULO,30,24
2022,11,10,0,NULO,30,24
2022,11,11,0,NULO,29,24
2022,11,12,0,NULO,29,18
2022,11,13,0,NULO,26,17
2022,11,14,0,NULO,27,18
2022,11,15,5,NULO,22,18
2022,11,16,10,NULO,18,13
2022,11,17,15,NULO,19,11
2022,11,18,10,NULO,17,15
2022,11,19,10,NULO,16,13
2022,11,20,9,NULO,18,12
2022,11,21,10,NULO,18,11
2022,11,22,0,NULO,21,13
2022,11,23,0,NULO,22,15
2022,11,24,0,NULO,24,17
2022,11,25,0,NULO,26,18
2022,11,26,0,NULO,24,13
2022,11,27,0,NULO,21,14
2022,11,28,0,NULO,22,15
2022,11,29,0,NULO,22,16
2022,11,30,NULO,NULO,NULO,NULO
2022,12,1,0,NULO,22,18
2022,12,2,0,NULO,25,16
2022,12,3,0,NULO,27,18
2022,12,4,0,NULO,27,19
2022,12,5,0,NULO,28,19
2022,12,6,0,NULO,28,19
2022,12,7,0,NULO,28,14
2022,12,8,0,NULO,28,19
2022,12,9,0,NULO,28,20
2022,12,10,0,NULO,29,20
2022,12,11,0,NULO,29,20
2022,12,12,0,NULO,30,21
2022,12,13,0,NULO,28,22
2022,12,14,0,NULO,26,20
2022,12,15,0,NULO,25,19
2022,12,16,0,NULO,21,19
2022,12,17,0,NULO,18,15
2022,12,18,0,NULO,19,14
2022,12,19,0,NULO,26,14
2022,12,20,0,NULO,20,15
2022,12,21,0,NULO,18,14
2022,12,22,0,NULO,15,12
2022,12,23,0,NULO,11,8
2022,12,24,20,NULO,9,5
2022,12,25,0,NULO,14,4
2022,12,26,0,NULO,20,8
2022,12,27,0,NULO,30,10
2022,12,28,0,NULO,30,14
2022,12,29,0,NULO,29,18
2022,12,30,0,NULO,29,19
2022,12,31,NULO,NULO,NULO,NULO
2023,1,1,0,NULO,27,17
2023,1,2,0,NULO,29,17
2023,1,3,0,NULO,29,20
2023,1,4,0,NULO,26,22
2023,1,5,0,NULO,29,24
2023,1,6,0,NULO,29,23
2023,1,7,0,NULO,28,23
2023,1,8,0,NULO,27,22
2023,1,9,0,NULO,27,20
2023,1,10,0,NULO,28,20
2023,1,11,0,NULO,30,20
2023,1,12,0,NULO,25,20
2023,1,13,0,NULO,21,14
2023,1,14,0,NULO,22,11
2023,1,15,0,NULO,24,11
2023,1,16,0,NULO,26,13
2023,1,17,0,NULO,28,15
2023,1,18,0,NULO,29,17
2023,1,19,0,NULO,29,20
2023,1,20,0,NULO,30,21
2023,1,21,0,NULO,30,22
2023,1,22,0,NULO,30,22
2023,1,23,0,NULO,29,24
2023,1,24,0,NULO,29,22
2023,1,25,0,NULO,28,20
2023,1,26,0,NULO,24,17
2023,1,27,0,NULO,25,15
2023,1,28,0,NULO,28,15
2023,1,29,0,NULO,30,18
2023,1,30,0,NULO,32,20
2023,1,31,0,NULO,24,20
2023,2,1,0,NULO,15,14
2023,2,2,0,NULO,18,13
2023,2,3,0,NULO,19,14
2023,2,4,0,NULO,24,12
2023,2,5,0,NULO,25,17
2023,2,6,0,NULO,26,19
2023,2,7,0,NULO,27,20
2023,2,8,0,NULO,28,20
2023,2,9,0,NULO,24,20
2023,2,10,0,NULO,19,15
2023,2,11,0,NULO,17,14
2023,2,12,0,NULO,20,10
2023,2,13,0,NULO,29,14
2023,2,14,0,NULO,30,19
2023,2,15,0,NULO,29,19
2023,2,16,0,NULO,20,19
2023,2,17,0,NULO,20,13
2023,2,18,0,NULO,25,13
2023,2,19,0,NULO,28,18
2023,2,20,0,NULO,27,19
2023,2,21,0,NULO,34,19
2023,2,22,0,NULO,34,19
2023,2,23,0,NULO,34,19
2023,2,24,0,NULO,34,21
2023,2,25,0,NULO,30,20
2023,2,26,0,NULO,34,19
2023,2,27,0,NULO,38,20
2023,2,28,0,NULO,38,22
2023,3,1,0,NULO,39,22
2023,3,2,0,NULO,32,22
2023,3,3,0,NULO,29,19
2023,3,4,0,NULO,30,15
2023,3,5,0,NULO,32,19
2023,3,6,0,NULO,36,20
2023,3,7,0,NULO,37,21
2023,3,8,0,NULO,38,21
2023,3,9,0,NULO,39,21
2023,3,10,0,NULO,40,22
2023,3,11,0,NULO,39,24
2023,3,12,0,NULO,30,22
2023,3,13,0,NULO,38,24
2023,3,14,0,NULO,39,20
2023,3,15,0,NULO,38,22
2023,3,16,0,NULO,36,22
2023,3,17,0,NULO,26,22
2023,3,18,5,NULO,25,18
2023,3,19,6,NULO,29,12
2023,3,20,0,NULO,27,10
2023,3,21,0,NULO,29,18
2023,3,22,0,NULO,37,20
2023,3,23,0,NULO,39,23
2023,3,24,0,NULO,40,22
2023,3,25,0,NULO,38,22
2023,3,26,0,NULO,40,22
2023,3,27,0,NULO,28,22
2023,3,28,0,NULO,25,19
2023,3,29,0,NULO,28,18
2023,3,30,0,NULO,30,20
2023,3,31,0,NULO,37,22
2023,4,1,0,NULO,38,21
2023,4,2,0,NULO,38,22
2023,4,3,0,NULO,39,22
2023,4,4,0,NULO,38,24
2023,4,5,0,NULO,26,24
2023,4,6,21,NULO,26,22
2023,4,7,5,NULO,24,19
2023,4,8,0,NULO,25,18
2023,4,9,8,NULO,26,19
2023,4,10,10,NULO,27,19
2023,4,11,23,NULO,28,19
2023,4,12,0,NULO,29,20
2023,4,13,0,NULO,28,22
2023,4,14,0,NULO,28,22
2023,4,15,0,NULO,29,21
2023,4,16,0,NULO,30,22
2023,4,17,0,NULO,30,22
2023,4,18,0,NULO,31,22
2023,4,19,0,NULO,30,23
2023,4,20,0,NULO,30,22
2023,4,21,0,NULO,31,24
2023,4,22,0,NULO,32,22
2023,4,23,0,NULO,31,24
2023,4,24,0,NULO,30,22
2023,4,25,0,NULO,31,22
2023,4,26,0,NULO,34,22
2023,4,27,0,NULO,36,24
2023,4,28,0,NULO,34,24
2023,4,29,0,NULO,29,22
2023,4,30,0,NULO,34,20
2023,5,1,0,NULO,36,20
2023,5,2,0,NULO,36,22
2023,5,3,0,NULO,38,22
2023,5,4,0,NULO,39,23
2023,5,5,0,NULO,40,24
2023,5,6,0,NULO,38,25
2023,5,7,0,NULO,38,24
2023,5,8,0,NULO,39,25
2023,5,9,5,NULO,35,24
2023,5,10,6,NULO,34,22
2023,5,11,0,NULO,34,25
2023,5,12,0,NULO,40,25
2023,5,13,6,NULO,30,27
2023,5,14,4,NULO,36,21
2023,5,15,0,NULO,34,26
2023,5,16,0,NULO,32,24
2023,5,17,0,NULO,32,25
2023,5,18,0,NULO,36,24
2023,5,19,0,NULO,35,24
2023,5,20,0,NULO,37,24
2023,5,21,0,NULO,38,24
2023,5,22,0,NULO,39,25
2023,5,23,0,NULO,39,25
2023,5,24,0,NULO,36,25
2023,5,25,0,NULO,35,24
2023,5,26,0,NULO,34,23
2023,5,27,0,NULO,35,24
2023,5,28,0,NULO,36,26
2023,5,29,0,NULO,36,26
2023,5,30,0,NULO,37,26
2023,5,31,0,NULO,36,26
2023,6,1,0,NULO,35,24
2023,6,2,0,NULO,36,23
2023,6,3,0,NULO,37,24
2023,6,4,0,NULO,37,25
2023,6,5,0,NULO,36,24
2023,6,6,0,NULO,37,24
2023,6,7,0,NULO,37,25
2023,6,8,0,NULO,38,25
2023,6,9,0,NULO,37,28
2023,6,10,0,NULO,37,29
2023,6,11,0,NULO,38,28
2023,6,12,0,NULO,39,29
2023,6,13,0,NULO,39,28
2023,6,14,0,NULO,37,29
2023,6,15,0,NULO,38,28
2023,6,16,0,NULO,39,29
2023,6,17,0,NULO,39,28
2023,6,18,0,NULO,39,28
2023,6,19,0,NULO,39,29
2023,6,20,0,NULO,38,28
2023,6,21,0,NULO,37,28
2023,6,22,0,NULO,39,29
2023,6,23,0,NULO,37,29
2023,6,24,0,NULO,38,28
2023,6,25,0,NULO,36,28
2023,6,26,0,NULO,37,28
2023,6,27,0,NULO,37,27
2023,6,28,0,NULO,37,27
2023,6,29,0,NULO,35,28
2023,6,30,0,NULO,37,27
2023,7,1,0,NULO,37,27
2023,7,2,0,NULO,38,28
2023,7,3,0,NULO,38,27
2023,7,4,0,NULO,37,26
2023,7,5,0,NULO,36,26
2023,7,6,9,NULO,35,26
2023,7,7,20,NULO,33,25
2023,7,8,10,NULO,34,26
2023,7,9,15,NULO,34,27
2023,7,10,0,NULO,36,26
2023,7,11,0,NULO,37,27
2023,7,12,0,NULO,36,28
2023,7,13,20,NULO,34,26
2023,7,14,0,NULO,35,26
2023,7,15,0,NULO,35,26
2023,7,16,0,NULO,36,27
2023,7,17,15,NULO,34,26
2023,7,18,0,NULO,36,26
2023,7,19,0,NULO,37,27
2023,7,20,0,NULO,38,28
2023,7,21,0,NULO,39,28
2023,7,22,0,NULO,37,29
2023,7,23,0,NULO,38,28
2023,7,24,30,NULO,30,27
2023,7,25,15,NULO,31,24
2023,7,26,0,NULO,30,25
2023,7,27,0,NULO,34,24
2023,7,28,0,NULO,34,26
2023,7,29,35,NULO,32,26
2023,7,30,0,NULO,34,25
2023,8,1,0,NULO,34,26
2023,8,2,0,NULO,36,26
2023,8,3,0,NULO,35,27
2023,8,4,0,NULO,34,26
2023,8,5,0,NULO,34,27
2023,8,6,0,NULO,36,26
2023,8,7,0,NULO,37,27
2023,8,8,0,NULO,36,29
2023,8,9,0,NULO,36,28
2023,8,10,0,NULO,38,27
2023,8,11,0,NULO,38,28
2023,8,12,0,NULO,39,29
2023,8,13,0,NULO,37,29
2023,8,14,0,NULO,37,28
2023,8,15,15,NULO,33,27
2023,8,16,0,NULO,34,25
2023,8,17,0,NULO,35,26
2023,8,18,0,NULO,32,27
2023,8,19,0,NULO,34,27
2023,8,20,0,NULO,36,26
2023,8,21,0,NULO,35,27
2023,8,22,30,NULO,30,27
2023,8,23,0,NULO,32,25
2023,8,24,10,NULO,30,26
2023,8,25,0,NULO,31,25
2023,8,26,40,NULO,30,25
2023,8,27,0,NULO,34,25
2023,8,28,0,NULO,39,26
2023,8,29,0,NULO,36,28
2023,8,30,0,NULO,37,27
2023,9,1,0,NULO,36,26
2023,9,2,0,NULO,35,26
2023,9,3,0,NULO,37,26
2023,9,4,0,NULO,37,27
2023,9,5,0,NULO,38,27
2023,9,6,0,NULO,37,29
2023,9,7,0,NULO,37,27
2023,9,8,0,NULO,38,28
2023,9,9,0,NULO,37,27
2023,9,10,0,NULO,38,28
2023,9,11,0,NULO,36,28
2023,9,12,0,NULO,36,27
2023,9,13,0,NULO,37,27
2023,9,14,0,NULO,37,26
2023,9,15,0,NULO,36,27
2023,9,16,0,NULO,37,27
2023,9,17,0,NULO,37,28
2023,9,18,8,NULO,34,28
2023,9,19,0,NULO,37,25
2023,9,20,0,NULO,38,27
2023,9,21,0,NULO,37,28
2023,9,22,0,NULO,36,29
2023,9,23,0,NULO,36,26
2023,9,24,0,NULO,36,26
2023,9,25,0,NULO,35,25
2023,9,26,0,NULO,35,25
2023,9,27,0,NULO,34,25
2023,9,28,0,NULO,36,24
2023,9,29,0,NULO,35,27
2023,9,30,0,NULO,35,26
2023,11,1,0,NULO,29,17
2023,11,2,0,NULO,29,17
2023,11,3,0,NULO,28,19
2023,11,4,0,NULO,28,18
2023,11,5,0,NULO,29,17
2023,11,6,0,NULO,30,20
2023,11,7,0,NULO,30,20
2023,11,8,0,NULO,30,19
2023,11,9,0,NULO,29,20
2023,11,10,0,NULO,29,20
2023,11,11,0,NULO,30,21
2023,11,12,0,NULO,30,20
2023,11,13,0,NULO,29,21
2023,11,14,0,NULO,30,20
2023,11,15,0,NULO,30,22
2023,11,16,0,NULO,30,20
2023,11,17,0,NULO,29,20
2023,11,18,40,NULO,24,19
2023,11,19,0,NULO,24,14
2023,11,20,0,NULO,25,14
2023,11,21,0,NULO,24,18
2023,11,22,5,NULO,26,19
2023,11,23,0,NULO,25,18
2023,11,24,0,NULO,24,19
2023,11,25,0,NULO,22,18
2023,11,26,0,NULO,26,14
2023,11,27,0,NULO,27,16
2023,11,28,0,NULO,28,15
2023,11,29,0,NULO,30,17
2023,11,30,0,NULO,30,20
